nohup: ignoring input
[plan] experiment SMOKE_median: 1 runs
  [run ] SMOKE_median/median_s1
[Client PID=736435] Ultralytics cache patched v3 (utils + dataset modules)
  [atk ] sign_flipping ratio=0.3 -> malicious=[0, 1]
[36m(ClientAppActor pid=736738)[0m [Client PID=736738] Ultralytics cache patched v3 (utils + dataset modules)
[36m(ClientAppActor pid=736738)[0m 
[36m(ClientAppActor pid=736738)[0m [Client 6] Initializing YOLOv10-S...
[36m(ClientAppActor pid=736738)[0m [Client 6] Ready
[36m(ClientAppActor pid=736738)[0m   Data: /ANON/fl_hod/data/yolo/client_configs/client_zagreb.yaml
[36m(ClientAppActor pid=736738)[0m   Local epochs: 3
[36m(ClientAppActor pid=736738)[0m   Batch size: 4
[36m(ClientAppActor pid=736738)[0m   FedBN: False
[36m(ClientAppActor pid=736738)[0m 
[36m(ClientAppActor pid=736738)[0m [Client 6] Initializing YOLOv10-S...
[36m(ClientAppActor pid=736738)[0m [Client 6] Ready
[36m(ClientAppActor pid=736738)[0m   Data: /ANON/fl_hod/data/yolo/client_configs/client_zagreb.yaml
[36m(ClientAppActor pid=736738)[0m   Local epochs: 3
[36m(ClientAppActor pid=736738)[0m   Batch size: 4
[36m(ClientAppActor pid=736738)[0m   FedBN: False
[36m(ClientAppActor pid=736738)[0m 
[36m(ClientAppActor pid=736738)[0m [Client 6] Starting local training...
[36m(ClientAppActor pid=736738)[0m New https://pypi.org/project/ultralytics/8.4.46 available Update with 'pip install -U ultralytics'
[36m(ClientAppActor pid=736738)[0m Ultralytics 8.3.234 Python-3.10.19 torch-2.6.0+cu124 CUDA:0 (NVIDIA RTX 5000 Ada Generation, 32220MiB)
[36m(ClientAppActor pid=736738)[0m [34m[1mengine/trainer: [0magnostic_nms=False, amp=True, augment=False, auto_augment=randaugment, batch=4, bgr=0.0, box=7.5, cache=False, cfg=None, classes=None, close_mosaic=10, cls=0.5, compile=False, conf=None, copy_paste=0.0, copy_paste_mode=flip, cos_lr=False, cutmix=0.0, data=/ANON/fl_hod/data/yolo/client_configs/client_zagreb.yaml, degrees=0.0, deterministic=True, device=0, dfl=1.5, dnn=False, dropout=0.0, dynamic=False, embed=None, epochs=3, erasing=0.4, exist_ok=False, fliplr=0.5, flipud=0.0, format=torchscript, fraction=1.0, freeze=None, half=False, hsv_h=0.015, hsv_s=0.7, hsv_v=0.4, imgsz=640, int8=False, iou=0.7, keras=False, kobj=1.0, line_width=None, lr0=0.001, lrf=0.01, mask_ratio=4, max_det=300, mixup=0.0, mode=train, model=/tmp/fl_yolo_models/yolov10s_client_6_736738.pt, momentum=0.937, mosaic=1.0, multi_scale=False, name=train, nbs=64, nms=False, opset=None, optimize=False, optimizer=AdamW, overlap_mask=True, patience=100, perspective=0.0, plots=False, pose=12.0, pretrained=True, profile=False, project=/tmp/fl_yolo_runs_736738, rect=False, resume=False, retina_masks=False, save=False, save_conf=False, save_crop=False, save_dir=/tmp/fl_yolo_runs_736738/train, save_frames=False, save_json=False, save_period=-1, save_txt=False, scale=0.5, seed=0, shear=0.0, show=False, show_boxes=True, show_conf=True, show_labels=True, simplify=True, single_cls=False, source=None, split=val, stream_buffer=False, task=detect, time=None, tracker=botsort.yaml, translate=0.1, val=True, verbose=False, vid_stride=1, visualize=False, warmup_bias_lr=0.1, warmup_epochs=3.0, warmup_momentum=0.8, weight_decay=0.0005, workers=8, workspace=None
[36m(ClientAppActor pid=736738)[0m Overriding model.yaml nc=80 with nc=1
[36m(ClientAppActor pid=736738)[0m 
[36m(ClientAppActor pid=736738)[0m                    from  n    params  module                                       arguments                     
[36m(ClientAppActor pid=736738)[0m   0                  -1  1       928  ultralytics.nn.modules.conv.Conv             [3, 32, 3, 2]                 
[36m(ClientAppActor pid=736738)[0m   1                  -1  1     18560  ultralytics.nn.modules.conv.Conv             [32, 64, 3, 2]                
[36m(ClientAppActor pid=736738)[0m   2                  -1  1     29056  ultralytics.nn.modules.block.C2f             [64, 64, 1, True]             
[36m(ClientAppActor pid=736738)[0m   3                  -1  1     73984  ultralytics.nn.modules.conv.Conv             [64, 128, 3, 2]               
[36m(ClientAppActor pid=736738)[0m   4                  -1  2    197632  ultralytics.nn.modules.block.C2f             [128, 128, 2, True]           
[36m(ClientAppActor pid=736738)[0m   5                  -1  1     36096  ultralytics.nn.modules.block.SCDown          [128, 256, 3, 2]              
[36m(ClientAppActor pid=736738)[0m   6                  -1  2    788480  ultralytics.nn.modules.block.C2f             [256, 256, 2, True]           
[36m(ClientAppActor pid=736738)[0m   7                  -1  1    137728  ultralytics.nn.modules.block.SCDown          [256, 512, 3, 2]              
[36m(ClientAppActor pid=736738)[0m   8                  -1  1    958464  ultralytics.nn.modules.block.C2fCIB          [512, 512, 1, True, True]     
[36m(ClientAppActor pid=736738)[0m   9                  -1  1    656896  ultralytics.nn.modules.block.SPPF            [512, 512, 5]                 
[36m(ClientAppActor pid=736738)[0m  10                  -1  1    990976  ultralytics.nn.modules.block.PSA             [512, 512]                    
[36m(ClientAppActor pid=736738)[0m  11                  -1  1         0  torch.nn.modules.upsampling.Upsample         [None, 2, 'nearest']          
[36m(ClientAppActor pid=736738)[0m  12             [-1, 6]  1         0  ultralytics.nn.modules.conv.Concat           [1]                           
[36m(ClientAppActor pid=736738)[0m  13                  -1  1    591360  ultralytics.nn.modules.block.C2f             [768, 256, 1]                 
[36m(ClientAppActor pid=736738)[0m  14                  -1  1         0  torch.nn.modules.upsampling.Upsample         [None, 2, 'nearest']          
[36m(ClientAppActor pid=736738)[0m  15             [-1, 4]  1         0  ultralytics.nn.modules.conv.Concat           [1]                           
[36m(ClientAppActor pid=736738)[0m  16                  -1  1    148224  ultralytics.nn.modules.block.C2f             [384, 128, 1]                 
[36m(ClientAppActor pid=736738)[0m  17                  -1  1    147712  ultralytics.nn.modules.conv.Conv             [128, 128, 3, 2]              
[36m(ClientAppActor pid=736738)[0m  18            [-1, 13]  1         0  ultralytics.nn.modules.conv.Concat           [1]                           
[36m(ClientAppActor pid=736738)[0m  19                  -1  1    493056  ultralytics.nn.modules.block.C2f             [384, 256, 1]                 
[36m(ClientAppActor pid=736738)[0m  20                  -1  1     68864  ultralytics.nn.modules.block.SCDown          [256, 256, 3, 2]              
[36m(ClientAppActor pid=736738)[0m  21            [-1, 10]  1         0  ultralytics.nn.modules.conv.Concat           [1]                           
[36m(ClientAppActor pid=736738)[0m  22                  -1  1   1089536  ultralytics.nn.modules.block.C2fCIB          [768, 512, 1, True, True]     
[36m(ClientAppActor pid=736738)[0m  23        [16, 19, 22]  1   1639574  ultralytics.nn.modules.head.v10Detect        [1, [128, 256, 512]]          
[36m(ClientAppActor pid=736738)[0m YOLOv10s summary: 234 layers, 8,067,126 parameters, 8,067,110 gradients, 24.8 GFLOPs
[36m(ClientAppActor pid=736738)[0m 
[36m(ClientAppActor pid=736738)[0m Transferred 607/619 items from pretrained weights
[36m(ClientAppActor pid=736739)[0m 
[36m(ClientAppActor pid=736739)[0m   Data: /ANON/fl_hod/data/yolo/client_configs/client_koeln.yaml
[36m(ClientAppActor pid=736739)[0m [Client 1] ️  MALICIOUS - Attack: SignFlippingAttack
[36m(ClientAppActor pid=736770)[0m 
[36m(ClientAppActor pid=736770)[0m   Data: /ANON/fl_hod/data/yolo/client_configs/client_prague.yaml
[36m(ClientAppActor pid=736738)[0m Freezing layer 'model.23.dfl.conv.weight'
[36m(ClientAppActor pid=736738)[0m [34m[1mAMP: [0mrunning Automatic Mixed Precision (AMP) checks...
[36m(ClientAppActor pid=736740)[0m 
[36m(ClientAppActor pid=736739)[0m 
[36m(ClientAppActor pid=736771)[0m 
[36m(ClientAppActor pid=736770)[0m 
[36m(ClientAppActor pid=736740)[0m   Data: /ANON/fl_hod/data/yolo/client_configs/client_budapest.yaml
[36m(ClientAppActor pid=736737)[0m 
[36m(ClientAppActor pid=736737)[0m   Data: /ANON/fl_hod/data/yolo/client_configs/client_roma.yaml
[36m(ClientAppActor pid=736739)[0m [34m[1mengine/trainer: [0magnostic_nms=False, amp=True, augment=False, auto_augment=randaugment, batch=4, bgr=0.0, box=7.5, cache=False, cfg=None, classes=None, close_mosaic=10, cls=0.5, compile=False, conf=None, copy_paste=0.0, copy_paste_mode=flip, cos_lr=False, cutmix=0.0, data=/ANON/fl_hod/data/yolo/client_configs/client_koeln.yaml, degrees=0.0, deterministic=True, device=0, dfl=1.5, dnn=False, dropout=0.0, dynamic=False, embed=None, epochs=3, erasing=0.4, exist_ok=False, fliplr=0.5, flipud=0.0, format=torchscript, fraction=1.0, freeze=None, half=False, hsv_h=0.015, hsv_s=0.7, hsv_v=0.4, imgsz=640, int8=False, iou=0.7, keras=False, kobj=1.0, line_width=None, lr0=0.001, lrf=0.01, mask_ratio=4, max_det=300, mixup=0.0, mode=train, model=/tmp/fl_yolo_models/yolov10s_client_1_736739.pt, momentum=0.937, mosaic=1.0, multi_scale=False, name=train, nbs=64, nms=False, opset=None, optimize=False, optimizer=AdamW, overlap_mask=True, patience=100, perspective=0.0, plots=False, pose=12.0, pretrained=True, profile=False, project=/tmp/fl_yolo_runs_736739, rect=False, resume=False, retina_masks=False, save=False, save_conf=False, save_crop=False, save_dir=/tmp/fl_yolo_runs_736739/train, save_frames=False, save_json=False, save_period=-1, save_txt=False, scale=0.5, seed=0, shear=0.0, show=False, show_boxes=True, show_conf=True, show_labels=True, simplify=True, single_cls=False, source=None, split=val, stream_buffer=False, task=detect, time=None, tracker=botsort.yaml, translate=0.1, val=True, verbose=False, vid_stride=1, visualize=False, warmup_bias_lr=0.1, warmup_epochs=3.0, warmup_momentum=0.8, weight_decay=0.0005, workers=8, workspace=None
[36m(ClientAppActor pid=736774)[0m 
[36m(ClientAppActor pid=736774)[0m   Data: /ANON/fl_hod/data/yolo/client_configs/client_lyon.yaml
[36m(ClientAppActor pid=736771)[0m   Data: /ANON/fl_hod/data/yolo/client_configs/client_leipzig.yaml
[36m(ClientAppActor pid=736770)[0m [34m[1mengine/trainer: [0magnostic_nms=False, amp=True, augment=False, auto_augment=randaugment, batch=4, bgr=0.0, box=7.5, cache=False, cfg=None, classes=None, close_mosaic=10, cls=0.5, compile=False, conf=None, copy_paste=0.0, copy_paste_mode=flip, cos_lr=False, cutmix=0.0, data=/ANON/fl_hod/data/yolo/client_configs/client_prague.yaml, degrees=0.0, deterministic=True, device=0, dfl=1.5, dnn=False, dropout=0.0, dynamic=False, embed=None, epochs=3, erasing=0.4, exist_ok=False, fliplr=0.5, flipud=0.0, format=torchscript, fraction=1.0, freeze=None, half=False, hsv_h=0.015, hsv_s=0.7, hsv_v=0.4, imgsz=640, int8=False, iou=0.7, keras=False, kobj=1.0, line_width=None, lr0=0.001, lrf=0.01, mask_ratio=4, max_det=300, mixup=0.0, mode=train, model=/tmp/fl_yolo_models/yolov10s_client_4_736770.pt, momentum=0.937, mosaic=1.0, multi_scale=False, name=train, nbs=64, nms=False, opset=None, optimize=False, optimizer=AdamW, overlap_mask=True, patience=100, perspective=0.0, plots=False, pose=12.0, pretrained=True, profile=False, project=/tmp/fl_yolo_runs_736770, rect=False, resume=False, retina_masks=False, save=False, save_conf=False, save_crop=False, save_dir=/tmp/fl_yolo_runs_736770/train, save_frames=False, save_json=False, save_period=-1, save_txt=False, scale=0.5, seed=0, shear=0.0, show=False, show_boxes=True, show_conf=True, show_labels=True, simplify=True, single_cls=False, source=None, split=val, stream_buffer=False, task=detect, time=None, tracker=botsort.yaml, translate=0.1, val=True, verbose=False, vid_stride=1, visualize=False, warmup_bias_lr=0.1, warmup_epochs=3.0, warmup_momentum=0.8, weight_decay=0.0005, workers=8, workspace=None
[36m(ClientAppActor pid=736740)[0m 
[36m(ClientAppActor pid=736740)[0m [34m[1mengine/trainer: [0magnostic_nms=False, amp=True, augment=False, auto_augment=randaugment, batch=4, bgr=0.0, box=7.5, cache=False, cfg=None, classes=None, close_mosaic=10, cls=0.5, compile=False, conf=None, copy_paste=0.0, copy_paste_mode=flip, cos_lr=False, cutmix=0.0, data=/ANON/fl_hod/data/yolo/client_configs/client_budapest.yaml, degrees=0.0, deterministic=True, device=0, dfl=1.5, dnn=False, dropout=0.0, dynamic=False, embed=None, epochs=3, erasing=0.4, exist_ok=False, fliplr=0.5, flipud=0.0, format=torchscript, fraction=1.0, freeze=None, half=False, hsv_h=0.015, hsv_s=0.7, hsv_v=0.4, imgsz=640, int8=False, iou=0.7, keras=False, kobj=1.0, line_width=None, lr0=0.001, lrf=0.01, mask_ratio=4, max_det=300, mixup=0.0, mode=train, model=/tmp/fl_yolo_models/yolov10s_client_0_736740.pt, momentum=0.937, mosaic=1.0, multi_scale=False, name=train, nbs=64, nms=False, opset=None, optimize=False, optimizer=AdamW, overlap_mask=True, patience=100, perspective=0.0, plots=False, pose=12.0, pretrained=True, profile=False, project=/tmp/fl_yolo_runs_736740, rect=False, resume=False, retina_masks=False, save=False, save_conf=False, save_crop=False, save_dir=/tmp/fl_yolo_runs_736740/train, save_frames=False, save_json=False, save_period=-1, save_txt=False, scale=0.5, seed=0, shear=0.0, show=False, show_boxes=True, show_conf=True, show_labels=True, simplify=True, single_cls=False, source=None, split=val, stream_buffer=False, task=detect, time=None, tracker=botsort.yaml, translate=0.1, val=True, verbose=False, vid_stride=1, visualize=False, warmup_bias_lr=0.1, warmup_epochs=3.0, warmup_momentum=0.8, weight_decay=0.0005, workers=8, workspace=None
[36m(ClientAppActor pid=736737)[0m 
[36m(ClientAppActor pid=736739)[0m 
[36m(ClientAppActor pid=736739)[0m  13                  -1  1    591360  ultralytics.nn.modules.block.C2f             [768, 256, 1]                 
[36m(ClientAppActor pid=736739)[0m  16                  -1  1    148224  ultralytics.nn.modules.block.C2f             [384, 128, 1]                 
[36m(ClientAppActor pid=736739)[0m  19                  -1  1    493056  ultralytics.nn.modules.block.C2f             [384, 256, 1]                 
[36m(ClientAppActor pid=736774)[0m 
[36m(ClientAppActor pid=736771)[0m 
[36m(ClientAppActor pid=736771)[0m [34m[1mengine/trainer: [0magnostic_nms=False, amp=True, augment=False, auto_augment=randaugment, batch=4, bgr=0.0, box=7.5, cache=False, cfg=None, classes=None, close_mosaic=10, cls=0.5, compile=False, conf=None, copy_paste=0.0, copy_paste_mode=flip, cos_lr=False, cutmix=0.0, data=/ANON/fl_hod/data/yolo/client_configs/client_leipzig.yaml, degrees=0.0, deterministic=True, device=0, dfl=1.5, dnn=False, dropout=0.0, dynamic=False, embed=None, epochs=3, erasing=0.4, exist_ok=False, fliplr=0.5, flipud=0.0, format=torchscript, fraction=1.0, freeze=None, half=False, hsv_h=0.015, hsv_s=0.7, hsv_v=0.4, imgsz=640, int8=False, iou=0.7, keras=False, kobj=1.0, line_width=None, lr0=0.001, lrf=0.01, mask_ratio=4, max_det=300, mixup=0.0, mode=train, model=/tmp/fl_yolo_models/yolov10s_client_2_736771.pt, momentum=0.937, mosaic=1.0, multi_scale=False, name=train, nbs=64, nms=False, opset=None, optimize=False, optimizer=AdamW, overlap_mask=True, patience=100, perspective=0.0, plots=False, pose=12.0, pretrained=True, profile=False, project=/tmp/fl_yolo_runs_736771, rect=False, resume=False, retina_masks=False, save=False, save_conf=False, save_crop=False, save_dir=/tmp/fl_yolo_runs_736771/train, save_frames=False, save_json=False, save_period=-1, save_txt=False, scale=0.5, seed=0, shear=0.0, show=False, show_boxes=True, show_conf=True, show_labels=True, simplify=True, single_cls=False, source=None, split=val, stream_buffer=False, task=detect, time=None, tracker=botsort.yaml, translate=0.1, val=True, verbose=False, vid_stride=1, visualize=False, warmup_bias_lr=0.1, warmup_epochs=3.0, warmup_momentum=0.8, weight_decay=0.0005, workers=8, workspace=None
[36m(ClientAppActor pid=736770)[0m 
[36m(ClientAppActor pid=736770)[0m  13                  -1  1    591360  ultralytics.nn.modules.block.C2f             [768, 256, 1]                 
[36m(ClientAppActor pid=736770)[0m  16                  -1  1    148224  ultralytics.nn.modules.block.C2f             [384, 128, 1]                 
[36m(ClientAppActor pid=736770)[0m  19                  -1  1    493056  ultralytics.nn.modules.block.C2f             [384, 256, 1]                 
[36m(ClientAppActor pid=736770)[0m  23        [16, 19, 22]  1   1639574  ultralytics.nn.modules.head.v10Detect        [1, [128, 256, 512]]          
[36m(ClientAppActor pid=736737)[0m [34m[1mengine/trainer: [0magnostic_nms=False, amp=True, augment=False, auto_augment=randaugment, batch=4, bgr=0.0, box=7.5, cache=False, cfg=None, classes=None, close_mosaic=10, cls=0.5, compile=False, conf=None, copy_paste=0.0, copy_paste_mode=flip, cos_lr=False, cutmix=0.0, data=/ANON/fl_hod/data/yolo/client_configs/client_roma.yaml, degrees=0.0, deterministic=True, device=0, dfl=1.5, dnn=False, dropout=0.0, dynamic=False, embed=None, epochs=3, erasing=0.4, exist_ok=False, fliplr=0.5, flipud=0.0, format=torchscript, fraction=1.0, freeze=None, half=False, hsv_h=0.015, hsv_s=0.7, hsv_v=0.4, imgsz=640, int8=False, iou=0.7, keras=False, kobj=1.0, line_width=None, lr0=0.001, lrf=0.01, mask_ratio=4, max_det=300, mixup=0.0, mode=train, model=/tmp/fl_yolo_models/yolov10s_client_5_736737.pt, momentum=0.937, mosaic=1.0, multi_scale=False, name=train, nbs=64, nms=False, opset=None, optimize=False, optimizer=AdamW, overlap_mask=True, patience=100, perspective=0.0, plots=False, pose=12.0, pretrained=True, profile=False, project=/tmp/fl_yolo_runs_736737, rect=False, resume=False, retina_masks=False, save=False, save_conf=False, save_crop=False, save_dir=/tmp/fl_yolo_runs_736737/train, save_frames=False, save_json=False, save_period=-1, save_txt=False, scale=0.5, seed=0, shear=0.0, show=False, show_boxes=True, show_conf=True, show_labels=True, simplify=True, single_cls=False, source=None, split=val, stream_buffer=False, task=detect, time=None, tracker=botsort.yaml, translate=0.1, val=True, verbose=False, vid_stride=1, visualize=False, warmup_bias_lr=0.1, warmup_epochs=3.0, warmup_momentum=0.8, weight_decay=0.0005, workers=8, workspace=None
[36m(ClientAppActor pid=736739)[0m  23        [16, 19, 22]  1   1639574  ultralytics.nn.modules.head.v10Detect        [1, [128, 256, 512]]          
[36m(ClientAppActor pid=736774)[0m [34m[1mengine/trainer: [0magnostic_nms=False, amp=True, augment=False, auto_augment=randaugment, batch=4, bgr=0.0, box=7.5, cache=False, cfg=None, classes=None, close_mosaic=10, cls=0.5, compile=False, conf=None, copy_paste=0.0, copy_paste_mode=flip, cos_lr=False, cutmix=0.0, data=/ANON/fl_hod/data/yolo/client_configs/client_lyon.yaml, degrees=0.0, deterministic=True, device=0, dfl=1.5, dnn=False, dropout=0.0, dynamic=False, embed=None, epochs=3, erasing=0.4, exist_ok=False, fliplr=0.5, flipud=0.0, format=torchscript, fraction=1.0, freeze=None, half=False, hsv_h=0.015, hsv_s=0.7, hsv_v=0.4, imgsz=640, int8=False, iou=0.7, keras=False, kobj=1.0, line_width=None, lr0=0.001, lrf=0.01, mask_ratio=4, max_det=300, mixup=0.0, mode=train, model=/tmp/fl_yolo_models/yolov10s_client_3_736774.pt, momentum=0.937, mosaic=1.0, multi_scale=False, name=train, nbs=64, nms=False, opset=None, optimize=False, optimizer=AdamW, overlap_mask=True, patience=100, perspective=0.0, plots=False, pose=12.0, pretrained=True, profile=False, project=/tmp/fl_yolo_runs_736774, rect=False, resume=False, retina_masks=False, save=False, save_conf=False, save_crop=False, save_dir=/tmp/fl_yolo_runs_736774/train, save_frames=False, save_json=False, save_period=-1, save_txt=False, scale=0.5, seed=0, shear=0.0, show=False, show_boxes=True, show_conf=True, show_labels=True, simplify=True, single_cls=False, source=None, split=val, stream_buffer=False, task=detect, time=None, tracker=botsort.yaml, translate=0.1, val=True, verbose=False, vid_stride=1, visualize=False, warmup_bias_lr=0.1, warmup_epochs=3.0, warmup_momentum=0.8, weight_decay=0.0005, workers=8, workspace=None
[36m(ClientAppActor pid=736740)[0m 
[36m(ClientAppActor pid=736740)[0m  13                  -1  1    591360  ultralytics.nn.modules.block.C2f             [768, 256, 1]                 
[36m(ClientAppActor pid=736740)[0m  16                  -1  1    148224  ultralytics.nn.modules.block.C2f             [384, 128, 1]                 
[36m(ClientAppActor pid=736740)[0m  19                  -1  1    493056  ultralytics.nn.modules.block.C2f             [384, 256, 1]                 
[36m(ClientAppActor pid=736740)[0m  23        [16, 19, 22]  1   1639574  ultralytics.nn.modules.head.v10Detect        [1, [128, 256, 512]]          
[36m(ClientAppActor pid=736737)[0m 
[36m(ClientAppActor pid=736737)[0m  13                  -1  1    591360  ultralytics.nn.modules.block.C2f             [768, 256, 1]                 
[36m(ClientAppActor pid=736737)[0m  16                  -1  1    148224  ultralytics.nn.modules.block.C2f             [384, 128, 1]                 
[36m(ClientAppActor pid=736737)[0m  19                  -1  1    493056  ultralytics.nn.modules.block.C2f             [384, 256, 1]                 
[36m(ClientAppActor pid=736737)[0m  23        [16, 19, 22]  1   1639574  ultralytics.nn.modules.head.v10Detect        [1, [128, 256, 512]]          
[36m(ClientAppActor pid=736774)[0m 
[36m(ClientAppActor pid=736774)[0m  13                  -1  1    591360  ultralytics.nn.modules.block.C2f             [768, 256, 1]                 
[36m(ClientAppActor pid=736774)[0m  16                  -1  1    148224  ultralytics.nn.modules.block.C2f             [384, 128, 1]                 
[36m(ClientAppActor pid=736774)[0m  19                  -1  1    493056  ultralytics.nn.modules.block.C2f             [384, 256, 1]                 
[36m(ClientAppActor pid=736774)[0m  23        [16, 19, 22]  1   1639574  ultralytics.nn.modules.head.v10Detect        [1, [128, 256, 512]]          
[36m(ClientAppActor pid=736771)[0m 
[36m(ClientAppActor pid=736771)[0m  13                  -1  1    591360  ultralytics.nn.modules.block.C2f             [768, 256, 1]                 
[36m(ClientAppActor pid=736771)[0m  16                  -1  1    148224  ultralytics.nn.modules.block.C2f             [384, 128, 1]                 
[36m(ClientAppActor pid=736771)[0m  19                  -1  1    493056  ultralytics.nn.modules.block.C2f             [384, 256, 1]                 
[36m(ClientAppActor pid=736771)[0m  23        [16, 19, 22]  1   1639574  ultralytics.nn.modules.head.v10Detect        [1, [128, 256, 512]]          
[36m(ClientAppActor pid=736770)[0m 
[36m(ClientAppActor pid=736739)[0m 
[36m(ClientAppActor pid=736740)[0m 
[36m(ClientAppActor pid=736737)[0m 
[36m(ClientAppActor pid=736774)[0m 
[36m(ClientAppActor pid=736771)[0m 
[36m(ClientAppActor pid=736738)[0m [34m[1mAMP: [0mchecks passed [36m(ClientAppActor pid=736738)[0m [34m[1mtrain: [0mFast image access (ping: 0.0±0.0 ms, read: 8017.1±1471.4 MB/s, size: 2293.6 KB)
[36m(ClientAppActor pid=736738)[0m 
[K[34m[1mtrain: [0mScanning /ANON/fl_hod/data/yolo/labels/ecp/train... 79 images, 0 backgrounds, 0 corrupt: 17% ━━────────── 79/457 236.1it/s 0.1s<1.6s
[36m(ClientAppActor pid=736738)[0m 
[K[34m[1mtrain: [0mScanning /ANON/fl_hod/data/yolo/labels/ecp/train... 174 images, 0 backgrounds, 0 corrupt: 38% ━━━━╸─────── 174/457 447.1it/s 0.2s<0.6s
[36m(ClientAppActor pid=736738)[0m 
[K[34m[1mtrain: [0mScanning /ANON/fl_hod/data/yolo/labels/ecp/train... 270 images, 0 backgrounds, 0 corrupt: 59% ━━━━━━━───── 270/457 596.1it/s 0.3s<0.3s
[36m(ClientAppActor pid=736738)[0m 
[K[34m[1mtrain: [0mScanning /ANON/fl_hod/data/yolo/labels/ecp/train... 344 images, 0 backgrounds, 0 corrupt: 75% ━━━━━━━━━─── 344/457 636.2it/s 0.4s<0.2s
[36m(ClientAppActor pid=736738)[0m 
[K[34m[1mtrain: [0mScanning /ANON/fl_hod/data/yolo/labels/ecp/train... 428 images, 0 backgrounds, 0 corrupt: 94% ━━━━━━━━━━━─ 428/457 694.8it/s 0.5s<0.0s
[K[34m[1mtrain: [0mScanning /ANON/fl_hod/data/yolo/labels/ecp/train... 457 images, 0 backgrounds, 0 corrupt: 100% ━━━━━━━━━━━━ 457/457 857.6it/s 0.5s
[K[34m[1mtrain: [0mScanning /ANON/fl_hod/data/yolo/labels/ecp/train... 457 images, 0 backgrounds, 0 corrupt: 100% ━━━━━━━━━━━━ 457/457 857.4it/s 0.5s
[36m(ClientAppActor pid=736738)[0m [34m[1mval: [0mFast image access (ping: 0.0±0.0 ms, read: 5285.9±3108.4 MB/s, size: 2332.5 KB)
[36m(ClientAppActor pid=736738)[0m 
[K[34m[1mval: [0mScanning /ANON/fl_hod/data/yolo/labels/ecp/val... 60 images, 0 backgrounds, 0 corrupt: 75% ━━━━━━━━━─── 60/80 180.0it/s 0.1s<0.1s
[K[34m[1mval: [0mScanning /ANON/fl_hod/data/yolo/labels/ecp/val... 80 images, 0 backgrounds, 0 corrupt: 100% ━━━━━━━━━━━━ 80/80 645.5it/s 0.1s
[K[34m[1mval: [0mScanning /ANON/fl_hod/data/yolo/labels/ecp/val... 80 images, 0 backgrounds, 0 corrupt: 100% ━━━━━━━━━━━━ 80/80 645.0it/s 0.1s
[36m(ClientAppActor pid=736770)[0m 
[K[34m[1mtrain: [0mScanning /ANON/fl_hod/data/yolo/labels/ecp/train... 65 images, 0 backgrounds, 0 corrupt: 15% ━╸────────── 65/422 194.0it/s 0.1s<1.8s
[36m(ClientAppActor pid=736770)[0m 
[K[34m[1mtrain: [0mScanning /ANON/fl_hod/data/yolo/labels/ecp/train... 134 images, 0 backgrounds, 0 corrupt: 32% ━━━╸──────── 134/422 342.5it/s 0.2s<0.8s
[36m(ClientAppActor pid=736770)[0m 
[K[34m[1mtrain: [0mScanning /ANON/fl_hod/data/yolo/labels/ecp/train... 208 images, 0 backgrounds, 0 corrupt: 49% ━━━━━╸────── 208/422 452.8it/s 0.3s<0.5s
[36m(ClientAppActor pid=736739)[0m 
[K[34m[1mtrain: [0mScanning /ANON/fl_hod/data/yolo/labels/ecp/train... 127 images, 0 backgrounds, 0 corrupt: 26% ━━━───────── 127/496 307.6it/s 0.2s<1.2s
[36m(ClientAppActor pid=736774)[0m 
[K[34m[1mtrain: [0mScanning /ANON/fl_hod/data/yolo/labels/ecp/train... 42 images, 0 backgrounds, 0 corrupt: 9% ━─────────── 42/477 118.8it/s 0.1s<3.7s
[36m(ClientAppActor pid=736771)[0m 
[K[34m[1mtrain: [0mScanning /ANON/fl_hod/data/yolo/labels/ecp/train... 37 images, 0 backgrounds, 0 corrupt: 22% ━━╸───────── 37/170 109.1it/s 0.1s<1.2s
[36m(ClientAppActor pid=736737)[0m 
[K[34m[1mtrain: [0mScanning /ANON/fl_hod/data/yolo/labels/ecp/train... 44 images, 0 backgrounds, 0 corrupt: 6% ╸─────────── 44/724 119.9it/s 0.1s<5.7s
[36m(ClientAppActor pid=736739)[0m 
[K[34m[1mtrain: [0mScanning /ANON/fl_hod/data/yolo/labels/ecp/train... 177 images, 0 backgrounds, 0 corrupt: 36% ━━━━──────── 177/496 354.0it/s 0.3s<0.9s
[36m(ClientAppActor pid=736770)[0m 
[K[34m[1mtrain: [0mScanning /ANON/fl_hod/data/yolo/labels/ecp/train... 301 images, 0 backgrounds, 0 corrupt: 71% ━━━━━━━━╸─── 301/422 451.9it/s 0.5s<0.3s
[36m(ClientAppActor pid=736771)[0m 
[K[34m[1mtrain: [0mScanning /ANON/fl_hod/data/yolo/labels/ecp/train... 137 images, 0 backgrounds, 0 corrupt: 81% ━━━━━━━━━╸── 137/170 308.2it/s 0.3s<0.1s
[K[34m[1mtrain: [0mScanning /ANON/fl_hod/data/yolo/labels/ecp/train... 170 images, 0 backgrounds, 0 corrupt: 100% ━━━━━━━━━━━━ 170/170 500.9it/s 0.3s
[K[34m[1mtrain: [0mScanning /ANON/fl_hod/data/yolo/labels/ecp/train... 170 images, 0 backgrounds, 0 corrupt: 100% ━━━━━━━━━━━━ 170/170 500.8it/s 0.3s
[36m(ClientAppActor pid=736770)[0m 
[K[34m[1mtrain: [0mScanning /ANON/fl_hod/data/yolo/labels/ecp/train... 422 images, 0 backgrounds, 0 corrupt: 100% ━━━━━━━━━━━━ 422/422 600.2it/s 0.7s
[K[34m[1mtrain: [0mScanning /ANON/fl_hod/data/yolo/labels/ecp/train... 422 images, 0 backgrounds, 0 corrupt: 100% ━━━━━━━━━━━━ 422/422 600.1it/s 0.7s
[36m(ClientAppActor pid=736774)[0m 
[K[34m[1mtrain: [0mScanning /ANON/fl_hod/data/yolo/labels/ecp/train... 250 images, 0 backgrounds, 0 corrupt: 52% ━━━━━━────── 250/477 415.5it/s 0.5s<0.5s
[36m(ClientAppActor pid=736774)[0m 
[K[34m[1mtrain: [0mScanning /ANON/fl_hod/data/yolo/labels/ecp/train... 318 images, 0 backgrounds, 0 corrupt: 67% ━━━━━━━━──── 318/477 488.7it/s 0.6s<0.3s
[36m(ClientAppActor pid=736771)[0m 
[K[34m[1mval: [0mScanning /ANON/fl_hod/data/yolo/labels/ecp/val... 15 images, 0 backgrounds, 0 corrupt: 100% ━━━━━━━━━━━━ 15/15 392.2it/s 0.0s
[K[34m[1mval: [0mScanning /ANON/fl_hod/data/yolo/labels/ecp/val... 15 images, 0 backgrounds, 0 corrupt: 100% ━━━━━━━━━━━━ 15/15 391.5it/s 0.0s
[36m(ClientAppActor pid=736739)[0m 
[K[34m[1mtrain: [0mScanning /ANON/fl_hod/data/yolo/labels/ecp/train... 451 images, 0 backgrounds, 0 corrupt: 91% ━━━━━━━━━━╸─ 451/496 558.0it/s 0.8s<0.1s
[K[34m[1mtrain: [0mScanning /ANON/fl_hod/data/yolo/labels/ecp/train... 496 images, 0 backgrounds, 0 corrupt: 100% ━━━━━━━━━━━━ 496/496 570.7it/s 0.9s
[K[34m[1mtrain: [0mScanning /ANON/fl_hod/data/yolo/labels/ecp/train... 496 images, 0 backgrounds, 0 corrupt: 100% ━━━━━━━━━━━━ 496/496 570.6it/s 0.9s
[36m(ClientAppActor pid=736774)[0m 
[K[34m[1mtrain: [0mScanning /ANON/fl_hod/data/yolo/labels/ecp/train... 400 images, 0 backgrounds, 0 corrupt: 84% ━━━━━━━━━━── 400/477 578.0it/s 0.7s<0.1s
[36m(ClientAppActor pid=736770)[0m 
[K[34m[1mval: [0mScanning /ANON/fl_hod/data/yolo/labels/ecp/val... 42 images, 0 backgrounds, 0 corrupt: 61% ━━━━━━━───── 42/69 109.7it/s 0.1s<0.2s
[K[34m[1mval: [0mScanning /ANON/fl_hod/data/yolo/labels/ecp/val... 69 images, 0 backgrounds, 0 corrupt: 100% ━━━━━━━━━━━━ 69/69 551.6it/s 0.1s
[K[34m[1mval: [0mScanning /ANON/fl_hod/data/yolo/labels/ecp/val... 69 images, 0 backgrounds, 0 corrupt: 100% ━━━━━━━━━━━━ 69/69 551.4it/s 0.1s
[36m(ClientAppActor pid=736737)[0m 
[K[34m[1mtrain: [0mScanning /ANON/fl_hod/data/yolo/labels/ecp/train... 459 images, 0 backgrounds, 0 corrupt: 63% ━━━━━━━╸──── 459/724 521.9it/s 0.9s<0.5s
[36m(ClientAppActor pid=736737)[0m 
[K[34m[1mtrain: [0mScanning /ANON/fl_hod/data/yolo/labels/ecp/train... 575 images, 0 backgrounds, 0 corrupt: 79% ━━━━━━━━━╸── 575/724 194.6it/s 1.5s<0.8s
[36m(ClientAppActor pid=736737)[0m 
[K[34m[1mtrain: [0mScanning /ANON/fl_hod/data/yolo/labels/ecp/train... 581 images, 0 backgrounds, 0 corrupt: 80% ━━━━━━━━━╸── 581/724 150.5it/s 1.7s<0.9s
[36m(ClientAppActor pid=736774)[0m 
[K[34m[1mval: [0mScanning /ANON/fl_hod/data/yolo/labels/ecp/val... 1 images, 0 backgrounds, 0 corrupt: 1% ──────────── 1/115 1.2it/s 0.2s<1:33
[36m(ClientAppActor pid=736737)[0m 
[K[34m[1mtrain: [0mScanning /ANON/fl_hod/data/yolo/labels/ecp/train... 586 images, 0 backgrounds, 0 corrupt: 81% ━━━━━━━━━╸── 586/724 118.2it/s 1.8s<1.2s
[36m(ClientAppActor pid=736774)[0m 
[K[34m[1mval: [0mScanning /ANON/fl_hod/data/yolo/labels/ecp/val... 9 images, 0 backgrounds, 0 corrupt: 8% ╸─────────── 9/115 17.0it/s 0.4s<6.2s
[36m(ClientAppActor pid=736740)[0m 
[K[34m[1mval: [0mScanning /ANON/fl_hod/data/yolo/labels/ecp/val... 9 images, 0 backgrounds, 0 corrupt: 10% ━─────────── 9/86 18.7it/s 0.4s<4.1s
[36m(ClientAppActor pid=736737)[0m 
[K[34m[1mtrain: [0mScanning /ANON/fl_hod/data/yolo/labels/ecp/train... 590 images, 0 backgrounds, 0 corrupt: 81% ━━━━━━━━━╸── 590/724 92.1it/s 1.9s<1.5s
[36m(ClientAppActor pid=736774)[0m 
[K[34m[1mval: [0mScanning /ANON/fl_hod/data/yolo/labels/ecp/val... 15 images, 0 backgrounds, 0 corrupt: 13% ━╸────────── 15/115 26.4it/s 0.5s<3.8s
[36m(ClientAppActor pid=736740)[0m 
[K[34m[1mval: [0mScanning /ANON/fl_hod/data/yolo/labels/ecp/val... 19 images, 0 backgrounds, 0 corrupt: 22% ━━╸───────── 19/86 38.6it/s 0.5s<1.7s
[36m(ClientAppActor pid=736737)[0m 
[K[34m[1mtrain: [0mScanning /ANON/fl_hod/data/yolo/labels/ecp/train... 597 images, 0 backgrounds, 0 corrupt: 82% ━━━━━━━━━╸── 597/724 82.8it/s 2.0s<1.5s
[36m(ClientAppActor pid=736774)[0m 
[K[34m[1mval: [0mScanning /ANON/fl_hod/data/yolo/labels/ecp/val... 46 images, 0 backgrounds, 0 corrupt: 40% ━━━━╸─────── 46/115 105.4it/s 0.6s<0.7s
[36m(ClientAppActor pid=736774)[0m [Client PID=736774] Ultralytics cache patched v3 (utils + dataset modules)[32m [repeated 6x across cluster] (Ray deduplicates logs by default. Set RAY_DEDUP_LOGS=0 to disable log deduplication, or see https://docs.ray.io/en/master/ray-observability/user-guides/configure-logging.html#log-deduplication for more options.)[0m
[36m(ClientAppActor pid=736774)[0m [Client 3] Initializing YOLOv10-S...[32m [repeated 6x across cluster][0m
[36m(ClientAppActor pid=736771)[0m [Client 2] Ready[32m [repeated 6x across cluster][0m
[36m(ClientAppActor pid=736771)[0m   Local epochs: 3[32m [repeated 6x across cluster][0m
[36m(ClientAppActor pid=736771)[0m   Batch size: 4[32m [repeated 6x across cluster][0m
[36m(ClientAppActor pid=736771)[0m   FedBN: False[32m [repeated 6x across cluster][0m
[36m(ClientAppActor pid=736774)[0m 
[K[34m[1mval: [0mScanning /ANON/fl_hod/data/yolo/labels/ecp/val... 100 images, 0 backgrounds, 0 corrupt: 87% ━━━━━━━━━━── 100/115 216.9it/s 0.7s<0.1s
[K[34m[1mval: [0mScanning /ANON/fl_hod/data/yolo/labels/ecp/val... 115 images, 0 backgrounds, 0 corrupt: 100% ━━━━━━━━━━━━ 115/115 155.9it/s 0.7s
[K[34m[1mval: [0mScanning /ANON/fl_hod/data/yolo/labels/ecp/val... 115 images, 0 backgrounds, 0 corrupt: 100% ━━━━━━━━━━━━ 115/115 155.9it/s 0.7s
[36m(ClientAppActor pid=736771)[0m [Client 2] Starting local training...[32m [repeated 6x across cluster][0m
[36m(ClientAppActor pid=736737)[0m New https://pypi.org/project/ultralytics/8.4.46 available Update with 'pip install -U ultralytics'[32m [repeated 6x across cluster][0m
[36m(ClientAppActor pid=736739)[0m 
[K[34m[1mval: [0mScanning /ANON/fl_hod/data/yolo/labels/ecp/val... 27 images, 0 backgrounds, 0 corrupt: 33% ━━━╸──────── 27/82 71.0it/s 0.2s<0.8s
[K[34m[1mval: [0mScanning /ANON/fl_hod/data/yolo/labels/ecp/val... 82 images, 0 backgrounds, 0 corrupt: 100% ━━━━━━━━━━━━ 82/82 355.2it/s 0.2s
[K[34m[1mval: [0mScanning /ANON/fl_hod/data/yolo/labels/ecp/val... 82 images, 0 backgrounds, 0 corrupt: 100% ━━━━━━━━━━━━ 82/82 355.1it/s 0.2s
[36m(ClientAppActor pid=736774)[0m Ultralytics 8.3.234 Python-3.10.19 torch-2.6.0+cu124 CUDA:0 (NVIDIA RTX 5000 Ada Generation, 32220MiB)[32m [repeated 6x across cluster][0m
[36m(ClientAppActor pid=736771)[0m Overriding model.yaml nc=80 with nc=1[32m [repeated 6x across cluster][0m
[36m(ClientAppActor pid=736771)[0m                    from  n    params  module                                       arguments                     [32m [repeated 6x across cluster][0m
[36m(ClientAppActor pid=736771)[0m  17                  -1  1    147712  ultralytics.nn.modules.conv.Conv             [128, 128, 3, 2]              [32m [repeated 24x across cluster][0m
[36m(ClientAppActor pid=736771)[0m   6                  -1  2    788480  ultralytics.nn.modules.block.C2f             [256, 256, 2, True]           [32m [repeated 18x across cluster][0m
[36m(ClientAppActor pid=736771)[0m  20                  -1  1     68864  ultralytics.nn.modules.block.SCDown          [256, 256, 3, 2]              [32m [repeated 18x across cluster][0m
[36m(ClientAppActor pid=736771)[0m  22                  -1  1   1089536  ultralytics.nn.modules.block.C2fCIB          [768, 512, 1, True, True]     [32m [repeated 12x across cluster][0m
[36m(ClientAppActor pid=736771)[0m   9                  -1  1    656896  ultralytics.nn.modules.block.SPPF            [512, 512, 5]                 [32m [repeated 6x across cluster][0m
[36m(ClientAppActor pid=736771)[0m  10                  -1  1    990976  ultralytics.nn.modules.block.PSA             [512, 512]                    [32m [repeated 6x across cluster][0m
[36m(ClientAppActor pid=736771)[0m  14                  -1  1         0  torch.nn.modules.upsampling.Upsample         [None, 2, 'nearest']          [32m [repeated 12x across cluster][0m
[36m(ClientAppActor pid=736771)[0m  21            [-1, 10]  1         0  ultralytics.nn.modules.conv.Concat           [1]                           [32m [repeated 24x across cluster][0m
[36m(ClientAppActor pid=736771)[0m YOLOv10s summary: 234 layers, 8,067,126 parameters, 8,067,110 gradients, 24.8 GFLOPs[32m [repeated 6x across cluster][0m
[36m(ClientAppActor pid=736771)[0m Transferred 607/619 items from pretrained weights[32m [repeated 6x across cluster][0m
[36m(ClientAppActor pid=736740)[0m [Client 0] ️  MALICIOUS - Attack: SignFlippingAttack
[36m(ClientAppActor pid=736737)[0m Freezing layer 'model.23.dfl.conv.weight'[32m [repeated 6x across cluster][0m
[36m(ClientAppActor pid=736737)[0m [34m[1mAMP: [0mrunning Automatic Mixed Precision (AMP) checks...[32m [repeated 6x across cluster][0m
[36m(ClientAppActor pid=736737)[0m 
[K[34m[1mval: [0mScanning /ANON/fl_hod/data/yolo/labels/ecp/val... 77 images, 0 backgrounds, 0 corrupt: 58% ━━━━━━╸───── 77/133 181.8it/s 0.2s<0.3s
[36m(ClientAppActor pid=736738)[0m [34m[1moptimizer:[0m AdamW(lr=0.001, momentum=0.937) with parameter groups 99 weight(decay=0.0), 112 weight(decay=0.0005), 111 bias(decay=0.0)
[36m(ClientAppActor pid=736738)[0m Image sizes 640 train, 640 val
[36m(ClientAppActor pid=736738)[0m Using 8 dataloader workers
[36m(ClientAppActor pid=736738)[0m Logging results to [1m/tmp/fl_yolo_runs_736738/train[0m
[36m(ClientAppActor pid=736738)[0m Starting training for 3 epochs...
[36m(ClientAppActor pid=736738)[0m 
[36m(ClientAppActor pid=736738)[0m       Epoch    GPU_mem   box_loss   cls_loss   dfl_loss  Instances       Size
[36m(ClientAppActor pid=736737)[0m 
[K[34m[1mval: [0mScanning /ANON/fl_hod/data/yolo/labels/ecp/val... 120 images, 0 backgrounds, 0 corrupt: 90% ━━━━━━━━━━╸─ 120/133 255.9it/s 0.3s<0.1s
[K[34m[1mval: [0mScanning /ANON/fl_hod/data/yolo/labels/ecp/val... 133 images, 0 backgrounds, 0 corrupt: 100% ━━━━━━━━━━━━ 133/133 400.3it/s 0.3s
[K[34m[1mval: [0mScanning /ANON/fl_hod/data/yolo/labels/ecp/val... 133 images, 0 backgrounds, 0 corrupt: 100% ━━━━━━━━━━━━ 133/133 400.3it/s 0.3s
[36m(ClientAppActor pid=736771)[0m 
[36m(ClientAppActor pid=736737)[0m [34m[1mAMP: [0mchecks passed [32m [repeated 6x across cluster][0m
[36m(ClientAppActor pid=736737)[0m [34m[1mval: [0mFast image access (ping: 0.0±0.0 ms, read: 1603.7±1494.2 MB/s, size: 2493.0 KB)[32m [repeated 12x across cluster][0m
[36m(ClientAppActor pid=736737)[0m 
[K[34m[1mtrain: [0mScanning /ANON/fl_hod/data/yolo/labels/ecp/train... 146 images, 0 backgrounds, 0 corrupt: 20% ━━────────── 146/724 286.6it/s 0.3s<2.0s[32m [repeated 3x across cluster][0m
[36m(ClientAppActor pid=736740)[0m 
[K[34m[1mtrain: [0mScanning /ANON/fl_hod/data/yolo/labels/ecp/train... 192 images, 0 backgrounds, 0 corrupt: 40% ━━━━╸─────── 192/475 356.6it/s 0.4s<0.8s[32m [repeated 2x across cluster][0m
[36m(ClientAppActor pid=736739)[0m 
[K[34m[1mtrain: [0mScanning /ANON/fl_hod/data/yolo/labels/ecp/train... 291 images, 0 backgrounds, 0 corrupt: 59% ━━━━━━━───── 291/496 389.3it/s 0.6s<0.5s[32m [repeated 2x across cluster][0m
[36m(ClientAppActor pid=736737)[0m 
[K[34m[1mtrain: [0mScanning /ANON/fl_hod/data/yolo/labels/ecp/train... 568 images, 0 backgrounds, 0 corrupt: 78% ━━━━━━━━━─── 568/724 248.8it/s 1.4s<0.6s[32m [repeated 4x across cluster][0m
[36m(ClientAppActor pid=736737)[0m 
[K[34m[1mtrain: [0mScanning /ANON/fl_hod/data/yolo/labels/ecp/train... 692 images, 0 backgrounds, 0 corrupt: 96% ━━━━━━━━━━━─ 692/724 243.0it/s 2.3s<0.1s
[K[34m[1mtrain: [0mScanning /ANON/fl_hod/data/yolo/labels/ecp/train... 724 images, 0 backgrounds, 0 corrupt: 100% ━━━━━━━━━━━━ 724/724 317.0it/s 2.3s
[K[34m[1mtrain: [0mScanning /ANON/fl_hod/data/yolo/labels/ecp/train... 724 images, 0 backgrounds, 0 corrupt: 100% ━━━━━━━━━━━━ 724/724 317.0it/s 2.3s
[36m(ClientAppActor pid=736739)[0m 
[K[34m[1mtrain: [0mScanning /ANON/fl_hod/data/yolo/labels/ecp/train... 73 images, 0 backgrounds, 0 corrupt: 15% ━╸────────── 73/496 212.3it/s 0.1s<2.0s
[36m(ClientAppActor pid=736737)[0m 
[K[34m[1mtrain: [0mScanning /ANON/fl_hod/data/yolo/labels/ecp/train... 342 images, 0 backgrounds, 0 corrupt: 47% ━━━━━╸────── 342/724 503.6it/s 0.7s<0.8s[32m [repeated 3x across cluster][0m
[36m(ClientAppActor pid=736737)[0m 
[K[34m[1mtrain: [0mScanning /ANON/fl_hod/data/yolo/labels/ecp/train... 199 images, 0 backgrounds, 0 corrupt: 27% ━━━───────── 199/724 338.3it/s 0.5s<1.6s[32m [repeated 3x across cluster][0m
[36m(ClientAppActor pid=736737)[0m 
[K[34m[1mtrain: [0mScanning /ANON/fl_hod/data/yolo/labels/ecp/train... 79 images, 0 backgrounds, 0 corrupt: 11% ━─────────── 79/724 186.8it/s 0.2s<3.5s[32m [repeated 2x across cluster][0m
[36m(ClientAppActor pid=736737)[0m 
[K[34m[1mtrain: [0mScanning /ANON/fl_hod/data/yolo/labels/ecp/train... 262 images, 0 backgrounds, 0 corrupt: 36% ━━━━──────── 262/724 384.8it/s 0.6s<1.2s
[36m(ClientAppActor pid=736737)[0m 
[K[34m[1mtrain: [0mScanning /ANON/fl_hod/data/yolo/labels/ecp/train... 526 images, 0 backgrounds, 0 corrupt: 73% ━━━━━━━━╸─── 526/724 543.0it/s 1.0s<0.4s[32m [repeated 2x across cluster][0m
[36m(ClientAppActor pid=736740)[0m 
[K[34m[1mtrain: [0mScanning /ANON/fl_hod/data/yolo/labels/ecp/train... 475 images, 0 backgrounds, 0 corrupt: 100% ━━━━━━━━━━━━ 475/475 571.4it/s 0.8s
[K[34m[1mtrain: [0mScanning /ANON/fl_hod/data/yolo/labels/ecp/train... 475 images, 0 backgrounds, 0 corrupt: 100% ━━━━━━━━━━━━ 475/475 571.4it/s 0.8s[32m [repeated 2x across cluster][0m
[36m(ClientAppActor pid=736737)[0m 
[K[34m[1mtrain: [0mScanning /ANON/fl_hod/data/yolo/labels/ecp/train... 388 images, 0 backgrounds, 0 corrupt: 54% ━━━━━━────── 388/724 484.5it/s 0.8s<0.7s[32m [repeated 2x across cluster][0m
[36m(ClientAppActor pid=736740)[0m 
[K[34m[1mtrain: [0mScanning /ANON/fl_hod/data/yolo/labels/ecp/train... 322 images, 0 backgrounds, 0 corrupt: 68% ━━━━━━━━──── 322/475 485.1it/s 0.7s<0.3s
[36m(ClientAppActor pid=736740)[0m 
[K[34m[1mval: [0mScanning /ANON/fl_hod/data/yolo/labels/ecp/val... 86 images, 0 backgrounds, 0 corrupt: 100% ━━━━━━━━━━━━ 86/86 139.6it/s 0.6s
[K[34m[1mval: [0mScanning /ANON/fl_hod/data/yolo/labels/ecp/val... 86 images, 0 backgrounds, 0 corrupt: 100% ━━━━━━━━━━━━ 86/86 139.6it/s 0.6s
[36m(ClientAppActor pid=736737)[0m 
[K[34m[1mtrain: [0mScanning /ANON/fl_hod/data/yolo/labels/ecp/train... 618 images, 0 backgrounds, 0 corrupt: 85% ━━━━━━━━━━── 618/724 107.2it/s 2.1s<1.0s[32m [repeated 2x across cluster][0m
[36m(ClientAppActor pid=736740)[0m 
[36m(ClientAppActor pid=736774)[0m 
[36m(ClientAppActor pid=736738)[0m 
[K        1/3      1.34G      4.233      62.98       3.14         12        640: 0% ──────────── 0/115  4.6s
[36m(ClientAppActor pid=736740)[0m 
[K[34m[1mval: [0mScanning /ANON/fl_hod/data/yolo/labels/ecp/val... 1 images, 0 backgrounds, 0 corrupt: 1% ──────────── 1/86 1.1it/s 0.3s<1:17
[36m(ClientAppActor pid=736739)[0m 
[K[34m[1mval: [0mScanning /ANON/fl_hod/data/yolo/labels/ecp/val... 9 images, 0 backgrounds, 0 corrupt: 11% ━─────────── 9/82 24.4it/s 0.1s<3.0s
[36m(ClientAppActor pid=736737)[0m 
[K[34m[1mval: [0mScanning /ANON/fl_hod/data/yolo/labels/ecp/val... 21 images, 0 backgrounds, 0 corrupt: 16% ━╸────────── 21/133 56.3it/s 0.1s<2.0s
[36m(ClientAppActor pid=736738)[0m 
[K        1/3      1.34G      4.154      70.13      2.763          9        640: 1% ──────────── 1/115 2.0s/it 5.2s<3:44
[36m(ClientAppActor pid=736774)[0m [34m[1moptimizer:[0m AdamW(lr=0.001, momentum=0.937) with parameter groups 99 weight(decay=0.0), 112 weight(decay=0.0005), 111 bias(decay=0.0)[32m [repeated 3x across cluster][0m
[36m(ClientAppActor pid=736774)[0m Image sizes 640 train, 640 val[32m [repeated 3x across cluster][0m
[36m(ClientAppActor pid=736774)[0m Using 8 dataloader workers[32m [repeated 3x across cluster][0m
[36m(ClientAppActor pid=736774)[0m Logging results to [1m/tmp/fl_yolo_runs_736774/train[0m[32m [repeated 3x across cluster][0m
[36m(ClientAppActor pid=736774)[0m Starting training for 3 epochs...[32m [repeated 3x across cluster][0m
[36m(ClientAppActor pid=736774)[0m       Epoch    GPU_mem   box_loss   cls_loss   dfl_loss  Instances       Size[32m [repeated 3x across cluster][0m
[36m(ClientAppActor pid=736770)[0m 
[36m(ClientAppActor pid=736739)[0m 
[36m(ClientAppActor pid=736771)[0m 
[K        1/3      1.36G      5.244       63.4      2.478         24        640: 7% ╸─────────── 3/43 3.6it/s 3.8s<11.0s
[36m(ClientAppActor pid=736737)[0m 
[36m(ClientAppActor pid=736771)[0m 
[K        1/3      1.36G      5.279      59.64      2.441         26        640: 9% ━─────────── 4/43 4.1it/s 4.0s<9.6s
[36m(ClientAppActor pid=736771)[0m 
[K        1/3      1.36G      5.068      62.16      2.453         16        640: 12% ━─────────── 5/43 5.2it/s 4.1s<7.3s
[36m(ClientAppActor pid=736771)[0m 
[K        1/3      1.38G      4.932         62      2.489         15        640: 14% ━╸────────── 6/43 6.2it/s 4.2s<6.0s
[36m(ClientAppActor pid=736771)[0m 
[K        1/3      1.38G      4.845      64.44      2.545          7        640: 16% ━╸────────── 7/43 7.1it/s 4.3s<5.0s
[36m(ClientAppActor pid=736771)[0m 
[K        1/3      1.38G        4.9      59.96      2.496         21        640: 21% ━━╸───────── 9/43 8.6it/s 4.5s<4.0s
[36m(ClientAppActor pid=736771)[0m 
[K        1/3      1.38G      4.964      62.31      2.554         15        640: 23% ━━╸───────── 10/43 7.9it/s 4.7s<4.2s
[36m(ClientAppActor pid=736771)[0m 
[K        1/3      1.38G      5.098      63.79      2.563         14        640: 26% ━━━───────── 11/43 7.9it/s 4.8s<4.0s
[36m(ClientAppActor pid=736771)[0m 
[K        1/3      1.38G      4.981      61.63      2.555         21        640: 28% ━━━───────── 12/43 7.3it/s 5.0s<4.3s
[36m(ClientAppActor pid=736771)[0m 
[K        1/3      1.38G      5.049      61.23      2.562         18        640: 30% ━━━╸──────── 13/43 7.4it/s 5.1s<4.0s
[36m(ClientAppActor pid=736771)[0m 
[K        1/3      1.38G      4.979      61.39      2.551         13        640: 33% ━━━╸──────── 14/43 7.1it/s 5.2s<4.1s
[36m(ClientAppActor pid=736771)[0m 
[K        1/3      1.38G      5.155      61.79      2.582         32        640: 35% ━━━━──────── 15/43 5.4it/s 5.9s<5.2s
[36m(ClientAppActor pid=736771)[0m 
[K        1/3      1.38G      5.089      61.19      2.569         17        640: 37% ━━━━──────── 16/43 4.4it/s 6.4s<6.1s
[36m(ClientAppActor pid=736771)[0m 
[K        1/3      1.38G      5.149      61.73      2.618         13        640: 40% ━━━━╸─────── 17/43 4.3it/s 6.7s<6.1s
[36m(ClientAppActor pid=736771)[0m 
[K        1/3      1.38G       5.22       63.3      2.659         11        640: 42% ━━━━━─────── 18/43 4.2it/s 6.9s<6.0s
[36m(ClientAppActor pid=736771)[0m 
[K        1/3       1.4G      5.231      62.01      2.645         17        640: 44% ━━━━━─────── 19/43 4.4it/s 7.1s<5.5s
[36m(ClientAppActor pid=736737)[0m 
[K        1/3      1.35G      4.368      40.79      2.572         60        640: 2% ──────────── 3/181 3.1it/s 3.2s<57.9s[32m [repeated 30x across cluster][0m
[36m(ClientAppActor pid=736771)[0m 
[K        1/3      1.42G      5.205      62.03      2.674          8        640: 47% ━━━━━╸────── 20/43 4.7it/s 7.3s<4.9s
[36m(ClientAppActor pid=736771)[0m 
[K        1/3      1.42G      5.288      62.01      2.702         11        640: 49% ━━━━━╸────── 21/43 4.6it/s 7.5s<4.7s
[36m(ClientAppActor pid=736771)[0m 
[K        1/3      1.42G      5.341      60.89      2.715         10        640: 51% ━━━━━━────── 22/43 4.9it/s 7.7s<4.3s
[36m(ClientAppActor pid=736737)[0m [34m[1moptimizer:[0m AdamW(lr=0.001, momentum=0.937) with parameter groups 99 weight(decay=0.0), 112 weight(decay=0.0005), 111 bias(decay=0.0)[32m [repeated 3x across cluster][0m
[36m(ClientAppActor pid=736737)[0m Image sizes 640 train, 640 val[32m [repeated 3x across cluster][0m
[36m(ClientAppActor pid=736737)[0m Using 8 dataloader workers[32m [repeated 3x across cluster][0m
[36m(ClientAppActor pid=736737)[0m Logging results to [1m/tmp/fl_yolo_runs_736737/train[0m[32m [repeated 3x across cluster][0m
[36m(ClientAppActor pid=736737)[0m Starting training for 3 epochs...[32m [repeated 3x across cluster][0m
[36m(ClientAppActor pid=736737)[0m       Epoch    GPU_mem   box_loss   cls_loss   dfl_loss  Instances       Size[32m [repeated 3x across cluster][0m
[36m(ClientAppActor pid=736771)[0m 
[K        1/3      1.43G      5.382      59.39      2.724         26        640: 53% ━━━━━━────── 23/43 5.1it/s 7.9s<3.9s
[36m(ClientAppActor pid=736771)[0m 
[K        1/3      1.43G      5.377      57.52      2.736         35        640: 56% ━━━━━━╸───── 24/43 5.0it/s 8.1s<3.8s
[36m(ClientAppActor pid=736771)[0m 
[K        1/3      1.43G      5.391      55.94      2.724         27        640: 58% ━━━━━━╸───── 25/43 4.9it/s 8.3s<3.7s
[36m(ClientAppActor pid=736770)[0m 
[K        1/3      1.43G      4.719      34.17      2.453         20        640: 17% ━━────────── 18/106 5.0it/s 5.3s<17.4s
[36m(ClientAppActor pid=736771)[0m 
[K        1/3      1.43G       5.39      54.33      2.736         26        640: 60% ━━━━━━━───── 26/43 5.0it/s 8.5s<3.4s
[36m(ClientAppActor pid=736770)[0m 
[K        1/3      1.43G      4.715      32.79      2.435         35        640: 18% ━━────────── 19/106 5.1it/s 5.5s<17.0s
[36m(ClientAppActor pid=736771)[0m 
[K        1/3      1.43G      5.383      52.94      2.721         15        640: 63% ━━━━━━━╸──── 27/43 5.2it/s 8.7s<3.1s
[36m(ClientAppActor pid=736770)[0m 
[K        1/3      1.43G      4.803      31.79      2.452         16        640: 19% ━━────────── 20/106 5.3it/s 5.7s<16.4s
[36m(ClientAppActor pid=736737)[0m 
[K        1/3      1.38G      4.367      32.83      2.438         48        640: 6% ╸─────────── 10/181 4.0it/s 4.9s<42.4s[32m [repeated 26x across cluster][0m
[36m(ClientAppActor pid=736771)[0m 
[K        1/3      1.43G      5.322      51.54      2.708         15        640: 65% ━━━━━━━╸──── 28/43 5.2it/s 8.9s<2.9s
[36m(ClientAppActor pid=736739)[0m 
[K        1/3      1.41G      4.577      17.67      2.519         68        640: 12% ━─────────── 15/124 4.9it/s 5.5s<22.3s[32m [repeated 26x across cluster][0m
[36m(ClientAppActor pid=736771)[0m 
[K        1/3      1.43G      5.316      50.35      2.715         13        640: 67% ━━━━━━━━──── 29/43 5.1it/s 9.1s<2.7s
[36m(ClientAppActor pid=736739)[0m 
[K        1/3      1.41G      4.578      16.96      2.498         44        640: 13% ━╸────────── 16/124 4.7it/s 5.7s<22.8s[32m [repeated 19x across cluster][0m
[36m(ClientAppActor pid=736771)[0m 
[K        1/3      1.43G      5.264      48.99      2.711         17        640: 70% ━━━━━━━━──── 30/43 5.1it/s 9.3s<2.5s
[36m(ClientAppActor pid=736771)[0m 
[K        1/3      1.43G      5.226      47.72      2.692         15        640: 72% ━━━━━━━━╸─── 31/43 5.8it/s 9.4s<2.1s
[36m(ClientAppActor pid=736738)[0m 
[K        1/3      1.41G      4.223      25.61      2.402         31        640: 21% ━━╸───────── 24/115 5.0it/s 11.9s<18.2s[32m [repeated 3x across cluster][0m
[36m(ClientAppActor pid=736771)[0m 
[K        1/3      1.43G      5.205       46.5      2.681         30        640: 74% ━━━━━━━━╸─── 32/43 5.6it/s 9.6s<2.0s
[36m(ClientAppActor pid=736771)[0m 
[K        1/3      1.43G      5.172      45.47      2.663         10        640: 77% ━━━━━━━━━─── 33/43 5.4it/s 9.8s<1.8s
[36m(ClientAppActor pid=736771)[0m 
[K        1/3      1.43G      5.207      44.43       2.67         36        640: 79% ━━━━━━━━━─── 34/43 5.1it/s 10.0s<1.8s
[36m(ClientAppActor pid=736770)[0m 
[K        1/3      1.43G       4.73      24.97      2.418         66        640: 25% ━━━───────── 27/106 4.9it/s 7.1s<16.3s
[36m(ClientAppActor pid=736771)[0m 
[K        1/3      1.43G      5.182      43.35      2.657         33        640: 81% ━━━━━━━━━╸── 35/43 5.1it/s 10.2s<1.6s
[36m(ClientAppActor pid=736770)[0m 
[K        1/3      1.43G      4.682      24.27      2.405         19        640: 26% ━━━───────── 28/106 4.8it/s 7.4s<16.4s
[36m(ClientAppActor pid=736771)[0m 
[K        1/3      1.43G       5.16      42.33      2.655         24        640: 84% ━━━━━━━━━━── 36/43 4.5it/s 10.6s<1.6s
[36m(ClientAppActor pid=736770)[0m 
[K        1/3      1.43G       4.65       23.6      2.389         21        640: 27% ━━━───────── 29/106 4.4it/s 7.6s<17.6s
[36m(ClientAppActor pid=736771)[0m 
[K        1/3      1.43G       5.18      41.42      2.657         36        640: 86% ━━━━━━━━━━── 37/43 3.8it/s 11.0s<1.6s
[36m(ClientAppActor pid=736771)[0m 
[K        1/3      1.43G      5.159      40.54      2.645         27        640: 88% ━━━━━━━━━━╸─ 38/43 3.4it/s 11.4s<1.5s
[36m(ClientAppActor pid=736770)[0m 
[K        1/3      1.43G      4.652      22.38      2.391         18        640: 29% ━━━╸──────── 31/106 3.6it/s 8.6s<20.8s
[36m(ClientAppActor pid=736771)[0m 
[K        1/3      1.43G      5.134      39.75      2.639          9        640: 91% ━━━━━━━━━━╸─ 39/43 3.8it/s 11.6s<1.0s
[36m(ClientAppActor pid=736770)[0m 
[K        1/3      1.43G       4.66      21.83      2.387         46        640: 30% ━━━╸──────── 32/106 4.1it/s 8.8s<18.1s
[36m(ClientAppActor pid=736771)[0m 
[K        1/3      1.43G       5.13      38.95      2.631         35        640: 93% ━━━━━━━━━━━─ 40/43 4.0it/s 11.8s<0.8s
[36m(ClientAppActor pid=736770)[0m 
[K        1/3      1.43G      4.679      21.35      2.402         23        640: 31% ━━━╸──────── 33/106 4.2it/s 9.0s<17.4s
[36m(ClientAppActor pid=736771)[0m 
[K        1/3      1.43G      5.118      38.17      2.628         33        640: 95% ━━━━━━━━━━━─ 41/43 4.3it/s 12.0s<0.5s
[36m(ClientAppActor pid=736771)[0m 
[K        1/3      1.47G      5.091      37.45       2.62          8        640: 98% ━━━━━━━━━━━╸ 42/43 4.3it/s 12.3s<0.2s
[K        1/3      1.47G      5.091      37.45       2.62          8        640: 100% ━━━━━━━━━━━━ 43/43 3.5it/s 12.3s
[K        1/3      1.47G      5.091      37.45       2.62          8        640: 100% ━━━━━━━━━━━━ 43/43 3.5it/s 12.3s
[36m(ClientAppActor pid=736737)[0m 
[K        1/3      1.35G      4.306      38.42      2.463         30        640: 4% ──────────── 7/181 4.3it/s 4.1s<40.7s[32m [repeated 4x across cluster][0m
[36m(ClientAppActor pid=736770)[0m 
[K        1/3      1.43G      4.662      19.93      2.381         14        640: 34% ━━━━──────── 36/106 4.7it/s 9.6s<14.9s
[36m(ClientAppActor pid=736771)[0m 
[K                 Class     Images  Instances      Box(P          R      mAP50  mAP50-95): 50% ━━━━━━────── 1/2 1.3s/it 0.4s<1.3s
[36m(ClientAppActor pid=736770)[0m 
[K        1/3      1.43G      4.685      19.53      2.383         56        640: 35% ━━━━──────── 37/106 5.0it/s 9.8s<13.7s
[36m(ClientAppActor pid=736770)[0m 
[K        1/3      1.43G      4.663      19.11      2.378         33        640: 36% ━━━━──────── 38/106 5.3it/s 9.9s<12.7s
[36m(ClientAppActor pid=736771)[0m 
[K                 Class     Images  Instances      Box(P          R      mAP50  mAP50-95): 100% ━━━━━━━━━━━━ 2/2 2.7it/s 0.7s
[K                 Class     Images  Instances      Box(P          R      mAP50  mAP50-95): 100% ━━━━━━━━━━━━ 2/2 2.7it/s 0.7s
[36m(ClientAppActor pid=736771)[0m                    all         15         83    0.00895      0.446    0.00651    0.00272
[36m(ClientAppActor pid=736771)[0m 
[36m(ClientAppActor pid=736771)[0m       Epoch    GPU_mem   box_loss   cls_loss   dfl_loss  Instances       Size
[36m(ClientAppActor pid=736770)[0m 
[K        1/3      1.43G      4.631      18.77      2.371          9        640: 37% ━━━━──────── 39/106 5.3it/s 10.1s<12.5s
[36m(ClientAppActor pid=736770)[0m 
[K        1/3      1.43G      4.642      18.41       2.37         52        640: 38% ━━━━╸─────── 40/106 5.5it/s 10.3s<12.0s
[36m(ClientAppActor pid=736739)[0m 
[K        1/3      1.41G      4.491      12.87      2.445        105        640: 20% ━━────────── 25/124 3.9it/s 8.2s<25.4s[32m [repeated 22x across cluster][0m
[36m(ClientAppActor pid=736770)[0m 
[K        1/3      1.43G      4.629      18.05      2.365         28        640: 39% ━━━━╸─────── 41/106 5.4it/s 10.5s<12.0s
[36m(ClientAppActor pid=736770)[0m 
[K        1/3      1.43G      4.611       17.7      2.355         24        640: 40% ━━━━╸─────── 42/106 4.7it/s 10.8s<13.5s
[36m(ClientAppActor pid=736771)[0m 
[K        2/3      1.47G       4.07      5.742      2.113         25        640: 5% ╸─────────── 2/43 2.8it/s 0.5s<14.4s[32m [repeated 6x across cluster][0m
[36m(ClientAppActor pid=736770)[0m 
[K        1/3      1.43G      4.626       17.4      2.352         43        640: 41% ━━━━╸─────── 43/106 5.2it/s 11.0s<12.1s
[36m(ClientAppActor pid=736771)[0m 
[K        2/3      1.47G      4.762      6.731      2.472         13        640: 9% ━─────────── 4/43 3.7it/s 1.0s<10.6s[32m [repeated 8x across cluster][0m
[36m(ClientAppActor pid=736737)[0m 
[K        1/3      1.41G      4.414      15.22       2.43         24        640: 17% ━╸────────── 30/181 5.6it/s 9.4s<26.9s[32m [repeated 12x across cluster][0m
[36m(ClientAppActor pid=736770)[0m 
[K        1/3      1.43G        4.6       16.8      2.334         45        640: 42% ━━━━━─────── 45/106 5.1it/s 11.4s<12.0s
[36m(ClientAppActor pid=736770)[0m 
[K        1/3      1.43G       4.59      16.53      2.332         32        640: 43% ━━━━━─────── 46/106 5.0it/s 11.6s<12.0s
[36m(ClientAppActor pid=736739)[0m 
[K        1/3      1.41G      4.448      11.43      2.429         51        640: 24% ━━╸───────── 30/124 4.4it/s 9.3s<21.3s[32m [repeated 20x across cluster][0m
[36m(ClientAppActor pid=736770)[0m 
[K        1/3      1.43G      4.601      16.27      2.335         21        640: 44% ━━━━━─────── 47/106 5.1it/s 11.8s<11.6s
[36m(ClientAppActor pid=736739)[0m 
[K        1/3      1.41G      4.392      10.15      2.411         41        640: 29% ━━━───────── 36/124 5.3it/s 10.4s<16.7s[32m [repeated 23x across cluster][0m
[36m(ClientAppActor pid=736770)[0m 
[K        1/3      1.43G      4.626      15.76      2.326         46        640: 46% ━━━━━╸────── 49/106 5.0it/s 12.2s<11.3s
[36m(ClientAppActor pid=736770)[0m 
[K        1/3      1.43G      4.617      15.51      2.322         52        640: 47% ━━━━━╸────── 50/106 5.0it/s 12.4s<11.1s
[36m(ClientAppActor pid=736770)[0m 
[K        1/3      1.43G       4.61      15.27      2.318         88        640: 48% ━━━━━╸────── 51/106 4.2it/s 12.8s<12.9s
[36m(ClientAppActor pid=736770)[0m 
[K        1/3      1.43G      4.597      15.05      2.314         43        640: 49% ━━━━━╸────── 52/106 3.6it/s 13.2s<15.0s
[36m(ClientAppActor pid=736771)[0m 
[K        2/3      1.47G      4.446      5.908      2.404         17        640: 30% ━━━╸──────── 13/43 3.5it/s 3.3s<8.7s[32m [repeated 22x across cluster][0m
[36m(ClientAppActor pid=736770)[0m 
[K        1/3      1.43G      4.587      14.83      2.307         36        640: 50% ━━━━━━────── 53/106 3.5it/s 13.6s<15.1s
[36m(ClientAppActor pid=736770)[0m 
[K        1/3      1.43G      4.571      14.62       2.31         23        640: 51% ━━━━━━────── 54/106 4.1it/s 13.7s<12.8s
[36m(ClientAppActor pid=736770)[0m 
[K        1/3      1.43G      4.572      14.43      2.315         27        640: 52% ━━━━━━────── 55/106 4.3it/s 13.9s<11.8s
[36m(ClientAppActor pid=736770)[0m 
[K        1/3      1.43G      4.576      14.27      2.312         18        640: 53% ━━━━━━────── 56/106 4.6it/s 14.1s<10.8s
[36m(ClientAppActor pid=736770)[0m 
[K        1/3      1.43G      4.575      14.09      2.308         38        640: 54% ━━━━━━────── 57/106 4.8it/s 14.3s<10.2s
[36m(ClientAppActor pid=736771)[0m 
[K        2/3      1.47G      3.962      5.357      1.997         29        640: 2% ──────────── 1/43 1.8it/s 0.4s<23.4s[32m [repeated 2x across cluster][0m
[36m(ClientAppActor pid=736770)[0m 
[K        1/3      1.43G      4.586      13.91      2.313         60        640: 55% ━━━━━━╸───── 58/106 4.9it/s 14.5s<9.8s
[36m(ClientAppActor pid=736771)[0m 
[K        2/3      1.47G      4.512      5.983      2.398         10        640: 37% ━━━━──────── 16/43 4.2it/s 4.0s<6.4s[32m [repeated 23x across cluster][0m
[36m(ClientAppActor pid=736770)[0m 
[K        1/3      1.43G      4.573      13.72      2.311         34        640: 56% ━━━━━━╸───── 59/106 4.8it/s 14.7s<9.7s
[36m(ClientAppActor pid=736770)[0m 
[K        1/3      1.43G      4.572      13.56      2.305         28        640: 57% ━━━━━━╸───── 60/106 4.9it/s 14.9s<9.4s
[36m(ClientAppActor pid=736770)[0m 
[K        1/3      1.43G      4.581      13.41      2.298         54        640: 58% ━━━━━━╸───── 61/106 5.1it/s 15.1s<8.9s
[36m(ClientAppActor pid=736770)[0m 
[K        1/3      1.43G      4.569      13.29      2.304          8        640: 58% ━━━━━━━───── 62/106 5.7it/s 15.2s<7.8s
[36m(ClientAppActor pid=736739)[0m 
[K        1/3      1.41G      4.353      8.293      2.405         39        640: 41% ━━━━╸─────── 51/124 4.7it/s 14.1s<15.7s[32m [repeated 20x across cluster][0m
[36m(ClientAppActor pid=736771)[0m 
[K        2/3      1.47G      4.565      6.102      2.452         16        640: 19% ━━────────── 8/43 4.7it/s 1.8s<7.4s[32m [repeated 8x across cluster][0m
[36m(ClientAppActor pid=736770)[0m 
[K        1/3      1.43G      4.549      13.15      2.302          9        640: 59% ━━━━━━━───── 63/106 5.4it/s 15.5s<7.9s
[36m(ClientAppActor pid=736770)[0m 
[K        1/3      1.43G      4.557      13.01        2.3         28        640: 60% ━━━━━━━───── 64/106 5.6it/s 15.6s<7.5s
[36m(ClientAppActor pid=736770)[0m 
[K        1/3      1.43G      4.558      12.86      2.298         38        640: 61% ━━━━━━━───── 65/106 5.3it/s 15.8s<7.8s
[36m(ClientAppActor pid=736771)[0m 
[K        2/3      1.47G      4.512      6.674      2.255         14        640: 7% ╸─────────── 3/43 3.0it/s 0.8s<13.4s
[36m(ClientAppActor pid=736771)[0m 
[K        2/3      1.47G      4.739      6.448      2.461         27        640: 12% ━─────────── 5/43 4.2it/s 1.2s<9.0s
[36m(ClientAppActor pid=736771)[0m 
[K        2/3      1.47G      4.568      5.579      2.393         19        640: 63% ━━━━━━━╸──── 27/43 4.9it/s 6.2s<3.3s
[36m(ClientAppActor pid=736771)[0m 
[K        2/3      1.47G       4.66      6.126      2.501         16        640: 16% ━╸────────── 7/43 4.6it/s 1.6s<7.8s[32m [repeated 2x across cluster][0m
[36m(ClientAppActor pid=736739)[0m 
[K        1/3      1.41G      4.336      7.869      2.396         47        640: 45% ━━━━━─────── 56/124 5.3it/s 15.0s<12.9s[32m [repeated 24x across cluster][0m
[36m(ClientAppActor pid=736737)[0m 
[K        1/3      1.41G      4.417      11.45      2.359         45        640: 25% ━━╸───────── 45/181 4.3it/s 13.1s<31.5s[32m [repeated 10x across cluster][0m
[36m(ClientAppActor pid=736771)[0m 
[K        2/3      1.47G      4.555      5.502      2.402         20        640: 67% ━━━━━━━━──── 29/43 5.0it/s 6.6s<2.8s
[36m(ClientAppActor pid=736771)[0m 
[K        2/3      1.47G      4.551      5.438      2.396         28        640: 70% ━━━━━━━━──── 30/43 5.1it/s 6.8s<2.6s
[36m(ClientAppActor pid=736771)[0m 
[K        2/3      1.47G      4.513        5.4      2.387         15        640: 72% ━━━━━━━━╸─── 31/43 5.0it/s 7.0s<2.4s
[36m(ClientAppActor pid=736737)[0m 
[K        1/3      1.44G      4.405      10.48       2.34         34        640: 29% ━━━───────── 52/181 4.9it/s 14.4s<26.1s[32m [repeated 9x across cluster][0m
[36m(ClientAppActor pid=736739)[0m 
[K        1/3      1.41G      4.315      7.527      2.374         51        640: 49% ━━━━━╸────── 61/124 5.3it/s 16.0s<11.9s[32m [repeated 21x across cluster][0m
[36m(ClientAppActor pid=736771)[0m 
[K        2/3      1.47G      4.528      5.403      2.372         18        640: 74% ━━━━━━━━╸─── 32/43 5.1it/s 7.2s<2.2s
[36m(ClientAppActor pid=736771)[0m 
[K        2/3      1.47G      4.492      5.344      2.362         21        640: 77% ━━━━━━━━━─── 33/43 5.2it/s 7.4s<1.9s
[36m(ClientAppActor pid=736771)[0m 
[K        2/3      1.47G      4.494      5.363      2.356         15        640: 79% ━━━━━━━━━─── 34/43 4.4it/s 7.8s<2.1s
[36m(ClientAppActor pid=736771)[0m 
[K        2/3      1.47G      4.481      5.317      2.353         18        640: 81% ━━━━━━━━━╸── 35/43 3.8it/s 8.2s<2.1s
[36m(ClientAppActor pid=736771)[0m 
[K        2/3      1.47G      4.487      5.296      2.358         32        640: 84% ━━━━━━━━━━── 36/43 3.6it/s 8.5s<1.9s
[36m(ClientAppActor pid=736737)[0m 
[K        1/3      1.44G      4.432      9.615      2.326         49        640: 33% ━━━╸──────── 60/181 5.1it/s 16.0s<23.9s[32m [repeated 9x across cluster][0m
[36m(ClientAppActor pid=736739)[0m 
[K        1/3      1.41G       4.29      7.166      2.381         44        640: 54% ━━━━━━────── 67/124 4.4it/s 17.4s<13.0s[32m [repeated 24x across cluster][0m
[36m(ClientAppActor pid=736771)[0m 
[K        2/3      1.47G      4.484       5.28      2.372         12        640: 86% ━━━━━━━━━━── 37/43 4.0it/s 8.7s<1.5s
[36m(ClientAppActor pid=736771)[0m 
[K        2/3      1.47G      4.463      5.233      2.361         24        640: 88% ━━━━━━━━━━╸─ 38/43 4.5it/s 8.9s<1.1s
[36m(ClientAppActor pid=736771)[0m 
[K        2/3      1.47G      4.467      5.214      2.375         20        640: 91% ━━━━━━━━━━╸─ 39/43 4.8it/s 9.1s<0.8s
[36m(ClientAppActor pid=736771)[0m 
[K        2/3      1.47G      4.477      5.195      2.371         26        640: 93% ━━━━━━━━━━━─ 40/43 4.8it/s 9.3s<0.6s
[36m(ClientAppActor pid=736739)[0m 
[K        1/3      1.41G      4.293      6.904      2.372         68        640: 58% ━━━━━━╸───── 72/124 4.4it/s 18.8s<11.9s[32m [repeated 21x across cluster][0m
[36m(ClientAppActor pid=736771)[0m 
[K        2/3      1.47G      4.481      5.183      2.364         23        640: 95% ━━━━━━━━━━━─ 41/43 5.0it/s 9.5s<0.4s
[36m(ClientAppActor pid=736737)[0m 
[K        1/3      1.44G      4.374      8.976      2.331         27        640: 37% ━━━━──────── 67/181 4.2it/s 17.9s<27.5s[32m [repeated 7x across cluster][0m
[36m(ClientAppActor pid=736771)[0m 
[K        2/3      1.47G      4.482      5.189      2.358         20        640: 98% ━━━━━━━━━━━╸ 42/43 5.7it/s 9.6s<0.2s
[K        2/3      1.47G      4.482      5.189      2.358         20        640: 100% ━━━━━━━━━━━━ 43/43 4.5it/s 9.6s
[K        2/3      1.47G      4.482      5.189      2.358         20        640: 100% ━━━━━━━━━━━━ 43/43 4.5it/s 9.6s
[36m(ClientAppActor pid=736771)[0m 
[K                 Class     Images  Instances      Box(P          R      mAP50  mAP50-95): 50% ━━━━━━────── 1/2 1.3s/it 0.4s<1.3s
[36m(ClientAppActor pid=736739)[0m 
[K        1/3      1.41G      4.308      6.703      2.366         33        640: 62% ━━━━━━━───── 77/124 5.2it/s 19.8s<9.0s[32m [repeated 22x across cluster][0m
[36m(ClientAppActor pid=736737)[0m 
[K        1/3      1.44G       4.36      8.452      2.318         33        640: 41% ━━━━╸─────── 74/181 5.3it/s 19.3s<20.2s[32m [repeated 7x across cluster][0m
[36m(ClientAppActor pid=736771)[0m 
[K                 Class     Images  Instances      Box(P          R      mAP50  mAP50-95): 100% ━━━━━━━━━━━━ 2/2 3.0it/s 0.7s
[K                 Class     Images  Instances      Box(P          R      mAP50  mAP50-95): 100% ━━━━━━━━━━━━ 2/2 3.0it/s 0.7s
[36m(ClientAppActor pid=736771)[0m                    all         15         83      0.386      0.296      0.261      0.132
[36m(ClientAppActor pid=736771)[0m 
[36m(ClientAppActor pid=736771)[0m       Epoch    GPU_mem   box_loss   cls_loss   dfl_loss  Instances       Size
[36m(ClientAppActor pid=736771)[0m 
[K        3/3      1.47G      3.463      11.84      1.717          3        640: 0% ──────────── 0/43  0.2s
[36m(ClientAppActor pid=736771)[0m 
[K        3/3      1.47G       4.05      7.884      2.381         36        640: 2% ──────────── 1/43 1.4it/s 0.4s<29.9s
[36m(ClientAppActor pid=736771)[0m 
[K        3/3      1.47G      4.326      6.662      2.392         25        640: 5% ╸─────────── 2/43 2.4it/s 0.6s<17.0s
[36m(ClientAppActor pid=736771)[0m 
[K        3/3      1.47G      3.982      5.848      2.353         10        640: 7% ╸─────────── 3/43 3.6it/s 0.7s<11.0s
[36m(ClientAppActor pid=736739)[0m 
[K        1/3      1.41G      4.272      6.487      2.358         61        640: 66% ━━━━━━━╸──── 82/124 4.8it/s 20.8s<8.8s[32m [repeated 24x across cluster][0m
[36m(ClientAppActor pid=736771)[0m 
[K        3/3      1.47G       4.45      6.187      2.412         16        640: 9% ━─────────── 4/43 4.2it/s 0.9s<9.3s
[36m(ClientAppActor pid=736737)[0m 
[K        1/3      1.44G      4.393      8.133       2.32         29        640: 44% ━━━━━─────── 80/181 5.2it/s 20.4s<19.3s[32m [repeated 5x across cluster][0m
[36m(ClientAppActor pid=736771)[0m 
[K        3/3      1.47G       4.23      5.659      2.366         23        640: 12% ━─────────── 5/43 4.3it/s 1.1s<8.8s
[36m(ClientAppActor pid=736739)[0m 
[K        1/3      1.41G       4.27      6.409      2.359         61        640: 68% ━━━━━━━━──── 84/124 4.8it/s 21.2s<8.4s[32m [repeated 23x across cluster][0m
[36m(ClientAppActor pid=736771)[0m 
[K        3/3      1.47G      4.215      5.632       2.45          6        640: 14% ━╸────────── 6/43 4.6it/s 1.3s<8.1s
[36m(ClientAppActor pid=736771)[0m 
[K        3/3      1.47G      4.407      5.639      2.532         15        640: 16% ━╸────────── 7/43 4.6it/s 1.6s<7.8s
[36m(ClientAppActor pid=736774)[0m 
[K        1/3      1.48G      4.015      5.693      2.323         22        640: 74% ━━━━━━━━╸─── 89/120 5.0it/s 24.4s<6.2s[32m [repeated 18x across cluster][0m
[36m(ClientAppActor pid=736771)[0m 
[K        3/3      1.47G      4.471      5.434       2.52         38        640: 19% ━━────────── 8/43 4.8it/s 1.7s<7.2s
[36m(ClientAppActor pid=736737)[0m 
[K        1/3      1.44G        4.4      7.907      2.309         65        640: 46% ━━━━━╸────── 84/181 5.1it/s 21.2s<19.2s[32m [repeated 2x across cluster][0m
[36m(ClientAppActor pid=736771)[0m 
[K        3/3      1.47G      4.526      5.313      2.488         38        640: 21% ━━╸───────── 9/43 4.9it/s 1.9s<6.9s
[36m(ClientAppActor pid=736774)[0m 
[K        1/3      1.48G          4      5.593      2.325         48        640: 77% ━━━━━━━━━─── 92/120 5.0it/s 25.0s<5.6s[32m [repeated 17x across cluster][0m
[36m(ClientAppActor pid=736771)[0m 
[K        3/3      1.47G      4.469      5.168      2.503          9        640: 23% ━━╸───────── 10/43 5.0it/s 2.1s<6.6s
[36m(ClientAppActor pid=736771)[0m 
[K        3/3      1.47G      4.414       5.07      2.476         25        640: 26% ━━━───────── 11/43 4.3it/s 2.5s<7.5s
[36m(ClientAppActor pid=736740)[0m 
[K        1/3      1.45G      4.173      7.674      2.214         53        640: 82% ━━━━━━━━━╸── 97/119 4.5it/s 25.6s<4.9s[32m [repeated 12x across cluster][0m
[36m(ClientAppActor pid=736771)[0m 
[K        3/3      1.47G      4.435      5.071       2.48         12        640: 28% ━━━───────── 12/43 3.6it/s 3.0s<8.6s
[36m(ClientAppActor pid=736738)[0m 
[K        1/3      1.41G      4.167      9.247      2.279         30        640: 85% ━━━━━━━━━━── 98/115 3.7it/s 28.9s<4.6s[32m [repeated 7x across cluster][0m
[36m(ClientAppActor pid=736771)[0m 
[K        3/3      1.47G      4.457      5.016      2.472         42        640: 30% ━━━╸──────── 13/43 3.6it/s 3.3s<8.3s
[36m(ClientAppActor pid=736771)[0m 
[K        3/3      1.47G      4.409      4.913      2.459         15        640: 33% ━━━╸──────── 14/43 4.1it/s 3.5s<7.0s
[36m(ClientAppActor pid=736770)[0m 
[K        1/3      1.43G      4.476      9.829      2.264         15        640: 92% ━━━━━━━━━━╸─ 97/106 4.6it/s 22.6s<2.0s[32m [repeated 5x across cluster][0m
[36m(ClientAppActor pid=736770)[0m 
[K        1/3      1.43G      4.459      9.542      2.257         12        640: 96% ━━━━━━━━━━━╸ 102/106 4.9it/s 24.0s<0.8s
[36m(ClientAppActor pid=736770)[0m 
[K        1/3      1.43G      4.456      9.484      2.257         46        640: 97% ━━━━━━━━━━━╸ 103/106 4.8it/s 24.2s<0.6s
[36m(ClientAppActor pid=736737)[0m 
[K        1/3      1.44G      4.394      7.573      2.307         20        640: 50% ━━━━━━────── 91/181 4.5it/s 23.3s<19.8s
[36m(ClientAppActor pid=736770)[0m 
[K        1/3      1.43G      4.462      9.579       2.26         36        640: 95% ━━━━━━━━━━━─ 101/106 4.5it/s 23.8s<1.1s[32m [repeated 4x across cluster][0m
[36m(ClientAppActor pid=736770)[0m 
[K        1/3      1.43G      4.457      9.427      2.254         56        640: 98% ━━━━━━━━━━━╸ 104/106 4.9it/s 24.4s<0.4s
[36m(ClientAppActor pid=736737)[0m 
[K        1/3      1.44G      4.393      7.529      2.306         29        640: 51% ━━━━━━────── 92/181 4.8it/s 23.5s<18.6s
[36m(ClientAppActor pid=736737)[0m 
[K        1/3      1.44G      4.395      7.481      2.303         60        640: 51% ━━━━━━────── 93/181 4.9it/s 23.7s<17.9s
[36m(ClientAppActor pid=736771)[0m 
[K        3/3      1.47G      4.332      4.792      2.428         17        640: 37% ━━━━──────── 16/43 4.8it/s 3.8s<5.6s[32m [repeated 2x across cluster][0m
[36m(ClientAppActor pid=736770)[0m 
[K        1/3      1.47G      4.464      9.382      2.254         19        640: 99% ━━━━━━━━━━━╸ 105/106 4.6it/s 24.7s<0.2s
[K        1/3      1.47G      4.464      9.382      2.254         19        640: 100% ━━━━━━━━━━━━ 106/106 4.3it/s 24.7s
[K        1/3      1.47G      4.464      9.382      2.254         19        640: 100% ━━━━━━━━━━━━ 106/106 4.3it/s 24.7s
[36m(ClientAppActor pid=736737)[0m 
[K        1/3      1.44G      4.401      7.439      2.302         83        640: 52% ━━━━━━────── 94/181 4.9it/s 23.9s<17.6s
[36m(ClientAppActor pid=736737)[0m 
[K        1/3      1.44G      4.397      7.397      2.303         17        640: 52% ━━━━━━────── 95/181 5.4it/s 24.0s<16.0s
[36m(ClientAppActor pid=736770)[0m 
[K                 Class     Images  Instances      Box(P          R      mAP50  mAP50-95): 11% ━─────────── 1/9 1.4s/it 0.4s<11.1s
[36m(ClientAppActor pid=736737)[0m 
[K        1/3      1.44G      4.384      7.352      2.301         24        640: 53% ━━━━━━────── 96/181 5.6it/s 24.2s<15.2s
[36m(ClientAppActor pid=736771)[0m 
[K        3/3      1.47G      4.422      4.776      2.456         18        640: 40% ━━━━╸─────── 17/43 4.9it/s 4.0s<5.3s[32m [repeated 2x across cluster][0m
[36m(ClientAppActor pid=736770)[0m 
[K                 Class     Images  Instances      Box(P          R      mAP50  mAP50-95): 22% ━━╸───────── 2/9 1.3it/s 0.8s<5.2s
[36m(ClientAppActor pid=736771)[0m 
[K        3/3      1.47G      4.498      4.564      2.432         20        640: 56% ━━━━━━╸───── 24/43 5.5it/s 5.3s<3.4s
[36m(ClientAppActor pid=736770)[0m 
[K                 Class     Images  Instances      Box(P          R      mAP50  mAP50-95): 33% ━━━━──────── 3/9 1.8it/s 1.1s<3.3s
[36m(ClientAppActor pid=736771)[0m 
[K        3/3      1.47G      4.491      4.477      2.415         28        640: 60% ━━━━━━━───── 26/43 5.6it/s 5.6s<3.0s
[36m(ClientAppActor pid=736770)[0m 
[K                 Class     Images  Instances      Box(P          R      mAP50  mAP50-95): 44% ━━━━━─────── 4/9 2.1it/s 1.5s<2.3s
[36m(ClientAppActor pid=736771)[0m 
[K        3/3      1.47G      4.467      4.363      2.411         22        640: 65% ━━━━━━━╸──── 28/43 5.7it/s 6.0s<2.6s[32m [repeated 2x across cluster][0m
[36m(ClientAppActor pid=736771)[0m 
[K        3/3      1.47G      4.461      4.701       2.45         33        640: 44% ━━━━━─────── 19/43 5.0it/s 4.4s<4.8s[32m [repeated 4x across cluster][0m
[36m(ClientAppActor pid=736770)[0m 
[K                 Class     Images  Instances      Box(P          R      mAP50  mAP50-95): 56% ━━━━━━╸───── 5/9 2.4it/s 1.8s<1.7s
[36m(ClientAppActor pid=736771)[0m 
[K        3/3      1.47G      4.456      4.366      2.398          7        640: 70% ━━━━━━━━──── 30/43 6.0it/s 6.3s<2.2s[32m [repeated 5x across cluster][0m
[36m(ClientAppActor pid=736770)[0m 
[K                 Class     Images  Instances      Box(P          R      mAP50  mAP50-95): 67% ━━━━━━━━──── 6/9 2.6it/s 2.1s<1.1s
[36m(ClientAppActor pid=736771)[0m 
[K        3/3      1.47G      4.452      4.336      2.404         29        640: 74% ━━━━━━━━╸─── 32/43 6.4it/s 6.6s<1.7s[32m [repeated 7x across cluster][0m
[36m(ClientAppActor pid=736770)[0m 
[K                 Class     Images  Instances      Box(P          R      mAP50  mAP50-95): 78% ━━━━━━━━━─── 7/9 2.9it/s 2.4s<0.7s
[36m(ClientAppActor pid=736738)[0m 
[K                 Class     Images  Instances      Box(P          R      mAP50  mAP50-95): 20% ━━────────── 2/10 1.6it/s 0.7s<5.0s
[36m(ClientAppActor pid=736771)[0m 
[K        3/3      1.47G      4.484      4.683       2.44         26        640: 49% ━━━━━╸────── 21/43 5.5it/s 4.7s<4.0s[32m [repeated 8x across cluster][0m
[36m(ClientAppActor pid=736770)[0m 
[K                 Class     Images  Instances      Box(P          R      mAP50  mAP50-95): 89% ━━━━━━━━━━╸─ 8/9 3.1it/s 2.7s<0.3s
[36m(ClientAppActor pid=736738)[0m 
[K                 Class     Images  Instances      Box(P          R      mAP50  mAP50-95): 30% ━━━╸──────── 3/10 2.2it/s 0.9s<3.2s
[36m(ClientAppActor pid=736770)[0m 
[K                 Class     Images  Instances      Box(P          R      mAP50  mAP50-95): 100% ━━━━━━━━━━━━ 9/9 3.2it/s 2.8s
[K                 Class     Images  Instances      Box(P          R      mAP50  mAP50-95): 100% ━━━━━━━━━━━━ 9/9 3.2it/s 2.8s
[36m(ClientAppActor pid=736770)[0m                    all         69        401      0.559      0.501       0.48      0.262
[36m(ClientAppActor pid=736771)[0m 
[K        3/3      1.47G      4.453      4.329      2.391         30        640: 79% ━━━━━━━━━─── 34/43 6.5it/s 6.9s<1.4s[32m [repeated 11x across cluster][0m
[36m(ClientAppActor pid=736770)[0m 
[36m(ClientAppActor pid=736770)[0m       Epoch    GPU_mem   box_loss   cls_loss   dfl_loss  Instances       Size
[36m(ClientAppActor pid=736738)[0m 
[K                 Class     Images  Instances      Box(P          R      mAP50  mAP50-95): 40% ━━━━╸─────── 4/10 3.1it/s 1.1s<1.9s
[36m(ClientAppActor pid=736740)[0m 
[K                 Class     Images  Instances      Box(P          R      mAP50  mAP50-95): 27% ━━━───────── 3/11 2.7it/s 0.8s<3.0s
[36m(ClientAppActor pid=736738)[0m 
[K                 Class     Images  Instances      Box(P          R      mAP50  mAP50-95): 50% ━━━━━━────── 5/10 3.3it/s 1.4s<1.5s
[36m(ClientAppActor pid=736770)[0m 
[K        2/3      1.47G      4.305      3.463       1.99         55        640: 0% ──────────── 0/106  0.4s
[36m(ClientAppActor pid=736738)[0m 
[K                 Class     Images  Instances      Box(P          R      mAP50  mAP50-95): 60% ━━━━━━━───── 6/10 3.5it/s 1.7s<1.2s
[36m(ClientAppActor pid=736771)[0m 
[K        3/3      1.47G      4.437      4.283      2.381         32        640: 81% ━━━━━━━━━╸── 35/43 6.9it/s 7.0s<1.2s[32m [repeated 12x across cluster][0m
[36m(ClientAppActor pid=736770)[0m 
[K        2/3      1.47G      4.657      3.569      2.242         37        640: 1% ──────────── 1/106 1.4s/it 0.9s<2:25
[36m(ClientAppActor pid=736771)[0m 
[K        3/3      1.47G      4.465      4.284      2.372         34        640: 86% ━━━━━━━━━━── 37/43 4.6it/s 8.0s<1.3s[32m [repeated 20x across cluster][0m
[36m(ClientAppActor pid=736770)[0m 
[K        2/3      1.47G      4.201       3.34      2.162         39        640: 2% ──────────── 2/106 2.2it/s 1.0s<46.9s
[36m(ClientAppActor pid=736770)[0m 
[K        2/3      1.47G      4.216      3.374      2.185         37        640: 3% ──────────── 3/106 3.3it/s 1.2s<31.0s
[36m(ClientAppActor pid=736738)[0m 
[K                 Class     Images  Instances      Box(P          R      mAP50  mAP50-95): 80% ━━━━━━━━━╸── 8/10 3.3it/s 2.3s<0.6s
[36m(ClientAppActor pid=736774)[0m 
[K                 Class     Images  Instances      Box(P          R      mAP50  mAP50-95): 7% ╸─────────── 1/15 1.1s/it 0.3s<15.1s
[36m(ClientAppActor pid=736740)[0m 
[K                 Class     Images  Instances      Box(P          R      mAP50  mAP50-95): 64% ━━━━━━━╸──── 7/11 3.3it/s 1.9s<1.2s
[36m(ClientAppActor pid=736771)[0m 
[K        3/3      1.47G      4.509      4.275      2.389         17        640: 91% ━━━━━━━━━━╸─ 39/43 5.0it/s 8.4s<0.8s[32m [repeated 21x across cluster][0m
[36m(ClientAppActor pid=736774)[0m 
[K        1/3      1.48G      3.944      4.991      2.309        114        640: 98% ━━━━━━━━━━━╸ 118/120 4.7it/s 30.7s<0.4s[32m [repeated 9x across cluster][0m
[36m(ClientAppActor pid=736770)[0m 
[K        2/3      1.47G      3.946      3.401      2.144         15        640: 4% ──────────── 4/106 4.4it/s 1.4s<23.2s
[36m(ClientAppActor pid=736770)[0m 
[K        2/3      1.47G      3.979      3.405      2.173         29        640: 5% ╸─────────── 5/106 5.2it/s 1.5s<19.3s
[36m(ClientAppActor pid=736737)[0m 
[K        1/3      1.44G      4.388      7.271      2.303         82        640: 54% ━━━━━━────── 98/181 5.4it/s 24.6s<15.4s[32m [repeated 4x across cluster][0m
[36m(ClientAppActor pid=736774)[0m 
[K                 Class     Images  Instances      Box(P          R      mAP50  mAP50-95): 13% ━╸────────── 2/15 1.8it/s 0.6s<7.4s
[36m(ClientAppActor pid=736770)[0m 
[K        2/3      1.47G      4.058      3.565      2.185         22        640: 6% ╸─────────── 6/106 5.8it/s 1.6s<17.1s
[36m(ClientAppActor pid=736740)[0m 
[K                 Class     Images  Instances      Box(P          R      mAP50  mAP50-95): 73% ━━━━━━━━╸─── 8/11 3.4it/s 2.2s<0.9s
[36m(ClientAppActor pid=736770)[0m 
[K        2/3      1.47G      4.108      3.515      2.183         51        640: 7% ╸─────────── 7/106 6.5it/s 1.8s<15.2s
[36m(ClientAppActor pid=736738)[0m 
[36m(ClientAppActor pid=736771)[0m 
[K        3/3      1.47G      4.447      4.216       2.37         22        640: 95% ━━━━━━━━━━━─ 41/43 5.9it/s 8.7s<0.3s[32m [repeated 23x across cluster][0m
[36m(ClientAppActor pid=736770)[0m 
[K        2/3      1.47G      4.149      3.514      2.151         50        640: 8% ╸─────────── 8/106 6.6it/s 1.9s<14.9s
[36m(ClientAppActor pid=736770)[0m 
[K        2/3      1.47G      4.141      3.424      2.145         27        640: 8% ━─────────── 9/106 6.6it/s 2.1s<14.8s
[36m(ClientAppActor pid=736739)[0m 
[K        1/3      1.41G      4.293      5.546      2.333         73        640: 99% ━━━━━━━━━━━╸ 123/124 6.9it/s 29.2s<0.1s
[K        1/3      1.41G      4.293      5.546      2.333         73        640: 100% ━━━━━━━━━━━━ 124/124 4.3it/s 29.2s
[K        1/3      1.41G      4.293      5.546      2.333         73        640: 100% ━━━━━━━━━━━━ 124/124 4.3it/s 29.2s[32m [repeated 5x across cluster][0m
[36m(ClientAppActor pid=736771)[0m 
[36m(ClientAppActor pid=736771)[0m 3 epochs completed in 0.009 hours.
[36m(ClientAppActor pid=736770)[0m 
[K        2/3      1.47G      4.114      3.402      2.117         15        640: 9% ━─────────── 10/106 6.9it/s 2.2s<14.0s
[36m(ClientAppActor pid=736771)[0m Optimizer stripped from /tmp/fl_yolo_runs_736771/train/weights/last.pt, 16.5MB
[36m(ClientAppActor pid=736770)[0m 
[K        2/3      1.47G      4.111      3.356       2.11         15        640: 10% ━─────────── 11/106 7.3it/s 2.3s<13.0s
[36m(ClientAppActor pid=736740)[0m 
[36m(ClientAppActor pid=736771)[0m Optimizer stripped from /tmp/fl_yolo_runs_736771/train/weights/best.pt, 16.5MB
[36m(ClientAppActor pid=736771)[0m 
[36m(ClientAppActor pid=736771)[0m Validating /tmp/fl_yolo_runs_736771/train/weights/best.pt...
[36m(ClientAppActor pid=736771)[0m Ultralytics 8.3.234 Python-3.10.19 torch-2.6.0+cu124 CUDA:0 (NVIDIA RTX 5000 Ada Generation, 32220MiB)
[36m(ClientAppActor pid=736770)[0m 
[K        2/3      1.47G      4.118      3.364      2.098         23        640: 11% ━─────────── 12/106 7.3it/s 2.4s<12.9s
[36m(ClientAppActor pid=736739)[0m 
[K                 Class     Images  Instances      Box(P          R      mAP50  mAP50-95): 9% ━─────────── 1/11 1.1it/s 0.3s<8.8s[32m [repeated 3x across cluster][0m
[36m(ClientAppActor pid=736770)[0m 
[K        2/3      1.47G      4.174      3.371        2.1         65        640: 12% ━─────────── 13/106 7.2it/s 2.6s<12.9s
[36m(ClientAppActor pid=736771)[0m YOLOv10s summary (fused): 106 layers, 7,218,387 parameters, 0 gradients, 21.4 GFLOPs
[36m(ClientAppActor pid=736770)[0m 
[K        2/3      1.47G       4.24      3.398      2.097         63        640: 13% ━╸────────── 14/106 7.2it/s 2.7s<12.7s
[36m(ClientAppActor pid=736774)[0m 
[K                 Class     Images  Instances      Box(P          R      mAP50  mAP50-95): 47% ━━━━━╸────── 7/15 3.8it/s 1.8s<2.1s
[36m(ClientAppActor pid=736770)[0m 
[K        2/3      1.47G       4.29       3.42      2.095         23        640: 14% ━╸────────── 15/106 7.1it/s 2.9s<12.7s
[36m(ClientAppActor pid=736737)[0m 
[K        1/3      1.44G      4.375      7.014      2.304         51        640: 58% ━━━━━━╸───── 105/181 5.7it/s 25.8s<13.3s[32m [repeated 8x across cluster][0m
[36m(ClientAppActor pid=736770)[0m 
[K        2/3      1.47G      4.272      3.381      2.114         62        640: 15% ━╸────────── 16/106 6.8it/s 3.0s<13.1s
[36m(ClientAppActor pid=736771)[0m Speed: 0.2ms preprocess, 2.3ms inference, 0.0ms loss, 0.7ms postprocess per image
[36m(ClientAppActor pid=736739)[0m 
[K                 Class     Images  Instances      Box(P          R      mAP50  mAP50-95): 36% ━━━━──────── 4/11 2.9it/s 1.0s<2.4s[32m [repeated 3x across cluster][0m
[36m(ClientAppActor pid=736770)[0m 
[K        2/3      1.47G      4.327      3.396      2.115         36        640: 16% ━╸────────── 17/106 6.7it/s 3.2s<13.3s
[36m(ClientAppActor pid=736737)[0m 
[K        1/3      1.44G      4.407      6.774      2.303         85        640: 62% ━━━━━━━───── 113/181 5.2it/s 27.8s<13.1s[32m [repeated 8x across cluster][0m
[36m(ClientAppActor pid=736771)[0m [Client 2] Training complete:
[36m(ClientAppActor pid=736771)[0m   mAP50: 0.3838, mAP50-95: 0.1856
[36m(ClientAppActor pid=736771)[0m   Precision: 0.4840, Recall: 0.3494
[36m(ClientAppActor pid=736771)[0m   BN Stats: μ=0.0000, σ=0.0000
[36m(ClientAppActor pid=736770)[0m 
[K        2/3      1.47G      4.371      3.411       2.11         40        640: 17% ━━────────── 18/106 6.8it/s 3.3s<13.0s
[36m(ClientAppActor pid=736770)[0m 
[K        2/3      1.47G      4.346      3.384      2.109         22        640: 18% ━━────────── 19/106 7.2it/s 3.5s<12.1s
[36m(ClientAppActor pid=736739)[0m 
[K                 Class     Images  Instances      Box(P          R      mAP50  mAP50-95): 45% ━━━━━─────── 5/11 3.2it/s 1.3s<1.9s[32m [repeated 2x across cluster][0m
[36m(ClientAppActor pid=736770)[0m 
[K        2/3      1.47G      4.342      3.362      2.112         41        640: 19% ━━────────── 20/106 7.5it/s 3.6s<11.5s
[36m(ClientAppActor pid=736770)[0m 
[K        2/3      1.47G       4.31      3.364      2.118         27        640: 20% ━━────────── 21/106 7.3it/s 3.7s<11.6s
[36m(ClientAppActor pid=736737)[0m 
[K        1/3      1.44G      4.377      6.576      2.298         81        640: 66% ━━━━━━━╸──── 120/181 6.8it/s 28.8s<8.9s[32m [repeated 7x across cluster][0m
[36m(ClientAppActor pid=736770)[0m 
[K        2/3      1.47G      4.322      3.368      2.124         28        640: 21% ━━────────── 22/106 7.4it/s 3.9s<11.3s
[36m(ClientAppActor pid=736739)[0m 
[K                 Class     Images  Instances      Box(P          R      mAP50  mAP50-95): 55% ━━━━━━╸───── 6/11 3.4it/s 1.6s<1.5s[32m [repeated 2x across cluster][0m
[36m(ClientAppActor pid=736770)[0m 
[K        2/3      1.47G       4.33      3.347      2.122         37        640: 22% ━━╸───────── 23/106 7.3it/s 4.0s<11.4s
[36m(ClientAppActor pid=736770)[0m 
[K        2/3      1.47G      4.283      3.305      2.108         17        640: 23% ━━╸───────── 24/106 7.2it/s 4.1s<11.4s
[36m(ClientAppActor pid=736737)[0m 
[K        1/3      1.44G      4.391      6.397      2.299         47        640: 71% ━━━━━━━━──── 128/181 7.0it/s 29.9s<7.5s[32m [repeated 8x across cluster][0m
[36m(ClientAppActor pid=736774)[0m 
[K                 Class     Images  Instances      Box(P          R      mAP50  mAP50-95): 67% ━━━━━━━━──── 10/15 3.8it/s 2.6s<1.3s[32m [repeated 2x across cluster][0m
[36m(ClientAppActor pid=736774)[0m 
[K                 Class     Images  Instances      Box(P          R      mAP50  mAP50-95): 87% ━━━━━━━━━━── 13/15 4.0it/s 3.3s<0.5s
[36m(ClientAppActor pid=736770)[0m 
[K        2/3      1.47G      4.269      3.306      2.112         45        640: 24% ━━╸───────── 25/106 7.2it/s 4.3s<11.3s
[36m(ClientAppActor pid=736770)[0m 
[K        2/3      1.47G      4.238      3.292      2.107         29        640: 25% ━━╸───────── 26/106 7.1it/s 4.4s<11.2s
[36m(ClientAppActor pid=736737)[0m 
[K        1/3      1.44G      4.369      6.234      2.287         53        640: 75% ━━━━━━━━╸─── 135/181 8.1it/s 30.8s<5.7s[32m [repeated 7x across cluster][0m
[36m(ClientAppActor pid=736739)[0m 
[K                 Class     Images  Instances      Box(P          R      mAP50  mAP50-95): 18% ━━────────── 2/11 2.0it/s 0.5s<4.4s[32m [repeated 3x across cluster][0m
[36m(ClientAppActor pid=736774)[0m 
[K                 Class     Images  Instances      Box(P          R      mAP50  mAP50-95): 93% ━━━━━━━━━━━─ 14/15 4.0it/s 3.6s<0.3s
[36m(ClientAppActor pid=736770)[0m 
[K        2/3      1.47G      4.211      3.267      2.101         25        640: 25% ━━━───────── 27/106 7.1it/s 4.6s<11.1s
[36m(ClientAppActor pid=736739)[0m 
[36m(ClientAppActor pid=736739)[0m 
[K                 Class     Images  Instances      Box(P          R      mAP50  mAP50-95): 91% ━━━━━━━━━━╸─ 10/11 3.9it/s 2.5s<0.3s[32m [repeated 3x across cluster][0m
[36m(ClientAppActor pid=736774)[0m 
[36m(ClientAppActor pid=736770)[0m 
[K        2/3      1.47G      4.222      3.271      2.105         35        640: 26% ━━━───────── 28/106 7.2it/s 4.7s<10.9s
[36m(ClientAppActor pid=736770)[0m 
[K        2/3      1.47G      4.226      3.272      2.094         64        640: 27% ━━━───────── 29/106 6.3it/s 4.9s<12.3s
[36m(ClientAppActor pid=736774)[0m 
[K                 Class     Images  Instances      Box(P          R      mAP50  mAP50-95): 100% ━━━━━━━━━━━━ 15/15 4.0it/s 3.8s
[K                 Class     Images  Instances      Box(P          R      mAP50  mAP50-95): 100% ━━━━━━━━━━━━ 15/15 4.0it/s 3.8s[32m [repeated 6x across cluster][0m
[36m(ClientAppActor pid=736774)[0m                    all        115       1013      0.587      0.453       0.49      0.225[32m [repeated 6x across cluster][0m
[36m(ClientAppActor pid=736737)[0m 
[K        1/3      1.44G      4.364      6.144      2.284         24        640: 77% ━━━━━━━━━─── 140/181 7.3it/s 31.5s<5.6s[32m [repeated 5x across cluster][0m
[36m(ClientAppActor pid=736774)[0m       Epoch    GPU_mem   box_loss   cls_loss   dfl_loss  Instances       Size[32m [repeated 4x across cluster][0m
[36m(ClientAppActor pid=736774)[0m 
[K                 Class     Images  Instances      Box(P          R      mAP50  mAP50-95): 40% ━━━━╸─────── 6/15 3.6it/s 1.6s<2.5s
[36m(ClientAppActor pid=736739)[0m 
[K                 Class     Images  Instances      Box(P          R      mAP50  mAP50-95): 27% ━━━───────── 3/11 2.6it/s 0.8s<3.0s[32m [repeated 2x across cluster][0m
[36m(ClientAppActor pid=736771)[0m 
[K                 Class     Images  Instances      Box(P          R      mAP50  mAP50-95): 50% ━━━━━━────── 1/2 2.5it/s 0.1s<0.4s[32m [repeated 3x across cluster][0m
[36m(ClientAppActor pid=736774)[0m 
[K        2/3      1.54G      4.256      2.955      2.046         72        640: 0% ──────────── 0/120  0.3s[32m [repeated 12x across cluster][0m
[36m(ClientAppActor pid=736770)[0m 
[K        2/3      1.47G      4.247      3.286      2.102         26        640: 28% ━━━───────── 30/106 4.8it/s 5.6s<15.7s
[36m(ClientAppActor pid=736774)[0m 
[K                 Class     Images  Instances      Box(P          R      mAP50  mAP50-95): 60% ━━━━━━━───── 9/15 3.8it/s 2.3s<1.6s
[36m(ClientAppActor pid=736770)[0m 
[K        2/3      1.47G      4.235      3.266      2.099         39        640: 29% ━━━╸──────── 31/106 4.4it/s 5.9s<17.0s
[36m(ClientAppActor pid=736770)[0m 
[K        2/3      1.47G      4.228      3.251      2.094         36        640: 30% ━━━╸──────── 32/106 4.7it/s 6.1s<15.7s
[36m(ClientAppActor pid=736737)[0m 
[K        1/3      1.44G      4.352      6.064      2.283         68        640: 80% ━━━━━━━━━╸── 144/181 4.7it/s 32.9s<7.8s
[36m(ClientAppActor pid=736739)[0m 
[K                 Class     Images  Instances      Box(P          R      mAP50  mAP50-95): 82% ━━━━━━━━━╸── 9/11 3.9it/s 2.3s<0.5s[32m [repeated 3x across cluster][0m
[36m(ClientAppActor pid=736770)[0m 
[K        2/3      1.47G      4.238      3.245      2.097         35        640: 31% ━━━╸──────── 33/106 5.0it/s 6.3s<14.6s
[36m(ClientAppActor pid=736737)[0m 
[K        1/3      1.44G      4.351      6.049      2.283         28        640: 80% ━━━━━━━━━╸── 145/181 5.0it/s 33.0s<7.2s
[36m(ClientAppActor pid=736739)[0m 
[K                 Class     Images  Instances      Box(P          R      mAP50  mAP50-95): 64% ━━━━━━━╸──── 7/11 3.7it/s 1.8s<1.1s
[36m(ClientAppActor pid=736770)[0m 
[K        2/3      1.47G      4.239      3.239      2.101         27        640: 32% ━━━╸──────── 34/106 5.2it/s 6.4s<13.8s
[36m(ClientAppActor pid=736739)[0m 
[K        1/3      1.41G       4.29      5.564      2.334         66        640: 98% ━━━━━━━━━━━╸ 122/124 6.7it/s 29.0s<0.3s[32m [repeated 4x across cluster][0m
[36m(ClientAppActor pid=736737)[0m 
[K        1/3      1.44G      4.347      6.033      2.283         14        640: 81% ━━━━━━━━━╸── 146/181 5.3it/s 33.2s<6.6s
[36m(ClientAppActor pid=736739)[0m 
[K        2/3      1.41G      3.752       3.23      2.158         18        640: 5% ╸─────────── 6/124 4.7it/s 1.8s<25.3s[32m [repeated 11x across cluster][0m
[36m(ClientAppActor pid=736770)[0m 
[K        2/3      1.47G       4.23      3.227      2.108         18        640: 33% ━━━╸──────── 35/106 5.3it/s 6.6s<13.3s
[36m(ClientAppActor pid=736737)[0m 
[K        1/3      1.44G      4.345      6.016      2.284         32        640: 81% ━━━━━━━━━╸── 147/181 5.5it/s 33.4s<6.2s
[36m(ClientAppActor pid=736739)[0m 
[K                 Class     Images  Instances      Box(P          R      mAP50  mAP50-95): 73% ━━━━━━━━╸─── 8/11 3.8it/s 2.0s<0.8s[32m [repeated 2x across cluster][0m
[36m(ClientAppActor pid=736770)[0m 
[K        2/3      1.47G      4.208      3.216      2.102         29        640: 34% ━━━━──────── 36/106 5.5it/s 6.8s<12.8s
[36m(ClientAppActor pid=736737)[0m 
[K        1/3      1.44G      4.336      5.996      2.283         24        640: 82% ━━━━━━━━━╸── 148/181 5.7it/s 33.5s<5.8s
[36m(ClientAppActor pid=736770)[0m 
[K        2/3      1.47G      4.194      3.203      2.098         75        640: 35% ━━━━──────── 37/106 5.6it/s 7.0s<12.3s
[36m(ClientAppActor pid=736737)[0m 
[K        1/3      1.44G      4.334      5.978      2.282         40        640: 82% ━━━━━━━━━╸── 149/181 5.8it/s 33.7s<5.5s
[36m(ClientAppActor pid=736740)[0m 
[K        2/3      1.45G      4.105      3.029      2.163         27        640: 12% ━─────────── 14/119 7.7it/s 2.1s<13.6s[32m [repeated 10x across cluster][0m
[36m(ClientAppActor pid=736770)[0m 
[K        2/3      1.47G      4.198       3.19      2.093         61        640: 36% ━━━━──────── 38/106 5.5it/s 7.1s<12.3s
[36m(ClientAppActor pid=736737)[0m 
[K        1/3      1.44G      4.334      5.964      2.282         23        640: 83% ━━━━━━━━━╸── 150/181 6.0it/s 33.9s<5.2s
[36m(ClientAppActor pid=736770)[0m 
[K        2/3      1.47G      4.207      3.215      2.104         14        640: 37% ━━━━──────── 39/106 5.6it/s 7.3s<11.9s
[36m(ClientAppActor pid=736737)[0m 
[K        1/3      1.44G      4.332      5.948      2.281         52        640: 83% ━━━━━━━━━━── 151/181 5.8it/s 34.1s<5.2s
[36m(ClientAppActor pid=736770)[0m 
[K        2/3      1.47G      4.185      3.195      2.106         24        640: 38% ━━━━╸─────── 40/106 5.7it/s 7.5s<11.6s
[36m(ClientAppActor pid=736737)[0m 
[K        1/3      1.44G      4.327      5.929       2.28         42        640: 84% ━━━━━━━━━━── 152/181 5.9it/s 34.2s<4.9s
[36m(ClientAppActor pid=736770)[0m 
[K        2/3      1.47G      4.179      3.191      2.112         20        640: 39% ━━━━╸─────── 41/106 5.7it/s 7.7s<11.3s
[36m(ClientAppActor pid=736737)[0m 
[K        1/3      1.44G      4.325      5.912      2.279         57        640: 85% ━━━━━━━━━━── 153/181 6.0it/s 34.4s<4.7s
[36m(ClientAppActor pid=736740)[0m 
[K        2/3      1.45G      4.117      3.037      2.152         33        640: 16% ━╸────────── 19/119 5.2it/s 3.2s<19.2s[32m [repeated 10x across cluster][0m
[36m(ClientAppActor pid=736770)[0m 
[K        2/3      1.47G      4.162      3.173      2.111         30        640: 40% ━━━━╸─────── 42/106 5.9it/s 7.8s<10.8s
[36m(ClientAppActor pid=736737)[0m 
[K        1/3      1.44G      4.324      5.893      2.276         47        640: 85% ━━━━━━━━━━── 154/181 6.0it/s 34.5s<4.5s
[36m(ClientAppActor pid=736770)[0m 
[K        2/3      1.47G      4.148      3.177      2.111         16        640: 41% ━━━━╸─────── 43/106 5.9it/s 8.0s<10.6s
[36m(ClientAppActor pid=736737)[0m 
[K        1/3      1.44G      4.319      5.876      2.275         41        640: 86% ━━━━━━━━━━── 155/181 6.0it/s 34.7s<4.4s
[36m(ClientAppActor pid=736770)[0m 
[K        2/3      1.47G      4.161      3.183      2.115         33        640: 42% ━━━━╸─────── 44/106 5.9it/s 8.1s<10.4s
[36m(ClientAppActor pid=736737)[0m 
[K        1/3      1.44G      4.319      5.858      2.275         34        640: 86% ━━━━━━━━━━── 156/181 5.9it/s 34.9s<4.2s
[36m(ClientAppActor pid=736770)[0m 
[K        2/3      1.47G      4.156      3.176      2.111         43        640: 42% ━━━━━─────── 45/106 5.9it/s 8.3s<10.3s
[36m(ClientAppActor pid=736737)[0m 
[K        1/3      1.44G      4.316       5.84      2.276         50        640: 87% ━━━━━━━━━━── 157/181 5.9it/s 35.1s<4.0s
[36m(ClientAppActor pid=736740)[0m 
[K        2/3      1.45G      4.095      3.087       2.16         51        640: 20% ━━────────── 24/119 5.8it/s 4.2s<16.4s[32m [repeated 9x across cluster][0m
[36m(ClientAppActor pid=736770)[0m 
[K        2/3      1.47G      4.147      3.167      2.105         43        640: 43% ━━━━━─────── 46/106 5.7it/s 8.5s<10.5s
[36m(ClientAppActor pid=736737)[0m 
[K        1/3      1.44G      4.311      5.821      2.273         40        640: 87% ━━━━━━━━━━── 158/181 6.1it/s 35.2s<3.7s
[36m(ClientAppActor pid=736770)[0m 
[K        2/3      1.47G      4.173      3.186      2.128         11        640: 44% ━━━━━─────── 47/106 6.0it/s 8.7s<9.9s
[36m(ClientAppActor pid=736737)[0m 
[K        1/3      1.44G      4.309      5.805      2.273         26        640: 88% ━━━━━━━━━━╸─ 159/181 6.0it/s 35.4s<3.7s
[36m(ClientAppActor pid=736770)[0m 
[K        2/3      1.47G      4.199      3.191      2.127         55        640: 45% ━━━━━─────── 48/106 6.0it/s 8.8s<9.7s
[36m(ClientAppActor pid=736737)[0m 
[K        1/3      1.44G      4.307      5.786      2.271         58        640: 88% ━━━━━━━━━━╸─ 160/181 5.9it/s 35.6s<3.5s
[36m(ClientAppActor pid=736770)[0m 
[K        2/3      1.47G      4.181      3.188      2.128         30        640: 46% ━━━━━╸────── 49/106 6.0it/s 9.0s<9.5s
[36m(ClientAppActor pid=736737)[0m 
[K        1/3      1.44G      4.304      5.771      2.271         44        640: 89% ━━━━━━━━━━╸─ 161/181 5.9it/s 35.7s<3.4s
[36m(ClientAppActor pid=736740)[0m 
[K        2/3      1.45G      4.034       3.06      2.171         61        640: 24% ━━╸───────── 29/119 5.8it/s 5.0s<15.5s[32m [repeated 10x across cluster][0m
[36m(ClientAppActor pid=736770)[0m 
[K        2/3      1.47G      4.177      3.184      2.134         14        640: 47% ━━━━━╸────── 50/106 6.0it/s 9.2s<9.3s
[36m(ClientAppActor pid=736737)[0m 
[K        1/3      1.44G      4.314      5.763      2.275         29        640: 90% ━━━━━━━━━━╸─ 162/181 6.0it/s 35.9s<3.2s
[36m(ClientAppActor pid=736770)[0m 
[K        2/3      1.47G       4.18      3.178      2.135         34        640: 48% ━━━━━╸────── 51/106 5.9it/s 9.3s<9.3s
[36m(ClientAppActor pid=736737)[0m 
[K        1/3      1.44G      4.312      5.746      2.274         37        640: 90% ━━━━━━━━━━╸─ 163/181 6.1it/s 36.0s<3.0s
[36m(ClientAppActor pid=736770)[0m 
[K        2/3      1.47G       4.17      3.166      2.131         28        640: 49% ━━━━━╸────── 52/106 6.0it/s 9.5s<9.0s
[36m(ClientAppActor pid=736737)[0m 
[K        1/3      1.44G      4.312      5.731      2.273         33        640: 91% ━━━━━━━━━━╸─ 164/181 6.1it/s 36.2s<2.8s
[36m(ClientAppActor pid=736770)[0m 
[K        2/3      1.47G       4.16      3.164      2.133         16        640: 50% ━━━━━━────── 53/106 6.1it/s 9.7s<8.7s
[36m(ClientAppActor pid=736740)[0m 
[K        2/3      1.45G      4.021      3.058      2.188         44        640: 29% ━━━───────── 34/119 6.1it/s 5.9s<13.8s[32m [repeated 10x across cluster][0m
[36m(ClientAppActor pid=736737)[0m 
[K        1/3      1.44G      4.306      5.712      2.272         52        640: 91% ━━━━━━━━━━╸─ 165/181 6.1it/s 36.4s<2.6s
[36m(ClientAppActor pid=736770)[0m 
[K        2/3      1.47G      4.165      3.162      2.132         40        640: 51% ━━━━━━────── 54/106 6.1it/s 9.8s<8.5s
[36m(ClientAppActor pid=736737)[0m 
[K        1/3      1.44G        4.3      5.699      2.272         16        640: 92% ━━━━━━━━━━━─ 166/181 6.0it/s 36.6s<2.5s
[36m(ClientAppActor pid=736737)[0m 
[K        1/3      1.44G      4.354      6.084      2.285         94        640: 79% ━━━━━━━━━─── 143/181 4.4it/s 32.7s<8.6s[32m [repeated 3x across cluster][0m
[36m(ClientAppActor pid=736770)[0m 
[K        2/3      1.47G      4.152      3.151      2.135         25        640: 52% ━━━━━━────── 55/106 4.9it/s 10.3s<10.4s
[36m(ClientAppActor pid=736737)[0m 
[K        1/3      1.44G        4.3      5.684      2.272         53        640: 92% ━━━━━━━━━━━─ 167/181 4.9it/s 37.0s<2.9s
[36m(ClientAppActor pid=736774)[0m 
[K        2/3      1.54G      4.015      2.897      2.167         85        640: 4% ──────────── 5/120 4.4it/s 1.7s<25.9s[32m [repeated 10x across cluster][0m
[36m(ClientAppActor pid=736737)[0m 
[K        1/3      1.44G      4.299      5.667      2.271         39        640: 93% ━━━━━━━━━━━─ 168/181 4.2it/s 37.4s<3.1s
[36m(ClientAppActor pid=736770)[0m 
[K        2/3      1.47G      4.156      3.163      2.136         40        640: 53% ━━━━━━────── 56/106 4.2it/s 10.7s<12.0s
[36m(ClientAppActor pid=736740)[0m 
[K        2/3      1.45G      4.018      3.054      2.179         44        640: 33% ━━━╸──────── 39/119 6.1it/s 6.7s<13.2s[32m [repeated 10x across cluster][0m
[36m(ClientAppActor pid=736770)[0m 
[K        2/3      1.47G      4.155      3.171      2.137         24        640: 54% ━━━━━━────── 57/106 4.1it/s 11.0s<12.0s
[36m(ClientAppActor pid=736737)[0m 
[K        1/3      1.44G      4.295      5.651      2.272         38        640: 93% ━━━━━━━━━━━─ 169/181 4.0it/s 37.7s<3.0s
[36m(ClientAppActor pid=736737)[0m 
[K        1/3      1.44G      4.294       5.64      2.271         43        640: 94% ━━━━━━━━━━━─ 170/181 4.8it/s 37.8s<2.3s
[36m(ClientAppActor pid=736770)[0m 
[K        2/3      1.47G      4.149      3.166      2.145         30        640: 55% ━━━━━━╸───── 58/106 4.6it/s 11.1s<10.4s
[36m(ClientAppActor pid=736770)[0m 
[K        2/3      1.47G      4.161      3.178      2.141         41        640: 56% ━━━━━━╸───── 59/106 4.9it/s 11.3s<9.5s
[36m(ClientAppActor pid=736737)[0m 
[K        1/3      1.44G      4.293      5.623      2.269         67        640: 94% ━━━━━━━━━━━─ 171/181 5.2it/s 38.0s<1.9s
[36m(ClientAppActor pid=736770)[0m 
[K        2/3      1.47G      4.152      3.169      2.139         20        640: 57% ━━━━━━╸───── 60/106 5.2it/s 11.5s<8.9s
[36m(ClientAppActor pid=736737)[0m 
[K        1/3      1.44G      4.285      5.602      2.267         34        640: 95% ━━━━━━━━━━━─ 172/181 5.3it/s 38.2s<1.7s
[36m(ClientAppActor pid=736737)[0m 
[K        1/3      1.44G      4.284      5.592      2.269         21        640: 96% ━━━━━━━━━━━─ 173/181 5.6it/s 38.3s<1.4s
[36m(ClientAppActor pid=736770)[0m 
[K        2/3      1.47G       4.14      3.159      2.137         33        640: 58% ━━━━━━╸───── 61/106 5.3it/s 11.7s<8.5s
[36m(ClientAppActor pid=736739)[0m 
[K        2/3      1.41G       3.91      3.205      2.144         43        640: 8% ╸─────────── 10/124 5.4it/s 2.6s<21.2s[32m [repeated 8x across cluster][0m
[36m(ClientAppActor pid=736737)[0m 
[K        1/3      1.44G      4.285      5.583      2.269         50        640: 96% ━━━━━━━━━━━╸ 174/181 5.8it/s 38.5s<1.2s
[36m(ClientAppActor pid=736740)[0m 
[K        2/3      1.45G      3.994      3.026       2.18         45        640: 37% ━━━━──────── 44/119 6.0it/s 7.5s<12.4s[32m [repeated 10x across cluster][0m
[36m(ClientAppActor pid=736770)[0m 
[K        2/3      1.47G       4.14      3.158      2.132         26        640: 58% ━━━━━━━───── 62/106 5.4it/s 11.8s<8.1s
[36m(ClientAppActor pid=736737)[0m 
[K        1/3      1.44G      4.285      5.569      2.271         68        640: 97% ━━━━━━━━━━━╸ 175/181 5.9it/s 38.6s<1.0s
[36m(ClientAppActor pid=736770)[0m 
[K        2/3      1.47G      4.132      3.156      2.137         20        640: 59% ━━━━━━━───── 63/106 5.4it/s 12.0s<8.0s
[36m(ClientAppActor pid=736737)[0m 
[K        1/3      1.44G      4.282      5.553       2.27         60        640: 97% ━━━━━━━━━━━╸ 176/181 6.0it/s 38.8s<0.8s
[36m(ClientAppActor pid=736774)[0m 
[K        2/3      1.54G      3.642      2.609      2.178         87        640: 12% ━─────────── 15/120 5.9it/s 3.4s<17.7s[32m [repeated 11x across cluster][0m
[36m(ClientAppActor pid=736770)[0m 
[K        2/3      1.47G       4.13      3.149      2.137         38        640: 60% ━━━━━━━───── 64/106 5.3it/s 12.2s<7.9s
[36m(ClientAppActor pid=736737)[0m 
[K        1/3      1.44G      4.279      5.535      2.271         29        640: 98% ━━━━━━━━━━━╸ 177/181 6.2it/s 38.9s<0.6s
[36m(ClientAppActor pid=736770)[0m 
[K        2/3      1.47G      4.134      3.156      2.139         27        640: 61% ━━━━━━━───── 65/106 5.6it/s 12.4s<7.3s
[36m(ClientAppActor pid=736737)[0m 
[K        1/3      1.44G      4.281      5.529      2.272         38        640: 98% ━━━━━━━━━━━╸ 178/181 6.1it/s 39.1s<0.5s
[36m(ClientAppActor pid=736740)[0m 
[K        2/3      1.45G      4.003      3.057      2.196         34        640: 41% ━━━━╸─────── 49/119 4.7it/s 9.1s<14.9s[32m [repeated 9x across cluster][0m
[36m(ClientAppActor pid=736770)[0m 
[K        2/3      1.47G      4.117      3.143       2.14         13        640: 62% ━━━━━━━───── 66/106 5.9it/s 12.5s<6.8s
[36m(ClientAppActor pid=736737)[0m 
[K        1/3      1.44G      4.281      5.516      2.271         76        640: 99% ━━━━━━━━━━━╸ 179/181 5.9it/s 39.3s<0.3s
[36m(ClientAppActor pid=736770)[0m 
[K        2/3      1.47G      4.112      3.132       2.14         28        640: 63% ━━━━━━━╸──── 67/106 5.8it/s 12.7s<6.7s
[36m(ClientAppActor pid=736737)[0m 
[K        1/3      1.44G      4.278      5.501      2.272        113        640: 99% ━━━━━━━━━━━╸ 180/181 6.0it/s 39.5s<0.2s
[K        1/3      1.44G      4.278      5.501      2.272        113        640: 100% ━━━━━━━━━━━━ 181/181 4.6it/s 39.5s
[K        1/3      1.44G      4.278      5.501      2.272        113        640: 100% ━━━━━━━━━━━━ 181/181 4.6it/s 39.5s
[36m(ClientAppActor pid=736770)[0m 
[K        2/3      1.47G      4.111      3.122      2.141         18        640: 64% ━━━━━━━╸──── 68/106 6.0it/s 12.9s<6.3s
[36m(ClientAppActor pid=736739)[0m 
[K        2/3      1.41G      4.055       3.26       2.18         42        640: 16% ━╸────────── 20/124 6.1it/s 4.2s<17.1s[32m [repeated 9x across cluster][0m
[36m(ClientAppActor pid=736770)[0m 
[K        2/3      1.47G      4.098       3.11      2.139         28        640: 65% ━━━━━━━╸──── 69/106 6.3it/s 13.0s<5.9s
[36m(ClientAppActor pid=736737)[0m 
[K                 Class     Images  Instances      Box(P          R      mAP50  mAP50-95): 6% ╸─────────── 1/17 1.1s/it 0.3s<18.0s
[36m(ClientAppActor pid=736770)[0m 
[K        2/3      1.47G      4.094      3.113      2.136         25        640: 66% ━━━━━━━╸──── 70/106 6.4it/s 13.2s<5.6s
[36m(ClientAppActor pid=736770)[0m 
[K        2/3      1.47G      4.097      3.114      2.136         56        640: 67% ━━━━━━━━──── 71/106 6.5it/s 13.3s<5.4s
[36m(ClientAppActor pid=736740)[0m 
[K        2/3      1.45G      3.983      3.039      2.199         20        640: 45% ━━━━━─────── 54/119 5.9it/s 9.9s<11.1s[32m [repeated 10x across cluster][0m
[36m(ClientAppActor pid=736737)[0m 
[K                 Class     Images  Instances      Box(P          R      mAP50  mAP50-95): 12% ━─────────── 2/17 1.6it/s 0.6s<9.2s
[36m(ClientAppActor pid=736770)[0m 
[K        2/3      1.47G      4.092      3.112      2.138         19        640: 68% ━━━━━━━━──── 72/106 6.6it/s 13.5s<5.2s
[36m(ClientAppActor pid=736774)[0m 
[K        2/3      1.54G      3.652      2.602      2.182         43        640: 21% ━━────────── 25/120 6.2it/s 5.0s<15.2s[32m [repeated 11x across cluster][0m
[36m(ClientAppActor pid=736770)[0m 
[K        2/3      1.47G      4.087      3.107      2.137         22        640: 69% ━━━━━━━━──── 73/106 6.4it/s 13.6s<5.2s
[36m(ClientAppActor pid=736737)[0m 
[K                 Class     Images  Instances      Box(P          R      mAP50  mAP50-95): 18% ━━────────── 3/17 2.1it/s 0.9s<6.6s
[36m(ClientAppActor pid=736770)[0m 
[K        2/3      1.47G      4.088      3.117      2.138         41        640: 70% ━━━━━━━━──── 74/106 6.6it/s 13.8s<4.8s
[36m(ClientAppActor pid=736770)[0m 
[K        2/3      1.47G      4.093      3.113      2.137         37        640: 71% ━━━━━━━━──── 75/106 6.8it/s 13.9s<4.6s
[36m(ClientAppActor pid=736737)[0m 
[K                 Class     Images  Instances      Box(P          R      mAP50  mAP50-95): 24% ━━╸───────── 4/17 2.5it/s 1.2s<5.2s
[36m(ClientAppActor pid=736740)[0m 
[K        2/3      1.45G      3.992      3.057        2.2         21        640: 50% ━━━━━╸────── 59/119 6.4it/s 10.7s<9.4s[32m [repeated 10x across cluster][0m
[36m(ClientAppActor pid=736770)[0m 
[K        2/3      1.47G      4.103      3.122       2.14         19        640: 72% ━━━━━━━━╸─── 76/106 6.8it/s 14.1s<4.4s
[36m(ClientAppActor pid=736770)[0m 
[K        2/3      1.47G      4.111      3.126      2.142         34        640: 73% ━━━━━━━━╸─── 77/106 6.9it/s 14.2s<4.2s
[36m(ClientAppActor pid=736737)[0m 
[K                 Class     Images  Instances      Box(P          R      mAP50  mAP50-95): 29% ━━━╸──────── 5/17 2.8it/s 1.5s<4.3s
[36m(ClientAppActor pid=736739)[0m 
[K        2/3      1.42G      4.141      3.301      2.199         57        640: 24% ━━╸───────── 30/124 4.8it/s 6.5s<19.6s[32m [repeated 9x across cluster][0m
[36m(ClientAppActor pid=736770)[0m 
[K        2/3      1.47G      4.102      3.115      2.141         27        640: 74% ━━━━━━━━╸─── 78/106 6.7it/s 14.3s<4.2s
[36m(ClientAppActor pid=736770)[0m 
[K        2/3      1.47G      4.109      3.119      2.144         24        640: 75% ━━━━━━━━╸─── 79/106 6.7it/s 14.5s<4.0s
[36m(ClientAppActor pid=736737)[0m 
[K                 Class     Images  Instances      Box(P          R      mAP50  mAP50-95): 35% ━━━━──────── 6/17 2.9it/s 1.8s<3.7s
[36m(ClientAppActor pid=736740)[0m 
[K        2/3      1.45G      3.982      3.049      2.194         44        640: 54% ━━━━━━────── 64/119 6.6it/s 11.5s<8.3s[32m [repeated 10x across cluster][0m
[36m(ClientAppActor pid=736739)[0m 
[K        2/3      1.42G      4.169      3.292      2.217         42        640: 29% ━━━───────── 36/124 6.0it/s 7.5s<14.6s[32m [repeated 12x across cluster][0m
[36m(ClientAppActor pid=736737)[0m 
[K                 Class     Images  Instances      Box(P          R      mAP50  mAP50-95): 41% ━━━━╸─────── 7/17 3.0it/s 2.1s<3.3s
[36m(ClientAppActor pid=736737)[0m 
[K                 Class     Images  Instances      Box(P          R      mAP50  mAP50-95): 47% ━━━━━╸────── 8/17 3.2it/s 2.4s<2.8s
[36m(ClientAppActor pid=736737)[0m 
[K                 Class     Images  Instances      Box(P          R      mAP50  mAP50-95): 53% ━━━━━━────── 9/17 3.5it/s 2.7s<2.3s
[36m(ClientAppActor pid=736770)[0m 
[K        2/3      1.47G      4.101      3.107       2.14         37        640: 77% ━━━━━━━━━─── 82/106 5.7it/s 15.1s<4.2s[32m [repeated 3x across cluster][0m
[36m(ClientAppActor pid=736737)[0m 
[K                 Class     Images  Instances      Box(P          R      mAP50  mAP50-95): 59% ━━━━━━━───── 10/17 3.6it/s 2.9s<2.0s
[36m(ClientAppActor pid=736739)[0m 
[K        2/3      1.42G      4.193       3.31      2.257         78        640: 33% ━━━╸──────── 41/124 6.5it/s 8.3s<12.8s[32m [repeated 9x across cluster][0m
[36m(ClientAppActor pid=736770)[0m 
[K        2/3      1.47G      4.095      3.108      2.139         23        640: 79% ━━━━━━━━━╸── 84/106 4.1it/s 16.0s<5.3s
[36m(ClientAppActor pid=736770)[0m 
[K        2/3      1.47G      4.095       3.12      2.138         15        640: 80% ━━━━━━━━━╸── 85/106 4.6it/s 16.1s<4.5s
[36m(ClientAppActor pid=736737)[0m 
[K                 Class     Images  Instances      Box(P          R      mAP50  mAP50-95): 65% ━━━━━━━╸──── 11/17 3.2it/s 3.4s<1.9s
[36m(ClientAppActor pid=736740)[0m 
[K        2/3      1.45G      3.978      3.043      2.189         14        640: 58% ━━━━━━╸───── 69/119 6.8it/s 12.2s<7.4s[32m [repeated 10x across cluster][0m
[36m(ClientAppActor pid=736770)[0m 
[K        2/3      1.47G      4.087      3.117      2.137         19        640: 81% ━━━━━━━━━╸── 86/106 5.2it/s 16.3s<3.8s
[36m(ClientAppActor pid=736770)[0m 
[K        2/3      1.47G      4.095       3.12      2.139         41        640: 82% ━━━━━━━━━╸── 87/106 5.6it/s 16.4s<3.4s
[36m(ClientAppActor pid=736737)[0m 
[K                 Class     Images  Instances      Box(P          R      mAP50  mAP50-95): 71% ━━━━━━━━──── 12/17 3.3it/s 3.6s<1.5s
[36m(ClientAppActor pid=736770)[0m 
[K        2/3      1.47G      4.099       3.12      2.136         35        640: 83% ━━━━━━━━━╸── 88/106 6.1it/s 16.6s<3.0s
[36m(ClientAppActor pid=736770)[0m 
[K        2/3      1.47G      4.099      3.119      2.137         20        640: 84% ━━━━━━━━━━── 89/106 6.2it/s 16.7s<2.8s
[36m(ClientAppActor pid=736737)[0m 
[K                 Class     Images  Instances      Box(P          R      mAP50  mAP50-95): 76% ━━━━━━━━━─── 13/17 3.3it/s 3.9s<1.2s
[36m(ClientAppActor pid=736774)[0m 
[K        2/3      1.54G      3.637      2.677      2.248        134        640: 38% ━━━━──────── 45/120 6.3it/s 9.0s<11.9s[32m [repeated 11x across cluster][0m
[36m(ClientAppActor pid=736740)[0m 
[K        2/3      1.45G      3.961      3.041      2.194         46        640: 62% ━━━━━━━───── 74/119 4.0it/s 13.6s<11.2s[32m [repeated 9x across cluster][0m
[36m(ClientAppActor pid=736770)[0m 
[K        2/3      1.47G      4.082      3.118      2.142          8        640: 85% ━━━━━━━━━━── 90/106 6.3it/s 16.9s<2.5s
[36m(ClientAppActor pid=736737)[0m 
[K                 Class     Images  Instances      Box(P          R      mAP50  mAP50-95): 82% ━━━━━━━━━╸── 14/17 3.3it/s 4.2s<0.9s
[36m(ClientAppActor pid=736770)[0m 
[K        2/3      1.47G      4.077      3.113      2.141         24        640: 86% ━━━━━━━━━━── 91/106 6.4it/s 17.0s<2.3s
[36m(ClientAppActor pid=736770)[0m 
[K        2/3      1.47G      4.078      3.109       2.14         62        640: 87% ━━━━━━━━━━── 92/106 6.6it/s 17.2s<2.1s
[36m(ClientAppActor pid=736737)[0m 
[K                 Class     Images  Instances      Box(P          R      mAP50  mAP50-95): 88% ━━━━━━━━━━╸─ 15/17 3.4it/s 4.5s<0.6s
[36m(ClientAppActor pid=736770)[0m 
[K        2/3      1.47G      4.072      3.105      2.141         23        640: 88% ━━━━━━━━━━╸─ 93/106 6.4it/s 17.4s<2.0s
[36m(ClientAppActor pid=736770)[0m 
[K        2/3      1.47G      4.069      3.095       2.14         13        640: 89% ━━━━━━━━━━╸─ 94/106 6.5it/s 17.5s<1.8s
[36m(ClientAppActor pid=736739)[0m 
[K        2/3      1.42G      4.181      3.338      2.254         67        640: 41% ━━━━╸─────── 51/124 6.8it/s 9.7s<10.8s[32m [repeated 9x across cluster][0m
[36m(ClientAppActor pid=736737)[0m 
[K                 Class     Images  Instances      Box(P          R      mAP50  mAP50-95): 94% ━━━━━━━━━━━─ 16/17 3.5it/s 4.8s<0.3s
[36m(ClientAppActor pid=736770)[0m 
[K        2/3      1.47G      4.072        3.1      2.141         25        640: 90% ━━━━━━━━━━╸─ 95/106 6.5it/s 17.7s<1.7s
[36m(ClientAppActor pid=736740)[0m 
[K        2/3      1.45G      3.936      3.026      2.194         38        640: 66% ━━━━━━━╸──── 79/119 6.4it/s 14.3s<6.2s[32m [repeated 10x across cluster][0m
[36m(ClientAppActor pid=736770)[0m 
[K        2/3      1.47G      4.074      3.099      2.141         23        640: 91% ━━━━━━━━━━╸─ 96/106 6.4it/s 17.8s<1.6s
[36m(ClientAppActor pid=736737)[0m 
[K                 Class     Images  Instances      Box(P          R      mAP50  mAP50-95): 100% ━━━━━━━━━━━━ 17/17 3.4it/s 5.1s
[K                 Class     Images  Instances      Box(P          R      mAP50  mAP50-95): 100% ━━━━━━━━━━━━ 17/17 3.4it/s 5.1s
[36m(ClientAppActor pid=736737)[0m                    all        133       1032      0.606      0.436      0.501      0.241
[36m(ClientAppActor pid=736737)[0m 
[36m(ClientAppActor pid=736737)[0m       Epoch    GPU_mem   box_loss   cls_loss   dfl_loss  Instances       Size
[36m(ClientAppActor pid=736770)[0m 
[K        2/3      1.47G      4.081      3.097      2.141         31        640: 92% ━━━━━━━━━━╸─ 97/106 6.3it/s 18.0s<1.4s
[36m(ClientAppActor pid=736737)[0m 
[K        2/3      1.44G      5.243      4.059      2.693         41        640: 0% ──────────── 0/181  0.2s
[36m(ClientAppActor pid=736770)[0m 
[K        2/3      1.47G      4.078      3.091      2.139         56        640: 92% ━━━━━━━━━━━─ 98/106 6.2it/s 18.1s<1.3s
[36m(ClientAppActor pid=736737)[0m 
[K        2/3      1.44G      4.822      3.441      2.446         58        640: 1% ──────────── 1/181 1.8it/s 0.3s<1:40
[36m(ClientAppActor pid=736770)[0m 
[K        2/3      1.47G      4.088      3.101      2.139         34        640: 93% ━━━━━━━━━━━─ 99/106 6.2it/s 18.3s<1.1s
[36m(ClientAppActor pid=736737)[0m 
[K        2/3      1.44G      4.627      3.397       2.29         56        640: 1% ──────────── 2/181 3.1it/s 0.5s<57.6s
[36m(ClientAppActor pid=736740)[0m 
[K        2/3      1.45G      3.941      3.029      2.194         54        640: 71% ━━━━━━━━──── 84/119 6.4it/s 15.1s<5.5s[32m [repeated 10x across cluster][0m
[36m(ClientAppActor pid=736774)[0m 
[K        2/3      1.54G      3.599      2.644      2.234         86        640: 46% ━━━━━─────── 55/120 4.1it/s 11.1s<15.8s[32m [repeated 11x across cluster][0m
[36m(ClientAppActor pid=736770)[0m 
[K        2/3      1.47G      4.088      3.102      2.136         17        640: 94% ━━━━━━━━━━━─ 100/106 6.1it/s 18.5s<1.0s
[36m(ClientAppActor pid=736737)[0m 
[K        2/3      1.44G      4.422      3.346      2.322         45        640: 2% ──────────── 3/181 4.1it/s 0.7s<43.9s
[36m(ClientAppActor pid=736770)[0m 
[K        2/3      1.47G      4.095      3.107      2.135         19        640: 95% ━━━━━━━━━━━─ 101/106 6.0it/s 18.7s<0.8s
[36m(ClientAppActor pid=736737)[0m 
[K        2/3      1.44G      4.756      3.684      2.295         20        640: 2% ──────────── 4/181 4.6it/s 0.8s<38.2s
[36m(ClientAppActor pid=736770)[0m 
[K        2/3      1.47G        4.1       3.11      2.135         44        640: 96% ━━━━━━━━━━━╸ 102/106 5.9it/s 18.8s<0.7s
[36m(ClientAppActor pid=736737)[0m 
[K        2/3      1.44G      4.876      3.729      2.296         42        640: 3% ──────────── 5/181 5.1it/s 1.0s<34.6s
[36m(ClientAppActor pid=736737)[0m 
[K        2/3      1.44G      4.831      3.673      2.264         88        640: 3% ──────────── 6/181 5.3it/s 1.2s<32.8s
[36m(ClientAppActor pid=736770)[0m 
[K        2/3      1.47G      4.106      3.112      2.135         41        640: 97% ━━━━━━━━━━━╸ 103/106 5.9it/s 19.0s<0.5s
[36m(ClientAppActor pid=736739)[0m 
[K        2/3      1.42G      4.224      3.378      2.251         36        640: 49% ━━━━━╸────── 61/124 6.2it/s 11.9s<10.1s[32m [repeated 9x across cluster][0m
[36m(ClientAppActor pid=736740)[0m 
[K        2/3      1.45G       3.95      3.022      2.195         34        640: 75% ━━━━━━━━╸─── 89/119 6.2it/s 15.9s<4.8s[32m [repeated 10x across cluster][0m
[36m(ClientAppActor pid=736737)[0m 
[K        2/3      1.44G      4.879      3.679      2.253         39        640: 4% ──────────── 7/181 5.5it/s 1.3s<31.7s
[36m(ClientAppActor pid=736770)[0m 
[K        2/3      1.47G      4.106      3.106      2.134         55        640: 98% ━━━━━━━━━━━╸ 104/106 5.7it/s 19.2s<0.4s
[36m(ClientAppActor pid=736770)[0m 
[K        2/3      1.47G      4.092      3.101      2.134          6        640: 99% ━━━━━━━━━━━╸ 105/106 6.1it/s 19.3s<0.2s
[K        2/3      1.47G      4.092      3.101      2.134          6        640: 100% ━━━━━━━━━━━━ 106/106 5.5it/s 19.3s
[K        2/3      1.47G      4.092      3.101      2.134          6        640: 100% ━━━━━━━━━━━━ 106/106 5.5it/s 19.3s
[36m(ClientAppActor pid=736737)[0m 
[K        2/3      1.44G      4.855       3.67      2.251         39        640: 4% ╸─────────── 8/181 5.6it/s 1.5s<31.1s
[36m(ClientAppActor pid=736737)[0m 
[K        2/3      1.44G      4.835      3.714      2.218         20        640: 5% ╸─────────── 9/181 5.7it/s 1.7s<30.0s
[36m(ClientAppActor pid=736770)[0m 
[K                 Class     Images  Instances      Box(P          R      mAP50  mAP50-95): 11% ━─────────── 1/9 1.1it/s 0.3s<7.6s
[36m(ClientAppActor pid=736737)[0m 
[K        2/3      1.44G      4.786      3.671      2.214         30        640: 6% ╸─────────── 10/181 5.7it/s 1.8s<30.0s
[36m(ClientAppActor pid=736739)[0m 
[K        2/3      1.42G      4.251      3.397       2.24         60        640: 54% ━━━━━━────── 67/124 6.4it/s 12.8s<8.9s[32m [repeated 12x across cluster][0m
[36m(ClientAppActor pid=736737)[0m 
[K        2/3      1.44G      4.689       3.61      2.252         42        640: 6% ╸─────────── 11/181 6.0it/s 2.0s<28.4s
[36m(ClientAppActor pid=736770)[0m 
[K                 Class     Images  Instances      Box(P          R      mAP50  mAP50-95): 22% ━━╸───────── 2/9 1.9it/s 0.6s<3.8s
[36m(ClientAppActor pid=736737)[0m 
[K        2/3      1.44G      4.627      3.561      2.237         43        640: 7% ╸─────────── 12/181 5.2it/s 2.3s<32.2s
[36m(ClientAppActor pid=736770)[0m 
[K                 Class     Images  Instances      Box(P          R      mAP50  mAP50-95): 33% ━━━━──────── 3/9 2.5it/s 0.8s<2.4s
[36m(ClientAppActor pid=736740)[0m 
[K        2/3      1.45G      3.933      3.001      2.186         67        640: 79% ━━━━━━━━━─── 94/119 6.1it/s 16.8s<4.1s[32m [repeated 11x across cluster][0m
[36m(ClientAppActor pid=736770)[0m 
[K                 Class     Images  Instances      Box(P          R      mAP50  mAP50-95): 44% ━━━━━─────── 4/9 2.8it/s 1.1s<1.8s
[36m(ClientAppActor pid=736737)[0m 
[K        2/3      1.44G      4.624      3.567      2.241         54        640: 7% ╸─────────── 13/181 4.3it/s 2.7s<38.7s
[36m(ClientAppActor pid=736770)[0m 
[K                 Class     Images  Instances      Box(P          R      mAP50  mAP50-95): 56% ━━━━━━╸───── 5/9 3.0it/s 1.4s<1.3s
[36m(ClientAppActor pid=736737)[0m 
[K        2/3      1.44G      4.594      3.545      2.245         37        640: 8% ╸─────────── 14/181 3.8it/s 3.1s<44.0s
[36m(ClientAppActor pid=736740)[0m 
[K        2/3      1.45G      3.936      2.991      2.183         40        640: 83% ━━━━━━━━━╸── 99/119 6.7it/s 17.5s<3.0s[32m [repeated 9x across cluster][0m
[36m(ClientAppActor pid=736737)[0m 
[K        2/3      1.44G      4.532      3.494      2.233         35        640: 8% ╸─────────── 15/181 4.9it/s 3.3s<33.5s
[36m(ClientAppActor pid=736739)[0m 
[K        2/3      1.42G      4.241      3.383      2.244         28        640: 58% ━━━━━━╸───── 72/124 6.0it/s 13.7s<8.7s[32m [repeated 9x across cluster][0m
[36m(ClientAppActor pid=736737)[0m 
[K        2/3      1.44G      4.482      3.426      2.233         44        640: 9% ━─────────── 16/181 5.3it/s 3.4s<31.3s
[36m(ClientAppActor pid=736770)[0m 
[K                 Class     Images  Instances      Box(P          R      mAP50  mAP50-95): 67% ━━━━━━━━──── 6/9 3.0it/s 1.7s<1.0s
[36m(ClientAppActor pid=736737)[0m 
[K        2/3      1.44G      4.458      3.391      2.217         30        640: 9% ━─────────── 17/181 5.6it/s 3.6s<29.2s
[36m(ClientAppActor pid=736737)[0m 
[K        2/3      1.44G       4.44      3.375      2.203         48        640: 10% ━─────────── 18/181 5.9it/s 3.7s<27.8s
[36m(ClientAppActor pid=736740)[0m 
[K        2/3      1.45G      3.928      2.976      2.183         61        640: 87% ━━━━━━━━━━── 104/119 5.2it/s 19.0s<2.9s[32m [repeated 10x across cluster][0m
[36m(ClientAppActor pid=736770)[0m 
[K                 Class     Images  Instances      Box(P          R      mAP50  mAP50-95): 78% ━━━━━━━━━─── 7/9 3.2it/s 2.0s<0.6s
[36m(ClientAppActor pid=736737)[0m 
[K        2/3      1.44G      4.406      3.359      2.227         15        640: 10% ━─────────── 19/181 6.1it/s 3.9s<26.4s
[36m(ClientAppActor pid=736770)[0m 
[36m(ClientAppActor pid=736737)[0m 
[K        2/3      1.44G      4.469      3.435      2.218         37        640: 11% ━─────────── 20/181 6.3it/s 4.0s<25.6s
[36m(ClientAppActor pid=736739)[0m 
[K        2/3      1.45G      4.224      3.364      2.245         98        640: 62% ━━━━━━━───── 77/124 5.9it/s 14.5s<7.9s[32m [repeated 11x across cluster][0m
[36m(ClientAppActor pid=736737)[0m 
[K        2/3      1.44G      4.463      3.421      2.205         23        640: 12% ━─────────── 21/181 6.2it/s 4.2s<25.7s
[36m(ClientAppActor pid=736737)[0m 
[K        2/3      1.44G      4.461      3.401      2.189         46        640: 12% ━─────────── 22/181 6.5it/s 4.3s<24.5s
[36m(ClientAppActor pid=736770)[0m 
[K                 Class     Images  Instances      Box(P          R      mAP50  mAP50-95): 89% ━━━━━━━━━━╸─ 8/9 3.3it/s 2.3s<0.3s
[36m(ClientAppActor pid=736737)[0m 
[K        2/3      1.44G      4.412      3.366      2.182         43        640: 13% ━╸────────── 23/181 6.6it/s 4.5s<24.0s
[36m(ClientAppActor pid=736740)[0m 
[K        2/3      1.45G      3.917      2.968      2.181         55        640: 92% ━━━━━━━━━━╸─ 109/119 6.4it/s 19.8s<1.6s[32m [repeated 10x across cluster][0m
[36m(ClientAppActor pid=736737)[0m 
[K        2/3      1.44G      4.405      3.346      2.176         44        640: 13% ━╸────────── 24/181 6.7it/s 4.6s<23.3s
[36m(ClientAppActor pid=736738)[0m 
[K                 Class     Images  Instances      Box(P          R      mAP50  mAP50-95): 20% ━━────────── 2/10 1.8it/s 0.6s<4.6s
[36m(ClientAppActor pid=736737)[0m 
[K        2/3      1.44G       4.37      3.322      2.167         20        640: 14% ━╸────────── 25/181 6.9it/s 4.8s<22.7s
[36m(ClientAppActor pid=736737)[0m 
[K        2/3      1.44G      4.345       3.29      2.168         49        640: 14% ━╸────────── 26/181 6.9it/s 4.9s<22.4s
[36m(ClientAppActor pid=736739)[0m 
[K        2/3      1.45G      4.225      3.357      2.245         39        640: 66% ━━━━━━━╸──── 82/124 4.4it/s 15.7s<9.5s[32m [repeated 9x across cluster][0m
[36m(ClientAppActor pid=736770)[0m 
[K                 Class     Images  Instances      Box(P          R      mAP50  mAP50-95): 100% ━━━━━━━━━━━━ 9/9 3.7it/s 2.5s
[K                 Class     Images  Instances      Box(P          R      mAP50  mAP50-95): 100% ━━━━━━━━━━━━ 9/9 3.7it/s 2.5s
[36m(ClientAppActor pid=736770)[0m                    all         69        401      0.675      0.506      0.567      0.293
[36m(ClientAppActor pid=736770)[0m       Epoch    GPU_mem   box_loss   cls_loss   dfl_loss  Instances       Size
[36m(ClientAppActor pid=736738)[0m 
[K                 Class     Images  Instances      Box(P          R      mAP50  mAP50-95): 30% ━━━╸──────── 3/10 2.2it/s 0.9s<3.1s
[36m(ClientAppActor pid=736737)[0m 
[K        2/3      1.44G      4.314      3.272      2.181         70        640: 15% ━╸────────── 27/181 6.9it/s 5.0s<22.4s
[36m(ClientAppActor pid=736770)[0m 
[K        3/3      1.47G      4.012      3.281       2.12         50        640: 4% ──────────── 4/106 5.1it/s 0.8s<19.8s[32m [repeated 5x across cluster][0m
[36m(ClientAppActor pid=736737)[0m 
[K        2/3      1.44G      4.311      3.262       2.18         45        640: 15% ━╸────────── 28/181 6.9it/s 5.2s<22.2s
[36m(ClientAppActor pid=736740)[0m 
[K        2/3      1.45G      3.918      2.959      2.176         80        640: 96% ━━━━━━━━━━━─ 114/119 6.4it/s 20.6s<0.8s[32m [repeated 10x across cluster][0m
[36m(ClientAppActor pid=736738)[0m 
[K                 Class     Images  Instances      Box(P          R      mAP50  mAP50-95): 40% ━━━━╸─────── 4/10 2.6it/s 1.2s<2.3s
[36m(ClientAppActor pid=736737)[0m 
[K        2/3      1.44G      4.287      3.256       2.17         49        640: 16% ━╸────────── 29/181 6.9it/s 5.3s<21.9s
[36m(ClientAppActor pid=736737)[0m 
[K        2/3      1.44G      4.266      3.249      2.176         58        640: 17% ━╸────────── 30/181 6.7it/s 5.5s<22.6s
[36m(ClientAppActor pid=736739)[0m 
[K        2/3      1.45G      4.207      3.366      2.248         21        640: 70% ━━━━━━━━──── 87/124 5.9it/s 16.8s<6.2s[32m [repeated 11x across cluster][0m
[36m(ClientAppActor pid=736738)[0m 
[K                 Class     Images  Instances      Box(P          R      mAP50  mAP50-95): 50% ━━━━━━────── 5/10 2.8it/s 1.5s<1.8s
[36m(ClientAppActor pid=736737)[0m 
[K        2/3      1.44G      4.278      3.249      2.174         29        640: 17% ━━────────── 31/181 6.8it/s 5.6s<22.2s
[36m(ClientAppActor pid=736737)[0m 
[K        2/3      1.44G      4.268      3.228      2.173         67        640: 18% ━━────────── 32/181 7.0it/s 5.8s<21.3s
[36m(ClientAppActor pid=736738)[0m 
[K                 Class     Images  Instances      Box(P          R      mAP50  mAP50-95): 60% ━━━━━━━───── 6/10 3.1it/s 1.7s<1.3s
[36m(ClientAppActor pid=736737)[0m 
[K        2/3      1.44G       4.29      3.246      2.177         34        640: 18% ━━────────── 33/181 7.3it/s 5.9s<20.2s
[36m(ClientAppActor pid=736740)[0m 
[K        2/3      1.45G      3.919      2.956      2.179         48        640: 98% ━━━━━━━━━━━╸ 117/119 6.6it/s 21.0s<0.3s[32m [repeated 6x across cluster][0m
[36m(ClientAppActor pid=736737)[0m 
[K        2/3      1.44G      4.276       3.24      2.173         48        640: 19% ━━────────── 34/181 7.3it/s 6.0s<20.2s
[36m(ClientAppActor pid=736738)[0m 
[K                 Class     Images  Instances      Box(P          R      mAP50  mAP50-95): 70% ━━━━━━━━──── 7/10 3.3it/s 2.0s<0.9s
[36m(ClientAppActor pid=736737)[0m 
[K        2/3      1.44G      4.274      3.231      2.187         80        640: 19% ━━────────── 35/181 7.4it/s 6.2s<19.7s
[36m(ClientAppActor pid=736739)[0m 
[K        2/3      1.45G      4.212       3.38      2.251         33        640: 74% ━━━━━━━━╸─── 92/124 6.3it/s 17.6s<5.1s[32m [repeated 9x across cluster][0m
[36m(ClientAppActor pid=736737)[0m 
[K        2/3      1.44G      4.259      3.219      2.193         47        640: 20% ━━────────── 36/181 7.5it/s 6.3s<19.4s
[36m(ClientAppActor pid=736738)[0m 
[K                 Class     Images  Instances      Box(P          R      mAP50  mAP50-95): 80% ━━━━━━━━━╸── 8/10 3.5it/s 2.3s<0.6s
[36m(ClientAppActor pid=736740)[0m 
[K                 Class     Images  Instances      Box(P          R      mAP50  mAP50-95): 27% ━━━───────── 3/11 2.6it/s 0.8s<3.1s
[36m(ClientAppActor pid=736737)[0m 
[K        2/3      1.44G      4.271      3.232      2.193         35        640: 20% ━━────────── 37/181 7.3it/s 6.4s<19.8s
[36m(ClientAppActor pid=736740)[0m 
[K        2/3      1.45G      3.921      2.959      2.178         46        640: 99% ━━━━━━━━━━━╸ 118/119 7.3it/s 21.1s<0.1s
[K        2/3      1.45G      3.921      2.959      2.178         46        640: 100% ━━━━━━━━━━━━ 119/119 5.6it/s 21.1s
[K        2/3      1.45G      3.921      2.959      2.178         46        640: 100% ━━━━━━━━━━━━ 119/119 5.6it/s 21.1s[32m [repeated 2x across cluster][0m
[36m(ClientAppActor pid=736737)[0m 
[K        2/3      1.44G      4.279      3.252      2.193         19        640: 21% ━━╸───────── 38/181 7.6it/s 6.6s<18.7s
[36m(ClientAppActor pid=736770)[0m 
[K        3/3      1.47G       4.01      3.318      2.141         19        640: 8% ╸─────────── 8/106 6.4it/s 1.4s<15.2s[32m [repeated 4x across cluster][0m
[36m(ClientAppActor pid=736738)[0m 
[K                 Class     Images  Instances      Box(P          R      mAP50  mAP50-95): 90% ━━━━━━━━━━╸─ 9/10 3.6it/s 2.5s<0.3s
[36m(ClientAppActor pid=736737)[0m 
[K        2/3      1.44G      4.259      3.244      2.191         21        640: 22% ━━╸───────── 39/181 7.7it/s 6.7s<18.4s
[36m(ClientAppActor pid=736740)[0m 
[K                 Class     Images  Instances      Box(P          R      mAP50  mAP50-95): 9% ━─────────── 1/11 1.1it/s 0.3s<9.3s[32m [repeated 2x across cluster][0m
[36m(ClientAppActor pid=736737)[0m 
[K        2/3      1.44G      4.253      3.239        2.2         34        640: 22% ━━╸───────── 40/181 7.6it/s 6.8s<18.5s
[36m(ClientAppActor pid=736738)[0m 
[K                 Class     Images  Instances      Box(P          R      mAP50  mAP50-95): 100% ━━━━━━━━━━━━ 10/10 3.6it/s 2.8s
[K                 Class     Images  Instances      Box(P          R      mAP50  mAP50-95): 100% ━━━━━━━━━━━━ 10/10 3.6it/s 2.8s
[36m(ClientAppActor pid=736738)[0m                    all         80        576      0.699      0.528      0.594      0.305
[36m(ClientAppActor pid=736738)[0m 
[36m(ClientAppActor pid=736738)[0m       Epoch    GPU_mem   box_loss   cls_loss   dfl_loss  Instances       Size
[36m(ClientAppActor pid=736737)[0m 
[K        2/3      1.44G      4.244       3.23      2.197         39        640: 23% ━━╸───────── 41/181 7.6it/s 7.0s<18.3s
[36m(ClientAppActor pid=736737)[0m 
[K        2/3      1.44G      4.242      3.231      2.197         35        640: 23% ━━╸───────── 42/181 7.4it/s 7.1s<18.8s
[36m(ClientAppActor pid=736740)[0m 
[K                 Class     Images  Instances      Box(P          R      mAP50  mAP50-95): 64% ━━━━━━━╸──── 7/11 3.5it/s 1.8s<1.1s
[36m(ClientAppActor pid=736740)[0m 
[K                 Class     Images  Instances      Box(P          R      mAP50  mAP50-95): 36% ━━━━──────── 4/11 2.9it/s 1.0s<2.4s
[36m(ClientAppActor pid=736737)[0m 
[K        2/3      1.44G      4.223      3.229        2.2         25        640: 24% ━━╸───────── 43/181 5.8it/s 7.5s<23.6s
[36m(ClientAppActor pid=736739)[0m 
[K        2/3      1.45G       4.21       3.37      2.249         65        640: 79% ━━━━━━━━━─── 98/124 6.4it/s 18.5s<4.1s[32m [repeated 12x across cluster][0m
[36m(ClientAppActor pid=736740)[0m 
[K                 Class     Images  Instances      Box(P          R      mAP50  mAP50-95): 45% ━━━━━─────── 5/11 3.2it/s 1.3s<1.9s
[36m(ClientAppActor pid=736740)[0m 
[K                 Class     Images  Instances      Box(P          R      mAP50  mAP50-95): 73% ━━━━━━━━╸─── 8/11 3.6it/s 2.1s<0.8s
[36m(ClientAppActor pid=736740)[0m 
[K                 Class     Images  Instances      Box(P          R      mAP50  mAP50-95): 55% ━━━━━━╸───── 6/11 3.3it/s 1.6s<1.5s
[36m(ClientAppActor pid=736739)[0m 
[K        2/3      1.45G      4.214      3.376      2.252         31        640: 83% ━━━━━━━━━╸── 103/124 7.2it/s 19.2s<2.9s[32m [repeated 9x across cluster][0m
[36m(ClientAppActor pid=736737)[0m 
[K        2/3      1.44G      4.221       3.24      2.206         28        640: 25% ━━━───────── 46/181 5.9it/s 8.4s<22.9s
[36m(ClientAppActor pid=736770)[0m 
[K        3/3      1.47G      4.092      3.213      2.121         53        640: 12% ━─────────── 13/106 7.3it/s 2.0s<12.8s[32m [repeated 5x across cluster][0m
[36m(ClientAppActor pid=736737)[0m 
[K        2/3      1.44G      4.216      3.239      2.201         35        640: 26% ━━━───────── 47/181 6.2it/s 8.5s<21.6s
[36m(ClientAppActor pid=736740)[0m 
[36m(ClientAppActor pid=736737)[0m 
[K        2/3      1.44G      4.223      3.232      2.199         73        640: 27% ━━━───────── 48/181 6.4it/s 8.7s<20.8s
[36m(ClientAppActor pid=736739)[0m 
[K        2/3      1.45G      4.206      3.356      2.254         45        640: 87% ━━━━━━━━━━── 108/124 7.5it/s 19.9s<2.1s[32m [repeated 11x across cluster][0m
[36m(ClientAppActor pid=736774)[0m 
[K                 Class     Images  Instances      Box(P          R      mAP50  mAP50-95): 7% ╸─────────── 1/15 1.1s/it 0.3s<15.4s
[36m(ClientAppActor pid=736770)[0m 
[K        3/3      1.47G      4.001       3.04      2.091         20        640: 29% ━━━╸──────── 31/106 6.3it/s 5.4s<11.9s
[36m(ClientAppActor pid=736770)[0m 
[K        3/3      1.47G      4.034      3.138      2.132         47        640: 16% ━╸────────── 17/106 7.4it/s 2.6s<12.1s[32m [repeated 4x across cluster][0m
[36m(ClientAppActor pid=736739)[0m 
[K        2/3      1.45G      4.199      3.353      2.252         69        640: 91% ━━━━━━━━━━╸─ 113/124 4.4it/s 21.3s<2.5s[32m [repeated 9x across cluster][0m
[36m(ClientAppActor pid=736774)[0m 
[K                 Class     Images  Instances      Box(P          R      mAP50  mAP50-95): 13% ━╸────────── 2/15 1.7it/s 0.6s<7.8s
[36m(ClientAppActor pid=736740)[0m 
[K                 Class     Images  Instances      Box(P          R      mAP50  mAP50-95): 18% ━━────────── 2/11 2.0it/s 0.5s<4.4s
[36m(ClientAppActor pid=736774)[0m 
[K                 Class     Images  Instances      Box(P          R      mAP50  mAP50-95): 20% ━━────────── 3/15 2.2it/s 0.9s<5.4s
[36m(ClientAppActor pid=736770)[0m 
[K        3/3      1.47G      4.028      3.014      2.105         45        640: 34% ━━━━──────── 36/106 6.9it/s 6.2s<10.2s
[36m(ClientAppActor pid=736770)[0m 
[K        3/3      1.47G      4.022      3.005      2.106         31        640: 35% ━━━━──────── 37/106 7.0it/s 6.3s<9.9s
[36m(ClientAppActor pid=736740)[0m 
[K        3/3      1.45G      3.941      3.052      2.114         64        640: 3% ──────────── 4/119 4.7it/s 0.8s<24.6s[32m [repeated 10x across cluster][0m
[36m(ClientAppActor pid=736774)[0m 
[K                 Class     Images  Instances      Box(P          R      mAP50  mAP50-95): 33% ━━━━──────── 5/15 3.3it/s 1.4s<3.0s
[36m(ClientAppActor pid=736770)[0m 
[K        3/3      1.47G      4.009      2.986      2.101         36        640: 36% ━━━━──────── 38/106 7.0it/s 6.4s<9.7s
[36m(ClientAppActor pid=736739)[0m 
[K        2/3      1.45G      4.202      3.342      2.253         98        640: 95% ━━━━━━━━━━━─ 118/124 6.1it/s 22.1s<1.0s[32m [repeated 11x across cluster][0m
[36m(ClientAppActor pid=736774)[0m 
[K                 Class     Images  Instances      Box(P          R      mAP50  mAP50-95): 40% ━━━━╸─────── 6/15 3.6it/s 1.6s<2.5s
[36m(ClientAppActor pid=736770)[0m 
[K        3/3      1.47G      4.037      3.006        2.1         58        640: 37% ━━━━──────── 39/106 7.1it/s 6.6s<9.4s
[36m(ClientAppActor pid=736770)[0m 
[K        3/3      1.47G      4.024      3.017      2.097         17        640: 38% ━━━━╸─────── 40/106 7.1it/s 6.7s<9.3s
[36m(ClientAppActor pid=736770)[0m 
[K        3/3      1.47G      4.015      3.079       2.11         39        640: 21% ━━────────── 22/106 5.1it/s 3.8s<16.6s[32m [repeated 5x across cluster][0m
[36m(ClientAppActor pid=736774)[0m 
[K                 Class     Images  Instances      Box(P          R      mAP50  mAP50-95): 47% ━━━━━╸────── 7/15 3.7it/s 1.9s<2.2s
[36m(ClientAppActor pid=736770)[0m 
[K        3/3      1.47G      4.033       3.02      2.093         66        640: 39% ━━━━╸─────── 41/106 7.3it/s 6.8s<8.9s
[36m(ClientAppActor pid=736770)[0m 
[K        3/3      1.47G      4.046      3.026      2.092         62        640: 40% ━━━━╸─────── 42/106 7.3it/s 7.0s<8.8s
[36m(ClientAppActor pid=736739)[0m 
[K                 Class     Images  Instances      Box(P          R      mAP50  mAP50-95): 45% ━━━━━─────── 5/11 3.4it/s 1.2s<1.7s
[36m(ClientAppActor pid=736739)[0m 
[K        2/3      1.45G       4.21      3.338      2.252         31        640: 98% ━━━━━━━━━━━╸ 122/124 6.3it/s 22.7s<0.3s[32m [repeated 7x across cluster][0m
[36m(ClientAppActor pid=736774)[0m 
[K                 Class     Images  Instances      Box(P          R      mAP50  mAP50-95): 53% ━━━━━━────── 8/15 3.8it/s 2.1s<1.8s
[36m(ClientAppActor pid=736770)[0m 
[K        3/3      1.47G      4.048       3.03      2.098         15        640: 41% ━━━━╸─────── 43/106 7.5it/s 7.1s<8.4s
[36m(ClientAppActor pid=736770)[0m 
[K        3/3      1.47G      4.037      3.033      2.105         32        640: 42% ━━━━╸─────── 44/106 7.6it/s 7.2s<8.2s
[36m(ClientAppActor pid=736739)[0m 
[K                 Class     Images  Instances      Box(P          R      mAP50  mAP50-95): 55% ━━━━━━╸───── 6/11 3.6it/s 1.5s<1.4s
[36m(ClientAppActor pid=736774)[0m 
[K                 Class     Images  Instances      Box(P          R      mAP50  mAP50-95): 60% ━━━━━━━───── 9/15 3.9it/s 2.4s<1.5s
[36m(ClientAppActor pid=736770)[0m 
[K        3/3      1.47G      4.031      3.028      2.101         36        640: 42% ━━━━━─────── 45/106 7.4it/s 7.4s<8.2s
[36m(ClientAppActor pid=736740)[0m 
[K                 Class     Images  Instances      Box(P          R      mAP50  mAP50-95): 82% ━━━━━━━━━╸── 9/11 3.6it/s 2.4s<0.6s
[36m(ClientAppActor pid=736739)[0m 
[K                 Class     Images  Instances      Box(P          R      mAP50  mAP50-95): 27% ━━━───────── 3/11 2.6it/s 0.8s<3.0s[32m [repeated 2x across cluster][0m
[36m(ClientAppActor pid=736770)[0m 
[K        3/3      1.47G      4.022      3.027      2.103         24        640: 43% ━━━━━─────── 46/106 7.4it/s 7.5s<8.1s
[36m(ClientAppActor pid=736774)[0m 
[K                 Class     Images  Instances      Box(P          R      mAP50  mAP50-95): 67% ━━━━━━━━──── 10/15 4.0it/s 2.6s<1.2s
[36m(ClientAppActor pid=736739)[0m 
[K        2/3      1.45G      4.212      3.338      2.251         68        640: 99% ━━━━━━━━━━━╸ 123/124 6.3it/s 22.9s<0.2s
[K        2/3      1.45G      4.212      3.338      2.251         68        640: 100% ━━━━━━━━━━━━ 124/124 5.4it/s 22.9s
[K        2/3      1.45G      4.212      3.338      2.251         68        640: 100% ━━━━━━━━━━━━ 124/124 5.4it/s 22.9s[32m [repeated 2x across cluster][0m
[36m(ClientAppActor pid=736738)[0m 
[K        3/3      1.46G      3.857      3.151      2.166          3        640: 22% ━━╸───────── 25/115 7.0it/s 4.4s<12.8s[32m [repeated 8x across cluster][0m
[36m(ClientAppActor pid=736740)[0m 
[K        3/3      1.45G      3.853      2.817        2.1         65        640: 8% ╸─────────── 9/119 7.0it/s 1.5s<15.8s[32m [repeated 10x across cluster][0m
[36m(ClientAppActor pid=736770)[0m 
[K        3/3      1.47G      4.013      3.012        2.1         29        640: 44% ━━━━━─────── 47/106 7.0it/s 7.7s<8.4s
[36m(ClientAppActor pid=736740)[0m 
[K                 Class     Images  Instances      Box(P          R      mAP50  mAP50-95): 91% ━━━━━━━━━━╸─ 10/11 3.4it/s 2.7s<0.3s
[36m(ClientAppActor pid=736770)[0m 
[K        3/3      1.47G      4.005          3      2.098         35        640: 45% ━━━━━─────── 48/106 7.1it/s 7.8s<8.2s
[36m(ClientAppActor pid=736770)[0m 
[K        3/3      1.47G      3.992      3.003      2.096         19        640: 46% ━━━━━╸────── 49/106 7.2it/s 7.9s<7.9s
[36m(ClientAppActor pid=736739)[0m 
[K                 Class     Images  Instances      Box(P          R      mAP50  mAP50-95): 9% ━─────────── 1/11 1.1it/s 0.3s<8.8s
[36m(ClientAppActor pid=736739)[0m 
[K                 Class     Images  Instances      Box(P          R      mAP50  mAP50-95): 82% ━━━━━━━━━╸── 9/11 4.0it/s 2.2s<0.5s
[36m(ClientAppActor pid=736740)[0m 
[K                 Class     Images  Instances      Box(P          R      mAP50  mAP50-95): 100% ━━━━━━━━━━━━ 11/11 3.7it/s 3.0s
[K                 Class     Images  Instances      Box(P          R      mAP50  mAP50-95): 100% ━━━━━━━━━━━━ 11/11 3.7it/s 3.0s
[36m(ClientAppActor pid=736740)[0m                    all         86        317      0.545      0.438       0.47      0.219
[36m(ClientAppActor pid=736740)[0m       Epoch    GPU_mem   box_loss   cls_loss   dfl_loss  Instances       Size
[36m(ClientAppActor pid=736770)[0m 
[K        3/3      1.47G      3.984      3.011      2.097         16        640: 47% ━━━━━╸────── 50/106 7.3it/s 8.1s<7.7s
[36m(ClientAppActor pid=736739)[0m 
[K                 Class     Images  Instances      Box(P          R      mAP50  mAP50-95): 91% ━━━━━━━━━━╸─ 10/11 4.0it/s 2.4s<0.2s
[36m(ClientAppActor pid=736774)[0m 
[K                 Class     Images  Instances      Box(P          R      mAP50  mAP50-95): 87% ━━━━━━━━━━── 13/15 4.2it/s 3.3s<0.5s
[36m(ClientAppActor pid=736770)[0m 
[K        3/3      1.47G      3.974      3.003      2.099         33        640: 48% ━━━━━╸────── 51/106 6.0it/s 8.4s<9.2s
[36m(ClientAppActor pid=736739)[0m 
[K                 Class     Images  Instances      Box(P          R      mAP50  mAP50-95): 100% ━━━━━━━━━━━━ 11/11 4.2it/s 2.6s
[K                 Class     Images  Instances      Box(P          R      mAP50  mAP50-95): 100% ━━━━━━━━━━━━ 11/11 4.2it/s 2.6s
[36m(ClientAppActor pid=736739)[0m                    all         82        651       0.51      0.349      0.414      0.197
[36m(ClientAppActor pid=736739)[0m 
[K                 Class     Images  Instances      Box(P          R      mAP50  mAP50-95): 64% ━━━━━━━╸──── 7/11 3.8it/s 1.7s<1.1s
[36m(ClientAppActor pid=736739)[0m 
[36m(ClientAppActor pid=736739)[0m       Epoch    GPU_mem   box_loss   cls_loss   dfl_loss  Instances       Size
[36m(ClientAppActor pid=736774)[0m 
[K                 Class     Images  Instances      Box(P          R      mAP50  mAP50-95): 93% ━━━━━━━━━━━─ 14/15 4.0it/s 3.6s<0.2s
[36m(ClientAppActor pid=736774)[0m 
[K                 Class     Images  Instances      Box(P          R      mAP50  mAP50-95): 73% ━━━━━━━━╸─── 11/15 3.9it/s 2.8s<1.0s[32m [repeated 2x across cluster][0m
[36m(ClientAppActor pid=736770)[0m 
[K        3/3      1.47G      3.989       3.01      2.099         19        640: 49% ━━━━━╸────── 52/106 4.9it/s 8.8s<11.0s
[36m(ClientAppActor pid=736774)[0m 
[36m(ClientAppActor pid=736770)[0m 
[K        3/3      1.47G      3.977      3.008      2.096         15        640: 50% ━━━━━━────── 53/106 4.3it/s 9.2s<12.2s
[36m(ClientAppActor pid=736770)[0m 
[K        3/3      1.47G      3.981          3      2.094         44        640: 51% ━━━━━━────── 54/106 5.2it/s 9.3s<10.1s
[36m(ClientAppActor pid=736738)[0m 
[K        3/3      1.46G      3.943      3.108      2.142         31        640: 29% ━━━───────── 33/115 4.4it/s 6.2s<18.5s[32m [repeated 13x across cluster][0m
[36m(ClientAppActor pid=736770)[0m 
[K        3/3      1.47G      3.975      3.004       2.09         15        640: 52% ━━━━━━────── 55/106 5.4it/s 9.5s<9.5s
[36m(ClientAppActor pid=736740)[0m 
[K        3/3      1.45G      3.813      2.741      2.095         54        640: 12% ━─────────── 14/119 7.7it/s 2.2s<13.7s[32m [repeated 10x across cluster][0m
[36m(ClientAppActor pid=736770)[0m 
[K        3/3      1.47G      3.962      3.004       2.09         20        640: 53% ━━━━━━────── 56/106 5.5it/s 9.6s<9.1s
[36m(ClientAppActor pid=736770)[0m 
[K        3/3      1.47G      3.965      2.994      2.088         22        640: 54% ━━━━━━────── 57/106 5.7it/s 9.8s<8.6s
[36m(ClientAppActor pid=736770)[0m 
[K        3/3      1.47G      3.966      3.001       2.09         22        640: 55% ━━━━━━╸───── 58/106 5.9it/s 10.0s<8.1s
[36m(ClientAppActor pid=736770)[0m 
[K        3/3      1.47G      3.971          3       2.09         13        640: 56% ━━━━━━╸───── 59/106 6.1it/s 10.1s<7.7s
[36m(ClientAppActor pid=736770)[0m 
[K        3/3      1.47G      3.973      3.006      2.095         14        640: 57% ━━━━━━╸───── 60/106 6.1it/s 10.3s<7.5s
[36m(ClientAppActor pid=736770)[0m 
[K        3/3      1.47G      3.979      3.006      2.093         32        640: 58% ━━━━━━╸───── 61/106 6.0it/s 10.5s<7.5s
[36m(ClientAppActor pid=736740)[0m 
[K        3/3      1.45G      3.698      2.706      2.088         65        640: 29% ━━━╸──────── 35/119 6.2it/s 5.9s<13.6s[32m [repeated 18x across cluster][0m
[36m(ClientAppActor pid=736740)[0m 
[K        3/3      1.45G      3.769      2.704      2.089         29        640: 16% ━╸────────── 19/119 7.4it/s 2.9s<13.6s[32m [repeated 10x across cluster][0m
[36m(ClientAppActor pid=736770)[0m 
[K        3/3      1.47G      3.978      3.002       2.09         41        640: 58% ━━━━━━━───── 62/106 6.1it/s 10.6s<7.2s
[36m(ClientAppActor pid=736770)[0m 
[K        3/3      1.47G      3.966      2.989      2.088         43        640: 59% ━━━━━━━───── 63/106 6.1it/s 10.8s<7.1s
[36m(ClientAppActor pid=736739)[0m 
[K                 Class     Images  Instances      Box(P          R      mAP50  mAP50-95): 18% ━━────────── 2/11 2.0it/s 0.5s<4.5s
[36m(ClientAppActor pid=736770)[0m 
[K        3/3      1.47G      3.959      2.983      2.086         26        640: 60% ━━━━━━━───── 64/106 6.1it/s 10.9s<6.9s
[36m(ClientAppActor pid=736770)[0m 
[K        3/3      1.47G      3.963      2.982      2.084         59        640: 61% ━━━━━━━───── 65/106 6.2it/s 11.1s<6.7s
[36m(ClientAppActor pid=736738)[0m 
[K        3/3      1.46G       3.91      3.078      2.153         25        640: 37% ━━━━──────── 43/115 5.7it/s 7.9s<12.7s[32m [repeated 12x across cluster][0m
[36m(ClientAppActor pid=736770)[0m 
[K        3/3      1.47G      3.964      2.986      2.086         19        640: 62% ━━━━━━━───── 66/106 6.3it/s 11.3s<6.4s
[36m(ClientAppActor pid=736774)[0m 
[K        3/3      1.59G      3.726      2.626      2.146         66        640: 4% ──────────── 5/120 4.7it/s 1.2s<24.3s[32m [repeated 12x across cluster][0m
[36m(ClientAppActor pid=736739)[0m 
[K                 Class     Images  Instances      Box(P          R      mAP50  mAP50-95): 36% ━━━━──────── 4/11 3.1it/s 1.0s<2.3s
[36m(ClientAppActor pid=736770)[0m 
[K        3/3      1.47G       3.97      2.988      2.086         41        640: 63% ━━━━━━━╸──── 67/106 6.2it/s 11.4s<6.3s
[36m(ClientAppActor pid=736770)[0m 
[K        3/3      1.47G      3.975      2.985      2.086         42        640: 64% ━━━━━━━╸──── 68/106 6.2it/s 11.6s<6.1s
[36m(ClientAppActor pid=736738)[0m 
[K        3/3      1.46G      3.886      3.091      2.159         36        640: 41% ━━━━╸─────── 47/115 5.8it/s 8.6s<11.7s[32m [repeated 12x across cluster][0m
[36m(ClientAppActor pid=736740)[0m 
[K        3/3      1.45G       3.72      2.686        2.1         43        640: 20% ━━────────── 24/119 7.9it/s 3.5s<12.0s[32m [repeated 9x across cluster][0m
[36m(ClientAppActor pid=736770)[0m 
[K        3/3      1.47G      3.961      2.976      2.084         25        640: 65% ━━━━━━━╸──── 69/106 6.2it/s 11.7s<5.9s
[36m(ClientAppActor pid=736770)[0m 
[K        3/3      1.47G      3.967       2.98      2.083         20        640: 66% ━━━━━━━╸──── 70/106 6.2it/s 11.9s<5.8s
[36m(ClientAppActor pid=736770)[0m 
[K        3/3      1.47G      3.967       2.98      2.083         47        640: 67% ━━━━━━━━──── 71/106 6.2it/s 12.1s<5.7s
[36m(ClientAppActor pid=736770)[0m 
[K        3/3      1.47G      3.974      2.983      2.081         37        640: 68% ━━━━━━━━──── 72/106 6.2it/s 12.2s<5.5s
[36m(ClientAppActor pid=736738)[0m 
[K        3/3      1.46G      3.862       3.08      2.149         14        640: 44% ━━━━━─────── 51/115 5.8it/s 9.3s<11.0s[32m [repeated 11x across cluster][0m
[36m(ClientAppActor pid=736770)[0m 
[K        3/3      1.47G       3.98      2.982      2.077         56        640: 69% ━━━━━━━━──── 73/106 6.2it/s 12.4s<5.4s
[36m(ClientAppActor pid=736740)[0m 
[K        3/3      1.45G      3.642      2.647      2.086         45        640: 24% ━━╸───────── 29/119 5.9it/s 4.9s<15.2s[32m [repeated 8x across cluster][0m
[36m(ClientAppActor pid=736739)[0m 
[K        3/3      1.45G      4.151      3.181      2.228        101        640: 8% ╸─────────── 10/124 5.6it/s 2.4s<20.3s[32m [repeated 9x across cluster][0m
[36m(ClientAppActor pid=736770)[0m 
[K        3/3      1.47G      3.977      2.991       2.08         13        640: 70% ━━━━━━━━──── 74/106 6.1it/s 12.6s<5.2s
[36m(ClientAppActor pid=736770)[0m 
[K        3/3      1.47G      3.982      2.995      2.081         53        640: 71% ━━━━━━━━──── 75/106 6.1it/s 12.7s<5.1s
[36m(ClientAppActor pid=736770)[0m 
[K        3/3      1.47G      3.978      2.986      2.081         27        640: 72% ━━━━━━━━╸─── 76/106 5.8it/s 12.9s<5.2s
[36m(ClientAppActor pid=736738)[0m 
[K        3/3      1.46G        3.9      3.087      2.146         52        640: 48% ━━━━━╸────── 55/115 6.1it/s 9.9s<9.8s[32m [repeated 11x across cluster][0m
[36m(ClientAppActor pid=736770)[0m 
[K        3/3      1.47G      3.977      2.988       2.08         15        640: 73% ━━━━━━━━╸─── 77/106 6.1it/s 13.1s<4.7s
[36m(ClientAppActor pid=736774)[0m 
[K                 Class     Images  Instances      Box(P          R      mAP50  mAP50-95): 80% ━━━━━━━━━╸── 12/15 3.9it/s 3.1s<0.8s
[36m(ClientAppActor pid=736770)[0m 
[K        3/3      1.47G      3.963      2.984      2.078         23        640: 74% ━━━━━━━━╸─── 78/106 5.3it/s 13.4s<5.3s
[36m(ClientAppActor pid=736774)[0m 
[K                 Class     Images  Instances      Box(P          R      mAP50  mAP50-95): 100% ━━━━━━━━━━━━ 15/15 4.0it/s 3.8s
[K                 Class     Images  Instances      Box(P          R      mAP50  mAP50-95): 100% ━━━━━━━━━━━━ 15/15 4.0it/s 3.8s
[36m(ClientAppActor pid=736774)[0m                    all        115       1013      0.627      0.462      0.505      0.246
[36m(ClientAppActor pid=736774)[0m       Epoch    GPU_mem   box_loss   cls_loss   dfl_loss  Instances       Size
[36m(ClientAppActor pid=736770)[0m 
[K        3/3      1.47G      3.962      2.984      2.077         31        640: 75% ━━━━━━━━╸─── 79/106 4.3it/s 13.8s<6.2s
[36m(ClientAppActor pid=736770)[0m 
[K        3/3      1.47G      3.957      2.988       2.08         14        640: 75% ━━━━━━━━━─── 80/106 3.9it/s 14.2s<6.7s
[36m(ClientAppActor pid=736738)[0m 
[K        3/3      1.46G      3.894      3.088      2.144         30        640: 50% ━━━━━━────── 58/115 4.4it/s 10.8s<13.0s[32m [repeated 9x across cluster][0m
[36m(ClientAppActor pid=736770)[0m 
[K        3/3      1.47G      3.955      2.988      2.081         51        640: 76% ━━━━━━━━━─── 81/106 4.6it/s 14.3s<5.4s
[36m(ClientAppActor pid=736770)[0m 
[K        3/3      1.47G      3.945      2.979      2.078         18        640: 77% ━━━━━━━━━─── 82/106 5.2it/s 14.5s<4.6s
[36m(ClientAppActor pid=736740)[0m 
[K        3/3      1.45G      3.689      2.707      2.088         33        640: 29% ━━━───────── 34/119 6.3it/s 5.7s<13.6s[32m [repeated 5x across cluster][0m
[36m(ClientAppActor pid=736774)[0m 
[K        3/3      1.59G      3.674      2.611      2.182         89        640: 12% ━─────────── 15/120 5.8it/s 2.9s<18.1s[32m [repeated 11x across cluster][0m
[36m(ClientAppActor pid=736770)[0m 
[K        3/3      1.47G       3.95       2.99      2.082         24        640: 78% ━━━━━━━━━─── 83/106 5.5it/s 14.7s<4.2s
[36m(ClientAppActor pid=736770)[0m 
[K        3/3      1.47G      3.944      2.988      2.079         36        640: 79% ━━━━━━━━━╸── 84/106 5.6it/s 14.8s<3.9s
[36m(ClientAppActor pid=736770)[0m 
[K        3/3      1.47G      3.953      2.986      2.078         14        640: 80% ━━━━━━━━━╸── 85/106 6.1it/s 15.0s<3.5s
[36m(ClientAppActor pid=736738)[0m 
[K        3/3      1.46G      3.912       3.09      2.146         35        640: 56% ━━━━━━╸───── 64/115 5.8it/s 12.0s<8.8s[32m [repeated 9x across cluster][0m
[36m(ClientAppActor pid=736770)[0m 
[K        3/3      1.47G      3.951       2.99      2.077         15        640: 81% ━━━━━━━━━╸── 86/106 6.0it/s 15.1s<3.3s
[36m(ClientAppActor pid=736770)[0m 
[K        3/3      1.47G      3.952      2.989      2.075         49        640: 82% ━━━━━━━━━╸── 87/106 5.9it/s 15.3s<3.2s
[36m(ClientAppActor pid=736770)[0m 
[K        3/3      1.47G      3.967      2.996      2.083         18        640: 83% ━━━━━━━━━╸── 88/106 5.9it/s 15.5s<3.1s
[36m(ClientAppActor pid=736740)[0m 
[K        3/3      1.45G       3.73      2.716      2.086         36        640: 33% ━━━╸──────── 39/119 6.2it/s 6.5s<13.0s[32m [repeated 4x across cluster][0m
[36m(ClientAppActor pid=736739)[0m 
[K        3/3      1.45G      3.995      3.054      2.208         36        640: 16% ━╸────────── 20/124 6.1it/s 4.0s<17.0s[32m [repeated 9x across cluster][0m
[36m(ClientAppActor pid=736737)[0m 
[K        2/3      1.44G      4.191      3.216       2.19         50        640: 60% ━━━━━━━───── 109/181 5.8it/s 19.5s<12.4s[32m [repeated 4x across cluster][0m
[36m(ClientAppActor pid=736770)[0m 
[K        3/3      1.47G      3.972      3.001      2.083         76        640: 84% ━━━━━━━━━━── 89/106 5.9it/s 15.7s<2.9s
[36m(ClientAppActor pid=736770)[0m 
[K        3/3      1.47G      3.969      3.004      2.081         14        640: 85% ━━━━━━━━━━── 90/106 6.0it/s 15.8s<2.7s
[36m(ClientAppActor pid=736770)[0m 
[K        3/3      1.47G      3.962      3.001       2.08         26        640: 86% ━━━━━━━━━━── 91/106 5.8it/s 16.0s<2.6s
[36m(ClientAppActor pid=736770)[0m 
[K        3/3      1.47G      3.952      2.995      2.079         17        640: 87% ━━━━━━━━━━── 92/106 6.0it/s 16.2s<2.3s
[36m(ClientAppActor pid=736740)[0m 
[K        3/3      1.45G      3.709       2.71      2.092         38        640: 37% ━━━━──────── 44/119 6.2it/s 7.3s<12.1s[32m [repeated 5x across cluster][0m
[36m(ClientAppActor pid=736770)[0m 
[K        3/3      1.47G      3.952      2.992      2.077         23        640: 88% ━━━━━━━━━━╸─ 93/106 6.1it/s 16.3s<2.1s
[36m(ClientAppActor pid=736737)[0m 
[K        2/3      1.44G      4.184      3.213      2.191         42        640: 63% ━━━━━━━╸──── 114/181 6.0it/s 20.3s<11.2s[32m [repeated 2x across cluster][0m
[36m(ClientAppActor pid=736770)[0m 
[K        3/3      1.47G      3.947      2.985      2.074         30        640: 89% ━━━━━━━━━━╸─ 94/106 6.1it/s 16.5s<2.0s
[36m(ClientAppActor pid=736770)[0m 
[K        3/3      1.47G      3.945      2.981      2.072         46        640: 90% ━━━━━━━━━━╸─ 95/106 6.2it/s 16.6s<1.8s
[36m(ClientAppActor pid=736740)[0m 
[K        3/3      1.45G      3.718      2.708      2.091         53        640: 41% ━━━━╸─────── 49/119 6.1it/s 8.1s<11.5s[32m [repeated 5x across cluster][0m
[36m(ClientAppActor pid=736774)[0m 
[K        3/3      1.59G      3.593      2.562      2.186         85        640: 21% ━━────────── 25/120 3.7it/s 5.3s<25.4s[32m [repeated 11x across cluster][0m
[36m(ClientAppActor pid=736770)[0m 
[K        3/3      1.47G       3.94      2.977      2.075         19        640: 91% ━━━━━━━━━━╸─ 96/106 6.0it/s 16.8s<1.7s
[36m(ClientAppActor pid=736770)[0m 
[K        3/3      1.47G      3.949      2.981      2.074         50        640: 92% ━━━━━━━━━━╸─ 97/106 6.1it/s 17.0s<1.5s
[36m(ClientAppActor pid=736770)[0m 
[K        3/3      1.47G      3.943      2.975      2.075         37        640: 92% ━━━━━━━━━━━─ 98/106 6.1it/s 17.1s<1.3s
[36m(ClientAppActor pid=736738)[0m 
[K        3/3      1.46G      3.894      3.055      2.136         20        640: 67% ━━━━━━━━──── 77/115 6.0it/s 14.1s<6.3s
[36m(ClientAppActor pid=736770)[0m 
[K        3/3      1.47G      3.953      2.981      2.075         27        640: 93% ━━━━━━━━━━━─ 99/106 6.1it/s 17.3s<1.2s
[36m(ClientAppActor pid=736738)[0m 
[K        3/3      1.46G       3.89      3.054      2.138         34        640: 68% ━━━━━━━━──── 78/115 6.1it/s 14.3s<6.1s
[36m(ClientAppActor pid=736740)[0m 
[K        3/3      1.45G      3.724      2.697      2.087         28        640: 45% ━━━━━─────── 54/119 4.5it/s 9.7s<14.4s[32m [repeated 6x across cluster][0m
[36m(ClientAppActor pid=736770)[0m 
[K        3/3      1.47G      3.948      2.981      2.073         31        640: 94% ━━━━━━━━━━━─ 100/106 6.1it/s 17.5s<1.0s
[36m(ClientAppActor pid=736738)[0m 
[K        3/3      1.46G      3.886      3.053      2.134         22        640: 69% ━━━━━━━━──── 79/115 5.8it/s 14.5s<6.2s
[36m(ClientAppActor pid=736774)[0m 
[K        3/3      1.59G      3.571      2.621      2.204         48        640: 24% ━━╸───────── 29/120 5.5it/s 5.9s<16.5s[32m [repeated 9x across cluster][0m
[36m(ClientAppActor pid=736770)[0m 
[K        3/3      1.47G      3.949       2.98      2.071         43        640: 95% ━━━━━━━━━━━─ 101/106 6.0it/s 17.6s<0.8s
[36m(ClientAppActor pid=736770)[0m 
[K        3/3      1.47G      3.938       2.98      2.072         15        640: 96% ━━━━━━━━━━━╸ 102/106 6.0it/s 17.8s<0.7s
[36m(ClientAppActor pid=736770)[0m 
[K        3/3      1.47G      3.942      2.981      2.071         66        640: 97% ━━━━━━━━━━━╸ 103/106 5.9it/s 18.0s<0.5s
[36m(ClientAppActor pid=736738)[0m 
[K        3/3      1.46G        3.9      3.053      2.136         47        640: 71% ━━━━━━━━╸─── 82/115 6.1it/s 15.0s<5.4s
[36m(ClientAppActor pid=736740)[0m 
[K        3/3      1.45G      3.717      2.705      2.088         30        640: 50% ━━━━━╸────── 59/119 5.8it/s 10.6s<10.3s[32m [repeated 7x across cluster][0m
[36m(ClientAppActor pid=736770)[0m 
[K        3/3      1.47G      3.945      2.977      2.068         55        640: 98% ━━━━━━━━━━━╸ 104/106 6.1it/s 18.1s<0.3s
[36m(ClientAppActor pid=736738)[0m 
[K        3/3      1.46G      3.904      3.071      2.142         12        640: 72% ━━━━━━━━╸─── 83/115 6.1it/s 15.1s<5.3s
[36m(ClientAppActor pid=736770)[0m 
[K        3/3      1.47G      3.944      2.969      2.065         15        640: 99% ━━━━━━━━━━━╸ 105/106 5.2it/s 18.5s<0.2s
[K        3/3      1.47G      3.944      2.969      2.065         15        640: 100% ━━━━━━━━━━━━ 106/106 5.7it/s 18.5s
[K        3/3      1.47G      3.944      2.969      2.065         15        640: 100% ━━━━━━━━━━━━ 106/106 5.7it/s 18.5s
[36m(ClientAppActor pid=736738)[0m 
[K        3/3      1.46G      3.899      3.063       2.14         36        640: 73% ━━━━━━━━╸─── 84/115 5.1it/s 15.5s<6.1s
[36m(ClientAppActor pid=736770)[0m 
[K                 Class     Images  Instances      Box(P          R      mAP50  mAP50-95): 11% ━─────────── 1/9 1.2it/s 0.2s<6.6s
[36m(ClientAppActor pid=736738)[0m 
[K        3/3      1.46G      3.903      3.062       2.14         28        640: 74% ━━━━━━━━╸─── 85/115 4.2it/s 15.9s<7.1s
[36m(ClientAppActor pid=736770)[0m 
[K                 Class     Images  Instances      Box(P          R      mAP50  mAP50-95): 22% ━━╸───────── 2/9 1.7it/s 0.6s<4.0s
[36m(ClientAppActor pid=736740)[0m 
[K        3/3      1.45G      3.739      2.736      2.094         26        640: 54% ━━━━━━────── 64/119 6.0it/s 11.4s<9.2s[32m [repeated 9x across cluster][0m
[36m(ClientAppActor pid=736738)[0m 
[K        3/3      1.46G      3.906      3.054      2.138         66        640: 75% ━━━━━━━━╸─── 86/115 3.9it/s 16.3s<7.5s
[36m(ClientAppActor pid=736770)[0m 
[K                 Class     Images  Instances      Box(P          R      mAP50  mAP50-95): 33% ━━━━──────── 3/9 2.3it/s 0.9s<2.7s
[36m(ClientAppActor pid=736738)[0m 
[K        3/3      1.46G       3.91      3.057      2.136         24        640: 76% ━━━━━━━━━─── 87/115 4.6it/s 16.4s<6.1s
[36m(ClientAppActor pid=736774)[0m 
[K        3/3      1.59G      3.572      2.626      2.208        112        640: 29% ━━━───────── 35/120 6.0it/s 6.9s<14.2s[32m [repeated 12x across cluster][0m
[36m(ClientAppActor pid=736770)[0m 
[K                 Class     Images  Instances      Box(P          R      mAP50  mAP50-95): 44% ━━━━━─────── 4/9 2.7it/s 1.2s<1.9s
[36m(ClientAppActor pid=736738)[0m 
[K        3/3      1.46G      3.902      3.047      2.133         28        640: 77% ━━━━━━━━━─── 88/115 5.2it/s 16.6s<5.2s
[36m(ClientAppActor pid=736738)[0m 
[K        3/3      1.46G      3.923      3.061      2.135         15        640: 77% ━━━━━━━━━─── 89/115 5.6it/s 16.7s<4.7s
[36m(ClientAppActor pid=736770)[0m 
[K                 Class     Images  Instances      Box(P          R      mAP50  mAP50-95): 56% ━━━━━━╸───── 5/9 2.9it/s 1.4s<1.4s
[36m(ClientAppActor pid=736738)[0m 
[K        3/3      1.46G       3.92      3.058      2.136         36        640: 78% ━━━━━━━━━─── 90/115 5.9it/s 16.9s<4.3s
[36m(ClientAppActor pid=736738)[0m 
[K        3/3      1.46G      3.919      3.057      2.135         35        640: 79% ━━━━━━━━━─── 91/115 6.0it/s 17.1s<4.0s
[36m(ClientAppActor pid=736740)[0m 
[K        3/3      1.45G       3.75      2.749      2.092         58        640: 58% ━━━━━━╸───── 69/119 6.1it/s 12.2s<8.2s[32m [repeated 8x across cluster][0m
[36m(ClientAppActor pid=736770)[0m 
[K                 Class     Images  Instances      Box(P          R      mAP50  mAP50-95): 67% ━━━━━━━━──── 6/9 3.1it/s 1.7s<1.0s
[36m(ClientAppActor pid=736738)[0m 
[K        3/3      1.46G      3.922      3.061      2.133         42        640: 80% ━━━━━━━━━╸── 92/115 6.1it/s 17.2s<3.8s
[36m(ClientAppActor pid=736738)[0m 
[K        3/3      1.46G      3.918      3.057      2.133         23        640: 81% ━━━━━━━━━╸── 93/115 6.2it/s 17.4s<3.5s
[36m(ClientAppActor pid=736770)[0m 
[K                 Class     Images  Instances      Box(P          R      mAP50  mAP50-95): 78% ━━━━━━━━━─── 7/9 3.3it/s 2.0s<0.6s
[36m(ClientAppActor pid=736738)[0m 
[K        3/3      1.46G      3.912      3.047      2.132         34        640: 82% ━━━━━━━━━╸── 94/115 6.2it/s 17.5s<3.4s
[36m(ClientAppActor pid=736738)[0m 
[K        3/3      1.46G      3.918      3.051      2.137         31        640: 83% ━━━━━━━━━╸── 95/115 6.4it/s 17.7s<3.1s
[36m(ClientAppActor pid=736739)[0m 
[K        3/3      1.45G       4.03      3.149      2.224         66        640: 33% ━━━╸──────── 41/124 6.1it/s 8.1s<13.5s[32m [repeated 9x across cluster][0m
[36m(ClientAppActor pid=736740)[0m 
[K        3/3      1.45G      3.752      2.743      2.087         41        640: 62% ━━━━━━━───── 74/119 6.0it/s 13.1s<7.5s[32m [repeated 13x across cluster][0m
[36m(ClientAppActor pid=736770)[0m 
[K                 Class     Images  Instances      Box(P          R      mAP50  mAP50-95): 89% ━━━━━━━━━━╸─ 8/9 3.4it/s 2.3s<0.3s
[36m(ClientAppActor pid=736738)[0m 
[K        3/3      1.46G      3.914      3.048      2.136         30        640: 83% ━━━━━━━━━━── 96/115 6.5it/s 17.8s<2.9s
[36m(ClientAppActor pid=736770)[0m 
[K                 Class     Images  Instances      Box(P          R      mAP50  mAP50-95): 100% ━━━━━━━━━━━━ 9/9 3.6it/s 2.5s
[K                 Class     Images  Instances      Box(P          R      mAP50  mAP50-95): 100% ━━━━━━━━━━━━ 9/9 3.6it/s 2.5s
[36m(ClientAppActor pid=736770)[0m                    all         69        401      0.682      0.599      0.654      0.373
[36m(ClientAppActor pid=736738)[0m 
[K        3/3      1.46G      3.913      3.046      2.134         30        640: 84% ━━━━━━━━━━── 97/115 6.6it/s 18.0s<2.7s
[36m(ClientAppActor pid=736738)[0m 
[K        3/3      1.46G       3.91      3.043      2.132         30        640: 85% ━━━━━━━━━━── 98/115 6.7it/s 18.1s<2.5s
[36m(ClientAppActor pid=736770)[0m 
[36m(ClientAppActor pid=736770)[0m 3 epochs completed in 0.020 hours.
[36m(ClientAppActor pid=736738)[0m 
[K        3/3      1.46G      3.919      3.041      2.131         31        640: 86% ━━━━━━━━━━── 99/115 7.1it/s 18.2s<2.3s
[36m(ClientAppActor pid=736770)[0m Optimizer stripped from /tmp/fl_yolo_runs_736770/train/weights/last.pt, 16.5MB
[36m(ClientAppActor pid=736770)[0m Optimizer stripped from /tmp/fl_yolo_runs_736770/train/weights/best.pt, 16.5MB
[36m(ClientAppActor pid=736770)[0m 
[36m(ClientAppActor pid=736770)[0m Validating /tmp/fl_yolo_runs_736770/train/weights/best.pt...
[36m(ClientAppActor pid=736770)[0m Ultralytics 8.3.234 Python-3.10.19 torch-2.6.0+cu124 CUDA:0 (NVIDIA RTX 5000 Ada Generation, 32220MiB)
[36m(ClientAppActor pid=736774)[0m 
[K        3/3      1.59G      3.533      2.609      2.197         56        640: 38% ━━━━──────── 45/120 6.1it/s 8.6s<12.2s[32m [repeated 11x across cluster][0m
[36m(ClientAppActor pid=736738)[0m 
[K        3/3      1.46G      3.914      3.038      2.131         46        640: 87% ━━━━━━━━━━── 100/115 7.1it/s 18.4s<2.1s
[36m(ClientAppActor pid=736770)[0m YOLOv10s summary (fused): 106 layers, 7,218,387 parameters, 0 gradients, 21.4 GFLOPs
[36m(ClientAppActor pid=736738)[0m 
[K        3/3      1.46G      3.903      3.029      2.129         22        640: 88% ━━━━━━━━━━╸─ 101/115 7.1it/s 18.5s<2.0s
[36m(ClientAppActor pid=736740)[0m 
[K        3/3      1.45G      3.747      2.745      2.089         18        640: 66% ━━━━━━━╸──── 79/119 4.3it/s 14.3s<9.4s[32m [repeated 15x across cluster][0m
[36m(ClientAppActor pid=736738)[0m 
[K        3/3      1.46G      3.903      3.022      2.129         52        640: 89% ━━━━━━━━━━╸─ 102/115 6.9it/s 18.7s<1.9s
[36m(ClientAppActor pid=736738)[0m 
[K        3/3      1.46G      3.909      3.027      2.129         15        640: 90% ━━━━━━━━━━╸─ 103/115 6.8it/s 18.8s<1.8s
[36m(ClientAppActor pid=736739)[0m 
[K        3/3      1.45G      3.977      3.156      2.225         40        640: 41% ━━━━╸─────── 51/124 5.1it/s 10.0s<14.4s[32m [repeated 9x across cluster][0m
[36m(ClientAppActor pid=736770)[0m 
[K                 Class     Images  Instances      Box(P          R      mAP50  mAP50-95): 11% ━─────────── 1/9 2.4it/s 0.1s<3.4s
[36m(ClientAppActor pid=736770)[0m 
[K                 Class     Images  Instances      Box(P          R      mAP50  mAP50-95): 22% ━━╸───────── 2/9 4.5it/s 0.2s<1.6s
[36m(ClientAppActor pid=736738)[0m 
[K        3/3      1.46G      3.912      3.028      2.129         43        640: 90% ━━━━━━━━━━╸─ 104/115 6.6it/s 19.0s<1.7s
[36m(ClientAppActor pid=736770)[0m 
[K                 Class     Images  Instances      Box(P          R      mAP50  mAP50-95): 33% ━━━━──────── 3/9 5.8it/s 0.3s<1.0s
[36m(ClientAppActor pid=736738)[0m 
[K        3/3      1.46G      3.929      3.049      2.132         10        640: 91% ━━━━━━━━━━╸─ 105/115 6.5it/s 19.2s<1.5s
[36m(ClientAppActor pid=736740)[0m 
[K        3/3      1.45G      3.747       2.74      2.083         80        640: 71% ━━━━━━━━──── 84/119 6.1it/s 15.2s<5.7s[32m [repeated 15x across cluster][0m
[36m(ClientAppActor pid=736770)[0m 
[K                 Class     Images  Instances      Box(P          R      mAP50  mAP50-95): 44% ━━━━━─────── 4/9 6.2it/s 0.5s<0.8s
[36m(ClientAppActor pid=736738)[0m 
[K        3/3      1.46G      3.931      3.048      2.131         41        640: 92% ━━━━━━━━━━━─ 106/115 6.5it/s 19.3s<1.4s
[36m(ClientAppActor pid=736770)[0m 
[K                 Class     Images  Instances      Box(P          R      mAP50  mAP50-95): 56% ━━━━━━╸───── 5/9 6.4it/s 0.6s<0.6s
[36m(ClientAppActor pid=736738)[0m 
[K        3/3      1.46G      3.923      3.039      2.131         39        640: 93% ━━━━━━━━━━━─ 107/115 6.4it/s 19.5s<1.3s
[36m(ClientAppActor pid=736739)[0m 
[K        3/3      1.45G      3.984      3.128      2.219         48        640: 45% ━━━━━─────── 56/124 5.9it/s 11.2s<11.5s[32m [repeated 11x across cluster][0m
[36m(ClientAppActor pid=736770)[0m 
[K                 Class     Images  Instances      Box(P          R      mAP50  mAP50-95): 67% ━━━━━━━━──── 6/9 6.6it/s 0.8s<0.5s
[36m(ClientAppActor pid=736770)[0m 
[K                 Class     Images  Instances      Box(P          R      mAP50  mAP50-95): 78% ━━━━━━━━━─── 7/9 6.8it/s 0.9s<0.3s
[36m(ClientAppActor pid=736738)[0m 
[K        3/3      1.46G      3.916      3.034       2.13         38        640: 94% ━━━━━━━━━━━─ 108/115 6.3it/s 19.6s<1.1s
[36m(ClientAppActor pid=736738)[0m 
[K        3/3      1.46G      3.915      3.031       2.13         40        640: 95% ━━━━━━━━━━━─ 109/115 6.6it/s 19.8s<0.9s
[36m(ClientAppActor pid=736770)[0m 
[K                 Class     Images  Instances      Box(P          R      mAP50  mAP50-95): 89% ━━━━━━━━━━╸─ 8/9 7.2it/s 1.0s<0.1s
[K                 Class     Images  Instances      Box(P          R      mAP50  mAP50-95): 100% ━━━━━━━━━━━━ 9/9 8.3it/s 1.1s
[K                 Class     Images  Instances      Box(P          R      mAP50  mAP50-95): 100% ━━━━━━━━━━━━ 9/9 8.3it/s 1.1s
[36m(ClientAppActor pid=736770)[0m                    all         69        401      0.682      0.599      0.654      0.373
[36m(ClientAppActor pid=736770)[0m Speed: 0.3ms preprocess, 1.2ms inference, 0.0ms loss, 1.8ms postprocess per image
[36m(ClientAppActor pid=736738)[0m 
[K        3/3      1.46G      3.919      3.027      2.131         29        640: 96% ━━━━━━━━━━━─ 110/115 6.4it/s 19.9s<0.8s
[36m(ClientAppActor pid=736740)[0m 
[K        3/3      1.45G      3.746       2.73      2.085         38        640: 75% ━━━━━━━━╸─── 89/119 6.9it/s 15.9s<4.4s[32m [repeated 12x across cluster][0m
[36m(ClientAppActor pid=736770)[0m [Client 4] Training complete:
[36m(ClientAppActor pid=736770)[0m   mAP50: 0.6535, mAP50-95: 0.3730
[36m(ClientAppActor pid=736770)[0m   Precision: 0.6824, Recall: 0.5985
[36m(ClientAppActor pid=736770)[0m   BN Stats: μ=0.0000, σ=0.0000
[36m(ClientAppActor pid=736738)[0m 
[K        3/3      1.46G       3.92      3.026       2.13         25        640: 97% ━━━━━━━━━━━╸ 111/115 6.8it/s 20.1s<0.6s
[36m(ClientAppActor pid=736739)[0m 
[K        3/3      1.45G      3.973      3.117      2.217         48        640: 49% ━━━━━╸────── 61/124 6.5it/s 11.9s<9.7s[32m [repeated 9x across cluster][0m
[36m(ClientAppActor pid=736738)[0m 
[K        3/3      1.46G      3.924      3.032      2.128         12        640: 97% ━━━━━━━━━━━╸ 112/115 5.8it/s 20.4s<0.5s
[36m(ClientAppActor pid=736738)[0m 
[K        3/3      1.46G      3.922      3.034      2.133         36        640: 98% ━━━━━━━━━━━╸ 113/115 4.8it/s 20.8s<0.4s
[36m(ClientAppActor pid=736738)[0m 
[K        3/3      1.46G      3.926      3.037      2.131         11        640: 99% ━━━━━━━━━━━╸ 114/115 4.1it/s 21.2s<0.2s
[K        3/3      1.46G      3.926      3.037      2.131         11        640: 100% ━━━━━━━━━━━━ 115/115 5.4it/s 21.2s
[K        3/3      1.46G      3.926      3.037      2.131         11        640: 100% ━━━━━━━━━━━━ 115/115 5.4it/s 21.2s
[36m(ClientAppActor pid=736739)[0m 
[K        3/3      1.45G      3.968      3.117      2.208         35        640: 54% ━━━━━━────── 67/124 7.2it/s 12.8s<7.9s[32m [repeated 12x across cluster][0m
[36m(ClientAppActor pid=736738)[0m 
[K                 Class     Images  Instances      Box(P          R      mAP50  mAP50-95): 10% ━─────────── 1/10 1.6it/s 0.2s<5.8s
[36m(ClientAppActor pid=736737)[0m 
[K        2/3      1.44G      4.147      3.189      2.187         50        640: 79% ━━━━━━━━━─── 143/181 7.1it/s 25.5s<5.4s[32m [repeated 13x across cluster][0m
[36m(ClientAppActor pid=736738)[0m 
[K                 Class     Images  Instances      Box(P          R      mAP50  mAP50-95): 20% ━━────────── 2/10 2.3it/s 0.4s<3.5s
[36m(ClientAppActor pid=736738)[0m 
[K                 Class     Images  Instances      Box(P          R      mAP50  mAP50-95): 30% ━━━╸──────── 3/10 2.9it/s 0.7s<2.5s
[36m(ClientAppActor pid=736738)[0m 
[K                 Class     Images  Instances      Box(P          R      mAP50  mAP50-95): 40% ━━━━╸─────── 4/10 3.2it/s 0.9s<1.9s
[36m(ClientAppActor pid=736739)[0m 
[K        3/3      1.45G      3.965      3.126      2.208         52        640: 58% ━━━━━━╸───── 72/124 7.0it/s 13.5s<7.4s[32m [repeated 9x across cluster][0m
[36m(ClientAppActor pid=736737)[0m 
[K        2/3      1.44G      4.144      3.186      2.186         31        640: 83% ━━━━━━━━━╸── 150/181 6.8it/s 26.5s<4.5s[32m [repeated 12x across cluster][0m
[36m(ClientAppActor pid=736738)[0m 
[K                 Class     Images  Instances      Box(P          R      mAP50  mAP50-95): 50% ━━━━━━────── 5/10 3.6it/s 1.2s<1.4s
[36m(ClientAppActor pid=736738)[0m 
[K                 Class     Images  Instances      Box(P          R      mAP50  mAP50-95): 60% ━━━━━━━───── 6/10 4.1it/s 1.3s<1.0s
[36m(ClientAppActor pid=736738)[0m 
[K                 Class     Images  Instances      Box(P          R      mAP50  mAP50-95): 70% ━━━━━━━━──── 7/10 4.3it/s 1.6s<0.7s
[36m(ClientAppActor pid=736739)[0m 
[K        3/3      1.45G      3.968      3.126      2.208         27        640: 62% ━━━━━━━───── 77/124 7.1it/s 14.2s<6.6s[32m [repeated 11x across cluster][0m
[36m(ClientAppActor pid=736737)[0m 
[K        2/3      1.44G      4.151      3.184       2.18         46        640: 87% ━━━━━━━━━━── 158/181 5.3it/s 28.3s<4.4s[32m [repeated 13x across cluster][0m
[36m(ClientAppActor pid=736740)[0m 
[K                 Class     Images  Instances      Box(P          R      mAP50  mAP50-95): 27% ━━━───────── 3/11 3.4it/s 0.6s<2.4s
[36m(ClientAppActor pid=736738)[0m 
[K                 Class     Images  Instances      Box(P          R      mAP50  mAP50-95): 80% ━━━━━━━━━╸── 8/10 4.6it/s 1.7s<0.4s
[36m(ClientAppActor pid=736740)[0m 
[K                 Class     Images  Instances      Box(P          R      mAP50  mAP50-95): 36% ━━━━──────── 4/11 4.0it/s 0.8s<1.8s
[36m(ClientAppActor pid=736738)[0m 
[K                 Class     Images  Instances      Box(P          R      mAP50  mAP50-95): 90% ━━━━━━━━━━╸─ 9/10 4.7it/s 1.9s<0.2s
[36m(ClientAppActor pid=736738)[0m 
[K                 Class     Images  Instances      Box(P          R      mAP50  mAP50-95): 100% ━━━━━━━━━━━━ 10/10 4.7it/s 2.1s
[K                 Class     Images  Instances      Box(P          R      mAP50  mAP50-95): 100% ━━━━━━━━━━━━ 10/10 4.7it/s 2.1s
[36m(ClientAppActor pid=736740)[0m 
[K                 Class     Images  Instances      Box(P          R      mAP50  mAP50-95): 45% ━━━━━─────── 5/11 4.2it/s 1.0s<1.4s
[36m(ClientAppActor pid=736738)[0m                    all         80        576      0.746      0.535       0.65      0.342
[36m(ClientAppActor pid=736740)[0m 
[K                 Class     Images  Instances      Box(P          R      mAP50  mAP50-95): 55% ━━━━━━╸───── 6/11 4.6it/s 1.2s<1.1s
[36m(ClientAppActor pid=736737)[0m 
[K        2/3      1.44G      4.146      3.178      2.182         39        640: 91% ━━━━━━━━━━╸─ 165/181 8.1it/s 29.1s<2.0s[32m [repeated 12x across cluster][0m
[36m(ClientAppActor pid=736738)[0m 
[36m(ClientAppActor pid=736738)[0m 3 epochs completed in 0.023 hours.
[36m(ClientAppActor pid=736740)[0m 
[K                 Class     Images  Instances      Box(P          R      mAP50  mAP50-95): 64% ━━━━━━━╸──── 7/11 5.3it/s 1.3s<0.8s
[36m(ClientAppActor pid=736739)[0m 
[K        3/3      1.45G      3.969      3.113       2.21         45        640: 66% ━━━━━━━╸──── 82/124 4.3it/s 15.6s<9.8s[32m [repeated 9x across cluster][0m
[36m(ClientAppActor pid=736738)[0m Optimizer stripped from /tmp/fl_yolo_runs_736738/train/weights/last.pt, 16.5MB
[36m(ClientAppActor pid=736740)[0m 
[K                 Class     Images  Instances      Box(P          R      mAP50  mAP50-95): 73% ━━━━━━━━╸─── 8/11 5.6it/s 1.5s<0.5s
[36m(ClientAppActor pid=736737)[0m 
[K        2/3      1.44G      4.136      3.163      2.181         56        640: 100% ━━━━━━━━━━━━ 181/181 5.9it/s 30.7s
[K        2/3      1.44G      4.136      3.163      2.181         56        640: 100% ━━━━━━━━━━━━ 181/181 5.9it/s 30.7s
[36m(ClientAppActor pid=736738)[0m Optimizer stripped from /tmp/fl_yolo_runs_736738/train/weights/best.pt, 16.5MB
[36m(ClientAppActor pid=736738)[0m 
[36m(ClientAppActor pid=736738)[0m Validating /tmp/fl_yolo_runs_736738/train/weights/best.pt...
[36m(ClientAppActor pid=736738)[0m Ultralytics 8.3.234 Python-3.10.19 torch-2.6.0+cu124 CUDA:0 (NVIDIA RTX 5000 Ada Generation, 32220MiB)
[36m(ClientAppActor pid=736738)[0m YOLOv10s summary (fused): 106 layers, 7,218,387 parameters, 0 gradients, 21.4 GFLOPs
[36m(ClientAppActor pid=736737)[0m 
[K                 Class     Images  Instances      Box(P          R      mAP50  mAP50-95): 6% ╸─────────── 1/17 2.1it/s 0.1s<7.6s
[36m(ClientAppActor pid=736739)[0m 
[K        3/3      1.45G      3.987       3.14      2.217         44        640: 70% ━━━━━━━━──── 87/124 7.3it/s 16.2s<5.1s[32m [repeated 11x across cluster][0m
[36m(ClientAppActor pid=736738)[0m 
[K                 Class     Images  Instances      Box(P          R      mAP50  mAP50-95): 40% ━━━━╸─────── 4/10 8.5it/s 0.3s<0.7s
[36m(ClientAppActor pid=736774)[0m 
[K        3/3      1.59G      3.521      2.565      2.187        126        640: 92% ━━━━━━━━━━━─ 110/120 10.6it/s 18.4s<0.9s[32m [repeated 14x across cluster][0m
[36m(ClientAppActor pid=736738)[0m 
[K                 Class     Images  Instances      Box(P          R      mAP50  mAP50-95): 60% ━━━━━━━───── 6/10 11.0it/s 0.4s<0.4s
[36m(ClientAppActor pid=736740)[0m 
[36m(ClientAppActor pid=736737)[0m 
[K                 Class     Images  Instances      Box(P          R      mAP50  mAP50-95): 24% ━━╸───────── 4/17 5.5it/s 0.6s<2.4s
[36m(ClientAppActor pid=736740)[0m 
[36m(ClientAppActor pid=736738)[0m   mAP50: 0.6499, mAP50-95: 0.3423
[36m(ClientAppActor pid=736737)[0m 
[K                 Class     Images  Instances      Box(P          R      mAP50  mAP50-95): 47% ━━━━━╸────── 8/17 7.2it/s 1.1s<1.2s
[36m(ClientAppActor pid=736738)[0m Speed: 0.2ms preprocess, 0.9ms inference, 0.0ms loss, 0.6ms postprocess per image
[36m(ClientAppActor pid=736739)[0m 
[K        3/3      1.45G      3.976      3.125      2.226         43        640: 74% ━━━━━━━━╸─── 92/124 8.7it/s 16.8s<3.7s[32m [repeated 9x across cluster][0m
[36m(ClientAppActor pid=736738)[0m [Client 6] Training complete:
[36m(ClientAppActor pid=736738)[0m   Precision: 0.7465, Recall: 0.5369
[36m(ClientAppActor pid=736738)[0m   BN Stats: μ=0.0000, σ=0.0000
[36m(ClientAppActor pid=736739)[0m 
[K        3/3      1.45G      3.961      3.071      2.203         60        640: 98% ━━━━━━━━━━━╸ 121/124 11.8it/s 19.6s<0.3s[32m [repeated 11x across cluster][0m
[36m(ClientAppActor pid=736740)[0m 
[K                 Class     Images  Instances      Box(P          R      mAP50  mAP50-95): 55% ━━━━━━╸───── 6/11 11.1it/s 0.4s<0.5s
[36m(ClientAppActor pid=736774)[0m 
[K                 Class     Images  Instances      Box(P          R      mAP50  mAP50-95): 13% ━╸────────── 2/15 3.3it/s 0.3s<3.9s
[36m(ClientAppActor pid=736740)[0m 
[K                 Class     Images  Instances      Box(P          R      mAP50  mAP50-95): 73% ━━━━━━━━╸─── 8/11 10.8it/s 0.5s<0.3s
[36m(ClientAppActor pid=736737)[0m 
[K                 Class     Images  Instances      Box(P          R      mAP50  mAP50-95): 76% ━━━━━━━━━─── 13/17 6.0it/s 1.9s<0.7s
[36m(ClientAppActor pid=736740)[0m Speed: 0.1ms preprocess, 3.4ms inference, 0.0ms loss, 0.8ms postprocess per image
[36m(ClientAppActor pid=736739)[0m 
[K        3/3      1.45G      3.958      3.065      2.202         63        640: 99% ━━━━━━━━━━━╸ 123/124 6.9it/s 20.6s<0.1s
[K        3/3      1.45G      3.958      3.065      2.202         63        640: 100% ━━━━━━━━━━━━ 124/124 6.0it/s 20.6s
[K        3/3      1.45G      3.958      3.065      2.202         63        640: 100% ━━━━━━━━━━━━ 124/124 6.0it/s 20.6s[32m [repeated 2x across cluster][0m
[36m(ClientAppActor pid=736740)[0m [Client 0] Training complete:
[36m(ClientAppActor pid=736740)[0m   mAP50: 0.4988, mAP50-95: 0.2651
[36m(ClientAppActor pid=736740)[0m   Precision: 0.5620, Recall: 0.4416
[36m(ClientAppActor pid=736740)[0m   BN Stats: μ=0.0000, σ=0.0000
[36m(ClientAppActor pid=736740)[0m [Client 0] Applying SignFlippingAttack attack...
[36m(ClientAppActor pid=736737)[0m 
[K                 Class     Images  Instances      Box(P          R      mAP50  mAP50-95): 94% ━━━━━━━━━━━─ 16/17 5.6it/s 2.5s<0.2s
[K                 Class     Images  Instances      Box(P          R      mAP50  mAP50-95): 100% ━━━━━━━━━━━━ 17/17 6.5it/s 2.6s
[K                 Class     Images  Instances      Box(P          R      mAP50  mAP50-95): 100% ━━━━━━━━━━━━ 17/17 6.5it/s 2.6s
[36m(ClientAppActor pid=736737)[0m 
[K                 Class     Images  Instances      Box(P          R      mAP50  mAP50-95): 12% ━─────────── 2/17 3.8it/s 0.3s<4.0s[32m [repeated 2x across cluster][0m
[36m(ClientAppActor pid=736740)[0m [Client 0] Attack applied
[36m(ClientAppActor pid=736737)[0m 
[36m(ClientAppActor pid=736737)[0m       Epoch    GPU_mem   box_loss   cls_loss   dfl_loss  Instances       Size
[36m(ClientAppActor pid=736739)[0m 
[K        3/3      1.45G      3.972      3.105       2.22         99        640: 79% ━━━━━━━━━─── 98/124 9.6it/s 17.4s<2.7s[32m [repeated 11x across cluster][0m
[36m(ClientAppActor pid=736737)[0m 
[K        3/3      1.44G      4.335      2.904      2.168         53        640: 1% ──────────── 1/181 1.9it/s 0.2s<1:34
[36m(ClientAppActor pid=736739)[0m 
[K                 Class     Images  Instances      Box(P          R      mAP50  mAP50-95): 18% ━━────────── 2/11 3.7it/s 0.2s<2.4s[32m [repeated 6x across cluster][0m
[36m(ClientAppActor pid=736774)[0m 
[K                 Class     Images  Instances      Box(P          R      mAP50  mAP50-95): 87% ━━━━━━━━━━── 13/15 12.6it/s 1.6s<0.2s
[36m(ClientAppActor pid=736737)[0m 
[K        3/3      1.44G      4.207      2.761       2.19         42        640: 2% ──────────── 3/181 5.6it/s 0.3s<31.5s
[36m(ClientAppActor pid=736737)[0m 
[K        3/3      1.44G      4.158      2.696      2.152         41        640: 3% ──────────── 5/181 8.7it/s 0.4s<20.3s
[36m(ClientAppActor pid=736739)[0m 
[K                 Class     Images  Instances      Box(P          R      mAP50  mAP50-95): 91% ━━━━━━━━━━╸─ 10/11 11.8it/s 0.8s<0.1s
[K                 Class     Images  Instances      Box(P          R      mAP50  mAP50-95): 100% ━━━━━━━━━━━━ 11/11 14.0it/s 0.8s
[K                 Class     Images  Instances      Box(P          R      mAP50  mAP50-95): 100% ━━━━━━━━━━━━ 11/11 14.0it/s 0.8s
[36m(ClientAppActor pid=736737)[0m 
[K                 Class     Images  Instances      Box(P          R      mAP50  mAP50-95): 29% ━━━╸──────── 5/17 6.4it/s 0.7s<1.9s
[36m(ClientAppActor pid=736737)[0m 
[K        3/3      1.44G      4.037       2.65      2.123         71        640: 4% ──────────── 7/181 11.0it/s 0.5s<15.8s
[36m(ClientAppActor pid=736774)[0m 
[36m(ClientAppActor pid=736737)[0m 
[K        3/3      1.44G      4.108      2.715      2.118         40        640: 5% ╸─────────── 9/181 13.3it/s 0.7s<12.9s
[36m(ClientAppActor pid=736739)[0m 
[36m(ClientAppActor pid=736737)[0m 
[K                 Class     Images  Instances      Box(P          R      mAP50  mAP50-95): 41% ━━━━╸─────── 7/17 7.3it/s 0.9s<1.4s
[36m(ClientAppActor pid=736737)[0m 
[K        3/3      1.44G      4.103      2.883      2.138         44        640: 6% ╸─────────── 11/181 14.8it/s 0.8s<11.5s
[36m(ClientAppActor pid=736774)[0m 
[36m(ClientAppActor pid=736737)[0m 
[K        3/3      1.44G      4.102      2.866      2.113         44        640: 8% ╸─────────── 14/181 17.7it/s 0.9s<9.4s
[36m(ClientAppActor pid=736739)[0m 
[36m(ClientAppActor pid=736739)[0m 
[K        3/3      1.45G      3.966      3.098      2.219         57        640: 82% ━━━━━━━━━╸── 102/124 9.1it/s 17.9s<2.4s[32m [repeated 7x across cluster][0m
[36m(ClientAppActor pid=736737)[0m 
[K                 Class     Images  Instances      Box(P          R      mAP50  mAP50-95): 53% ━━━━━━────── 9/17 7.8it/s 1.2s<1.0s
[36m(ClientAppActor pid=736737)[0m 
[K        3/3      1.44G      4.077      2.852      2.095         17        640: 9% ━─────────── 17/181 18.8it/s 1.0s<8.7s
[36m(ClientAppActor pid=736737)[0m 
[K        3/3      1.44G      4.025      2.877      2.112         21        640: 10% ━─────────── 19/181 18.2it/s 1.1s<8.9s
[36m(ClientAppActor pid=736774)[0m 
[K                 Class     Images  Instances      Box(P          R      mAP50  mAP50-95): 60% ━━━━━━━───── 9/15 11.1it/s 1.3s<0.5s[32m [repeated 2x across cluster][0m
[36m(ClientAppActor pid=736774)[0m 
[K                 Class     Images  Instances      Box(P          R      mAP50  mAP50-95): 53% ━━━━━━────── 8/15 14.9it/s 0.3s<0.5s
[36m(ClientAppActor pid=736737)[0m 
[K        3/3      1.44G      4.055      2.881      2.098         46        640: 12% ━─────────── 21/181 17.2it/s 1.3s<9.3s
[36m(ClientAppActor pid=736737)[0m 
[K                 Class     Images  Instances      Box(P          R      mAP50  mAP50-95): 71% ━━━━━━━━──── 12/17 6.8it/s 1.7s<0.7s
[36m(ClientAppActor pid=736739)[0m 
[K                 Class     Images  Instances      Box(P          R      mAP50  mAP50-95): 82% ━━━━━━━━━╸── 9/11 18.3it/s 0.3s<0.1s
[K                 Class     Images  Instances      Box(P          R      mAP50  mAP50-95): 100% ━━━━━━━━━━━━ 11/11 30.5it/s 0.4s
[K                 Class     Images  Instances      Box(P          R      mAP50  mAP50-95): 100% ━━━━━━━━━━━━ 11/11 30.5it/s 0.4s
[36m(ClientAppActor pid=736739)[0m 
[K        3/3      1.45G      3.962      3.089      2.213         57        640: 86% ━━━━━━━━━━── 107/124 10.0it/s 18.4s<1.7s[32m [repeated 7x across cluster][0m
[36m(ClientAppActor pid=736739)[0m 
[K                 Class     Images  Instances      Box(P          R      mAP50  mAP50-95): 27% ━━━───────── 3/11 7.6it/s 0.1s<1.1s[32m [repeated 3x across cluster][0m
[36m(ClientAppActor pid=736737)[0m 
[K        3/3      1.44G       4.05      2.905      2.088         22        640: 13% ━╸────────── 23/181 15.8it/s 1.4s<10.0s
[36m(ClientAppActor pid=736737)[0m 
[K        3/3      1.44G       4.04      2.915      2.101         20        640: 14% ━╸────────── 25/181 16.4it/s 1.6s<9.5s
[36m(ClientAppActor pid=736737)[0m 
[K                 Class     Images  Instances      Box(P          R      mAP50  mAP50-95): 82% ━━━━━━━━━╸── 14/17 5.5it/s 2.1s<0.5s[32m [repeated 4x across cluster][0m
[36m(ClientAppActor pid=736739)[0m   mAP50: 0.4566, mAP50-95: 0.2170
[36m(ClientAppActor pid=736739)[0m 
[K                 Class     Images  Instances      Box(P          R      mAP50  mAP50-95): 36% ━━━━──────── 4/11 6.4it/s 0.3s<1.1s[32m [repeated 4x across cluster][0m
[36m(ClientAppActor pid=736774)[0m   mAP50: 0.5423, mAP50-95: 0.2693
[36m(ClientAppActor pid=736737)[0m 
[K        3/3      1.44G      4.065      2.925      2.102         54        640: 15% ━╸────────── 28/181 17.7it/s 1.7s<8.6s
[36m(ClientAppActor pid=736737)[0m 
[K        3/3      1.44G      4.103      2.944      2.104         23        640: 17% ━━────────── 31/181 18.8it/s 1.8s<8.0s
[36m(ClientAppActor pid=736737)[0m 
[K                 Class     Images  Instances      Box(P          R      mAP50  mAP50-95): 88% ━━━━━━━━━━╸─ 15/17 5.1it/s 2.4s<0.4s[32m [repeated 3x across cluster][0m
[36m(ClientAppActor pid=736774)[0m 
[K                 Class     Images  Instances      Box(P          R      mAP50  mAP50-95): 100% ━━━━━━━━━━━━ 15/15 8.7it/s 1.7s
[K                 Class     Images  Instances      Box(P          R      mAP50  mAP50-95): 100% ━━━━━━━━━━━━ 15/15 8.7it/s 1.7s[32m [repeated 4x across cluster][0m
[36m(ClientAppActor pid=736737)[0m 
[K        3/3      1.44G      4.107      2.932      2.108         42        640: 19% ━━────────── 34/181 19.9it/s 2.0s<7.4s
[36m(ClientAppActor pid=736774)[0m                    all        115       1013      0.618      0.507      0.542      0.269[32m [repeated 8x across cluster][0m
[36m(ClientAppActor pid=736737)[0m 
[K        3/3      1.44G        4.1      2.923       2.12         40        640: 20% ━━────────── 36/181 19.7it/s 2.1s<7.4s
[36m(ClientAppActor pid=736739)[0m 
[K                 Class     Images  Instances      Box(P          R      mAP50  mAP50-95): 55% ━━━━━━╸───── 6/11 13.5it/s 0.2s<0.4s[32m [repeated 2x across cluster][0m
[36m(ClientAppActor pid=736737)[0m 
[K        3/3      1.44G      4.097      2.944      2.136         38        640: 22% ━━╸───────── 39/181 20.6it/s 2.2s<6.9s
[36m(ClientAppActor pid=736739)[0m 
[K        3/3      1.45G       3.96      3.078      2.206         46        640: 91% ━━━━━━━━━━╸─ 113/124 10.4it/s 18.9s<1.1s[32m [repeated 5x across cluster][0m
[36m(ClientAppActor pid=736739)[0m 3 epochs completed in 0.022 hours.[32m [repeated 3x across cluster][0m
[36m(ClientAppActor pid=736737)[0m 
[K                 Class     Images  Instances      Box(P          R      mAP50  mAP50-95): 65% ━━━━━━━╸──── 11/17 7.9it/s 1.4s<0.8s
[36m(ClientAppActor pid=736737)[0m 
[K        3/3      1.44G      4.158      2.994      2.139         75        640: 23% ━━╸───────── 42/181 21.2it/s 2.3s<6.6s
[36m(ClientAppActor pid=736739)[0m Optimizer stripped from /tmp/fl_yolo_runs_736739/train/weights/best.pt, 16.5MB[32m [repeated 6x across cluster][0m
[36m(ClientAppActor pid=736774)[0m 
[K                 Class     Images  Instances      Box(P          R      mAP50  mAP50-95): 73% ━━━━━━━━╸─── 11/15 18.8it/s 0.4s<0.2s[32m [repeated 3x across cluster][0m
[36m(ClientAppActor pid=736774)[0m 
[K        3/3      1.59G      3.514      2.567      2.188          3        640: 100% ━━━━━━━━━━━━ 120/120 6.3it/s 19.2s
[K        3/3      1.59G      3.514      2.567      2.188          3        640: 100% ━━━━━━━━━━━━ 120/120 6.3it/s 19.2s
[36m(ClientAppActor pid=736737)[0m 
[K        3/3      1.44G      4.149      2.981      2.146         29        640: 25% ━━╸───────── 45/181 21.6it/s 2.5s<6.3s
[36m(ClientAppActor pid=736739)[0m Validating /tmp/fl_yolo_runs_736739/train/weights/best.pt...[32m [repeated 3x across cluster][0m
[36m(ClientAppActor pid=736739)[0m Ultralytics 8.3.234 Python-3.10.19 torch-2.6.0+cu124 CUDA:0 (NVIDIA RTX 5000 Ada Generation, 32220MiB)[32m [repeated 3x across cluster][0m
[36m(ClientAppActor pid=736739)[0m YOLOv10s summary (fused): 106 layers, 7,218,387 parameters, 0 gradients, 21.4 GFLOPs[32m [repeated 3x across cluster][0m
[36m(ClientAppActor pid=736774)[0m 
[K                 Class     Images  Instances      Box(P          R      mAP50  mAP50-95): 7% ╸─────────── 1/15 2.6it/s 0.1s<5.4s
[36m(ClientAppActor pid=736737)[0m 
[K        3/3      1.44G      4.142      2.971      2.151         64        640: 26% ━━━───────── 47/181 20.8it/s 2.6s<6.4s
[36m(ClientAppActor pid=736737)[0m 
[K        3/3      1.44G      4.154      2.989      2.156         35        640: 28% ━━━───────── 50/181 21.3it/s 2.7s<6.1s
[36m(ClientAppActor pid=736737)[0m 
[K        3/3      1.44G      4.153      2.997      2.147         40        640: 29% ━━━╸──────── 53/181 21.7it/s 2.8s<5.9s
[36m(ClientAppActor pid=736737)[0m 
[K        3/3      1.44G       4.15      3.001      2.148         44        640: 31% ━━━╸──────── 56/181 22.0it/s 3.0s<5.7s
[36m(ClientAppActor pid=736739)[0m 
[K        3/3      1.45G      3.964      3.074      2.202         54        640: 94% ━━━━━━━━━━━─ 117/124 11.0it/s 19.3s<0.6s[32m [repeated 4x across cluster][0m
[36m(ClientAppActor pid=736737)[0m 
[K        3/3      1.44G       4.13      2.972      2.148         50        640: 33% ━━━╸──────── 59/181 22.1it/s 3.1s<5.5s
[36m(ClientAppActor pid=736737)[0m 
[K        3/3      1.44G      4.124      2.967      2.146         25        640: 34% ━━━━──────── 61/181 21.2it/s 3.2s<5.7s
[36m(ClientAppActor pid=736737)[0m 
[K        3/3      1.44G      4.135      2.991      2.148         38        640: 35% ━━━━──────── 64/181 21.6it/s 3.3s<5.4s
[36m(ClientAppActor pid=736737)[0m 
[K        3/3      1.44G      4.117      2.971      2.154         34        640: 37% ━━━━──────── 67/181 22.0it/s 3.5s<5.2s
[36m(ClientAppActor pid=736774)[0m 
[K                 Class     Images  Instances      Box(P          R      mAP50  mAP50-95): 47% ━━━━━╸────── 7/15 8.3it/s 1.2s<1.0s
[36m(ClientAppActor pid=736737)[0m 
[K        3/3      1.44G      4.114      2.966      2.148         63        640: 39% ━━━━╸─────── 70/181 22.2it/s 3.6s<5.0s
[36m(ClientAppActor pid=736737)[0m 
[K        3/3      1.44G      4.099      2.964      2.154         51        640: 40% ━━━━╸─────── 73/181 21.6it/s 3.8s<5.0s
[36m(ClientAppActor pid=736739)[0m 
[K        3/3      1.45G      3.963      3.069      2.202         51        640: 98% ━━━━━━━━━━━╸ 122/124 9.3it/s 19.9s<0.2s
[36m(ClientAppActor pid=736737)[0m 
[K        3/3      1.44G      4.092      2.957      2.149         60        640: 42% ━━━━━─────── 76/181 21.9it/s 3.9s<4.8s
[36m(ClientAppActor pid=736737)[0m 
[K        3/3      1.44G      4.103      2.952       2.15         68        640: 44% ━━━━━─────── 79/181 22.1it/s 4.0s<4.6s
[36m(ClientAppActor pid=736737)[0m 
[K        3/3      1.44G      4.105      2.954      2.154         25        640: 45% ━━━━━─────── 82/181 22.2it/s 4.2s<4.5s
[36m(ClientAppActor pid=736737)[0m 
[K        3/3      1.44G      4.089      2.941      2.157         37        640: 47% ━━━━━╸────── 85/181 22.3it/s 4.3s<4.3s
[36m(ClientAppActor pid=736737)[0m 
[K        3/3      1.44G      4.088       2.94      2.159         34        640: 48% ━━━━━╸────── 87/181 21.3it/s 4.4s<4.4s
[36m(ClientAppActor pid=736774)[0m Speed: 0.1ms preprocess, 0.8ms inference, 0.0ms loss, 0.4ms postprocess per image[32m [repeated 2x across cluster][0m
[36m(ClientAppActor pid=736737)[0m 
[K        3/3      1.44G      4.087      2.941      2.157         86        640: 50% ━━━━━╸────── 90/181 21.6it/s 4.5s<4.2s
[36m(ClientAppActor pid=736737)[0m 
[K        3/3      1.44G      4.059      2.929      2.156         27        640: 51% ━━━━━━────── 93/181 21.9it/s 4.7s<4.0s
[36m(ClientAppActor pid=736737)[0m 
[K        3/3      1.44G      4.058       2.93      2.159         21        640: 53% ━━━━━━────── 96/181 22.1it/s 4.8s<3.8s
[36m(ClientAppActor pid=736737)[0m 
[K        3/3      1.44G      4.052      2.921      2.161         47        640: 55% ━━━━━━╸───── 99/181 22.2it/s 4.9s<3.7s
[36m(ClientAppActor pid=736774)[0m [Client 3] Training complete:[32m [repeated 2x across cluster][0m
[36m(ClientAppActor pid=736774)[0m   Precision: 0.6185, Recall: 0.5073[32m [repeated 2x across cluster][0m
[36m(ClientAppActor pid=736774)[0m   BN Stats: μ=0.0000, σ=0.0000[32m [repeated 2x across cluster][0m
[36m(ClientAppActor pid=736739)[0m [Client 1] Applying SignFlippingAttack attack...
[36m(ClientAppActor pid=736774)[0m 
[K                 Class     Images  Instances      Box(P          R      mAP50  mAP50-95): 93% ━━━━━━━━━━━─ 14/15 21.3it/s 0.5s<0.0s
[K                 Class     Images  Instances      Box(P          R      mAP50  mAP50-95): 100% ━━━━━━━━━━━━ 15/15 29.6it/s 0.5s
[K                 Class     Images  Instances      Box(P          R      mAP50  mAP50-95): 100% ━━━━━━━━━━━━ 15/15 29.6it/s 0.5s
[36m(ClientAppActor pid=736737)[0m 
[K        3/3      1.44G      4.048      2.916       2.16         63        640: 56% ━━━━━━╸───── 101/181 21.3it/s 5.0s<3.8s
[36m(ClientAppActor pid=736739)[0m [Client 1] Attack applied
[36m(ClientAppActor pid=736737)[0m 
[K        3/3      1.44G      4.037      2.903      2.158         58        640: 57% ━━━━━━╸───── 104/181 21.7it/s 5.2s<3.5s
[36m(ClientAppActor pid=736737)[0m 
[K        3/3      1.44G      4.029      2.895      2.155         41        640: 59% ━━━━━━━───── 107/181 22.0it/s 5.3s<3.4s
[36m(ClientAppActor pid=736737)[0m 
[K        3/3      1.44G      4.026      2.899      2.155         67        640: 61% ━━━━━━━───── 110/181 22.2it/s 5.4s<3.2s
[36m(ClientAppActor pid=736737)[0m 
[K        3/3      1.44G      4.027      2.914      2.155         16        640: 62% ━━━━━━━───── 113/181 22.5it/s 5.6s<3.0s
[36m(ClientAppActor pid=736737)[0m 
[K        3/3      1.44G      4.035      2.917      2.154         76        640: 64% ━━━━━━━╸──── 115/181 21.5it/s 5.7s<3.1s
[36m(ClientAppActor pid=736737)[0m 
[K        3/3      1.44G      4.035      2.911      2.156         69        640: 65% ━━━━━━━╸──── 118/181 21.8it/s 5.8s<2.9s
[36m(ClientAppActor pid=736737)[0m 
[K        3/3      1.44G      4.029        2.9      2.154         51        640: 67% ━━━━━━━━──── 121/181 22.0it/s 5.9s<2.7s
[36m(ClientAppActor pid=736737)[0m 
[K        3/3      1.44G      4.026      2.895      2.157         61        640: 69% ━━━━━━━━──── 124/181 22.2it/s 6.1s<2.6s
[36m(ClientAppActor pid=736737)[0m 
[K        3/3      1.44G      4.023      2.894      2.155         33        640: 70% ━━━━━━━━──── 127/181 22.3it/s 6.2s<2.4s
[36m(ClientAppActor pid=736737)[0m 
[K        3/3      1.44G      4.027      2.888      2.153         60        640: 71% ━━━━━━━━╸─── 129/181 21.3it/s 6.3s<2.4s
[36m(ClientAppActor pid=736737)[0m 
[K        3/3      1.44G      4.034      2.883      2.149         59        640: 73% ━━━━━━━━╸─── 132/181 21.7it/s 6.4s<2.3s
[36m(ClientAppActor pid=736737)[0m 
[K        3/3      1.44G      4.028      2.889      2.151         31        640: 75% ━━━━━━━━╸─── 135/181 22.1it/s 6.6s<2.1s
[36m(ClientAppActor pid=736737)[0m 
[K        3/3      1.44G      4.026      2.887       2.15         49        640: 76% ━━━━━━━━━─── 138/181 22.3it/s 6.7s<1.9s
[36m(ClientAppActor pid=736737)[0m 
[K        3/3      1.44G      4.025      2.881      2.151         96        640: 78% ━━━━━━━━━─── 141/181 22.5it/s 6.8s<1.8s
[36m(ClientAppActor pid=736737)[0m 
[K        3/3      1.44G      4.023      2.877       2.15         51        640: 80% ━━━━━━━━━╸── 144/181 21.8it/s 7.0s<1.7s
[36m(ClientAppActor pid=736737)[0m 
[K        3/3      1.44G      4.029      2.881      2.149         63        640: 81% ━━━━━━━━━╸── 147/181 22.1it/s 7.1s<1.5s
[36m(ClientAppActor pid=736737)[0m 
[K        3/3      1.44G      4.029      2.888      2.147         55        640: 83% ━━━━━━━━━╸── 150/181 22.2it/s 7.2s<1.4s
[36m(ClientAppActor pid=736737)[0m 
[K        3/3      1.44G      4.031      2.895      2.144         49        640: 85% ━━━━━━━━━━── 153/181 22.2it/s 7.4s<1.3s
[36m(ClientAppActor pid=736737)[0m 
[K        3/3      1.44G      4.021      2.886      2.143         31        640: 86% ━━━━━━━━━━── 156/181 22.4it/s 7.5s<1.1s
[36m(ClientAppActor pid=736737)[0m 
[K        3/3      1.44G      4.026      2.886      2.144         68        640: 88% ━━━━━━━━━━╸─ 159/181 21.7it/s 7.7s<1.0s
[36m(ClientAppActor pid=736737)[0m 
[K        3/3      1.49G       4.02      2.881      2.144        115        640: 90% ━━━━━━━━━━╸─ 162/181 21.9it/s 7.8s<0.9s
[36m(ClientAppActor pid=736737)[0m 
[K        3/3      1.49G       4.02      2.882      2.142         46        640: 91% ━━━━━━━━━━╸─ 165/181 22.2it/s 7.9s<0.7s
[36m(ClientAppActor pid=736737)[0m 
[K        3/3      1.49G      4.023       2.89      2.145         20        640: 93% ━━━━━━━━━━━─ 168/181 22.3it/s 8.1s<0.6s
[36m(ClientAppActor pid=736737)[0m 
[K        3/3      1.49G      4.036      2.899      2.144         54        640: 94% ━━━━━━━━━━━─ 171/181 22.4it/s 8.2s<0.4s
[36m(ClientAppActor pid=736737)[0m 
[K        3/3      1.49G      4.032      2.897      2.142         26        640: 96% ━━━━━━━━━━━╸ 174/181 22.5it/s 8.3s<0.3s
[36m(ClientAppActor pid=736737)[0m 
[K        3/3      1.49G      4.032      2.896      2.142         90        640: 97% ━━━━━━━━━━━╸ 176/181 21.5it/s 8.4s<0.2s
[36m(ClientAppActor pid=736737)[0m 
[K        3/3      1.49G      4.025      2.891      2.139         28        640: 98% ━━━━━━━━━━━╸ 178/181 20.8it/s 8.5s<0.1s
[36m(ClientAppActor pid=736737)[0m 
[K        3/3      1.49G      4.022      2.888      2.138         43        640: 100% ━━━━━━━━━━━━ 181/181 21.0it/s 8.6s
[K        3/3      1.49G      4.022      2.888      2.138         43        640: 100% ━━━━━━━━━━━━ 181/181 21.0it/s 8.6s
[36m(ClientAppActor pid=736737)[0m 
[K                 Class     Images  Instances      Box(P          R      mAP50  mAP50-95): 29% ━━━╸──────── 5/17 12.4it/s 0.1s<1.0s
[36m(ClientAppActor pid=736737)[0m 
[K                 Class     Images  Instances      Box(P          R      mAP50  mAP50-95): 59% ━━━━━━━───── 10/17 21.4it/s 0.2s<0.3s
[36m(ClientAppActor pid=736737)[0m 
[K                 Class     Images  Instances      Box(P          R      mAP50  mAP50-95): 88% ━━━━━━━━━━╸─ 15/17 27.1it/s 0.4s<0.1s
[K                 Class     Images  Instances      Box(P          R      mAP50  mAP50-95): 100% ━━━━━━━━━━━━ 17/17 41.5it/s 0.4s
[K                 Class     Images  Instances      Box(P          R      mAP50  mAP50-95): 100% ━━━━━━━━━━━━ 17/17 41.4it/s 0.4s
[36m(ClientAppActor pid=736737)[0m                    all        133       1032      0.669      0.461      0.556      0.271
[36m(ClientAppActor pid=736737)[0m 
[36m(ClientAppActor pid=736737)[0m 3 epochs completed in 0.024 hours.
[36m(ClientAppActor pid=736737)[0m Optimizer stripped from /tmp/fl_yolo_runs_736737/train/weights/last.pt, 16.5MB
[36m(ClientAppActor pid=736737)[0m Optimizer stripped from /tmp/fl_yolo_runs_736737/train/weights/best.pt, 16.5MB
[36m(ClientAppActor pid=736737)[0m 
[36m(ClientAppActor pid=736737)[0m Validating /tmp/fl_yolo_runs_736737/train/weights/best.pt...
[36m(ClientAppActor pid=736737)[0m Ultralytics 8.3.234 Python-3.10.19 torch-2.6.0+cu124 CUDA:0 (NVIDIA RTX 5000 Ada Generation, 32220MiB)
[36m(ClientAppActor pid=736737)[0m YOLOv10s summary (fused): 106 layers, 7,218,387 parameters, 0 gradients, 21.4 GFLOPs
[36m(ClientAppActor pid=736737)[0m 
[K                 Class     Images  Instances      Box(P          R      mAP50  mAP50-95): 71% ━━━━━━━━──── 12/17 35.4it/s 0.1s<0.1s
[K                 Class     Images  Instances      Box(P          R      mAP50  mAP50-95): 100% ━━━━━━━━━━━━ 17/17 112.7it/s 0.2s
[K                 Class     Images  Instances      Box(P          R      mAP50  mAP50-95): 100% ━━━━━━━━━━━━ 17/17 112.7it/s 0.2s
[36m(ClientAppActor pid=736737)[0m                    all        133       1032      0.668      0.459      0.554      0.271
[36m(ClientAppActor pid=736737)[0m Speed: 0.0ms preprocess, 0.5ms inference, 0.0ms loss, 0.0ms postprocess per image
[36m(ClientAppActor pid=736737)[0m   mAP50: 0.5540, mAP50-95: 0.2709
[ALIGN] client param-list lengths: {322: 7} -> modal=322
[ALIGN] 7 clients kept, 322 layers, 12 layers had shape-disagreement
[36m(ClientAppActor pid=736739)[0m 
[36m(ClientAppActor pid=736739)[0m [Client 5] Initializing YOLOv10-S...
[36m(ClientAppActor pid=736739)[0m [Client 5] Ready
[36m(ClientAppActor pid=736739)[0m   Data: /ANON/fl_hod/data/yolo/client_configs/client_roma.yaml
[36m(ClientAppActor pid=736739)[0m   Local epochs: 3
[36m(ClientAppActor pid=736739)[0m   Batch size: 4
[36m(ClientAppActor pid=736739)[0m   FedBN: False
[36m(ClientAppActor pid=736737)[0m [Client 5] Training complete:
[36m(ClientAppActor pid=736737)[0m   Precision: 0.6679, Recall: 0.4593
[36m(ClientAppActor pid=736737)[0m   BN Stats: μ=0.0000, σ=0.0000
[36m(ClientAppActor pid=736774)[0m 
[36m(ClientAppActor pid=736738)[0m 
[36m(ClientAppActor pid=736740)[0m 
[36m(ClientAppActor pid=736737)[0m 
[36m(ClientAppActor pid=736737)[0m   Data: /ANON/fl_hod/data/yolo/client_configs/client_prague.yaml
[36m(ClientAppActor pid=736737)[0m   set_parameters: kept local copies of 12 layer(s) with shape mismatch
[36m(ClientAppActor pid=736737)[0m Ultralytics 8.3.234 Python-3.10.19 torch-2.6.0+cu124 CUDA:0 (NVIDIA RTX 5000 Ada Generation, 32220MiB)
[36m(ClientAppActor pid=736774)[0m   Data: /ANON/fl_hod/data/yolo/client_configs/client_budapest.yaml
[36m(ClientAppActor pid=736774)[0m [Client 0] ️  MALICIOUS - Attack: SignFlippingAttack
[36m(ClientAppActor pid=736771)[0m 
[36m(ClientAppActor pid=736771)[0m   Data: /ANON/fl_hod/data/yolo/client_configs/client_leipzig.yaml
[36m(ClientAppActor pid=736770)[0m 
[36m(ClientAppActor pid=736770)[0m   Data: /ANON/fl_hod/data/yolo/client_configs/client_koeln.yaml
[36m(ClientAppActor pid=736738)[0m   Data: /ANON/fl_hod/data/yolo/client_configs/client_zagreb.yaml
[36m(ClientAppActor pid=736740)[0m   Data: /ANON/fl_hod/data/yolo/client_configs/client_lyon.yaml
[36m(ClientAppActor pid=736737)[0m [34m[1mval: [0mFast image access (ping: 0.0±0.0 ms, read: 6349.2±623.3 MB/s, size: 2350.9 KB)
[36m(ClientAppActor pid=736739)[0m 
[K[34m[1mval: [0mScanning /ANON/fl_hod/data/yolo/labels/ecp/val... 75 images, 0 backgrounds, 0 corrupt: 56% ━━━━━━╸───── 75/133 224.1it/s 0.1s<0.3s
[36m(ClientAppActor pid=736771)[0m 
[K[34m[1mval: [0mScanning /ANON/fl_hod/data/yolo/labels/ecp/val.cache... 15 images, 0 backgrounds, 0 corrupt: 100% ━━━━━━━━━━━━ 15/15 4.5Mit/s 0.0s
[K[34m[1mval: [0mScanning /ANON/fl_hod/data/yolo/labels/ecp/val.cache... 15 images, 0 backgrounds, 0 corrupt: 100% ━━━━━━━━━━━━ 15/15 476.6Kit/s 0.0s
[36m(ClientAppActor pid=736737)[0m 
[K[34m[1mval: [0mScanning /ANON/fl_hod/data/yolo/labels/ecp/val... 69 images, 0 backgrounds, 0 corrupt: 100% ━━━━━━━━━━━━ 69/69 740.0it/s 0.1s
[K[34m[1mval: [0mScanning /ANON/fl_hod/data/yolo/labels/ecp/val... 69 images, 0 backgrounds, 0 corrupt: 100% ━━━━━━━━━━━━ 69/69 739.4it/s 0.1s
[36m(ClientAppActor pid=736774)[0m 
[K[34m[1mval: [0mScanning /ANON/fl_hod/data/yolo/labels/ecp/val... 75 images, 0 backgrounds, 0 corrupt: 87% ━━━━━━━━━━── 75/86 222.8it/s 0.1s<0.0s
[K[34m[1mval: [0mScanning /ANON/fl_hod/data/yolo/labels/ecp/val... 86 images, 0 backgrounds, 0 corrupt: 100% ━━━━━━━━━━━━ 86/86 777.7it/s 0.1s
[K[34m[1mval: [0mScanning /ANON/fl_hod/data/yolo/labels/ecp/val... 86 images, 0 backgrounds, 0 corrupt: 100% ━━━━━━━━━━━━ 86/86 776.8it/s 0.1s
[36m(ClientAppActor pid=736770)[0m 
[K[34m[1mval: [0mScanning /ANON/fl_hod/data/yolo/labels/ecp/val... 79 images, 0 backgrounds, 0 corrupt: 96% ━━━━━━━━━━━╸ 79/82 236.9it/s 0.1s<0.0s
[K[34m[1mval: [0mScanning /ANON/fl_hod/data/yolo/labels/ecp/val... 82 images, 0 backgrounds, 0 corrupt: 100% ━━━━━━━━━━━━ 82/82 805.6it/s 0.1s
[K[34m[1mval: [0mScanning /ANON/fl_hod/data/yolo/labels/ecp/val... 82 images, 0 backgrounds, 0 corrupt: 100% ━━━━━━━━━━━━ 82/82 805.5it/s 0.1s
[36m(ClientAppActor pid=736740)[0m 
[K[34m[1mval: [0mScanning /ANON/fl_hod/data/yolo/labels/ecp/val... 73 images, 0 backgrounds, 0 corrupt: 63% ━━━━━━━╸──── 73/115 212.9it/s 0.1s<0.2s
[K[34m[1mval: [0mScanning /ANON/fl_hod/data/yolo/labels/ecp/val... 115 images, 0 backgrounds, 0 corrupt: 100% ━━━━━━━━━━━━ 115/115 758.1it/s 0.2s
[K[34m[1mval: [0mScanning /ANON/fl_hod/data/yolo/labels/ecp/val... 115 images, 0 backgrounds, 0 corrupt: 100% ━━━━━━━━━━━━ 115/115 757.9it/s 0.2s
[36m(ClientAppActor pid=736737)[0m 
[K                 Class     Images  Instances      Box(P          R      mAP50  mAP50-95): 6% ╸─────────── 1/18 1.2s/it 0.4s<20.0s
[36m(ClientAppActor pid=736737)[0m 
[K                 Class     Images  Instances      Box(P          R      mAP50  mAP50-95): 11% ━─────────── 2/18 2.8it/s 0.5s<5.6s
[36m(ClientAppActor pid=736771)[0m 
[K                 Class     Images  Instances      Box(P          R      mAP50  mAP50-95): 25% ━━━───────── 1/4 1.8s/it 0.5s<5.4s
[36m(ClientAppActor pid=736737)[0m 
[K                 Class     Images  Instances      Box(P          R      mAP50  mAP50-95): 17% ━━────────── 3/18 4.1it/s 0.6s<3.7s
[36m(ClientAppActor pid=736771)[0m 
[K                 Class     Images  Instances      Box(P          R      mAP50  mAP50-95): 50% ━━━━━━────── 2/4 2.3it/s 0.7s<0.9s
[36m(ClientAppActor pid=736739)[0m 
[K                 Class     Images  Instances      Box(P          R      mAP50  mAP50-95): 3% ──────────── 1/34 2.1s/it 0.6s<1:10
[36m(ClientAppActor pid=736771)[0m 
[K                 Class     Images  Instances      Box(P          R      mAP50  mAP50-95): 75% ━━━━━━━━━─── 3/4 4.0it/s 0.8s<0.3s
[36m(ClientAppActor pid=736738)[0m 
[K                 Class     Images  Instances      Box(P          R      mAP50  mAP50-95): 15% ━╸────────── 3/20 4.7it/s 0.8s<3.6s
[36m(ClientAppActor pid=736771)[0m 
[K                 Class     Images  Instances      Box(P          R      mAP50  mAP50-95): 100% ━━━━━━━━━━━━ 4/4 4.1it/s 1.0s
[K                 Class     Images  Instances      Box(P          R      mAP50  mAP50-95): 100% ━━━━━━━━━━━━ 4/4 4.1it/s 1.0s
[36m(ClientAppActor pid=736737)[0m 
[K                 Class     Images  Instances      Box(P          R      mAP50  mAP50-95): 67% ━━━━━━━━──── 12/18 15.3it/s 1.1s<0.4s
[36m(ClientAppActor pid=736737)[0m 
[K                 Class     Images  Instances      Box(P          R      mAP50  mAP50-95): 83% ━━━━━━━━━━── 15/18 17.6it/s 1.2s<0.2s
[36m(ClientAppActor pid=736770)[0m 
[K                 Class     Images  Instances      Box(P          R      mAP50  mAP50-95): 43% ━━━━━─────── 9/21 13.5it/s 1.0s<0.9s
[36m(ClientAppActor pid=736774)[0m 
[K                 Class     Images  Instances      Box(P          R      mAP50  mAP50-95): 41% ━━━━╸─────── 9/22 9.5it/s 1.4s<1.4s
[36m(ClientAppActor pid=736738)[0m 
[K                 Class     Images  Instances      Box(P          R      mAP50  mAP50-95): 55% ━━━━━━╸───── 11/20 10.0it/s 1.4s<0.9s
[36m(ClientAppActor pid=736770)[0m 
[K                 Class     Images  Instances      Box(P          R      mAP50  mAP50-95): 48% ━━━━━╸────── 10/21 10.7it/s 1.3s<1.0s
[36m(ClientAppActor pid=736740)[0m 
[K                 Class     Images  Instances      Box(P          R      mAP50  mAP50-95): 34% ━━━━──────── 10/29 14.4it/s 1.3s<1.3s
[36m(ClientAppActor pid=736774)[0m 
[K                 Class     Images  Instances      Box(P          R      mAP50  mAP50-95): 64% ━━━━━━━╸──── 14/22 14.8it/s 1.6s<0.5s
[36m(ClientAppActor pid=736770)[0m 
[K                 Class     Images  Instances      Box(P          R      mAP50  mAP50-95): 81% ━━━━━━━━━╸── 17/21 19.8it/s 1.5s<0.2s
[36m(ClientAppActor pid=736738)[0m 
[K                 Class     Images  Instances      Box(P          R      mAP50  mAP50-95): 85% ━━━━━━━━━━── 17/20 11.7it/s 1.9s<0.3s
[K                 Class     Images  Instances      Box(P          R      mAP50  mAP50-95): 100% ━━━━━━━━━━━━ 20/20 10.0it/s 2.0s
[K                 Class     Images  Instances      Box(P          R      mAP50  mAP50-95): 100% ━━━━━━━━━━━━ 20/20 10.0it/s 2.0s
[36m(ClientAppActor pid=736739)[0m 
[K                 Class     Images  Instances      Box(P          R      mAP50  mAP50-95): 91% ━━━━━━━━━━╸─ 31/34 30.2it/s 2.4s<0.1s
[36m(ClientAppActor pid=736739)[0m 
[K                 Class     Images  Instances      Box(P          R      mAP50  mAP50-95): 29% ━━━╸──────── 10/34 9.2it/s 1.5s<2.6s[32m [repeated 2x across cluster][0m
[36m(ClientAppActor pid=736740)[0m 
[K                 Class     Images  Instances      Box(P          R      mAP50  mAP50-95): 97% ━━━━━━━━━━━╸ 28/29 26.4it/s 2.2s<0.0s
[36m(ClientAppActor pid=736770)[0m 
[K                 Class     Images  Instances      Box(P          R      mAP50  mAP50-95): 62% ━━━━━━━───── 13/21 15.3it/s 1.4s<0.5s[32m [repeated 2x across cluster][0m
[36m(ClientAppActor pid=736771)[0m Results saved to [1m/ANON/fl_hod/runs/detect/val4501[0m
[36m(ClientAppActor pid=736771)[0m                    all         15         83      0.157     0.0843     0.0353     0.0125
[36m(ClientAppActor pid=736771)[0m Ultralytics 8.3.234 Python-3.10.19 torch-2.6.0+cu124 CUDA:0 (NVIDIA RTX 5000 Ada Generation, 32220MiB)[32m [repeated 6x across cluster][0m
[36m(ClientAppActor pid=736740)[0m YOLOv10s summary (fused): 106 layers, 7,248,960 parameters, 0 gradients, 21.6 GFLOPs[32m [repeated 7x across cluster][0m
[36m(ClientAppActor pid=736771)[0m Speed: 1.9ms preprocess, 25.3ms inference, 0.9ms loss, 0.2ms postprocess per image
[36m(ClientAppActor pid=736770)[0m [Client 1] Initializing YOLOv10-S...[32m [repeated 6x across cluster][0m
[36m(ClientAppActor pid=736740)[0m [Client 3] Ready[32m [repeated 6x across cluster][0m
[36m(ClientAppActor pid=736740)[0m   Local epochs: 3[32m [repeated 6x across cluster][0m
[36m(ClientAppActor pid=736740)[0m   Batch size: 4[32m [repeated 6x across cluster][0m
[36m(ClientAppActor pid=736740)[0m   FedBN: False[32m [repeated 6x across cluster][0m
[36m(ClientAppActor pid=736740)[0m   set_parameters: kept local copies of 12 layer(s) with shape mismatch[32m [repeated 6x across cluster][0m
[36m(ClientAppActor pid=736770)[0m                    all         82        651     0.0854     0.0599     0.0285     0.0122
[36m(ClientAppActor pid=736770)[0m Speed: 0.7ms preprocess, 5.2ms inference, 0.0ms loss, 0.2ms postprocess per image
[36m(ClientAppActor pid=736770)[0m [Client 1] ️  MALICIOUS - Attack: SignFlippingAttack
[36m(ClientAppActor pid=736740)[0m [34m[1mval: [0mFast image access (ping: 0.0±0.0 ms, read: 7147.7±1106.8 MB/s, size: 2374.8 KB)[32m [repeated 6x across cluster][0m
[36m(ClientAppActor pid=736738)[0m 
[K[34m[1mval: [0mScanning /ANON/fl_hod/data/yolo/labels/ecp/val.cache... 80 images, 0 backgrounds, 0 corrupt: 100% ━━━━━━━━━━━━ 80/80 21.0Mit/s 0.0s
[K[34m[1mval: [0mScanning /ANON/fl_hod/data/yolo/labels/ecp/val.cache... 80 images, 0 backgrounds, 0 corrupt: 100% ━━━━━━━━━━━━ 80/80 2.3Mit/s 0.0s
[36m(ClientAppActor pid=736739)[0m 
[K[34m[1mval: [0mScanning /ANON/fl_hod/data/yolo/labels/ecp/val... 133 images, 0 backgrounds, 0 corrupt: 100% ━━━━━━━━━━━━ 133/133 760.3it/s 0.2s
[K[34m[1mval: [0mScanning /ANON/fl_hod/data/yolo/labels/ecp/val... 133 images, 0 backgrounds, 0 corrupt: 100% ━━━━━━━━━━━━ 133/133 760.1it/s 0.2s
[36m(ClientAppActor pid=736740)[0m 
[K                 Class     Images  Instances      Box(P          R      mAP50  mAP50-95): 7% ╸─────────── 2/29 2.3it/s 1.0s<11.9s[32m [repeated 4x across cluster][0m
[36m(ClientAppActor pid=736739)[0m 
[K                 Class     Images  Instances      Box(P          R      mAP50  mAP50-95): 9% ━─────────── 3/34 2.6it/s 0.9s<11.9s[32m [repeated 2x across cluster][0m
[36m(ClientAppActor pid=736740)[0m 
[K                 Class     Images  Instances      Box(P          R      mAP50  mAP50-95): 28% ━━━───────── 8/29 14.2it/s 1.2s<1.5s[32m [repeated 3x across cluster][0m
[36m(ClientAppActor pid=736774)[0m 
[K                 Class     Images  Instances      Box(P          R      mAP50  mAP50-95): 18% ━━────────── 4/22 5.3it/s 1.0s<3.4s[32m [repeated 3x across cluster][0m
[36m(ClientAppActor pid=736739)[0m 
[K                 Class     Images  Instances      Box(P          R      mAP50  mAP50-95): 53% ━━━━━━────── 18/34 11.7it/s 2.0s<1.4s[32m [repeated 2x across cluster][0m
[36m(ClientAppActor pid=736740)[0m 
[K                 Class     Images  Instances      Box(P          R      mAP50  mAP50-95): 3% ──────────── 1/29 2.7s/it 0.8s<1:15
[36m(ClientAppActor pid=736739)[0m 
[K                 Class     Images  Instances      Box(P          R      mAP50  mAP50-95): 76% ━━━━━━━━━─── 26/34 22.9it/s 2.3s<0.3s[32m [repeated 3x across cluster][0m
[36m(ClientAppActor pid=736740)[0m 
[K                 Class     Images  Instances      Box(P          R      mAP50  mAP50-95): 14% ━╸────────── 4/29 6.0it/s 1.1s<4.2s[32m [repeated 3x across cluster][0m
[36m(ClientAppActor pid=736740)[0m 
[K                 Class     Images  Instances      Box(P          R      mAP50  mAP50-95): 100% ━━━━━━━━━━━━ 29/29 12.5it/s 2.3s
[K                 Class     Images  Instances      Box(P          R      mAP50  mAP50-95): 100% ━━━━━━━━━━━━ 29/29 12.5it/s 2.3s[32m [repeated 5x across cluster][0m
[36m(ClientAppActor pid=736740)[0m 
[K                 Class     Images  Instances      Box(P          R      mAP50  mAP50-95): 69% ━━━━━━━━──── 20/29 17.3it/s 2.0s<0.5s
[36m(ClientAppActor pid=736740)[0m 
[K                 Class     Images  Instances      Box(P          R      mAP50  mAP50-95): 86% ━━━━━━━━━━── 25/29 26.2it/s 2.1s<0.2s[32m [repeated 2x across cluster][0m
[36m(ClientAppActor pid=736738)[0m 
[K                 Class     Images  Instances      Box(P          R      mAP50  mAP50-95): 45% ━━━━━─────── 9/20 7.8it/s 1.3s<1.4s
[36m(ClientAppActor pid=736740)[0m 
[K                 Class     Images  Instances      Box(P          R      mAP50  mAP50-95): 41% ━━━━╸─────── 12/29 14.2it/s 1.5s<1.2s
[36m(ClientAppActor pid=736740)[0m 
[K                 Class     Images  Instances      Box(P          R      mAP50  mAP50-95): 55% ━━━━━━╸───── 16/29 20.4it/s 1.6s<0.6s[32m [repeated 2x across cluster][0m
[36m(ClientAppActor pid=736739)[0m 
[K                 Class     Images  Instances      Box(P          R      mAP50  mAP50-95): 35% ━━━━──────── 12/34 10.4it/s 1.6s<2.1s
[36m(ClientAppActor pid=736739)[0m 
[K                 Class     Images  Instances      Box(P          R      mAP50  mAP50-95): 65% ━━━━━━━╸──── 22/34 19.3it/s 2.1s<0.6s
[36m(ClientAppActor pid=736740)[0m Results saved to [1m/ANON/fl_hod/runs/detect/val4498[0m[32m [repeated 6x across cluster][0m
[36m(ClientAppActor pid=736740)[0m                    all        115       1013      0.101     0.0977     0.0506     0.0201[32m [repeated 5x across cluster][0m
[36m(ClientAppActor pid=736740)[0m Speed: 0.6ms preprocess, 6.2ms inference, 0.0ms loss, 0.6ms postprocess per image[32m [repeated 5x across cluster][0m
[93mWARNING [0m:   DEPRECATED FEATURE: flwr.simulation.start_simulation() is deprecated.
	Instead, use the `flwr run` CLI command to start a local simulation in your Flower app, as shown for example below:

		$ flwr new  # Create a new Flower app from a template

		$ flwr run  # Run the Flower app in Simulation Mode

	Using `start_simulation()` is deprecated.

            This is a deprecated feature. It will be removed
            entirely in future versions of Flower.
        
[92mINFO [0m:      Starting Flower simulation, config: num_rounds=1, no round_timeout
2026-05-03 23:21:28,267	INFO worker.py:2012 -- Started a local Ray instance.
/ANON/miniconda3/envs/federatedlearning/lib/python3.10/site-packages/ray/_private/worker.py:2051: FutureWarning: Tip: In future versions of Ray, Ray will no longer override accelerator visible devices env var if num_gpus=0 or num_gpus=None (default). To enable this behavior and turn off this error message, set RAY_ACCEL_ENV_VAR_OVERRIDE_ON_ZERO=0
  warnings.warn(
[92mINFO [0m:      Flower VCE: Ray initialized with resources: {'object_store_memory': 35915383603.0, 'GPU': 1.0, 'accelerator_type:RTX': 1.0, 'memory': 83802561741.0, 'node:ANON_IP': 1.0, 'node:__internal_head__': 1.0, 'CPU': 14.0}
[92mINFO [0m:      Optimize your simulation with Flower VCE: https://flower.ai/docs/framework/how-to-run-simulations.html
[92mINFO [0m:      Flower VCE: Resources for each Virtual Client: {'num_cpus': 2, 'num_gpus': 0.14}
[92mINFO [0m:      Flower VCE: Creating VirtualClientEngineActorPool with 7 actors
[92mINFO [0m:      [INIT]
[92mINFO [0m:      Requesting initial parameters from one random client
[36m(ClientAppActor pid=736738)[0m [93mWARNING [0m:   DEPRECATED FEATURE: `client_fn` now expects a signature `def client_fn(context: Context)`.The provided `client_fn` has signature: {'cid': <Parameter "cid: str">}. You can import the `Context` like this: `from flwr.common import Context`
[36m(ClientAppActor pid=736738)[0m 
[36m(ClientAppActor pid=736738)[0m             This is a deprecated feature. It will be removed
[36m(ClientAppActor pid=736738)[0m             entirely in future versions of Flower.
[36m(ClientAppActor pid=736738)[0m         
[36m(ClientAppActor pid=736738)[0m [93mWARNING [0m:   Deprecation Warning: The `client_fn` function must return an instance of `Client`, but an instance of `NumpyClient` was returned. Please use `NumPyClient.to_client()` method to convert it to `Client`.
[92mINFO [0m:      Received initial parameters from one random client
[92mINFO [0m:      Starting evaluation of initial global parameters
[92mINFO [0m:      Evaluation returned no results (`None`)
[92mINFO [0m:      
[92mINFO [0m:      [ROUND 1]
[92mINFO [0m:      configure_fit: strategy sampled 7 clients (out of 7)
[36m(ClientAppActor pid=736738)[0m [93mWARNING [0m:   DEPRECATED FEATURE: `client_fn` now expects a signature `def client_fn(context: Context)`.The provided `client_fn` has signature: {'cid': <Parameter "cid: str">}. You can import the `Context` like this: `from flwr.common import Context`
[36m(ClientAppActor pid=736738)[0m 
[36m(ClientAppActor pid=736738)[0m             This is a deprecated feature. It will be removed
[36m(ClientAppActor pid=736738)[0m             entirely in future versions of Flower.
[36m(ClientAppActor pid=736738)[0m         
[36m(ClientAppActor pid=736738)[0m [93mWARNING [0m:   Deprecation Warning: The `client_fn` function must return an instance of `Client`, but an instance of `NumpyClient` was returned. Please use `NumPyClient.to_client()` method to convert it to `Client`.
[36m(ClientAppActor pid=736739)[0m 
[36m(ClientAppActor pid=736739)[0m         
[36m(ClientAppActor pid=736770)[0m 
[36m(ClientAppActor pid=736770)[0m         
[36m(ClientAppActor pid=736740)[0m 
[36m(ClientAppActor pid=736740)[0m         
[36m(ClientAppActor pid=736737)[0m 
[36m(ClientAppActor pid=736737)[0m         
[36m(ClientAppActor pid=736771)[0m 
[36m(ClientAppActor pid=736771)[0m         
[36m(ClientAppActor pid=736774)[0m 
[36m(ClientAppActor pid=736774)[0m         
[36m(pid=gcs_server)[0m [2026-05-03 23:21:57,880 E 736493 736493] (gcs_server) gcs_server.cc:302: Failed to establish connection to the event+metrics exporter agent. Events and metrics will not be exported. Exporter agent status: RpcError: Running out of retries to initialize the metrics agent. rpc_code: 14
[36m(ClientAppActor pid=736774)[0m [93mWARNING [0m:   DEPRECATED FEATURE: `client_fn` now expects a signature `def client_fn(context: Context)`.The provided `client_fn` has signature: {'cid': <Parameter "cid: str">}. You can import the `Context` like this: `from flwr.common import Context`[32m [repeated 6x across cluster][0m
[36m(ClientAppActor pid=736774)[0m             This is a deprecated feature. It will be removed[32m [repeated 6x across cluster][0m
[36m(ClientAppActor pid=736774)[0m             entirely in future versions of Flower.[32m [repeated 6x across cluster][0m
[36m(ClientAppActor pid=736774)[0m [93mWARNING [0m:   Deprecation Warning: The `client_fn` function must return an instance of `Client`, but an instance of `NumpyClient` was returned. Please use `NumPyClient.to_client()` method to convert it to `Client`.[32m [repeated 6x across cluster][0m
[33m(raylet)[0m [2026-05-03 23:21:58,216 E 736658 736658] (raylet) main.cc:975: Failed to establish connection to the metrics exporter agent. Metrics will not be exported. Exporter agent status: RpcError: Running out of retries to initialize the metrics agent. rpc_code: 14
[2026-05-03 23:21:58,587 E 736435 736733] core_worker_process.cc:825: Failed to establish connection to the metrics exporter agent. Metrics will not be exported. Exporter agent status: RpcError: Running out of retries to initialize the metrics agent. rpc_code: 14
[36m(ClientAppActor pid=736737)[0m [2026-05-03 23:21:58,558 E 736737 737129] core_worker_process.cc:825: Failed to establish connection to the metrics exporter agent. Metrics will not be exported. Exporter agent status: RpcError: Running out of retries to initialize the metrics agent. rpc_code: 14
[92mINFO [0m:      aggregate_fit: received 7 results and 0 failures
[92mINFO [0m:      configure_evaluate: strategy sampled 7 clients (out of 7)
[36m(ClientAppActor pid=736737)[0m 
[36m(ClientAppActor pid=736737)[0m         
[36m(ClientAppActor pid=736737)[0m [93mWARNING [0m:   DEPRECATED FEATURE: `client_fn` now expects a signature `def client_fn(context: Context)`.The provided `client_fn` has signature: {'cid': <Parameter "cid: str">}. You can import the `Context` like this: `from flwr.common import Context`
[36m(ClientAppActor pid=736737)[0m             This is a deprecated feature. It will be removed
[36m(ClientAppActor pid=736737)[0m             entirely in future versions of Flower.
[36m(ClientAppActor pid=736737)[0m [93mWARNING [0m:   Deprecation Warning: The `client_fn` function must return an instance of `Client`, but an instance of `NumpyClient` was returned. Please use `NumPyClient.to_client()` method to convert it to `Client`.
[36m(ClientAppActor pid=736739)[0m [2026-05-03 23:21:58,730 E 736739 737311] core_worker_process.cc:825: Failed to establish connection to the metrics exporter agent. Metrics will not be exported. Exporter agent status: RpcError: Running out of retries to initialize the metrics agent. rpc_code: 14[32m [repeated 6x across cluster][0m
[36m(ClientAppActor pid=736739)[0m [93mWARNING [0m:   DEPRECATED FEATURE: `client_fn` now expects a signature `def client_fn(context: Context)`.The provided `client_fn` has signature: {'cid': <Parameter "cid: str">}. You can import the `Context` like this: `from flwr.common import Context`
[36m(ClientAppActor pid=736739)[0m 
[36m(ClientAppActor pid=736739)[0m             This is a deprecated feature. It will be removed
[36m(ClientAppActor pid=736739)[0m             entirely in future versions of Flower.
[36m(ClientAppActor pid=736739)[0m         
[36m(ClientAppActor pid=736739)[0m [93mWARNING [0m:   Deprecation Warning: The `client_fn` function must return an instance of `Client`, but an instance of `NumpyClient` was returned. Please use `NumPyClient.to_client()` method to convert it to `Client`.
[36m(ClientAppActor pid=736738)[0m 
[36m(ClientAppActor pid=736738)[0m         
[36m(ClientAppActor pid=736740)[0m 
[36m(ClientAppActor pid=736740)[0m         
[36m(ClientAppActor pid=736774)[0m 
[36m(ClientAppActor pid=736774)[0m         
[36m(ClientAppActor pid=736771)[0m 
[36m(ClientAppActor pid=736771)[0m         
[36m(ClientAppActor pid=736770)[0m 
[36m(ClientAppActor pid=736770)[0m         
[36m(ClientAppActor pid=736771)[0m /ANON/fl_hod/fl/client_yolo10s.py:371: DeprecationWarning: Conversion of an array with ndim > 0 to a scalar is deprecated, and will error in future. Ensure you extract a single element from your array before performing this operation. (Deprecated NumPy 1.25.)
[36m(ClientAppActor pid=736771)[0m   'precision': float(results.box.p),
[36m(ClientAppActor pid=736770)[0m [93mWARNING [0m:   DEPRECATED FEATURE: `client_fn` now expects a signature `def client_fn(context: Context)`.The provided `client_fn` has signature: {'cid': <Parameter "cid: str">}. You can import the `Context` like this: `from flwr.common import Context`[32m [repeated 5x across cluster][0m
[36m(ClientAppActor pid=736770)[0m             This is a deprecated feature. It will be removed[32m [repeated 5x across cluster][0m
[36m(ClientAppActor pid=736770)[0m             entirely in future versions of Flower.[32m [repeated 5x across cluster][0m
[36m(ClientAppActor pid=736774)[0m [93mWARNING [0m:   Deprecation Warning: The `client_fn` function must return an instance of `Client`, but an instance of `NumpyClient` was returned. Please use `NumPyClient.to_client()` method to convert it to `Client`.[32m [repeated 5x across cluster][0m
[92mINFO [0m:      aggregate_evaluate: received 7 results and 0 failures
[93mWARNING [0m:   No evaluate_metrics_aggregation_fn provided
[92mINFO [0m:      
[92mINFO [0m:      [SUMMARY]
[92mINFO [0m:      Run finished 1 round(s) in 106.61s
[92mINFO [0m:      	History (loss, distributed):
[92mINFO [0m:      		round 1: 0.9470641215900053
[92mINFO [0m:      	History (metrics, distributed, fit):
[92mINFO [0m:      	{'aggregator': [(1, 'median')],
[92mINFO [0m:      	 'avg_map50': [(1, 0.5341512835111143)],
[92mINFO [0m:      	 'avg_map50_95': [(1, 0.27473805302536985)],
[92mINFO [0m:      	 'avg_precision': [(1, 0.6203600695432863)],
[92mINFO [0m:      	 'avg_recall': [(1, 0.4705657211115093)],
[92mINFO [0m:      	 'num_clients': [(1, 7)]}
[92mINFO [0m:      
[36m(ClientAppActor pid=736740)[0m /ANON/fl_hod/fl/client_yolo10s.py:371: DeprecationWarning: Conversion of an array with ndim > 0 to a scalar is deprecated, and will error in future. Ensure you extract a single element from your array before performing this operation. (Deprecated NumPy 1.25.)[32m [repeated 6x across cluster][0m
[36m(ClientAppActor pid=736740)[0m   'precision': float(results.box.p),[32m [repeated 6x across cluster][0m


