nohup: ignoring input
[plan] experiment SMOKE_median: 1 runs
  [run ] SMOKE_median/median_s1
[Client PID=727997] Ultralytics cache patched v3 (utils + dataset modules)
  [atk ] sign_flipping ratio=0.3 -> malicious=[0, 1]
[36m(ClientAppActor pid=728292)[0m [Client PID=728292] Ultralytics cache patched v3 (utils + dataset modules)
[36m(ClientAppActor pid=728292)[0m 
[36m(ClientAppActor pid=728292)[0m [Client 2] Initializing YOLOv10-S...
[36m(ClientAppActor pid=728292)[0m [Client 2] Ready
[36m(ClientAppActor pid=728292)[0m   Data: /ANON/fl_hod/data/yolo/client_configs/client_leipzig.yaml
[36m(ClientAppActor pid=728292)[0m   Local epochs: 3
[36m(ClientAppActor pid=728292)[0m   Batch size: 4
[36m(ClientAppActor pid=728292)[0m   FedBN: False
[36m(ClientAppActor pid=728292)[0m 
[36m(ClientAppActor pid=728292)[0m [Client 3] Initializing YOLOv10-S...
[36m(ClientAppActor pid=728292)[0m [Client 3] Ready
[36m(ClientAppActor pid=728292)[0m   Data: /ANON/fl_hod/data/yolo/client_configs/client_lyon.yaml
[36m(ClientAppActor pid=728292)[0m   Local epochs: 3
[36m(ClientAppActor pid=728292)[0m   Batch size: 4
[36m(ClientAppActor pid=728292)[0m   FedBN: False
[36m(ClientAppActor pid=728292)[0m 
[36m(ClientAppActor pid=728292)[0m [Client 3] Starting local training...
[36m(ClientAppActor pid=728292)[0m New https://pypi.org/project/ultralytics/8.4.46 available Update with 'pip install -U ultralytics'
[36m(ClientAppActor pid=728292)[0m Ultralytics 8.3.234 Python-3.10.19 torch-2.6.0+cu124 CUDA:0 (NVIDIA RTX 5000 Ada Generation, 32220MiB)
[36m(ClientAppActor pid=728292)[0m [34m[1mengine/trainer: [0magnostic_nms=False, amp=True, augment=False, auto_augment=randaugment, batch=4, bgr=0.0, box=7.5, cache=False, cfg=None, classes=None, close_mosaic=10, cls=0.5, compile=False, conf=None, copy_paste=0.0, copy_paste_mode=flip, cos_lr=False, cutmix=0.0, data=/ANON/fl_hod/data/yolo/client_configs/client_lyon.yaml, degrees=0.0, deterministic=True, device=0, dfl=1.5, dnn=False, dropout=0.0, dynamic=False, embed=None, epochs=3, erasing=0.4, exist_ok=False, fliplr=0.5, flipud=0.0, format=torchscript, fraction=1.0, freeze=None, half=False, hsv_h=0.015, hsv_s=0.7, hsv_v=0.4, imgsz=640, int8=False, iou=0.7, keras=False, kobj=1.0, line_width=None, lr0=0.001, lrf=0.01, mask_ratio=4, max_det=300, mixup=0.0, mode=train, model=/tmp/fl_yolo_models/yolov10s_client_3_728292.pt, momentum=0.937, mosaic=1.0, multi_scale=False, name=train, nbs=64, nms=False, opset=None, optimize=False, optimizer=AdamW, overlap_mask=True, patience=100, perspective=0.0, plots=False, pose=12.0, pretrained=True, profile=False, project=/tmp/fl_yolo_runs_728292, rect=False, resume=False, retina_masks=False, save=False, save_conf=False, save_crop=False, save_dir=/tmp/fl_yolo_runs_728292/train, save_frames=False, save_json=False, save_period=-1, save_txt=False, scale=0.5, seed=0, shear=0.0, show=False, show_boxes=True, show_conf=True, show_labels=True, simplify=True, single_cls=False, source=None, split=val, stream_buffer=False, task=detect, time=None, tracker=botsort.yaml, translate=0.1, val=True, verbose=False, vid_stride=1, visualize=False, warmup_bias_lr=0.1, warmup_epochs=3.0, warmup_momentum=0.8, weight_decay=0.0005, workers=8, workspace=None
[36m(ClientAppActor pid=728292)[0m Overriding model.yaml nc=80 with nc=1
[36m(ClientAppActor pid=728292)[0m 
[36m(ClientAppActor pid=728292)[0m                    from  n    params  module                                       arguments                     
[36m(ClientAppActor pid=728292)[0m   0                  -1  1       928  ultralytics.nn.modules.conv.Conv             [3, 32, 3, 2]                 
[36m(ClientAppActor pid=728292)[0m   1                  -1  1     18560  ultralytics.nn.modules.conv.Conv             [32, 64, 3, 2]                
[36m(ClientAppActor pid=728292)[0m   2                  -1  1     29056  ultralytics.nn.modules.block.C2f             [64, 64, 1, True]             
[36m(ClientAppActor pid=728292)[0m   3                  -1  1     73984  ultralytics.nn.modules.conv.Conv             [64, 128, 3, 2]               
[36m(ClientAppActor pid=728292)[0m   4                  -1  2    197632  ultralytics.nn.modules.block.C2f             [128, 128, 2, True]           
[36m(ClientAppActor pid=728292)[0m   5                  -1  1     36096  ultralytics.nn.modules.block.SCDown          [128, 256, 3, 2]              
[36m(ClientAppActor pid=728292)[0m   6                  -1  2    788480  ultralytics.nn.modules.block.C2f             [256, 256, 2, True]           
[36m(ClientAppActor pid=728292)[0m   7                  -1  1    137728  ultralytics.nn.modules.block.SCDown          [256, 512, 3, 2]              
[36m(ClientAppActor pid=728292)[0m   8                  -1  1    958464  ultralytics.nn.modules.block.C2fCIB          [512, 512, 1, True, True]     
[36m(ClientAppActor pid=728292)[0m   9                  -1  1    656896  ultralytics.nn.modules.block.SPPF            [512, 512, 5]                 
[36m(ClientAppActor pid=728292)[0m  10                  -1  1    990976  ultralytics.nn.modules.block.PSA             [512, 512]                    
[36m(ClientAppActor pid=728292)[0m  11                  -1  1         0  torch.nn.modules.upsampling.Upsample         [None, 2, 'nearest']          
[36m(ClientAppActor pid=728292)[0m  12             [-1, 6]  1         0  ultralytics.nn.modules.conv.Concat           [1]                           
[36m(ClientAppActor pid=728292)[0m  13                  -1  1    591360  ultralytics.nn.modules.block.C2f             [768, 256, 1]                 
[36m(ClientAppActor pid=728292)[0m  14                  -1  1         0  torch.nn.modules.upsampling.Upsample         [None, 2, 'nearest']          
[36m(ClientAppActor pid=728292)[0m  15             [-1, 4]  1         0  ultralytics.nn.modules.conv.Concat           [1]                           
[36m(ClientAppActor pid=728292)[0m  16                  -1  1    148224  ultralytics.nn.modules.block.C2f             [384, 128, 1]                 
[36m(ClientAppActor pid=728292)[0m  17                  -1  1    147712  ultralytics.nn.modules.conv.Conv             [128, 128, 3, 2]              
[36m(ClientAppActor pid=728292)[0m  18            [-1, 13]  1         0  ultralytics.nn.modules.conv.Concat           [1]                           
[36m(ClientAppActor pid=728292)[0m  19                  -1  1    493056  ultralytics.nn.modules.block.C2f             [384, 256, 1]                 
[36m(ClientAppActor pid=728292)[0m  20                  -1  1     68864  ultralytics.nn.modules.block.SCDown          [256, 256, 3, 2]              
[36m(ClientAppActor pid=728292)[0m  21            [-1, 10]  1         0  ultralytics.nn.modules.conv.Concat           [1]                           
[36m(ClientAppActor pid=728292)[0m  22                  -1  1   1089536  ultralytics.nn.modules.block.C2fCIB          [768, 512, 1, True, True]     
[36m(ClientAppActor pid=728292)[0m  23        [16, 19, 22]  1   1639574  ultralytics.nn.modules.head.v10Detect        [1, [128, 256, 512]]          
[36m(ClientAppActor pid=728292)[0m YOLOv10s summary: 234 layers, 8,067,126 parameters, 8,067,110 gradients, 24.8 GFLOPs
[36m(ClientAppActor pid=728292)[0m 
[36m(ClientAppActor pid=728292)[0m Transferred 607/619 items from pretrained weights
[36m(ClientAppActor pid=728293)[0m 
[36m(ClientAppActor pid=728293)[0m   Data: /ANON/fl_hod/data/yolo/client_configs/client_zagreb.yaml
[36m(ClientAppActor pid=728292)[0m Freezing layer 'model.23.dfl.conv.weight'
[36m(ClientAppActor pid=728292)[0m [34m[1mAMP: [0mrunning Automatic Mixed Precision (AMP) checks...
[36m(ClientAppActor pid=728306)[0m 
[36m(ClientAppActor pid=728298)[0m 
[36m(ClientAppActor pid=728298)[0m   Data: /ANON/fl_hod/data/yolo/client_configs/client_budapest.yaml
[36m(ClientAppActor pid=728298)[0m [Client 0] ️  MALICIOUS - Attack: SignFlippingAttack
[36m(ClientAppActor pid=728293)[0m 
[36m(ClientAppActor pid=728295)[0m 
[36m(ClientAppActor pid=728295)[0m   Data: /ANON/fl_hod/data/yolo/client_configs/client_prague.yaml
[36m(ClientAppActor pid=728306)[0m   Data: /ANON/fl_hod/data/yolo/client_configs/client_roma.yaml
[36m(ClientAppActor pid=728302)[0m 
[36m(ClientAppActor pid=728298)[0m 
[36m(ClientAppActor pid=728293)[0m [34m[1mengine/trainer: [0magnostic_nms=False, amp=True, augment=False, auto_augment=randaugment, batch=4, bgr=0.0, box=7.5, cache=False, cfg=None, classes=None, close_mosaic=10, cls=0.5, compile=False, conf=None, copy_paste=0.0, copy_paste_mode=flip, cos_lr=False, cutmix=0.0, data=/ANON/fl_hod/data/yolo/client_configs/client_zagreb.yaml, degrees=0.0, deterministic=True, device=0, dfl=1.5, dnn=False, dropout=0.0, dynamic=False, embed=None, epochs=3, erasing=0.4, exist_ok=False, fliplr=0.5, flipud=0.0, format=torchscript, fraction=1.0, freeze=None, half=False, hsv_h=0.015, hsv_s=0.7, hsv_v=0.4, imgsz=640, int8=False, iou=0.7, keras=False, kobj=1.0, line_width=None, lr0=0.001, lrf=0.01, mask_ratio=4, max_det=300, mixup=0.0, mode=train, model=/tmp/fl_yolo_models/yolov10s_client_6_728293.pt, momentum=0.937, mosaic=1.0, multi_scale=False, name=train, nbs=64, nms=False, opset=None, optimize=False, optimizer=AdamW, overlap_mask=True, patience=100, perspective=0.0, plots=False, pose=12.0, pretrained=True, profile=False, project=/tmp/fl_yolo_runs_728293, rect=False, resume=False, retina_masks=False, save=False, save_conf=False, save_crop=False, save_dir=/tmp/fl_yolo_runs_728293/train, save_frames=False, save_json=False, save_period=-1, save_txt=False, scale=0.5, seed=0, shear=0.0, show=False, show_boxes=True, show_conf=True, show_labels=True, simplify=True, single_cls=False, source=None, split=val, stream_buffer=False, task=detect, time=None, tracker=botsort.yaml, translate=0.1, val=True, verbose=False, vid_stride=1, visualize=False, warmup_bias_lr=0.1, warmup_epochs=3.0, warmup_momentum=0.8, weight_decay=0.0005, workers=8, workspace=None
[36m(ClientAppActor pid=728295)[0m 
[36m(ClientAppActor pid=728306)[0m 
[36m(ClientAppActor pid=728306)[0m [34m[1mengine/trainer: [0magnostic_nms=False, amp=True, augment=False, auto_augment=randaugment, batch=4, bgr=0.0, box=7.5, cache=False, cfg=None, classes=None, close_mosaic=10, cls=0.5, compile=False, conf=None, copy_paste=0.0, copy_paste_mode=flip, cos_lr=False, cutmix=0.0, data=/ANON/fl_hod/data/yolo/client_configs/client_roma.yaml, degrees=0.0, deterministic=True, device=0, dfl=1.5, dnn=False, dropout=0.0, dynamic=False, embed=None, epochs=3, erasing=0.4, exist_ok=False, fliplr=0.5, flipud=0.0, format=torchscript, fraction=1.0, freeze=None, half=False, hsv_h=0.015, hsv_s=0.7, hsv_v=0.4, imgsz=640, int8=False, iou=0.7, keras=False, kobj=1.0, line_width=None, lr0=0.001, lrf=0.01, mask_ratio=4, max_det=300, mixup=0.0, mode=train, model=/tmp/fl_yolo_models/yolov10s_client_5_728306.pt, momentum=0.937, mosaic=1.0, multi_scale=False, name=train, nbs=64, nms=False, opset=None, optimize=False, optimizer=AdamW, overlap_mask=True, patience=100, perspective=0.0, plots=False, pose=12.0, pretrained=True, profile=False, project=/tmp/fl_yolo_runs_728306, rect=False, resume=False, retina_masks=False, save=False, save_conf=False, save_crop=False, save_dir=/tmp/fl_yolo_runs_728306/train, save_frames=False, save_json=False, save_period=-1, save_txt=False, scale=0.5, seed=0, shear=0.0, show=False, show_boxes=True, show_conf=True, show_labels=True, simplify=True, single_cls=False, source=None, split=val, stream_buffer=False, task=detect, time=None, tracker=botsort.yaml, translate=0.1, val=True, verbose=False, vid_stride=1, visualize=False, warmup_bias_lr=0.1, warmup_epochs=3.0, warmup_momentum=0.8, weight_decay=0.0005, workers=8, workspace=None
[36m(ClientAppActor pid=728298)[0m [34m[1mengine/trainer: [0magnostic_nms=False, amp=True, augment=False, auto_augment=randaugment, batch=4, bgr=0.0, box=7.5, cache=False, cfg=None, classes=None, close_mosaic=10, cls=0.5, compile=False, conf=None, copy_paste=0.0, copy_paste_mode=flip, cos_lr=False, cutmix=0.0, data=/ANON/fl_hod/data/yolo/client_configs/client_budapest.yaml, degrees=0.0, deterministic=True, device=0, dfl=1.5, dnn=False, dropout=0.0, dynamic=False, embed=None, epochs=3, erasing=0.4, exist_ok=False, fliplr=0.5, flipud=0.0, format=torchscript, fraction=1.0, freeze=None, half=False, hsv_h=0.015, hsv_s=0.7, hsv_v=0.4, imgsz=640, int8=False, iou=0.7, keras=False, kobj=1.0, line_width=None, lr0=0.001, lrf=0.01, mask_ratio=4, max_det=300, mixup=0.0, mode=train, model=/tmp/fl_yolo_models/yolov10s_client_0_728298.pt, momentum=0.937, mosaic=1.0, multi_scale=False, name=train, nbs=64, nms=False, opset=None, optimize=False, optimizer=AdamW, overlap_mask=True, patience=100, perspective=0.0, plots=False, pose=12.0, pretrained=True, profile=False, project=/tmp/fl_yolo_runs_728298, rect=False, resume=False, retina_masks=False, save=False, save_conf=False, save_crop=False, save_dir=/tmp/fl_yolo_runs_728298/train, save_frames=False, save_json=False, save_period=-1, save_txt=False, scale=0.5, seed=0, shear=0.0, show=False, show_boxes=True, show_conf=True, show_labels=True, simplify=True, single_cls=False, source=None, split=val, stream_buffer=False, task=detect, time=None, tracker=botsort.yaml, translate=0.1, val=True, verbose=False, vid_stride=1, visualize=False, warmup_bias_lr=0.1, warmup_epochs=3.0, warmup_momentum=0.8, weight_decay=0.0005, workers=8, workspace=None
[36m(ClientAppActor pid=728294)[0m 
[36m(ClientAppActor pid=728294)[0m   Data: /ANON/fl_hod/data/yolo/client_configs/client_koeln.yaml
[36m(ClientAppActor pid=728293)[0m 
[36m(ClientAppActor pid=728293)[0m  13                  -1  1    591360  ultralytics.nn.modules.block.C2f             [768, 256, 1]                 
[36m(ClientAppActor pid=728293)[0m  16                  -1  1    148224  ultralytics.nn.modules.block.C2f             [384, 128, 1]                 
[36m(ClientAppActor pid=728293)[0m  19                  -1  1    493056  ultralytics.nn.modules.block.C2f             [384, 256, 1]                 
[36m(ClientAppActor pid=728293)[0m  23        [16, 19, 22]  1   1639574  ultralytics.nn.modules.head.v10Detect        [1, [128, 256, 512]]          
[36m(ClientAppActor pid=728295)[0m [34m[1mengine/trainer: [0magnostic_nms=False, amp=True, augment=False, auto_augment=randaugment, batch=4, bgr=0.0, box=7.5, cache=False, cfg=None, classes=None, close_mosaic=10, cls=0.5, compile=False, conf=None, copy_paste=0.0, copy_paste_mode=flip, cos_lr=False, cutmix=0.0, data=/ANON/fl_hod/data/yolo/client_configs/client_prague.yaml, degrees=0.0, deterministic=True, device=0, dfl=1.5, dnn=False, dropout=0.0, dynamic=False, embed=None, epochs=3, erasing=0.4, exist_ok=False, fliplr=0.5, flipud=0.0, format=torchscript, fraction=1.0, freeze=None, half=False, hsv_h=0.015, hsv_s=0.7, hsv_v=0.4, imgsz=640, int8=False, iou=0.7, keras=False, kobj=1.0, line_width=None, lr0=0.001, lrf=0.01, mask_ratio=4, max_det=300, mixup=0.0, mode=train, model=/tmp/fl_yolo_models/yolov10s_client_4_728295.pt, momentum=0.937, mosaic=1.0, multi_scale=False, name=train, nbs=64, nms=False, opset=None, optimize=False, optimizer=AdamW, overlap_mask=True, patience=100, perspective=0.0, plots=False, pose=12.0, pretrained=True, profile=False, project=/tmp/fl_yolo_runs_728295, rect=False, resume=False, retina_masks=False, save=False, save_conf=False, save_crop=False, save_dir=/tmp/fl_yolo_runs_728295/train, save_frames=False, save_json=False, save_period=-1, save_txt=False, scale=0.5, seed=0, shear=0.0, show=False, show_boxes=True, show_conf=True, show_labels=True, simplify=True, single_cls=False, source=None, split=val, stream_buffer=False, task=detect, time=None, tracker=botsort.yaml, translate=0.1, val=True, verbose=False, vid_stride=1, visualize=False, warmup_bias_lr=0.1, warmup_epochs=3.0, warmup_momentum=0.8, weight_decay=0.0005, workers=8, workspace=None
[36m(ClientAppActor pid=728302)[0m 
[36m(ClientAppActor pid=728298)[0m 
[36m(ClientAppActor pid=728298)[0m  13                  -1  1    591360  ultralytics.nn.modules.block.C2f             [768, 256, 1]                 
[36m(ClientAppActor pid=728298)[0m  16                  -1  1    148224  ultralytics.nn.modules.block.C2f             [384, 128, 1]                 
[36m(ClientAppActor pid=728298)[0m  19                  -1  1    493056  ultralytics.nn.modules.block.C2f             [384, 256, 1]                 
[36m(ClientAppActor pid=728298)[0m  23        [16, 19, 22]  1   1639574  ultralytics.nn.modules.head.v10Detect        [1, [128, 256, 512]]          
[36m(ClientAppActor pid=728294)[0m 
[36m(ClientAppActor pid=728295)[0m 
[36m(ClientAppActor pid=728295)[0m  13                  -1  1    591360  ultralytics.nn.modules.block.C2f             [768, 256, 1]                 
[36m(ClientAppActor pid=728295)[0m  16                  -1  1    148224  ultralytics.nn.modules.block.C2f             [384, 128, 1]                 
[36m(ClientAppActor pid=728295)[0m  19                  -1  1    493056  ultralytics.nn.modules.block.C2f             [384, 256, 1]                 
[36m(ClientAppActor pid=728295)[0m  23        [16, 19, 22]  1   1639574  ultralytics.nn.modules.head.v10Detect        [1, [128, 256, 512]]          
[36m(ClientAppActor pid=728306)[0m 
[36m(ClientAppActor pid=728306)[0m  13                  -1  1    591360  ultralytics.nn.modules.block.C2f             [768, 256, 1]                 
[36m(ClientAppActor pid=728306)[0m  16                  -1  1    148224  ultralytics.nn.modules.block.C2f             [384, 128, 1]                 
[36m(ClientAppActor pid=728306)[0m  19                  -1  1    493056  ultralytics.nn.modules.block.C2f             [384, 256, 1]                 
[36m(ClientAppActor pid=728306)[0m  23        [16, 19, 22]  1   1639574  ultralytics.nn.modules.head.v10Detect        [1, [128, 256, 512]]          
[36m(ClientAppActor pid=728302)[0m [34m[1mengine/trainer: [0magnostic_nms=False, amp=True, augment=False, auto_augment=randaugment, batch=4, bgr=0.0, box=7.5, cache=False, cfg=None, classes=None, close_mosaic=10, cls=0.5, compile=False, conf=None, copy_paste=0.0, copy_paste_mode=flip, cos_lr=False, cutmix=0.0, data=/ANON/fl_hod/data/yolo/client_configs/client_leipzig.yaml, degrees=0.0, deterministic=True, device=0, dfl=1.5, dnn=False, dropout=0.0, dynamic=False, embed=None, epochs=3, erasing=0.4, exist_ok=False, fliplr=0.5, flipud=0.0, format=torchscript, fraction=1.0, freeze=None, half=False, hsv_h=0.015, hsv_s=0.7, hsv_v=0.4, imgsz=640, int8=False, iou=0.7, keras=False, kobj=1.0, line_width=None, lr0=0.001, lrf=0.01, mask_ratio=4, max_det=300, mixup=0.0, mode=train, model=/tmp/fl_yolo_models/yolov10s_client_2_728302.pt, momentum=0.937, mosaic=1.0, multi_scale=False, name=train, nbs=64, nms=False, opset=None, optimize=False, optimizer=AdamW, overlap_mask=True, patience=100, perspective=0.0, plots=False, pose=12.0, pretrained=True, profile=False, project=/tmp/fl_yolo_runs_728302, rect=False, resume=False, retina_masks=False, save=False, save_conf=False, save_crop=False, save_dir=/tmp/fl_yolo_runs_728302/train, save_frames=False, save_json=False, save_period=-1, save_txt=False, scale=0.5, seed=0, shear=0.0, show=False, show_boxes=True, show_conf=True, show_labels=True, simplify=True, single_cls=False, source=None, split=val, stream_buffer=False, task=detect, time=None, tracker=botsort.yaml, translate=0.1, val=True, verbose=False, vid_stride=1, visualize=False, warmup_bias_lr=0.1, warmup_epochs=3.0, warmup_momentum=0.8, weight_decay=0.0005, workers=8, workspace=None
[36m(ClientAppActor pid=728294)[0m [34m[1mengine/trainer: [0magnostic_nms=False, amp=True, augment=False, auto_augment=randaugment, batch=4, bgr=0.0, box=7.5, cache=False, cfg=None, classes=None, close_mosaic=10, cls=0.5, compile=False, conf=None, copy_paste=0.0, copy_paste_mode=flip, cos_lr=False, cutmix=0.0, data=/ANON/fl_hod/data/yolo/client_configs/client_koeln.yaml, degrees=0.0, deterministic=True, device=0, dfl=1.5, dnn=False, dropout=0.0, dynamic=False, embed=None, epochs=3, erasing=0.4, exist_ok=False, fliplr=0.5, flipud=0.0, format=torchscript, fraction=1.0, freeze=None, half=False, hsv_h=0.015, hsv_s=0.7, hsv_v=0.4, imgsz=640, int8=False, iou=0.7, keras=False, kobj=1.0, line_width=None, lr0=0.001, lrf=0.01, mask_ratio=4, max_det=300, mixup=0.0, mode=train, model=/tmp/fl_yolo_models/yolov10s_client_1_728294.pt, momentum=0.937, mosaic=1.0, multi_scale=False, name=train, nbs=64, nms=False, opset=None, optimize=False, optimizer=AdamW, overlap_mask=True, patience=100, perspective=0.0, plots=False, pose=12.0, pretrained=True, profile=False, project=/tmp/fl_yolo_runs_728294, rect=False, resume=False, retina_masks=False, save=False, save_conf=False, save_crop=False, save_dir=/tmp/fl_yolo_runs_728294/train, save_frames=False, save_json=False, save_period=-1, save_txt=False, scale=0.5, seed=0, shear=0.0, show=False, show_boxes=True, show_conf=True, show_labels=True, simplify=True, single_cls=False, source=None, split=val, stream_buffer=False, task=detect, time=None, tracker=botsort.yaml, translate=0.1, val=True, verbose=False, vid_stride=1, visualize=False, warmup_bias_lr=0.1, warmup_epochs=3.0, warmup_momentum=0.8, weight_decay=0.0005, workers=8, workspace=None
[36m(ClientAppActor pid=728293)[0m 
[36m(ClientAppActor pid=728302)[0m 
[36m(ClientAppActor pid=728302)[0m  13                  -1  1    591360  ultralytics.nn.modules.block.C2f             [768, 256, 1]                 
[36m(ClientAppActor pid=728302)[0m  16                  -1  1    148224  ultralytics.nn.modules.block.C2f             [384, 128, 1]                 
[36m(ClientAppActor pid=728302)[0m  19                  -1  1    493056  ultralytics.nn.modules.block.C2f             [384, 256, 1]                 
[36m(ClientAppActor pid=728302)[0m  23        [16, 19, 22]  1   1639574  ultralytics.nn.modules.head.v10Detect        [1, [128, 256, 512]]          
[36m(ClientAppActor pid=728298)[0m 
[36m(ClientAppActor pid=728294)[0m 
[36m(ClientAppActor pid=728294)[0m  13                  -1  1    591360  ultralytics.nn.modules.block.C2f             [768, 256, 1]                 
[36m(ClientAppActor pid=728294)[0m  16                  -1  1    148224  ultralytics.nn.modules.block.C2f             [384, 128, 1]                 
[36m(ClientAppActor pid=728294)[0m  19                  -1  1    493056  ultralytics.nn.modules.block.C2f             [384, 256, 1]                 
[36m(ClientAppActor pid=728294)[0m  23        [16, 19, 22]  1   1639574  ultralytics.nn.modules.head.v10Detect        [1, [128, 256, 512]]          
[36m(ClientAppActor pid=728295)[0m 
[36m(ClientAppActor pid=728306)[0m 
[36m(ClientAppActor pid=728292)[0m [34m[1mAMP: [0mchecks passed [36m(ClientAppActor pid=728292)[0m [34m[1mtrain: [0mFast image access (ping: 0.0±0.0 ms, read: 6224.8±2507.5 MB/s, size: 2413.8 KB)
[36m(ClientAppActor pid=728302)[0m 
[36m(ClientAppActor pid=728294)[0m 
[36m(ClientAppActor pid=728292)[0m 
[K[34m[1mtrain: [0mScanning /ANON/fl_hod/data/yolo/labels/ecp/train... 73 images, 0 backgrounds, 0 corrupt: 15% ━╸────────── 73/477 217.3it/s 0.1s<1.9s
[36m(ClientAppActor pid=728292)[0m 
[K[34m[1mtrain: [0mScanning /ANON/fl_hod/data/yolo/labels/ecp/train... 161 images, 0 backgrounds, 0 corrupt: 34% ━━━━──────── 161/477 416.0it/s 0.2s<0.8s
[36m(ClientAppActor pid=728292)[0m 
[K[34m[1mtrain: [0mScanning /ANON/fl_hod/data/yolo/labels/ecp/train... 255 images, 0 backgrounds, 0 corrupt: 53% ━━━━━━────── 255/477 572.7it/s 0.3s<0.4s
[36m(ClientAppActor pid=728292)[0m 
[K[34m[1mtrain: [0mScanning /ANON/fl_hod/data/yolo/labels/ecp/train... 336 images, 0 backgrounds, 0 corrupt: 70% ━━━━━━━━──── 336/477 642.5it/s 0.4s<0.2s
[36m(ClientAppActor pid=728292)[0m 
[K[34m[1mtrain: [0mScanning /ANON/fl_hod/data/yolo/labels/ecp/train... 417 images, 0 backgrounds, 0 corrupt: 87% ━━━━━━━━━━── 417/477 689.8it/s 0.5s<0.1s
[36m(ClientAppActor pid=728292)[0m 
[K[34m[1mtrain: [0mScanning /ANON/fl_hod/data/yolo/labels/ecp/train... 477 images, 0 backgrounds, 0 corrupt: 100% ━━━━━━━━━━━━ 477/477 830.7it/s 0.6s
[K[34m[1mtrain: [0mScanning /ANON/fl_hod/data/yolo/labels/ecp/train... 477 images, 0 backgrounds, 0 corrupt: 100% ━━━━━━━━━━━━ 477/477 830.6it/s 0.6s
[36m(ClientAppActor pid=728292)[0m [34m[1mval: [0mFast image access (ping: 0.0±0.0 ms, read: 5014.0±2421.8 MB/s, size: 2411.3 KB)
[36m(ClientAppActor pid=728292)[0m 
[K[34m[1mval: [0mScanning /ANON/fl_hod/data/yolo/labels/ecp/val... 58 images, 0 backgrounds, 0 corrupt: 50% ━━━━━━────── 58/115 170.4it/s 0.1s<0.3s
[36m(ClientAppActor pid=728292)[0m 
[K[34m[1mval: [0mScanning /ANON/fl_hod/data/yolo/labels/ecp/val... 102 images, 0 backgrounds, 0 corrupt: 89% ━━━━━━━━━━╸─ 102/115 248.0it/s 0.2s<0.1s
[K[34m[1mval: [0mScanning /ANON/fl_hod/data/yolo/labels/ecp/val... 115 images, 0 backgrounds, 0 corrupt: 100% ━━━━━━━━━━━━ 115/115 526.7it/s 0.2s
[K[34m[1mval: [0mScanning /ANON/fl_hod/data/yolo/labels/ecp/val... 115 images, 0 backgrounds, 0 corrupt: 100% ━━━━━━━━━━━━ 115/115 526.5it/s 0.2s
[36m(ClientAppActor pid=728293)[0m 
[K[34m[1mtrain: [0mScanning /ANON/fl_hod/data/yolo/labels/ecp/train... 137 images, 0 backgrounds, 0 corrupt: 30% ━━━╸──────── 137/457 347.6it/s 0.2s<0.9s
[36m(ClientAppActor pid=728298)[0m 
[K[34m[1mtrain: [0mScanning /ANON/fl_hod/data/yolo/labels/ecp/train... 125 images, 0 backgrounds, 0 corrupt: 26% ━━━───────── 125/475 317.5it/s 0.2s<1.1s
[36m(ClientAppActor pid=728293)[0m 
[K[34m[1mtrain: [0mScanning /ANON/fl_hod/data/yolo/labels/ecp/train... 204 images, 0 backgrounds, 0 corrupt: 45% ━━━━━─────── 204/457 440.5it/s 0.3s<0.6s
[36m(ClientAppActor pid=728295)[0m 
[K[34m[1mtrain: [0mScanning /ANON/fl_hod/data/yolo/labels/ecp/train... 47 images, 0 backgrounds, 0 corrupt: 11% ━─────────── 47/422 139.9it/s 0.1s<2.7s
[36m(ClientAppActor pid=728306)[0m 
[K[34m[1mtrain: [0mScanning /ANON/fl_hod/data/yolo/labels/ecp/train... 44 images, 0 backgrounds, 0 corrupt: 6% ╸─────────── 44/724 125.3it/s 0.1s<5.4s
[36m(ClientAppActor pid=728298)[0m 
[K[34m[1mtrain: [0mScanning /ANON/fl_hod/data/yolo/labels/ecp/train... 180 images, 0 backgrounds, 0 corrupt: 38% ━━━━╸─────── 180/475 386.2it/s 0.3s<0.8s
[36m(ClientAppActor pid=728293)[0m 
[K[34m[1mtrain: [0mScanning /ANON/fl_hod/data/yolo/labels/ecp/train... 248 images, 0 backgrounds, 0 corrupt: 54% ━━━━━━╸───── 248/457 437.4it/s 0.4s<0.5s
[36m(ClientAppActor pid=728295)[0m 
[K[34m[1mtrain: [0mScanning /ANON/fl_hod/data/yolo/labels/ecp/train... 92 images, 0 backgrounds, 0 corrupt: 22% ━━╸───────── 92/422 232.4it/s 0.2s<1.4s
[36m(ClientAppActor pid=728298)[0m 
[K[34m[1mtrain: [0mScanning /ANON/fl_hod/data/yolo/labels/ecp/train... 223 images, 0 backgrounds, 0 corrupt: 47% ━━━━━╸────── 223/475 397.7it/s 0.4s<0.6s
[36m(ClientAppActor pid=728293)[0m 
[K[34m[1mtrain: [0mScanning /ANON/fl_hod/data/yolo/labels/ecp/train... 299 images, 0 backgrounds, 0 corrupt: 65% ━━━━━━━╸──── 299/457 457.0it/s 0.5s<0.3s
[36m(ClientAppActor pid=728294)[0m 
[K[34m[1mtrain: [0mScanning /ANON/fl_hod/data/yolo/labels/ecp/train... 99 images, 0 backgrounds, 0 corrupt: 20% ━━────────── 99/496 253.8it/s 0.2s<1.6s
[36m(ClientAppActor pid=728293)[0m 
[K[34m[1mtrain: [0mScanning /ANON/fl_hod/data/yolo/labels/ecp/train... 357 images, 0 backgrounds, 0 corrupt: 78% ━━━━━━━━━─── 357/457 490.3it/s 0.6s<0.2s
[36m(ClientAppActor pid=728293)[0m 
[K[34m[1mtrain: [0mScanning /ANON/fl_hod/data/yolo/labels/ecp/train... 400 images, 0 backgrounds, 0 corrupt: 88% ━━━━━━━━━━╸─ 400/457 468.8it/s 0.7s<0.1s
[36m(ClientAppActor pid=728302)[0m 
[K[34m[1mtrain: [0mScanning /ANON/fl_hod/data/yolo/labels/ecp/train... 128 images, 0 backgrounds, 0 corrupt: 75% ━━━━━━━━━─── 128/170 271.4it/s 0.3s<0.2s
[K[34m[1mtrain: [0mScanning /ANON/fl_hod/data/yolo/labels/ecp/train... 170 images, 0 backgrounds, 0 corrupt: 100% ━━━━━━━━━━━━ 170/170 496.8it/s 0.3s
[K[34m[1mtrain: [0mScanning /ANON/fl_hod/data/yolo/labels/ecp/train... 170 images, 0 backgrounds, 0 corrupt: 100% ━━━━━━━━━━━━ 170/170 496.5it/s 0.3s
[36m(ClientAppActor pid=728298)[0m 
[K[34m[1mtrain: [0mScanning /ANON/fl_hod/data/yolo/labels/ecp/train... 437 images, 0 backgrounds, 0 corrupt: 92% ━━━━━━━━━━━─ 437/475 453.0it/s 0.9s<0.1s
[36m(ClientAppActor pid=728302)[0m 
[K[34m[1mval: [0mScanning /ANON/fl_hod/data/yolo/labels/ecp/val... 15 images, 0 backgrounds, 0 corrupt: 100% ━━━━━━━━━━━━ 15/15 688.5it/s 0.0s
[K[34m[1mval: [0mScanning /ANON/fl_hod/data/yolo/labels/ecp/val... 15 images, 0 backgrounds, 0 corrupt: 100% ━━━━━━━━━━━━ 15/15 684.4it/s 0.0s
[36m(ClientAppActor pid=728295)[0m 
[K[34m[1mtrain: [0mScanning /ANON/fl_hod/data/yolo/labels/ecp/train... 364 images, 0 backgrounds, 0 corrupt: 86% ━━━━━━━━━━── 364/422 468.2it/s 0.8s<0.1s
[K[34m[1mtrain: [0mScanning /ANON/fl_hod/data/yolo/labels/ecp/train... 422 images, 0 backgrounds, 0 corrupt: 100% ━━━━━━━━━━━━ 422/422 506.9it/s 0.8s
[K[34m[1mtrain: [0mScanning /ANON/fl_hod/data/yolo/labels/ecp/train... 422 images, 0 backgrounds, 0 corrupt: 100% ━━━━━━━━━━━━ 422/422 506.8it/s 0.8s
[36m(ClientAppActor pid=728294)[0m 
[K[34m[1mtrain: [0mScanning /ANON/fl_hod/data/yolo/labels/ecp/train... 365 images, 0 backgrounds, 0 corrupt: 74% ━━━━━━━━╸─── 365/496 413.2it/s 0.8s<0.3s
[36m(ClientAppActor pid=728306)[0m 
[K[34m[1mtrain: [0mScanning /ANON/fl_hod/data/yolo/labels/ecp/train... 452 images, 0 backgrounds, 0 corrupt: 62% ━━━━━━━───── 452/724 513.8it/s 0.9s<0.5s
[36m(ClientAppActor pid=728298)[0m 
[K[34m[1mval: [0mScanning /ANON/fl_hod/data/yolo/labels/ecp/val... 32 images, 0 backgrounds, 0 corrupt: 37% ━━━━──────── 32/86 77.3it/s 0.1s<0.7s
[K[34m[1mval: [0mScanning /ANON/fl_hod/data/yolo/labels/ecp/val... 86 images, 0 backgrounds, 0 corrupt: 100% ━━━━━━━━━━━━ 86/86 502.1it/s 0.2s
[K[34m[1mval: [0mScanning /ANON/fl_hod/data/yolo/labels/ecp/val... 86 images, 0 backgrounds, 0 corrupt: 100% ━━━━━━━━━━━━ 86/86 501.9it/s 0.2s
[36m(ClientAppActor pid=728306)[0m 
[K[34m[1mtrain: [0mScanning /ANON/fl_hod/data/yolo/labels/ecp/train... 650 images, 0 backgrounds, 0 corrupt: 90% ━━━━━━━━━━╸─ 650/724 482.2it/s 1.3s<0.2s
[K[34m[1mtrain: [0mScanning /ANON/fl_hod/data/yolo/labels/ecp/train... 724 images, 0 backgrounds, 0 corrupt: 100% ━━━━━━━━━━━━ 724/724 526.0it/s 1.4s
[K[34m[1mtrain: [0mScanning /ANON/fl_hod/data/yolo/labels/ecp/train... 724 images, 0 backgrounds, 0 corrupt: 100% ━━━━━━━━━━━━ 724/724 526.0it/s 1.4s
[36m(ClientAppActor pid=728295)[0m 
[K[34m[1mval: [0mScanning /ANON/fl_hod/data/yolo/labels/ecp/val... 16 images, 0 backgrounds, 0 corrupt: 23% ━━╸───────── 16/69 46.5it/s 0.1s<1.1s
[36m(ClientAppActor pid=728294)[0m [Client PID=728294] Ultralytics cache patched v3 (utils + dataset modules)[32m [repeated 6x across cluster] (Ray deduplicates logs by default. Set RAY_DEDUP_LOGS=0 to disable log deduplication, or see https://docs.ray.io/en/master/ray-observability/user-guides/configure-logging.html#log-deduplication for more options.)[0m
[36m(ClientAppActor pid=728294)[0m [Client 1] Initializing YOLOv10-S...[32m [repeated 6x across cluster][0m
[36m(ClientAppActor pid=728294)[0m [Client 1] Ready[32m [repeated 6x across cluster][0m
[36m(ClientAppActor pid=728302)[0m   Data: /ANON/fl_hod/data/yolo/client_configs/client_leipzig.yaml
[36m(ClientAppActor pid=728294)[0m   Local epochs: 3[32m [repeated 6x across cluster][0m
[36m(ClientAppActor pid=728294)[0m   Batch size: 4[32m [repeated 6x across cluster][0m
[36m(ClientAppActor pid=728294)[0m   FedBN: False[32m [repeated 6x across cluster][0m
[36m(ClientAppActor pid=728294)[0m [Client 1] Starting local training...[32m [repeated 6x across cluster][0m
[36m(ClientAppActor pid=728294)[0m New https://pypi.org/project/ultralytics/8.4.46 available Update with 'pip install -U ultralytics'[32m [repeated 6x across cluster][0m
[36m(ClientAppActor pid=728294)[0m Ultralytics 8.3.234 Python-3.10.19 torch-2.6.0+cu124 CUDA:0 (NVIDIA RTX 5000 Ada Generation, 32220MiB)[32m [repeated 6x across cluster][0m
[36m(ClientAppActor pid=728294)[0m Overriding model.yaml nc=80 with nc=1[32m [repeated 6x across cluster][0m
[36m(ClientAppActor pid=728294)[0m                    from  n    params  module                                       arguments                     [32m [repeated 6x across cluster][0m
[36m(ClientAppActor pid=728294)[0m  17                  -1  1    147712  ultralytics.nn.modules.conv.Conv             [128, 128, 3, 2]              [32m [repeated 24x across cluster][0m
[36m(ClientAppActor pid=728294)[0m   6                  -1  2    788480  ultralytics.nn.modules.block.C2f             [256, 256, 2, True]           [32m [repeated 18x across cluster][0m
[36m(ClientAppActor pid=728294)[0m  20                  -1  1     68864  ultralytics.nn.modules.block.SCDown          [256, 256, 3, 2]              [32m [repeated 18x across cluster][0m
[36m(ClientAppActor pid=728294)[0m  22                  -1  1   1089536  ultralytics.nn.modules.block.C2fCIB          [768, 512, 1, True, True]     [32m [repeated 12x across cluster][0m
[36m(ClientAppActor pid=728294)[0m   9                  -1  1    656896  ultralytics.nn.modules.block.SPPF            [512, 512, 5]                 [32m [repeated 6x across cluster][0m
[36m(ClientAppActor pid=728294)[0m  10                  -1  1    990976  ultralytics.nn.modules.block.PSA             [512, 512]                    [32m [repeated 6x across cluster][0m
[36m(ClientAppActor pid=728294)[0m  14                  -1  1         0  torch.nn.modules.upsampling.Upsample         [None, 2, 'nearest']          [32m [repeated 12x across cluster][0m
[36m(ClientAppActor pid=728294)[0m  21            [-1, 10]  1         0  ultralytics.nn.modules.conv.Concat           [1]                           [32m [repeated 24x across cluster][0m
[36m(ClientAppActor pid=728306)[0m 
[K[34m[1mval: [0mScanning /ANON/fl_hod/data/yolo/labels/ecp/val... 34 images, 0 backgrounds, 0 corrupt: 26% ━━━───────── 34/133 101.1it/s 0.1s<1.0s
[36m(ClientAppActor pid=728294)[0m YOLOv10s summary: 234 layers, 8,067,126 parameters, 8,067,110 gradients, 24.8 GFLOPs[32m [repeated 6x across cluster][0m
[36m(ClientAppActor pid=728294)[0m Transferred 607/619 items from pretrained weights[32m [repeated 6x across cluster][0m
[36m(ClientAppActor pid=728294)[0m Freezing layer 'model.23.dfl.conv.weight'[32m [repeated 6x across cluster][0m
[36m(ClientAppActor pid=728294)[0m [34m[1mAMP: [0mrunning Automatic Mixed Precision (AMP) checks...[32m [repeated 6x across cluster][0m
[36m(ClientAppActor pid=728294)[0m [Client 1] ️  MALICIOUS - Attack: SignFlippingAttack
[36m(ClientAppActor pid=728306)[0m 
[K[34m[1mval: [0mScanning /ANON/fl_hod/data/yolo/labels/ecp/val... 101 images, 0 backgrounds, 0 corrupt: 76% ━━━━━━━━━─── 101/133 215.2it/s 0.2s<0.1s
[K[34m[1mval: [0mScanning /ANON/fl_hod/data/yolo/labels/ecp/val... 133 images, 0 backgrounds, 0 corrupt: 100% ━━━━━━━━━━━━ 133/133 524.6it/s 0.3s
[K[34m[1mval: [0mScanning /ANON/fl_hod/data/yolo/labels/ecp/val... 133 images, 0 backgrounds, 0 corrupt: 100% ━━━━━━━━━━━━ 133/133 524.4it/s 0.3s
[36m(ClientAppActor pid=728292)[0m [34m[1moptimizer:[0m AdamW(lr=0.001, momentum=0.937) with parameter groups 99 weight(decay=0.0), 112 weight(decay=0.0005), 111 bias(decay=0.0)
[36m(ClientAppActor pid=728292)[0m Image sizes 640 train, 640 val
[36m(ClientAppActor pid=728292)[0m Using 8 dataloader workers
[36m(ClientAppActor pid=728292)[0m Logging results to [1m/tmp/fl_yolo_runs_728292/train[0m
[36m(ClientAppActor pid=728292)[0m Starting training for 3 epochs...
[36m(ClientAppActor pid=728292)[0m 
[36m(ClientAppActor pid=728292)[0m       Epoch    GPU_mem   box_loss   cls_loss   dfl_loss  Instances       Size
[36m(ClientAppActor pid=728292)[0m 
[K        1/3      1.33G      6.747      15.85       3.06        206        640: 0% ──────────── 0/120  1.7s
[36m(ClientAppActor pid=728294)[0m [34m[1mAMP: [0mchecks passed [32m [repeated 6x across cluster][0m
[36m(ClientAppActor pid=728306)[0m [34m[1mval: [0mFast image access (ping: 0.0±0.0 ms, read: 3301.4±3245.9 MB/s, size: 2493.0 KB)[32m [repeated 12x across cluster][0m
[36m(ClientAppActor pid=728306)[0m 
[K[34m[1mtrain: [0mScanning /ANON/fl_hod/data/yolo/labels/ecp/train... 93 images, 0 backgrounds, 0 corrupt: 13% ━╸────────── 93/724 232.4it/s 0.2s<2.7s[32m [repeated 3x across cluster][0m
[36m(ClientAppActor pid=728294)[0m 
[K[34m[1mtrain: [0mScanning /ANON/fl_hod/data/yolo/labels/ecp/train... 263 images, 0 backgrounds, 0 corrupt: 53% ━━━━━━────── 263/496 425.0it/s 0.5s<0.5s[32m [repeated 2x across cluster][0m
[36m(ClientAppActor pid=728306)[0m 
[K[34m[1mtrain: [0mScanning /ANON/fl_hod/data/yolo/labels/ecp/train... 503 images, 0 backgrounds, 0 corrupt: 69% ━━━━━━━━──── 503/724 503.1it/s 1.0s<0.4s[32m [repeated 3x across cluster][0m
[36m(ClientAppActor pid=728306)[0m 
[K[34m[1mtrain: [0mScanning /ANON/fl_hod/data/yolo/labels/ecp/train... 610 images, 0 backgrounds, 0 corrupt: 84% ━━━━━━━━━━── 610/724 523.3it/s 1.2s<0.2s
[36m(ClientAppActor pid=728294)[0m 
[K[34m[1mtrain: [0mScanning /ANON/fl_hod/data/yolo/labels/ecp/train... 496 images, 0 backgrounds, 0 corrupt: 100% ━━━━━━━━━━━━ 496/496 526.0it/s 0.9s
[K[34m[1mtrain: [0mScanning /ANON/fl_hod/data/yolo/labels/ecp/train... 496 images, 0 backgrounds, 0 corrupt: 100% ━━━━━━━━━━━━ 496/496 525.9it/s 0.9s[32m [repeated 3x across cluster][0m
[36m(ClientAppActor pid=728293)[0m 
[K[34m[1mval: [0mScanning /ANON/fl_hod/data/yolo/labels/ecp/val... 41 images, 0 backgrounds, 0 corrupt: 51% ━━━━━━────── 41/80 116.4it/s 0.1s<0.3s
[36m(ClientAppActor pid=728306)[0m 
[K[34m[1mtrain: [0mScanning /ANON/fl_hod/data/yolo/labels/ecp/train... 217 images, 0 backgrounds, 0 corrupt: 30% ━━━╸──────── 217/724 424.5it/s 0.4s<1.2s[32m [repeated 3x across cluster][0m
[36m(ClientAppActor pid=728294)[0m 
[K[34m[1mtrain: [0mScanning /ANON/fl_hod/data/yolo/labels/ecp/train... 213 images, 0 backgrounds, 0 corrupt: 43% ━━━━━─────── 213/496 396.2it/s 0.4s<0.7s[32m [repeated 2x across cluster][0m
[36m(ClientAppActor pid=728294)[0m 
[K[34m[1mtrain: [0mScanning /ANON/fl_hod/data/yolo/labels/ecp/train... 42 images, 0 backgrounds, 0 corrupt: 8% ━─────────── 42/496 118.7it/s 0.1s<3.8s
[36m(ClientAppActor pid=728306)[0m 
[K[34m[1mtrain: [0mScanning /ANON/fl_hod/data/yolo/labels/ecp/train... 280 images, 0 backgrounds, 0 corrupt: 39% ━━━━╸─────── 280/724 478.3it/s 0.5s<0.9s
[36m(ClientAppActor pid=728306)[0m 
[K[34m[1mtrain: [0mScanning /ANON/fl_hod/data/yolo/labels/ecp/train... 395 images, 0 backgrounds, 0 corrupt: 55% ━━━━━━╸───── 395/724 501.7it/s 0.8s<0.7s[32m [repeated 3x across cluster][0m
[36m(ClientAppActor pid=728302)[0m 
[K[34m[1mtrain: [0mScanning /ANON/fl_hod/data/yolo/labels/ecp/train... 39 images, 0 backgrounds, 0 corrupt: 23% ━━╸───────── 39/170 116.0it/s 0.1s<1.1s
[36m(ClientAppActor pid=728306)[0m 
[K[34m[1mtrain: [0mScanning /ANON/fl_hod/data/yolo/labels/ecp/train... 333 images, 0 backgrounds, 0 corrupt: 46% ━━━━━╸────── 333/724 456.6it/s 0.7s<0.9s
[36m(ClientAppActor pid=728293)[0m 
[36m(ClientAppActor pid=728294)[0m 
[K[34m[1mtrain: [0mScanning /ANON/fl_hod/data/yolo/labels/ecp/train... 319 images, 0 backgrounds, 0 corrupt: 64% ━━━━━━━╸──── 319/496 454.3it/s 0.6s<0.4s
[36m(ClientAppActor pid=728306)[0m 
[K[34m[1mtrain: [0mScanning /ANON/fl_hod/data/yolo/labels/ecp/train... 137 images, 0 backgrounds, 0 corrupt: 19% ━━────────── 137/724 265.3it/s 0.3s<2.2s
[36m(ClientAppActor pid=728306)[0m 
[K[34m[1mtrain: [0mScanning /ANON/fl_hod/data/yolo/labels/ecp/train... 545 images, 0 backgrounds, 0 corrupt: 75% ━━━━━━━━━─── 545/724 473.0it/s 1.1s<0.4s[32m [repeated 2x across cluster][0m
[36m(ClientAppActor pid=728294)[0m 
[K[34m[1mtrain: [0mScanning /ANON/fl_hod/data/yolo/labels/ecp/train... 441 images, 0 backgrounds, 0 corrupt: 89% ━━━━━━━━━━╸─ 441/496 516.9it/s 0.9s<0.1s
[36m(ClientAppActor pid=728292)[0m 
[K        1/3      1.33G      5.485       25.5      2.674         25        640: 1% ──────────── 1/120 1.5s/it 2.2s<3:02
[36m(ClientAppActor pid=728292)[0m 
[K        1/3      1.33G      5.335      23.36      2.747         68        640: 2% ──────────── 2/120 1.0it/s 2.7s<1:54
[36m(ClientAppActor pid=728294)[0m 
[K[34m[1mval: [0mScanning /ANON/fl_hod/data/yolo/labels/ecp/val... 82 images, 0 backgrounds, 0 corrupt: 100% ━━━━━━━━━━━━ 82/82 456.0it/s 0.2s
[K[34m[1mval: [0mScanning /ANON/fl_hod/data/yolo/labels/ecp/val... 82 images, 0 backgrounds, 0 corrupt: 100% ━━━━━━━━━━━━ 82/82 455.8it/s 0.2s[32m [repeated 3x across cluster][0m
[36m(ClientAppActor pid=728292)[0m 
[K        1/3      1.33G      5.609      29.42      2.773         22        640: 2% ──────────── 3/120 1.6it/s 3.1s<1:14
[36m(ClientAppActor pid=728294)[0m 
[K[34m[1mval: [0mScanning /ANON/fl_hod/data/yolo/labels/ecp/val... 20 images, 0 backgrounds, 0 corrupt: 24% ━━╸───────── 20/82 54.3it/s 0.1s<1.1s
[36m(ClientAppActor pid=728302)[0m 
[36m(ClientAppActor pid=728292)[0m 
[K        1/3      1.33G      5.419      27.16       2.72         96        640: 3% ──────────── 4/120 1.3it/s 4.5s<1:28
[36m(ClientAppActor pid=728302)[0m [34m[1moptimizer:[0m AdamW(lr=0.001, momentum=0.937) with parameter groups 99 weight(decay=0.0), 112 weight(decay=0.0005), 111 bias(decay=0.0)[32m [repeated 2x across cluster][0m
[36m(ClientAppActor pid=728302)[0m Image sizes 640 train, 640 val[32m [repeated 2x across cluster][0m
[36m(ClientAppActor pid=728302)[0m Using 8 dataloader workers[32m [repeated 2x across cluster][0m
[36m(ClientAppActor pid=728302)[0m Logging results to [1m/tmp/fl_yolo_runs_728302/train[0m[32m [repeated 2x across cluster][0m
[36m(ClientAppActor pid=728302)[0m Starting training for 3 epochs...[32m [repeated 2x across cluster][0m
[36m(ClientAppActor pid=728302)[0m       Epoch    GPU_mem   box_loss   cls_loss   dfl_loss  Instances       Size[32m [repeated 2x across cluster][0m
[36m(ClientAppActor pid=728295)[0m 
[36m(ClientAppActor pid=728306)[0m 
[36m(ClientAppActor pid=728298)[0m 
[36m(ClientAppActor pid=728292)[0m 
[K        1/3      1.37G      5.131      24.53      2.665         58        640: 5% ╸─────────── 6/120 2.0it/s 5.4s<58.4s
[36m(ClientAppActor pid=728292)[0m 
[K        1/3      1.37G      4.996      24.58      2.784         29        640: 6% ╸─────────── 7/120 2.2it/s 5.7s<51.6s
[36m(ClientAppActor pid=728294)[0m 
[36m(ClientAppActor pid=728292)[0m 
[K        1/3      1.41G      4.971      22.76      2.715         28        640: 8% ━─────────── 10/120 2.8it/s 6.7s<39.7s
[36m(ClientAppActor pid=728293)[0m 
[K        1/3      1.34G      4.152      46.34      2.596         26        640: 3% ──────────── 4/115 2.9it/s 3.9s<38.3s[32m [repeated 6x across cluster][0m
[36m(ClientAppActor pid=728292)[0m 
[K        1/3      1.41G      4.898      21.53      2.676         45        640: 9% ━─────────── 11/120 2.9it/s 7.1s<38.1s
[36m(ClientAppActor pid=728292)[0m 
[K        1/3      1.41G       4.83      20.27      2.654        110        640: 10% ━─────────── 12/120 4.1it/s 7.2s<26.6s
[36m(ClientAppActor pid=728292)[0m 
[K        1/3      1.44G      4.782       19.2      2.653         74        640: 11% ━─────────── 13/120 5.3it/s 7.3s<20.1s
[36m(ClientAppActor pid=728292)[0m 
[K        1/3      1.44G      4.763      18.27      2.648         58        640: 12% ━─────────── 14/120 6.5it/s 7.4s<16.2s
[36m(ClientAppActor pid=728292)[0m 
[K        1/3      1.44G      4.709      16.66      2.637         80        640: 13% ━╸────────── 16/120 5.8it/s 7.8s<18.0s
[36m(ClientAppActor pid=728292)[0m 
[K        1/3      1.44G      4.688      16.05      2.618         41        640: 14% ━╸────────── 17/120 5.4it/s 8.0s<19.0s
[36m(ClientAppActor pid=728302)[0m 
[K        1/3      1.38G      4.927       61.6       2.53         29        640: 19% ━━────────── 8/43 3.1it/s 4.9s<11.4s
[36m(ClientAppActor pid=728302)[0m 
[K        1/3      1.38G        4.9      59.96      2.496         21        640: 21% ━━╸───────── 9/43 3.6it/s 5.1s<9.4s
[36m(ClientAppActor pid=728302)[0m 
[K        1/3      1.38G      4.964      62.31      2.554         15        640: 23% ━━╸───────── 10/43 4.0it/s 5.3s<8.3s
[36m(ClientAppActor pid=728302)[0m 
[K        1/3      1.38G      5.098      63.79      2.563         14        640: 26% ━━━───────── 11/43 4.4it/s 5.5s<7.3s
[36m(ClientAppActor pid=728302)[0m 
[K        1/3      1.38G      4.981      61.63      2.555         21        640: 28% ━━━───────── 12/43 4.4it/s 5.7s<7.0s
[36m(ClientAppActor pid=728294)[0m [34m[1moptimizer:[0m AdamW(lr=0.001, momentum=0.937) with parameter groups 99 weight(decay=0.0), 112 weight(decay=0.0005), 111 bias(decay=0.0)[32m [repeated 4x across cluster][0m
[36m(ClientAppActor pid=728294)[0m Image sizes 640 train, 640 val[32m [repeated 4x across cluster][0m
[36m(ClientAppActor pid=728294)[0m Using 8 dataloader workers[32m [repeated 4x across cluster][0m
[36m(ClientAppActor pid=728294)[0m Logging results to [1m/tmp/fl_yolo_runs_728294/train[0m[32m [repeated 4x across cluster][0m
[36m(ClientAppActor pid=728294)[0m Starting training for 3 epochs...[32m [repeated 4x across cluster][0m
[36m(ClientAppActor pid=728294)[0m       Epoch    GPU_mem   box_loss   cls_loss   dfl_loss  Instances       Size[32m [repeated 4x across cluster][0m
[36m(ClientAppActor pid=728302)[0m 
[K        1/3      1.38G      5.049      61.23      2.562         18        640: 30% ━━━╸──────── 13/43 4.6it/s 5.9s<6.6s
[36m(ClientAppActor pid=728302)[0m 
[K        1/3      1.38G      4.979      61.39      2.551         13        640: 33% ━━━╸──────── 14/43 4.8it/s 6.1s<6.1s
[36m(ClientAppActor pid=728306)[0m 
[K        1/3      1.38G       4.53      29.36      2.482         29        640: 7% ╸─────────── 12/181 4.5it/s 5.2s<38.0s[32m [repeated 28x across cluster][0m
[36m(ClientAppActor pid=728302)[0m 
[K        1/3      1.38G      5.155      61.79      2.582         32        640: 35% ━━━━──────── 15/43 4.7it/s 6.3s<5.9s
[36m(ClientAppActor pid=728302)[0m 
[K        1/3      1.38G      5.089      61.19      2.569         17        640: 37% ━━━━──────── 16/43 4.8it/s 6.5s<5.6s
[36m(ClientAppActor pid=728302)[0m 
[K        1/3      1.38G      5.149      61.73      2.618         13        640: 40% ━━━━╸─────── 17/43 4.8it/s 6.7s<5.5s
[36m(ClientAppActor pid=728302)[0m 
[K        1/3      1.38G       5.22       63.3      2.659         11        640: 42% ━━━━━─────── 18/43 4.5it/s 7.0s<5.5s
[36m(ClientAppActor pid=728302)[0m 
[K        1/3       1.4G      5.231      62.01      2.645         17        640: 44% ━━━━━─────── 19/43 4.8it/s 7.2s<5.0s
[36m(ClientAppActor pid=728302)[0m 
[K        1/3      1.42G      5.205      62.03      2.674          8        640: 47% ━━━━━╸────── 20/43 5.2it/s 7.3s<4.4s
[36m(ClientAppActor pid=728306)[0m 
[K        1/3      1.38G      4.558       22.2      2.486         30        640: 10% ━─────────── 18/181 4.3it/s 6.6s<37.5s[32m [repeated 26x across cluster][0m
[36m(ClientAppActor pid=728302)[0m 
[K        1/3      1.42G      5.288      62.01      2.702         11        640: 49% ━━━━━╸────── 21/43 5.1it/s 7.5s<4.3s
[36m(ClientAppActor pid=728302)[0m 
[K        1/3      1.42G      5.341      60.89      2.715         10        640: 51% ━━━━━━────── 22/43 5.4it/s 7.7s<3.9s
[36m(ClientAppActor pid=728306)[0m 
[K        1/3      1.35G      4.306      38.42      2.463         30        640: 4% ──────────── 7/181 3.0it/s 4.1s<57.5s[32m [repeated 26x across cluster][0m
[36m(ClientAppActor pid=728302)[0m 
[K        1/3      1.43G      5.382      59.39      2.724         26        640: 53% ━━━━━━────── 23/43 5.4it/s 7.9s<3.7s
[36m(ClientAppActor pid=728302)[0m 
[K        1/3      1.43G      5.377      57.52      2.736         35        640: 56% ━━━━━━╸───── 24/43 5.3it/s 8.1s<3.6s
[36m(ClientAppActor pid=728302)[0m 
[K        1/3      1.43G      5.391      55.94      2.724         27        640: 58% ━━━━━━╸───── 25/43 5.1it/s 8.3s<3.5s
[36m(ClientAppActor pid=728302)[0m 
[K        1/3      1.43G       5.39      54.33      2.736         26        640: 60% ━━━━━━━───── 26/43 5.1it/s 8.5s<3.3s
[36m(ClientAppActor pid=728306)[0m 
[K        1/3      1.41G      4.493      18.49      2.472         86        640: 13% ━╸────────── 23/181 4.9it/s 7.6s<32.3s[32m [repeated 24x across cluster][0m
[36m(ClientAppActor pid=728302)[0m 
[K        1/3      1.43G      5.383      52.94      2.721         15        640: 63% ━━━━━━━╸──── 27/43 5.2it/s 8.7s<3.1s
[36m(ClientAppActor pid=728302)[0m 
[K        1/3      1.43G      5.322      51.54      2.708         15        640: 65% ━━━━━━━╸──── 28/43 5.0it/s 8.9s<3.0s
[36m(ClientAppActor pid=728302)[0m 
[K        1/3      1.43G      5.316      50.35      2.715         13        640: 67% ━━━━━━━━──── 29/43 3.8it/s 9.8s<3.6s
[36m(ClientAppActor pid=728298)[0m 
[K        1/3      1.45G      4.385      19.86       2.37         39        640: 20% ━━────────── 24/119 5.1it/s 7.7s<18.5s[32m [repeated 25x across cluster][0m
[36m(ClientAppActor pid=728302)[0m 
[K        1/3      1.43G      5.264      48.99      2.711         17        640: 70% ━━━━━━━━──── 30/43 3.8it/s 10.0s<3.4s
[36m(ClientAppActor pid=728294)[0m 
[K        1/3      1.41G      4.448      11.43      2.429         51        640: 24% ━━╸───────── 30/124 4.1it/s 8.1s<23.1s[32m [repeated 21x across cluster][0m
[36m(ClientAppActor pid=728302)[0m 
[K        1/3      1.43G      5.226      47.72      2.692         15        640: 72% ━━━━━━━━╸─── 31/43 4.5it/s 10.2s<2.7s
[36m(ClientAppActor pid=728302)[0m 
[K        1/3      1.43G      5.205       46.5      2.681         30        640: 74% ━━━━━━━━╸─── 32/43 4.6it/s 10.4s<2.4s
[36m(ClientAppActor pid=728294)[0m 
[K        1/3      1.41G      4.418      10.97      2.434         65        640: 26% ━━━───────── 32/124 4.4it/s 8.6s<21.1s[32m [repeated 17x across cluster][0m
[36m(ClientAppActor pid=728302)[0m 
[K        1/3      1.43G      5.172      45.47      2.663         10        640: 77% ━━━━━━━━━─── 33/43 4.9it/s 10.6s<2.0s
[36m(ClientAppActor pid=728302)[0m 
[K        1/3      1.43G      5.207      44.43       2.67         36        640: 79% ━━━━━━━━━─── 34/43 4.8it/s 10.8s<1.9s
[36m(ClientAppActor pid=728295)[0m 
[K        1/3      1.43G      4.652      22.38      2.391         18        640: 29% ━━━╸──────── 31/106 4.8it/s 10.0s<15.6s[32m [repeated 10x across cluster][0m
[36m(ClientAppActor pid=728302)[0m 
[K        1/3      1.43G      5.182      43.35      2.657         33        640: 81% ━━━━━━━━━╸── 35/43 4.9it/s 11.0s<1.6s
[36m(ClientAppActor pid=728302)[0m 
[K        1/3      1.43G       5.16      42.33      2.655         24        640: 84% ━━━━━━━━━━── 36/43 5.1it/s 11.2s<1.4s
[36m(ClientAppActor pid=728306)[0m 
[K        1/3      1.38G      4.512      25.24      2.442         39        640: 8% ╸─────────── 15/181 4.7it/s 5.8s<35.4s[32m [repeated 3x across cluster][0m
[36m(ClientAppActor pid=728293)[0m 
[K        1/3      1.41G      4.152      16.16      2.273         16        640: 37% ━━━━──────── 43/115 4.8it/s 13.5s<15.1s[32m [repeated 11x across cluster][0m
[36m(ClientAppActor pid=728302)[0m 
[K        1/3      1.43G       5.18      41.42      2.657         36        640: 86% ━━━━━━━━━━── 37/43 5.1it/s 11.4s<1.2s
[36m(ClientAppActor pid=728302)[0m 
[K        1/3      1.43G      5.159      40.54      2.645         27        640: 88% ━━━━━━━━━━╸─ 38/43 5.0it/s 11.6s<1.0s
[36m(ClientAppActor pid=728293)[0m 
[K        1/3      1.41G      4.167      15.37      2.277         51        640: 40% ━━━━╸─────── 46/115 4.9it/s 14.1s<14.1s[32m [repeated 7x across cluster][0m
[36m(ClientAppActor pid=728302)[0m 
[K        1/3      1.43G      5.134      39.75      2.639          9        640: 91% ━━━━━━━━━━╸─ 39/43 5.0it/s 11.8s<0.8s
[36m(ClientAppActor pid=728292)[0m 
[K        1/3      1.48G      4.149      7.776      2.376         62        640: 42% ━━━━━─────── 50/120 4.8it/s 16.0s<14.6s
[36m(ClientAppActor pid=728292)[0m 
[K        1/3      1.48G      4.137      7.679      2.373         68        640: 42% ━━━━━─────── 51/120 4.9it/s 16.2s<14.0s
[36m(ClientAppActor pid=728302)[0m 
[K        1/3      1.43G       5.13      38.95      2.631         35        640: 93% ━━━━━━━━━━━─ 40/43 4.9it/s 12.0s<0.6s
[36m(ClientAppActor pid=728292)[0m 
[K        1/3      1.48G      4.129      7.587      2.371        122        640: 43% ━━━━━─────── 52/120 5.0it/s 16.4s<13.6s
[36m(ClientAppActor pid=728302)[0m 
[K        1/3      1.43G      5.118      38.17      2.628         33        640: 95% ━━━━━━━━━━━─ 41/43 5.0it/s 12.2s<0.4s
[36m(ClientAppActor pid=728302)[0m 
[K        1/3      1.47G      5.091      37.45       2.62          8        640: 98% ━━━━━━━━━━━╸ 42/43 4.7it/s 12.4s<0.2s
[K        1/3      1.47G      5.091      37.45       2.62          8        640: 100% ━━━━━━━━━━━━ 43/43 3.5it/s 12.4s
[K        1/3      1.47G      5.091      37.45       2.62          8        640: 100% ━━━━━━━━━━━━ 43/43 3.5it/s 12.4s
[36m(ClientAppActor pid=728306)[0m 
[K        1/3      1.41G      4.487      19.13      2.469         20        640: 12% ━─────────── 22/181 4.8it/s 7.4s<33.1s[32m [repeated 4x across cluster][0m
[36m(ClientAppActor pid=728292)[0m 
[K        1/3      1.48G      4.117      7.281      2.364         62        640: 47% ━━━━━╸────── 56/120 5.3it/s 17.2s<12.1s
[36m(ClientAppActor pid=728302)[0m 
[K                 Class     Images  Instances      Box(P          R      mAP50  mAP50-95): 50% ━━━━━━────── 1/2 1.4s/it 0.4s<1.4s
[36m(ClientAppActor pid=728292)[0m 
[K        1/3      1.48G      4.126      7.221      2.364         57        640: 48% ━━━━━╸────── 57/120 5.5it/s 17.3s<11.5s
[36m(ClientAppActor pid=728302)[0m 
[K                 Class     Images  Instances      Box(P          R      mAP50  mAP50-95): 100% ━━━━━━━━━━━━ 2/2 2.5it/s 0.8s
[K                 Class     Images  Instances      Box(P          R      mAP50  mAP50-95): 100% ━━━━━━━━━━━━ 2/2 2.5it/s 0.8s
[36m(ClientAppActor pid=728302)[0m                    all         15         83    0.00895      0.446    0.00651    0.00272
[36m(ClientAppActor pid=728302)[0m 
[36m(ClientAppActor pid=728302)[0m       Epoch    GPU_mem   box_loss   cls_loss   dfl_loss  Instances       Size
[36m(ClientAppActor pid=728302)[0m 
[K        2/3      1.47G      4.395      5.643      2.005         35        640: 0% ──────────── 0/43  0.2s
[36m(ClientAppActor pid=728302)[0m 
[K        2/3      1.47G      3.962      5.357      1.997         29        640: 2% ──────────── 1/43 1.5it/s 0.4s<28.2s
[36m(ClientAppActor pid=728306)[0m 
[K        1/3      1.41G      4.414      15.22       2.43         24        640: 17% ━╸────────── 30/181 4.4it/s 9.5s<34.2s[32m [repeated 7x across cluster][0m
[36m(ClientAppActor pid=728292)[0m 
[K        1/3      1.48G      4.122      7.025      2.358         83        640: 50% ━━━━━━────── 60/120 5.2it/s 17.9s<11.6s
[36m(ClientAppActor pid=728292)[0m 
[K        1/3      1.48G      4.122      6.969      2.361        153        640: 51% ━━━━━━────── 61/120 5.1it/s 18.1s<11.5s
[36m(ClientAppActor pid=728292)[0m 
[K        1/3      1.48G      4.108      6.906      2.359         55        640: 52% ━━━━━━────── 62/120 4.6it/s 18.4s<12.6s
[36m(ClientAppActor pid=728306)[0m 
[K        1/3      1.41G      4.379      13.15      2.404         57        640: 20% ━━────────── 37/181 5.1it/s 10.9s<28.5s[32m [repeated 7x across cluster][0m
[36m(ClientAppActor pid=728306)[0m 
[K        1/3      1.41G      4.417      11.45      2.359         45        640: 25% ━━╸───────── 45/181 5.3it/s 12.4s<25.8s[32m [repeated 10x across cluster][0m
[36m(ClientAppActor pid=728292)[0m 
[K        1/3      1.48G      4.092       6.67      2.357         97        640: 55% ━━━━━━╸───── 66/120 4.5it/s 19.7s<12.0s
[36m(ClientAppActor pid=728306)[0m 
[K        1/3      1.44G      4.405      10.48       2.34         34        640: 29% ━━━───────── 52/181 4.3it/s 14.6s<30.1s[32m [repeated 16x across cluster][0m
[36m(ClientAppActor pid=728292)[0m 
[K        1/3      1.48G      4.085      6.611      2.355        114        640: 56% ━━━━━━╸───── 67/120 4.6it/s 19.9s<11.6s
[36m(ClientAppActor pid=728306)[0m 
[K        1/3      1.44G      4.394      10.21       2.33         49        640: 30% ━━━╸──────── 54/181 4.6it/s 15.0s<27.9s[32m [repeated 16x across cluster][0m
[36m(ClientAppActor pid=728292)[0m 
[K        1/3      1.48G       4.08      6.444      2.352        102        640: 58% ━━━━━━━───── 70/120 4.8it/s 20.5s<10.5s
[36m(ClientAppActor pid=728302)[0m 
[K        2/3      1.47G      4.512      6.674      2.255         14        640: 7% ╸─────────── 3/43 2.4it/s 1.1s<16.6s[32m [repeated 2x across cluster][0m
[36m(ClientAppActor pid=728292)[0m 
[K        1/3      1.48G      4.076      6.392       2.35         95        640: 59% ━━━━━━━───── 71/120 4.8it/s 20.7s<10.3s
[36m(ClientAppActor pid=728298)[0m 
[K        1/3      1.45G      4.309      12.74      2.271         91        640: 37% ━━━━──────── 44/119 5.1it/s 12.4s<14.6s[32m [repeated 14x across cluster][0m
[36m(ClientAppActor pid=728292)[0m 
[K        1/3      1.48G      4.072      6.339      2.347         85        640: 60% ━━━━━━━───── 72/120 4.8it/s 20.9s<10.0s
[36m(ClientAppActor pid=728294)[0m 
[K        1/3      1.41G      4.353      8.293      2.405         39        640: 41% ━━━━╸─────── 51/124 3.7it/s 12.7s<19.6s[32m [repeated 16x across cluster][0m
[36m(ClientAppActor pid=728294)[0m 
[K        1/3      1.41G      4.336      7.869      2.396         47        640: 45% ━━━━━─────── 56/124 4.8it/s 13.8s<14.2s[32m [repeated 22x across cluster][0m
[36m(ClientAppActor pid=728293)[0m 
[K        1/3      1.41G      4.185      11.25      2.265         22        640: 63% ━━━━━━━╸──── 72/115 5.2it/s 19.7s<8.3s
[36m(ClientAppActor pid=728302)[0m 
[K        2/3      1.47G      4.739      6.448      2.461         27        640: 12% ━─────────── 5/43 2.8it/s 1.8s<13.6s[32m [repeated 2x across cluster][0m
[36m(ClientAppActor pid=728294)[0m 
[K        1/3      1.41G      4.315      7.527      2.374         51        640: 49% ━━━━━╸────── 61/124 5.1it/s 14.8s<12.4s[32m [repeated 21x across cluster][0m
[36m(ClientAppActor pid=728292)[0m 
[K        1/3      1.48G       4.05      6.002      2.337         78        640: 67% ━━━━━━━━──── 80/120 5.1it/s 22.5s<7.9s
[36m(ClientAppActor pid=728302)[0m 
[K        2/3      1.47G       4.66      6.126      2.501         16        640: 16% ━╸────────── 7/43 4.0it/s 2.2s<9.1s[32m [repeated 2x across cluster][0m
[36m(ClientAppActor pid=728302)[0m 
[K        2/3      1.47G      4.566      5.704      2.415         16        640: 53% ━━━━━━────── 23/43 5.3it/s 5.2s<3.7s[32m [repeated 26x across cluster][0m
[36m(ClientAppActor pid=728292)[0m 
[K        1/3      1.48G      4.032      5.788      2.331         56        640: 72% ━━━━━━━━╸─── 86/120 3.5it/s 24.2s<9.8s
[36m(ClientAppActor pid=728302)[0m 
[K        2/3      1.47G      4.565      6.102      2.452         16        640: 19% ━━────────── 8/43 4.3it/s 2.4s<8.1s
[36m(ClientAppActor pid=728302)[0m 
[K        2/3      1.47G      4.525      6.024      2.449         13        640: 23% ━━╸───────── 10/43 4.9it/s 2.8s<6.8s[32m [repeated 2x across cluster][0m
[36m(ClientAppActor pid=728294)[0m 
[K        1/3      1.41G      4.293      6.904      2.372         68        640: 58% ━━━━━━╸───── 72/124 4.2it/s 17.3s<12.4s[32m [repeated 23x across cluster][0m
[36m(ClientAppActor pid=728302)[0m 
[K        2/3      1.47G      4.499      5.856      2.437         18        640: 28% ━━━───────── 12/43 5.1it/s 3.1s<6.0s[32m [repeated 2x across cluster][0m
[36m(ClientAppActor pid=728292)[0m 
[K        1/3      1.48G      4.009       5.66      2.321         84        640: 75% ━━━━━━━━━─── 90/120 4.8it/s 25.0s<6.3s
[36m(ClientAppActor pid=728292)[0m 
[K        1/3      1.48G      4.004      5.626      2.323         87        640: 76% ━━━━━━━━━─── 91/120 4.9it/s 25.2s<5.9s
[36m(ClientAppActor pid=728306)[0m 
[K        1/3      1.44G      4.432      9.615      2.326         49        640: 33% ━━━╸──────── 60/181 5.0it/s 16.2s<24.4s[32m [repeated 8x across cluster][0m
[36m(ClientAppActor pid=728294)[0m 
[K        1/3      1.41G      4.308      6.703      2.366         33        640: 62% ━━━━━━━───── 77/124 4.6it/s 18.6s<10.2s[32m [repeated 23x across cluster][0m
[36m(ClientAppActor pid=728306)[0m 
[K        1/3      1.44G      4.374      8.976      2.331         27        640: 37% ━━━━──────── 67/181 4.9it/s 17.6s<23.2s[32m [repeated 9x across cluster][0m
[36m(ClientAppActor pid=728302)[0m 
[K        2/3      1.47G      4.481      5.317      2.353         18        640: 81% ━━━━━━━━━╸── 35/43 5.0it/s 8.3s<1.6s
[36m(ClientAppActor pid=728302)[0m 
[K        2/3      1.47G      4.487      5.296      2.358         32        640: 84% ━━━━━━━━━━── 36/43 5.0it/s 8.5s<1.4s
[36m(ClientAppActor pid=728306)[0m 
[K        1/3      1.44G      4.373      8.401      2.318         33        640: 41% ━━━━╸─────── 75/181 4.7it/s 19.8s<22.5s[32m [repeated 9x across cluster][0m
[36m(ClientAppActor pid=728302)[0m 
[K        2/3      1.47G      4.484       5.28      2.372         12        640: 86% ━━━━━━━━━━── 37/43 4.9it/s 8.7s<1.2s
[36m(ClientAppActor pid=728306)[0m 
[K        1/3      1.44G      4.394      8.075      2.318         53        640: 45% ━━━━━─────── 81/181 5.1it/s 21.0s<19.7s[32m [repeated 8x across cluster][0m
[36m(ClientAppActor pid=728302)[0m 
[K        2/3      1.47G      4.463      5.233      2.361         24        640: 88% ━━━━━━━━━━╸─ 38/43 5.0it/s 8.9s<1.0s
[36m(ClientAppActor pid=728302)[0m 
[K        2/3      1.47G      4.467      5.214      2.375         20        640: 91% ━━━━━━━━━━╸─ 39/43 5.1it/s 9.1s<0.8s
[36m(ClientAppActor pid=728302)[0m 
[K        2/3      1.47G      4.477      5.195      2.371         26        640: 93% ━━━━━━━━━━━─ 40/43 5.2it/s 9.2s<0.6s
[36m(ClientAppActor pid=728294)[0m 
[K        1/3      1.41G      4.272      6.487      2.358         61        640: 66% ━━━━━━━╸──── 82/124 5.2it/s 19.6s<8.1s[32m [repeated 24x across cluster][0m
[36m(ClientAppActor pid=728302)[0m 
[K        2/3      1.47G      4.481      5.183      2.364         23        640: 95% ━━━━━━━━━━━─ 41/43 5.1it/s 9.4s<0.4s
[36m(ClientAppActor pid=728302)[0m 
[K        2/3      1.47G      4.482      5.189      2.358         20        640: 98% ━━━━━━━━━━━╸ 42/43 6.1it/s 9.6s<0.2s
[K        2/3      1.47G      4.482      5.189      2.358         20        640: 100% ━━━━━━━━━━━━ 43/43 4.5it/s 9.6s
[K        2/3      1.47G      4.482      5.189      2.358         20        640: 100% ━━━━━━━━━━━━ 43/43 4.5it/s 9.6s
[36m(ClientAppActor pid=728306)[0m 
[K        1/3      1.44G      4.395      7.805      2.306         24        640: 48% ━━━━━╸────── 86/181 5.2it/s 21.9s<18.2s[32m [repeated 6x across cluster][0m
[36m(ClientAppActor pid=728302)[0m 
[K                 Class     Images  Instances      Box(P          R      mAP50  mAP50-95): 50% ━━━━━━────── 1/2 1.3s/it 0.4s<1.3s
[36m(ClientAppActor pid=728294)[0m 
[K        1/3      1.41G      4.264      6.296      2.352         97        640: 70% ━━━━━━━━──── 87/124 5.2it/s 20.5s<7.2s[32m [repeated 27x across cluster][0m
[36m(ClientAppActor pid=728302)[0m 
[K                 Class     Images  Instances      Box(P          R      mAP50  mAP50-95): 100% ━━━━━━━━━━━━ 2/2 2.9it/s 0.7s
[K                 Class     Images  Instances      Box(P          R      mAP50  mAP50-95): 100% ━━━━━━━━━━━━ 2/2 2.9it/s 0.7s
[36m(ClientAppActor pid=728302)[0m                    all         15         83      0.386      0.296      0.261      0.132
[36m(ClientAppActor pid=728302)[0m 
[36m(ClientAppActor pid=728302)[0m       Epoch    GPU_mem   box_loss   cls_loss   dfl_loss  Instances       Size
[36m(ClientAppActor pid=728302)[0m 
[K        3/3      1.47G      3.463      11.84      1.717          3        640: 0% ──────────── 0/43  0.2s
[36m(ClientAppActor pid=728306)[0m 
[K        1/3      1.44G      4.394      7.573      2.307         20        640: 50% ━━━━━━────── 91/181 5.3it/s 22.8s<16.8s
[36m(ClientAppActor pid=728306)[0m 
[K        1/3      1.44G      4.393      7.529      2.306         29        640: 51% ━━━━━━────── 92/181 5.6it/s 23.0s<15.9s
[36m(ClientAppActor pid=728302)[0m 
[K        3/3      1.47G       4.05      7.884      2.381         36        640: 2% ──────────── 1/43 1.3it/s 0.4s<32.1s
[36m(ClientAppActor pid=728306)[0m 
[K        1/3      1.44G      4.395      7.481      2.303         60        640: 51% ━━━━━━────── 93/181 4.7it/s 23.4s<18.7s
[36m(ClientAppActor pid=728302)[0m 
[K        3/3      1.47G      4.326      6.662      2.392         25        640: 5% ╸─────────── 2/43 1.6it/s 0.8s<25.0s
[36m(ClientAppActor pid=728302)[0m 
[K        3/3      1.47G      3.982      5.848      2.353         10        640: 7% ╸─────────── 3/43 2.0it/s 1.2s<20.0s
[36m(ClientAppActor pid=728294)[0m 
[K        1/3      1.41G       4.25      6.135      2.353         10        640: 74% ━━━━━━━━╸─── 92/124 5.5it/s 21.5s<5.8s[32m [repeated 24x across cluster][0m
[36m(ClientAppActor pid=728306)[0m 
[K        1/3      1.44G      4.401      7.439      2.302         83        640: 52% ━━━━━━────── 94/181 3.8it/s 24.0s<23.0s
[36m(ClientAppActor pid=728302)[0m 
[K        3/3      1.47G       4.45      6.187      2.412         16        640: 9% ━─────────── 4/43 2.4it/s 1.5s<16.5s
[36m(ClientAppActor pid=728306)[0m 
[K        1/3      1.44G      4.397      7.397      2.303         17        640: 52% ━━━━━━────── 95/181 4.4it/s 24.2s<19.7s
[36m(ClientAppActor pid=728302)[0m 
[K        3/3      1.47G       4.23      5.659      2.366         23        640: 12% ━─────────── 5/43 3.6it/s 1.7s<10.6s
[36m(ClientAppActor pid=728306)[0m 
[K        1/3      1.44G      4.384      7.352      2.301         24        640: 53% ━━━━━━────── 96/181 4.7it/s 24.4s<18.1s
[36m(ClientAppActor pid=728302)[0m 
[K        3/3      1.47G      4.215      5.632       2.45          6        640: 14% ━╸────────── 6/43 4.0it/s 1.9s<9.2s
[36m(ClientAppActor pid=728306)[0m 
[K        1/3      1.44G      4.382      7.309      2.299         57        640: 54% ━━━━━━────── 97/181 4.9it/s 24.5s<17.3s
[36m(ClientAppActor pid=728302)[0m 
[K        3/3      1.47G      4.407      5.639      2.532         15        640: 16% ━╸────────── 7/43 4.4it/s 2.1s<8.2s
[36m(ClientAppActor pid=728306)[0m 
[K        1/3      1.44G      4.388      7.271      2.303         82        640: 54% ━━━━━━────── 98/181 4.8it/s 24.8s<17.2s
[36m(ClientAppActor pid=728294)[0m 
[K        1/3      1.41G      4.263      5.996      2.342         20        640: 79% ━━━━━━━━━─── 98/124 3.8it/s 23.1s<6.9s[32m [repeated 26x across cluster][0m
[36m(ClientAppActor pid=728302)[0m 
[K        3/3      1.47G      4.471      5.434       2.52         38        640: 19% ━━────────── 8/43 4.6it/s 2.3s<7.7s
[36m(ClientAppActor pid=728306)[0m 
[K        1/3      1.44G      4.386      7.235      2.303         38        640: 55% ━━━━━━╸───── 99/181 5.0it/s 24.9s<16.5s
[36m(ClientAppActor pid=728302)[0m 
[K        3/3      1.47G      4.526      5.313      2.488         38        640: 21% ━━╸───────── 9/43 4.8it/s 2.4s<7.2s
[36m(ClientAppActor pid=728306)[0m 
[K        1/3      1.44G       4.38      7.193      2.303         35        640: 55% ━━━━━━╸───── 100/181 5.1it/s 25.1s<15.7s
[36m(ClientAppActor pid=728302)[0m 
[K        3/3      1.47G      4.469      5.168      2.503          9        640: 23% ━━╸───────── 10/43 4.9it/s 2.6s<6.7s
[36m(ClientAppActor pid=728295)[0m 
[K        1/3      1.43G      4.459      9.542      2.257         12        640: 96% ━━━━━━━━━━━╸ 102/106 5.0it/s 25.5s<0.8s
[36m(ClientAppActor pid=728306)[0m 
[K        1/3      1.44G      4.382      7.164      2.305         42        640: 56% ━━━━━━╸───── 101/181 5.1it/s 25.3s<15.5s
[36m(ClientAppActor pid=728302)[0m 
[K        3/3      1.47G      4.414       5.07      2.476         25        640: 26% ━━━───────── 11/43 5.0it/s 2.8s<6.4s
[36m(ClientAppActor pid=728306)[0m 
[K        1/3      1.44G      4.375      7.121      2.306         29        640: 56% ━━━━━━╸───── 102/181 5.1it/s 25.5s<15.5s
[36m(ClientAppActor pid=728294)[0m 
[K        1/3      1.41G      4.253      5.883      2.338         95        640: 83% ━━━━━━━━━╸── 103/124 5.0it/s 24.1s<4.2s[32m [repeated 23x across cluster][0m
[36m(ClientAppActor pid=728302)[0m 
[K        3/3      1.47G      4.435      5.071       2.48         12        640: 28% ━━━───────── 12/43 5.0it/s 3.0s<6.2s
[36m(ClientAppActor pid=728306)[0m 
[K        1/3      1.44G      4.378      7.086      2.304         55        640: 57% ━━━━━━╸───── 103/181 5.2it/s 25.7s<15.0s
[36m(ClientAppActor pid=728294)[0m 
[K        1/3      1.41G       4.26      5.824      2.334         24        640: 85% ━━━━━━━━━━── 106/124 5.1it/s 24.7s<3.5s[32m [repeated 21x across cluster][0m
[36m(ClientAppActor pid=728302)[0m 
[K        3/3      1.47G      4.457      5.016      2.472         42        640: 30% ━━━╸──────── 13/43 5.0it/s 3.2s<6.0s
[36m(ClientAppActor pid=728306)[0m 
[K        1/3      1.44G      4.374      7.047      2.303         27        640: 57% ━━━━━━╸───── 104/181 5.6it/s 25.9s<13.9s
[36m(ClientAppActor pid=728306)[0m 
[K        1/3      1.44G      4.375      7.014      2.304         51        640: 58% ━━━━━━╸───── 105/181 5.6it/s 26.0s<13.5s
[36m(ClientAppActor pid=728302)[0m 
[K        3/3      1.47G      4.409      4.913      2.459         15        640: 33% ━━━╸──────── 14/43 5.3it/s 3.4s<5.5s
[36m(ClientAppActor pid=728302)[0m 
[K        3/3      1.47G      4.409      4.887      2.449         15        640: 35% ━━━━──────── 15/43 5.6it/s 3.6s<5.0s
[36m(ClientAppActor pid=728306)[0m 
[K        1/3      1.44G       4.38      6.986      2.305         26        640: 59% ━━━━━━━───── 106/181 6.0it/s 26.2s<12.5s
[36m(ClientAppActor pid=728306)[0m 
[K        1/3      1.44G      4.385      8.011      2.313         35        640: 45% ━━━━━─────── 82/181 5.2it/s 21.2s<19.1s
[36m(ClientAppActor pid=728295)[0m 
[K        1/3      1.43G      4.476      9.829      2.264         15        640: 92% ━━━━━━━━━━╸─ 97/106 4.0it/s 24.5s<2.3s[32m [repeated 14x across cluster][0m
[36m(ClientAppActor pid=728293)[0m 
[K                 Class     Images  Instances      Box(P          R      mAP50  mAP50-95): 10% ━─────────── 1/10 1.1s/it 0.3s<10.0s
[36m(ClientAppActor pid=728306)[0m 
[K        1/3      1.44G      4.388      6.957      2.303         50        640: 59% ━━━━━━━───── 107/181 6.5it/s 26.3s<11.4s
[36m(ClientAppActor pid=728302)[0m 
[K        3/3      1.47G      4.332      4.792      2.428         17        640: 37% ━━━━──────── 16/43 6.0it/s 3.7s<4.5s
[36m(ClientAppActor pid=728292)[0m 
[K                 Class     Images  Instances      Box(P          R      mAP50  mAP50-95): 7% ╸─────────── 1/15 1.2s/it 0.4s<17.2s
[36m(ClientAppActor pid=728306)[0m 
[K        1/3      1.44G      4.385      6.922      2.302         25        640: 60% ━━━━━━━───── 108/181 6.6it/s 26.5s<11.0s
[36m(ClientAppActor pid=728302)[0m 
[K        3/3      1.47G      4.422      4.776      2.456         18        640: 40% ━━━━╸─────── 17/43 6.2it/s 3.8s<4.2s
[36m(ClientAppActor pid=728302)[0m 
[K        3/3      1.47G      4.438      4.736      2.464         26        640: 42% ━━━━━─────── 18/43 6.6it/s 4.0s<3.8s
[36m(ClientAppActor pid=728292)[0m 
[K        1/3      1.48G      3.952       5.05      2.309         60        640: 96% ━━━━━━━━━━━─ 115/120 4.8it/s 30.4s<1.0s[32m [repeated 15x across cluster][0m
[36m(ClientAppActor pid=728293)[0m 
[K                 Class     Images  Instances      Box(P          R      mAP50  mAP50-95): 20% ━━────────── 2/10 1.7it/s 0.6s<4.7s
[36m(ClientAppActor pid=728292)[0m 
[K                 Class     Images  Instances      Box(P          R      mAP50  mAP50-95): 13% ━╸────────── 2/15 1.6it/s 0.6s<7.9s
[36m(ClientAppActor pid=728295)[0m 
[K                 Class     Images  Instances      Box(P          R      mAP50  mAP50-95): 22% ━━╸───────── 2/9 1.7it/s 0.6s<4.1s
[36m(ClientAppActor pid=728306)[0m 
[K        1/3      1.44G      4.403      6.902      2.305         32        640: 60% ━━━━━━━───── 109/181 6.9it/s 26.6s<10.4s
[36m(ClientAppActor pid=728306)[0m 
[K        1/3      1.44G      4.405      6.868      2.305         40        640: 61% ━━━━━━━───── 110/181 6.6it/s 26.8s<10.7s
[36m(ClientAppActor pid=728302)[0m 
[K        3/3      1.47G      4.461      4.701       2.45         33        640: 44% ━━━━━─────── 19/43 6.4it/s 4.1s<3.7s
[36m(ClientAppActor pid=728293)[0m 
[K                 Class     Images  Instances      Box(P          R      mAP50  mAP50-95): 30% ━━━╸──────── 3/10 2.4it/s 0.9s<2.9s
[36m(ClientAppActor pid=728295)[0m 
[K        1/3      1.47G      4.464      9.382      2.254         19        640: 99% ━━━━━━━━━━━╸ 105/106 4.7it/s 26.1s<0.2s
[K        1/3      1.47G      4.464      9.382      2.254         19        640: 100% ━━━━━━━━━━━━ 106/106 4.1it/s 26.1s
[K        1/3      1.47G      4.464      9.382      2.254         19        640: 100% ━━━━━━━━━━━━ 106/106 4.1it/s 26.1s[32m [repeated 3x across cluster][0m
[36m(ClientAppActor pid=728295)[0m 
[K                 Class     Images  Instances      Box(P          R      mAP50  mAP50-95): 33% ━━━━──────── 3/9 2.3it/s 0.9s<2.6s
[36m(ClientAppActor pid=728306)[0m 
[K        1/3      1.44G      4.408      6.838      2.302         45        640: 61% ━━━━━━━───── 111/181 6.8it/s 26.9s<10.2s
[36m(ClientAppActor pid=728306)[0m 
[K        1/3      1.44G       4.41      6.809      2.302         49        640: 62% ━━━━━━━───── 112/181 6.8it/s 27.0s<10.1s
[36m(ClientAppActor pid=728293)[0m 
[K                 Class     Images  Instances      Box(P          R      mAP50  mAP50-95): 40% ━━━━╸─────── 4/10 2.7it/s 1.1s<2.2s
[36m(ClientAppActor pid=728302)[0m 
[K        3/3      1.47G      4.484      4.683       2.44         26        640: 49% ━━━━━╸────── 21/43 6.8it/s 4.4s<3.2s[32m [repeated 6x across cluster][0m
[36m(ClientAppActor pid=728295)[0m 
[K                 Class     Images  Instances      Box(P          R      mAP50  mAP50-95): 44% ━━━━━─────── 4/9 2.7it/s 1.2s<1.8s
[36m(ClientAppActor pid=728292)[0m 
[K                 Class     Images  Instances      Box(P          R      mAP50  mAP50-95): 27% ━━━───────── 4/15 2.7it/s 1.2s<4.1s
[36m(ClientAppActor pid=728306)[0m 
[K        1/3      1.44G      4.407      6.774      2.303         85        640: 62% ━━━━━━━───── 113/181 6.7it/s 27.2s<10.1s
[36m(ClientAppActor pid=728293)[0m 
[K                 Class     Images  Instances      Box(P          R      mAP50  mAP50-95): 50% ━━━━━━────── 5/10 3.0it/s 1.4s<1.7s
[36m(ClientAppActor pid=728306)[0m 
[K        1/3      1.44G      4.404      6.752      2.299         14        640: 63% ━━━━━━━╸──── 114/181 6.6it/s 27.3s<10.2s
[36m(ClientAppActor pid=728295)[0m 
[K                 Class     Images  Instances      Box(P          R      mAP50  mAP50-95): 56% ━━━━━━╸───── 5/9 3.1it/s 1.4s<1.3s
[36m(ClientAppActor pid=728306)[0m 
[K        1/3      1.44G      4.403      6.726      2.302         27        640: 64% ━━━━━━━╸──── 115/181 6.7it/s 27.5s<9.9s
[36m(ClientAppActor pid=728293)[0m 
[K                 Class     Images  Instances      Box(P          R      mAP50  mAP50-95): 60% ━━━━━━━───── 6/10 3.3it/s 1.7s<1.2s
[36m(ClientAppActor pid=728295)[0m 
[K                 Class     Images  Instances      Box(P          R      mAP50  mAP50-95): 67% ━━━━━━━━──── 6/9 3.2it/s 1.7s<0.9s
[36m(ClientAppActor pid=728306)[0m 
[K        1/3      1.44G      4.396      6.695      2.305         37        640: 64% ━━━━━━━╸──── 116/181 6.8it/s 27.6s<9.6s
[36m(ClientAppActor pid=728306)[0m 
[K        1/3      1.44G      4.388      6.664      2.303         24        640: 65% ━━━━━━━╸──── 117/181 6.8it/s 27.8s<9.4s
[36m(ClientAppActor pid=728292)[0m 
[K                 Class     Images  Instances      Box(P          R      mAP50  mAP50-95): 47% ━━━━━╸────── 7/15 3.4it/s 2.0s<2.4s
[36m(ClientAppActor pid=728302)[0m 
[K        3/3      1.47G      4.482      4.597      2.438         31        640: 53% ━━━━━━────── 23/43 6.9it/s 4.7s<2.9s[32m [repeated 2x across cluster][0m
[36m(ClientAppActor pid=728295)[0m 
[K                 Class     Images  Instances      Box(P          R      mAP50  mAP50-95): 78% ━━━━━━━━━─── 7/9 3.5it/s 2.0s<0.6s
[36m(ClientAppActor pid=728293)[0m 
[K                 Class     Images  Instances      Box(P          R      mAP50  mAP50-95): 80% ━━━━━━━━━╸── 8/10 3.8it/s 2.2s<0.5s
[36m(ClientAppActor pid=728295)[0m 
[K                 Class     Images  Instances      Box(P          R      mAP50  mAP50-95): 89% ━━━━━━━━━━╸─ 8/9 3.8it/s 2.2s<0.3s
[36m(ClientAppActor pid=728302)[0m 
[K        3/3      1.47G      4.491      4.374       2.41         22        640: 67% ━━━━━━━━──── 29/43 5.8it/s 5.8s<2.4s
[36m(ClientAppActor pid=728293)[0m 
[K                 Class     Images  Instances      Box(P          R      mAP50  mAP50-95): 100% ━━━━━━━━━━━━ 10/10 3.8it/s 2.6s
[K                 Class     Images  Instances      Box(P          R      mAP50  mAP50-95): 100% ━━━━━━━━━━━━ 10/10 3.8it/s 2.6s
[36m(ClientAppActor pid=728293)[0m                    all         80        576      0.597      0.444      0.509      0.269
[36m(ClientAppActor pid=728293)[0m 
[36m(ClientAppActor pid=728293)[0m       Epoch    GPU_mem   box_loss   cls_loss   dfl_loss  Instances       Size
[36m(ClientAppActor pid=728295)[0m 
[36m(ClientAppActor pid=728302)[0m 
[K        3/3      1.47G      4.456      4.366      2.398          7        640: 70% ━━━━━━━━──── 30/43 4.5it/s 6.4s<2.9s
[36m(ClientAppActor pid=728293)[0m 
[K        2/3      1.46G      4.278       3.12      1.946         28        640: 0% ──────────── 0/115  0.4s
[36m(ClientAppActor pid=728292)[0m 
[K                 Class     Images  Instances      Box(P          R      mAP50  mAP50-95): 73% ━━━━━━━━╸─── 11/15 3.7it/s 3.1s<1.1s
[36m(ClientAppActor pid=728302)[0m 
[K        3/3      1.47G       4.46      4.359      2.408         13        640: 72% ━━━━━━━━╸─── 31/43 4.3it/s 6.6s<2.8s
[36m(ClientAppActor pid=728302)[0m 
[K        3/3      1.47G      4.452      4.336      2.404         29        640: 74% ━━━━━━━━╸─── 32/43 5.2it/s 6.8s<2.1s
[36m(ClientAppActor pid=728292)[0m 
[K                 Class     Images  Instances      Box(P          R      mAP50  mAP50-95): 87% ━━━━━━━━━━── 13/15 3.9it/s 3.5s<0.5s
[36m(ClientAppActor pid=728293)[0m 
[K        2/3      1.46G      4.218      3.214      2.135         29        640: 4% ╸─────────── 5/115 5.7it/s 1.1s<19.1s
[36m(ClientAppActor pid=728302)[0m 
[K        3/3      1.47G      4.453      4.329      2.391         30        640: 79% ━━━━━━━━━─── 34/43 6.0it/s 7.1s<1.5s[32m [repeated 2x across cluster][0m
[36m(ClientAppActor pid=728292)[0m 
[K                 Class     Images  Instances      Box(P          R      mAP50  mAP50-95): 93% ━━━━━━━━━━━─ 14/15 3.8it/s 3.8s<0.3s
[36m(ClientAppActor pid=728302)[0m 
[K        3/3      1.47G       4.51       4.53       2.43         21        640: 58% ━━━━━━╸───── 25/43 6.9it/s 5.0s<2.6s[32m [repeated 2x across cluster][0m
[36m(ClientAppActor pid=728292)[0m 
[36m(ClientAppActor pid=728294)[0m 
[K        1/3      1.41G       4.29      5.564      2.334         66        640: 98% ━━━━━━━━━━━╸ 122/124 5.7it/s 27.3s<0.4s[32m [repeated 15x across cluster][0m
[36m(ClientAppActor pid=728295)[0m 
[K        2/3      1.47G      4.141      3.424      2.145         27        640: 8% ━─────────── 9/106 6.3it/s 1.6s<15.3s
[36m(ClientAppActor pid=728302)[0m 
[K        3/3      1.47G      4.437      4.283      2.381         32        640: 81% ━━━━━━━━━╸── 35/43 6.2it/s 7.2s<1.3s
[36m(ClientAppActor pid=728302)[0m 
[K        3/3      1.47G      4.465      4.284      2.372         34        640: 86% ━━━━━━━━━━── 37/43 6.6it/s 7.5s<0.9s[32m [repeated 6x across cluster][0m
[36m(ClientAppActor pid=728298)[0m 
[K                 Class     Images  Instances      Box(P          R      mAP50  mAP50-95): 64% ━━━━━━━╸──── 7/11 3.2it/s 2.3s<1.3s
[36m(ClientAppActor pid=728295)[0m 
[K        2/3      1.47G       4.24      3.398      2.097         63        640: 13% ━╸────────── 14/106 6.7it/s 2.3s<13.7s
[36m(ClientAppActor pid=728302)[0m 
[K        3/3      1.47G      4.491      4.477      2.415         28        640: 60% ━━━━━━━───── 26/43 6.9it/s 5.1s<2.5s
[36m(ClientAppActor pid=728302)[0m 
[K        3/3      1.47G      4.509      4.275      2.389         17        640: 91% ━━━━━━━━━━╸─ 39/43 6.4it/s 7.8s<0.6s[32m [repeated 12x across cluster][0m
[36m(ClientAppActor pid=728294)[0m 
[K                 Class     Images  Instances      Box(P          R      mAP50  mAP50-95): 9% ━─────────── 1/11 1.7s/it 0.5s<16.6s[32m [repeated 3x across cluster][0m
[36m(ClientAppActor pid=728302)[0m 
[K        3/3      1.47G      4.447      4.216       2.37         22        640: 95% ━━━━━━━━━━━─ 41/43 6.3it/s 8.2s<0.3s[32m [repeated 12x across cluster][0m
[36m(ClientAppActor pid=728294)[0m 
[K                 Class     Images  Instances      Box(P          R      mAP50  mAP50-95): 18% ━━────────── 2/11 1.5it/s 0.8s<6.1s[32m [repeated 3x across cluster][0m
[36m(ClientAppActor pid=728295)[0m 
[K        2/3      1.47G      4.371      3.411       2.11         40        640: 17% ━━────────── 18/106 7.2it/s 2.9s<12.2s
[36m(ClientAppActor pid=728302)[0m 
[36m(ClientAppActor pid=728302)[0m 3 epochs completed in 0.009 hours.
[36m(ClientAppActor pid=728295)[0m 
[K        2/3      1.47G      4.346      3.384      2.109         22        640: 18% ━━────────── 19/106 7.6it/s 3.0s<11.4s
[36m(ClientAppActor pid=728302)[0m Optimizer stripped from /tmp/fl_yolo_runs_728302/train/weights/last.pt, 16.5MB
[36m(ClientAppActor pid=728302)[0m 
[K        3/3      1.47G      4.432        4.2      2.362          8        640: 98% ━━━━━━━━━━━╸ 42/43 6.4it/s 8.3s<0.2s
[K        3/3      1.47G      4.432        4.2      2.362          8        640: 100% ━━━━━━━━━━━━ 43/43 5.2it/s 8.3s
[K        3/3      1.47G      4.432        4.2      2.362          8        640: 100% ━━━━━━━━━━━━ 43/43 5.2it/s 8.3s[32m [repeated 3x across cluster][0m
[36m(ClientAppActor pid=728294)[0m 
[K                 Class     Images  Instances      Box(P          R      mAP50  mAP50-95): 36% ━━━━──────── 4/11 2.5it/s 1.4s<2.8s[32m [repeated 3x across cluster][0m
[36m(ClientAppActor pid=728295)[0m 
[K        2/3      1.47G      4.342      3.362      2.112         41        640: 19% ━━────────── 20/106 7.7it/s 3.1s<11.2s
[36m(ClientAppActor pid=728302)[0m Optimizer stripped from /tmp/fl_yolo_runs_728302/train/weights/best.pt, 16.5MB
[36m(ClientAppActor pid=728302)[0m 
[36m(ClientAppActor pid=728302)[0m Validating /tmp/fl_yolo_runs_728302/train/weights/best.pt...
[36m(ClientAppActor pid=728302)[0m Ultralytics 8.3.234 Python-3.10.19 torch-2.6.0+cu124 CUDA:0 (NVIDIA RTX 5000 Ada Generation, 32220MiB)
[36m(ClientAppActor pid=728302)[0m YOLOv10s summary (fused): 106 layers, 7,218,387 parameters, 0 gradients, 21.4 GFLOPs
[36m(ClientAppActor pid=728298)[0m 
[36m(ClientAppActor pid=728294)[0m 
[36m(ClientAppActor pid=728292)[0m 
[K                 Class     Images  Instances      Box(P          R      mAP50  mAP50-95): 40% ━━━━╸─────── 6/15 3.2it/s 1.7s<2.8s
[36m(ClientAppActor pid=728294)[0m 
[K                 Class     Images  Instances      Box(P          R      mAP50  mAP50-95): 45% ━━━━━─────── 5/11 2.7it/s 1.7s<2.2s[32m [repeated 2x across cluster][0m
[36m(ClientAppActor pid=728294)[0m 
[K                 Class     Images  Instances      Box(P          R      mAP50  mAP50-95): 27% ━━━───────── 3/11 2.1it/s 1.1s<3.8s[32m [repeated 2x across cluster][0m
[36m(ClientAppActor pid=728302)[0m 
[K                 Class     Images  Instances      Box(P          R      mAP50  mAP50-95): 50% ━━━━━━────── 1/2 1.1it/s 0.3s<0.9s[32m [repeated 2x across cluster][0m
[36m(ClientAppActor pid=728306)[0m 
[K        1/3      1.44G      4.377      6.576      2.298         81        640: 66% ━━━━━━━╸──── 120/181 4.6it/s 28.7s<13.1s[32m [repeated 5x across cluster][0m
[36m(ClientAppActor pid=728295)[0m 
[K        2/3      1.47G       4.33      3.347      2.122         37        640: 22% ━━╸───────── 23/106 6.8it/s 3.6s<12.2s
[36m(ClientAppActor pid=728294)[0m 
[K                 Class     Images  Instances      Box(P          R      mAP50  mAP50-95): 55% ━━━━━━╸───── 6/11 2.9it/s 2.0s<1.7s[32m [repeated 2x across cluster][0m
[36m(ClientAppActor pid=728306)[0m 
[K        1/3      1.44G      4.352      6.064      2.283         68        640: 80% ━━━━━━━━━╸── 144/181 6.2it/s 32.5s<5.9s
[36m(ClientAppActor pid=728295)[0m 
[K        2/3      1.47G      4.283      3.305      2.108         17        640: 23% ━━╸───────── 24/106 6.5it/s 3.8s<12.6s
[36m(ClientAppActor pid=728302)[0m Speed: 0.3ms preprocess, 3.1ms inference, 0.0ms loss, 3.1ms postprocess per image
[36m(ClientAppActor pid=728292)[0m 
[K                 Class     Images  Instances      Box(P          R      mAP50  mAP50-95): 60% ━━━━━━━───── 9/15 3.9it/s 2.5s<1.6s
[36m(ClientAppActor pid=728292)[0m 
[K                 Class     Images  Instances      Box(P          R      mAP50  mAP50-95): 67% ━━━━━━━━──── 10/15 4.1it/s 2.7s<1.2s[32m [repeated 2x across cluster][0m
[36m(ClientAppActor pid=728306)[0m 
[K        1/3      1.44G      4.351      6.049      2.283         28        640: 80% ━━━━━━━━━╸── 145/181 6.0it/s 32.7s<6.0s
[36m(ClientAppActor pid=728302)[0m [Client 2] Training complete:
[36m(ClientAppActor pid=728302)[0m   mAP50: 0.3838, mAP50-95: 0.1856
[36m(ClientAppActor pid=728302)[0m   Precision: 0.4840, Recall: 0.3494
[36m(ClientAppActor pid=728302)[0m   BN Stats: μ=0.0000, σ=0.0000
[36m(ClientAppActor pid=728306)[0m 
[K        1/3      1.44G      4.347      6.033      2.283         14        640: 81% ━━━━━━━━━╸── 146/181 6.0it/s 32.9s<5.8s
[36m(ClientAppActor pid=728306)[0m 
[K        1/3      1.44G      4.345      6.016      2.284         32        640: 81% ━━━━━━━━━╸── 147/181 6.1it/s 33.0s<5.6s
[36m(ClientAppActor pid=728295)[0m 
[K        2/3      1.47G      4.211      3.267      2.101         25        640: 25% ━━━───────── 27/106 5.2it/s 4.4s<15.3s
[36m(ClientAppActor pid=728294)[0m 
[K                 Class     Images  Instances      Box(P          R      mAP50  mAP50-95): 82% ━━━━━━━━━╸── 9/11 3.4it/s 2.8s<0.6s[32m [repeated 3x across cluster][0m
[36m(ClientAppActor pid=728294)[0m 
[K                 Class     Images  Instances      Box(P          R      mAP50  mAP50-95): 91% ━━━━━━━━━━╸─ 10/11 3.7it/s 3.0s<0.3s[32m [repeated 3x across cluster][0m
[36m(ClientAppActor pid=728306)[0m 
[K        1/3      1.44G      4.336      5.996      2.283         24        640: 82% ━━━━━━━━━╸── 148/181 5.1it/s 33.4s<6.5s
[36m(ClientAppActor pid=728306)[0m 
[K        1/3      1.44G      4.391      6.397      2.299         47        640: 71% ━━━━━━━━──── 128/181 6.9it/s 30.0s<7.6s[32m [repeated 8x across cluster][0m
[36m(ClientAppActor pid=728295)[0m 
[K        2/3      1.47G      4.222      3.271      2.105         35        640: 26% ━━━───────── 28/106 4.4it/s 4.8s<17.8s
[36m(ClientAppActor pid=728302)[0m 
[K                 Class     Images  Instances      Box(P          R      mAP50  mAP50-95): 100% ━━━━━━━━━━━━ 2/2 6.2it/s 0.3s
[K                 Class     Images  Instances      Box(P          R      mAP50  mAP50-95): 100% ━━━━━━━━━━━━ 2/2 6.2it/s 0.3s[32m [repeated 6x across cluster][0m
[36m(ClientAppActor pid=728302)[0m                    all         15         83      0.484      0.349      0.384      0.186[32m [repeated 6x across cluster][0m
[36m(ClientAppActor pid=728294)[0m       Epoch    GPU_mem   box_loss   cls_loss   dfl_loss  Instances       Size[32m [repeated 4x across cluster][0m
[36m(ClientAppActor pid=728306)[0m 
[K        1/3      1.44G      4.334      5.978      2.282         40        640: 82% ━━━━━━━━━╸── 149/181 4.1it/s 33.9s<7.7s
[36m(ClientAppActor pid=728294)[0m 
[K        2/3      1.41G      3.855      3.234      2.151         56        640: 4% ──────────── 5/124 4.0it/s 1.2s<29.9s[32m [repeated 26x across cluster][0m
[36m(ClientAppActor pid=728294)[0m 
[K                 Class     Images  Instances      Box(P          R      mAP50  mAP50-95): 73% ━━━━━━━━╸─── 8/11 3.2it/s 2.5s<0.9s[32m [repeated 2x across cluster][0m
[36m(ClientAppActor pid=728306)[0m 
[K        1/3      1.44G      4.334      5.964      2.282         23        640: 83% ━━━━━━━━━╸── 150/181 4.0it/s 34.2s<7.8s
[36m(ClientAppActor pid=728306)[0m 
[K        1/3      1.44G      4.369      6.234      2.287         53        640: 75% ━━━━━━━━╸─── 135/181 6.7it/s 31.1s<6.9s[32m [repeated 7x across cluster][0m
[36m(ClientAppActor pid=728295)[0m 
[K        2/3      1.47G      4.235      3.266      2.099         39        640: 29% ━━━╸──────── 31/106 4.7it/s 5.6s<16.1s
[36m(ClientAppActor pid=728295)[0m 
[K        2/3      1.47G      4.228      3.251      2.094         36        640: 30% ━━━╸──────── 32/106 5.0it/s 5.8s<14.8s
[36m(ClientAppActor pid=728294)[0m 
[K        2/3      1.41G       3.91      3.205      2.144         43        640: 8% ╸─────────── 10/124 5.2it/s 2.4s<22.0s[32m [repeated 22x across cluster][0m
[36m(ClientAppActor pid=728295)[0m 
[K        2/3      1.47G      4.238      3.245      2.097         35        640: 31% ━━━╸──────── 33/106 5.2it/s 6.0s<14.0s
[36m(ClientAppActor pid=728306)[0m 
[K        1/3      1.44G      4.354      6.084      2.285         94        640: 79% ━━━━━━━━━─── 143/181 6.3it/s 32.4s<6.0s[32m [repeated 8x across cluster][0m
[36m(ClientAppActor pid=728295)[0m 
[K        2/3      1.47G      4.239      3.239      2.101         27        640: 32% ━━━╸──────── 34/106 5.4it/s 6.1s<13.3s
[36m(ClientAppActor pid=728295)[0m 
[K        2/3      1.47G      4.208      3.216      2.102         29        640: 34% ━━━━──────── 36/106 5.8it/s 6.5s<12.2s
[36m(ClientAppActor pid=728294)[0m 
[K        2/3      1.41G       4.08      3.257      2.172         33        640: 12% ━─────────── 15/124 6.0it/s 3.2s<18.2s[32m [repeated 25x across cluster][0m
[36m(ClientAppActor pid=728295)[0m 
[K        2/3      1.47G      4.194      3.203      2.098         75        640: 35% ━━━━──────── 37/106 5.9it/s 6.6s<11.6s
[36m(ClientAppActor pid=728295)[0m 
[K        2/3      1.47G      4.198       3.19      2.093         61        640: 36% ━━━━──────── 38/106 5.7it/s 6.8s<11.9s
[36m(ClientAppActor pid=728295)[0m 
[K        2/3      1.47G      4.207      3.215      2.104         14        640: 37% ━━━━──────── 39/106 5.8it/s 7.0s<11.5s
[36m(ClientAppActor pid=728306)[0m 
[K        1/3      1.44G      4.311      5.821      2.273         40        640: 87% ━━━━━━━━━━── 158/181 5.9it/s 35.5s<3.9s[32m [repeated 8x across cluster][0m
[36m(ClientAppActor pid=728295)[0m 
[K        2/3      1.47G      4.185      3.195      2.106         24        640: 38% ━━━━╸─────── 40/106 5.8it/s 7.1s<11.3s
[36m(ClientAppActor pid=728294)[0m 
[K                 Class     Images  Instances      Box(P          R      mAP50  mAP50-95): 64% ━━━━━━━╸──── 7/11 3.1it/s 2.3s<1.3s
[36m(ClientAppActor pid=728295)[0m 
[K        2/3      1.47G      4.179      3.191      2.112         20        640: 39% ━━━━╸─────── 41/106 5.8it/s 7.3s<11.2s
[36m(ClientAppActor pid=728294)[0m 
[K        2/3      1.41G      4.029      3.226      2.176         39        640: 15% ━╸────────── 19/124 5.9it/s 3.9s<17.7s[32m [repeated 20x across cluster][0m
[36m(ClientAppActor pid=728306)[0m 
[K        1/3      1.44G      4.304      5.771      2.271         44        640: 89% ━━━━━━━━━━╸─ 161/181 5.8it/s 36.1s<3.4s[32m [repeated 3x across cluster][0m
[36m(ClientAppActor pid=728295)[0m 
[K        2/3      1.47G      4.162      3.173      2.111         30        640: 40% ━━━━╸─────── 42/106 5.8it/s 7.5s<11.0s
[36m(ClientAppActor pid=728295)[0m 
[K        2/3      1.47G      4.148      3.177      2.111         16        640: 41% ━━━━╸─────── 43/106 5.9it/s 7.7s<10.7s
[36m(ClientAppActor pid=728298)[0m 
[K        2/3      1.45G      4.133      3.088      2.159         23        640: 18% ━━────────── 22/119 6.1it/s 4.5s<15.8s[32m [repeated 17x across cluster][0m
[36m(ClientAppActor pid=728295)[0m 
[K        2/3      1.47G      4.156      3.176      2.111         43        640: 42% ━━━━━─────── 45/106 6.0it/s 8.0s<10.2s
[36m(ClientAppActor pid=728306)[0m 
[K        1/3      1.44G        4.3      5.699      2.272         16        640: 92% ━━━━━━━━━━━─ 166/181 5.9it/s 36.9s<2.5s
[36m(ClientAppActor pid=728295)[0m 
[K        2/3      1.47G      4.147      3.167      2.105         43        640: 43% ━━━━━─────── 46/106 5.9it/s 8.2s<10.2s
[36m(ClientAppActor pid=728295)[0m 
[K        2/3      1.47G      4.173      3.186      2.128         11        640: 44% ━━━━━─────── 47/106 6.1it/s 8.3s<9.7s
[36m(ClientAppActor pid=728306)[0m 
[K        1/3      1.44G        4.3      5.684      2.272         53        640: 92% ━━━━━━━━━━━─ 167/181 5.8it/s 37.1s<2.4s
[36m(ClientAppActor pid=728295)[0m 
[K        2/3      1.47G      4.199      3.191      2.127         55        640: 45% ━━━━━─────── 48/106 6.1it/s 8.5s<9.5s
[36m(ClientAppActor pid=728306)[0m 
[K        1/3      1.44G      4.299      5.667      2.271         39        640: 93% ━━━━━━━━━━━─ 168/181 5.9it/s 37.2s<2.2s
[36m(ClientAppActor pid=728295)[0m 
[K        2/3      1.47G      4.181      3.188      2.128         30        640: 46% ━━━━━╸────── 49/106 6.1it/s 8.6s<9.3s
[36m(ClientAppActor pid=728306)[0m 
[K        1/3      1.44G      4.295      5.651      2.272         38        640: 93% ━━━━━━━━━━━─ 169/181 6.0it/s 37.4s<2.0s
[36m(ClientAppActor pid=728302)[0m 
[K                 Class     Images  Instances      Box(P          R      mAP50  mAP50-95): 50% ━━━━━━────── 1/2 1.8it/s 0.2s<0.5s
[36m(ClientAppActor pid=728294)[0m 
[K        2/3      1.42G      4.094      3.293      2.203         52        640: 22% ━━╸───────── 27/124 6.1it/s 5.3s<15.9s[32m [repeated 15x across cluster][0m
[36m(ClientAppActor pid=728295)[0m 
[K        2/3      1.47G      4.177      3.184      2.134         14        640: 47% ━━━━━╸────── 50/106 6.1it/s 8.8s<9.2s
[36m(ClientAppActor pid=728306)[0m 
[K        1/3      1.44G      4.294       5.64      2.271         43        640: 94% ━━━━━━━━━━━─ 170/181 6.1it/s 37.6s<1.8s
[36m(ClientAppActor pid=728306)[0m 
[K        1/3      1.44G      4.293      5.623      2.269         67        640: 94% ━━━━━━━━━━━─ 171/181 6.1it/s 37.7s<1.6s
[36m(ClientAppActor pid=728295)[0m 
[K        2/3      1.47G       4.18      3.178      2.135         34        640: 48% ━━━━━╸────── 51/106 6.1it/s 9.0s<9.0s
[36m(ClientAppActor pid=728295)[0m 
[K        2/3      1.47G       4.17      3.166      2.131         28        640: 49% ━━━━━╸────── 52/106 6.1it/s 9.1s<8.9s
[36m(ClientAppActor pid=728306)[0m 
[K        1/3      1.44G      4.285      5.602      2.267         34        640: 95% ━━━━━━━━━━━─ 172/181 6.0it/s 37.9s<1.5s
[36m(ClientAppActor pid=728295)[0m 
[K        2/3      1.47G       4.16      3.164      2.133         16        640: 50% ━━━━━━────── 53/106 5.2it/s 9.5s<10.3s
[36m(ClientAppActor pid=728306)[0m 
[K        1/3      1.44G      4.284      5.592      2.269         21        640: 96% ━━━━━━━━━━━─ 173/181 5.1it/s 38.2s<1.6s
[36m(ClientAppActor pid=728294)[0m 
[K        2/3      1.42G      4.157      3.324        2.2         21        640: 25% ━━━───────── 31/124 6.4it/s 5.9s<14.5s[32m [repeated 15x across cluster][0m
[36m(ClientAppActor pid=728295)[0m 
[K        2/3      1.47G      4.165      3.162      2.132         40        640: 51% ━━━━━━────── 54/106 4.4it/s 9.8s<11.8s
[36m(ClientAppActor pid=728306)[0m 
[K        1/3      1.44G      4.285      5.583      2.269         50        640: 96% ━━━━━━━━━━━╸ 174/181 4.3it/s 38.6s<1.6s
[36m(ClientAppActor pid=728295)[0m 
[K        2/3      1.47G      4.152      3.151      2.135         25        640: 52% ━━━━━━────── 55/106 3.7it/s 10.3s<13.6s
[36m(ClientAppActor pid=728306)[0m 
[K        1/3      1.44G      4.285      5.569      2.271         68        640: 97% ━━━━━━━━━━━╸ 175/181 3.7it/s 39.1s<1.6s
[36m(ClientAppActor pid=728295)[0m 
[K        2/3      1.47G      4.156      3.163      2.136         40        640: 53% ━━━━━━────── 56/106 4.5it/s 10.5s<11.2s
[36m(ClientAppActor pid=728306)[0m 
[K        1/3      1.44G      4.282      5.553       2.27         60        640: 97% ━━━━━━━━━━━╸ 176/181 4.3it/s 39.3s<1.2s
[36m(ClientAppActor pid=728295)[0m 
[K        2/3      1.47G      4.155      3.171      2.137         24        640: 54% ━━━━━━────── 57/106 4.9it/s 10.6s<10.0s
[36m(ClientAppActor pid=728306)[0m 
[K        1/3      1.44G      4.279      5.535      2.271         29        640: 98% ━━━━━━━━━━━╸ 177/181 4.7it/s 39.5s<0.8s
[36m(ClientAppActor pid=728292)[0m 
[K        2/3      1.54G      3.638      2.677      2.242         40        640: 32% ━━━╸──────── 39/120 6.1it/s 7.0s<13.4s[32m [repeated 10x across cluster][0m
[36m(ClientAppActor pid=728295)[0m 
[K        2/3      1.47G      4.149      3.166      2.145         30        640: 55% ━━━━━━╸───── 58/106 5.2it/s 10.8s<9.3s
[36m(ClientAppActor pid=728306)[0m 
[K        1/3      1.44G      4.281      5.529      2.272         38        640: 98% ━━━━━━━━━━━╸ 178/181 5.1it/s 39.6s<0.6s
[36m(ClientAppActor pid=728295)[0m 
[K        2/3      1.47G      4.161      3.178      2.141         41        640: 56% ━━━━━━╸───── 59/106 5.3it/s 11.0s<8.9s
[36m(ClientAppActor pid=728306)[0m 
[K        1/3      1.44G      4.281      5.516      2.271         76        640: 99% ━━━━━━━━━━━╸ 179/181 5.2it/s 39.8s<0.4s
[36m(ClientAppActor pid=728295)[0m 
[K        2/3      1.47G      4.152      3.169      2.139         20        640: 57% ━━━━━━╸───── 60/106 5.4it/s 11.2s<8.6s
[36m(ClientAppActor pid=728306)[0m 
[K        1/3      1.44G      4.278      5.501      2.272        113        640: 99% ━━━━━━━━━━━╸ 180/181 5.4it/s 40.0s<0.2s
[K        1/3      1.44G      4.278      5.501      2.272        113        640: 100% ━━━━━━━━━━━━ 181/181 4.5it/s 40.0s
[K        1/3      1.44G      4.278      5.501      2.272        113        640: 100% ━━━━━━━━━━━━ 181/181 4.5it/s 40.0s
[36m(ClientAppActor pid=728295)[0m 
[K        2/3      1.47G       4.14      3.159      2.137         33        640: 58% ━━━━━━╸───── 61/106 5.6it/s 11.3s<8.1s
[36m(ClientAppActor pid=728295)[0m 
[K        2/3      1.47G       4.14      3.158      2.132         26        640: 58% ━━━━━━━───── 62/106 5.9it/s 11.5s<7.5s
[36m(ClientAppActor pid=728292)[0m 
[K        2/3      1.54G      3.637      2.677      2.248        134        640: 38% ━━━━──────── 45/120 4.9it/s 8.2s<15.3s[32m [repeated 11x across cluster][0m
[36m(ClientAppActor pid=728306)[0m 
[K                 Class     Images  Instances      Box(P          R      mAP50  mAP50-95): 6% ╸─────────── 1/17 1.1s/it 0.3s<18.0s
[36m(ClientAppActor pid=728295)[0m 
[K        2/3      1.47G      4.132      3.156      2.137         20        640: 59% ━━━━━━━───── 63/106 5.9it/s 11.6s<7.3s
[36m(ClientAppActor pid=728295)[0m 
[K        2/3      1.47G       4.13      3.149      2.137         38        640: 60% ━━━━━━━───── 64/106 6.0it/s 11.8s<7.0s
[36m(ClientAppActor pid=728306)[0m 
[K                 Class     Images  Instances      Box(P          R      mAP50  mAP50-95): 12% ━─────────── 2/17 1.6it/s 0.6s<9.2s
[36m(ClientAppActor pid=728295)[0m 
[K        2/3      1.47G      4.134      3.156      2.139         27        640: 61% ━━━━━━━───── 65/106 6.3it/s 11.9s<6.5s
[36m(ClientAppActor pid=728295)[0m 
[K        2/3      1.47G      4.117      3.143       2.14         13        640: 62% ━━━━━━━───── 66/106 6.6it/s 12.1s<6.1s
[36m(ClientAppActor pid=728306)[0m 
[K                 Class     Images  Instances      Box(P          R      mAP50  mAP50-95): 18% ━━────────── 3/17 2.2it/s 0.9s<6.5s
[36m(ClientAppActor pid=728292)[0m 
[K        2/3      1.54G      3.617      2.662      2.246         94        640: 41% ━━━━╸─────── 49/120 5.1it/s 9.3s<13.8s[32m [repeated 9x across cluster][0m
[36m(ClientAppActor pid=728295)[0m 
[K        2/3      1.47G      4.112      3.132       2.14         28        640: 63% ━━━━━━━╸──── 67/106 6.7it/s 12.2s<5.8s
[36m(ClientAppActor pid=728295)[0m 
[K        2/3      1.47G      4.111      3.122      2.141         18        640: 64% ━━━━━━━╸──── 68/106 7.0it/s 12.4s<5.4s
[36m(ClientAppActor pid=728294)[0m 
[K        2/3      1.41G      4.055       3.26       2.18         42        640: 16% ━╸────────── 20/124 6.0it/s 4.1s<17.2s[32m [repeated 2x across cluster][0m
[36m(ClientAppActor pid=728306)[0m 
[K        1/3      1.44G      4.306      5.712      2.272         52        640: 91% ━━━━━━━━━━╸─ 165/181 5.8it/s 36.7s<2.8s[32m [repeated 4x across cluster][0m
[36m(ClientAppActor pid=728306)[0m 
[K                 Class     Images  Instances      Box(P          R      mAP50  mAP50-95): 24% ━━╸───────── 4/17 2.5it/s 1.2s<5.1s
[36m(ClientAppActor pid=728295)[0m 
[K        2/3      1.47G      4.098       3.11      2.139         28        640: 65% ━━━━━━━╸──── 69/106 7.0it/s 12.5s<5.3s
[36m(ClientAppActor pid=728295)[0m 
[K        2/3      1.47G      4.094      3.113      2.136         25        640: 66% ━━━━━━━╸──── 70/106 7.0it/s 12.6s<5.1s
[36m(ClientAppActor pid=728306)[0m 
[K                 Class     Images  Instances      Box(P          R      mAP50  mAP50-95): 29% ━━━╸──────── 5/17 2.9it/s 1.5s<4.2s
[36m(ClientAppActor pid=728295)[0m 
[K        2/3      1.47G      4.097      3.114      2.136         56        640: 67% ━━━━━━━━──── 71/106 7.0it/s 12.8s<5.0s
[36m(ClientAppActor pid=728294)[0m 
[K        2/3      1.41G      4.089      3.299        2.2         31        640: 20% ━━────────── 25/124 5.9it/s 4.9s<16.9s[32m [repeated 5x across cluster][0m
[36m(ClientAppActor pid=728292)[0m 
[K        2/3      1.54G      3.599      2.644      2.234         86        640: 46% ━━━━━─────── 55/120 6.1it/s 10.3s<10.6s[32m [repeated 11x across cluster][0m
[36m(ClientAppActor pid=728295)[0m 
[K        2/3      1.47G      4.092      3.112      2.138         19        640: 68% ━━━━━━━━──── 72/106 7.0it/s 12.9s<4.8s
[36m(ClientAppActor pid=728306)[0m 
[K                 Class     Images  Instances      Box(P          R      mAP50  mAP50-95): 35% ━━━━──────── 6/17 3.1it/s 1.8s<3.6s
[36m(ClientAppActor pid=728295)[0m 
[K        2/3      1.47G      4.087      3.107      2.137         22        640: 69% ━━━━━━━━──── 73/106 6.7it/s 13.1s<4.9s
[36m(ClientAppActor pid=728295)[0m 
[K        2/3      1.47G      4.088      3.117      2.138         41        640: 70% ━━━━━━━━──── 74/106 6.8it/s 13.2s<4.7s
[36m(ClientAppActor pid=728306)[0m 
[K                 Class     Images  Instances      Box(P          R      mAP50  mAP50-95): 41% ━━━━╸─────── 7/17 3.2it/s 2.1s<3.1s
[36m(ClientAppActor pid=728295)[0m 
[K        2/3      1.47G      4.093      3.113      2.137         37        640: 71% ━━━━━━━━──── 75/106 6.6it/s 13.4s<4.7s
[36m(ClientAppActor pid=728295)[0m 
[K        2/3      1.47G      4.103      3.122       2.14         19        640: 72% ━━━━━━━━╸─── 76/106 6.5it/s 13.6s<4.6s
[36m(ClientAppActor pid=728292)[0m 
[K        2/3      1.54G      3.601      2.654      2.235         82        640: 49% ━━━━━╸────── 59/120 6.3it/s 10.9s<9.7s[32m [repeated 9x across cluster][0m
[36m(ClientAppActor pid=728306)[0m 
[K                 Class     Images  Instances      Box(P          R      mAP50  mAP50-95): 47% ━━━━━╸────── 8/17 3.2it/s 2.4s<2.8s
[36m(ClientAppActor pid=728294)[0m 
[K        2/3      1.42G      4.141      3.301      2.199         57        640: 24% ━━╸───────── 30/124 5.9it/s 5.8s<15.8s[32m [repeated 6x across cluster][0m
[36m(ClientAppActor pid=728295)[0m 
[K        2/3      1.47G      4.111      3.126      2.142         34        640: 73% ━━━━━━━━╸─── 77/106 6.5it/s 13.7s<4.5s
[36m(ClientAppActor pid=728306)[0m 
[K                 Class     Images  Instances      Box(P          R      mAP50  mAP50-95): 53% ━━━━━━────── 9/17 3.3it/s 2.6s<2.4s
[36m(ClientAppActor pid=728295)[0m 
[K        2/3      1.47G      4.102      3.115      2.141         27        640: 74% ━━━━━━━━╸─── 78/106 6.4it/s 13.9s<4.4s
[36m(ClientAppActor pid=728295)[0m 
[K        2/3      1.47G      4.109      3.119      2.144         24        640: 75% ━━━━━━━━╸─── 79/106 6.5it/s 14.0s<4.2s
[36m(ClientAppActor pid=728306)[0m 
[K                 Class     Images  Instances      Box(P          R      mAP50  mAP50-95): 59% ━━━━━━━───── 10/17 3.4it/s 2.9s<2.1s
[36m(ClientAppActor pid=728295)[0m 
[K        2/3      1.47G      4.107      3.111       2.14         46        640: 75% ━━━━━━━━━─── 80/106 6.5it/s 14.2s<4.0s
[36m(ClientAppActor pid=728306)[0m 
[K                 Class     Images  Instances      Box(P          R      mAP50  mAP50-95): 65% ━━━━━━━╸──── 11/17 3.8it/s 3.1s<1.6s
[36m(ClientAppActor pid=728295)[0m 
[K        2/3      1.47G      4.109      3.116      2.139         32        640: 76% ━━━━━━━━━─── 81/106 5.5it/s 14.5s<4.5s
[36m(ClientAppActor pid=728292)[0m 
[K        2/3      1.54G      3.617       2.66      2.223         53        640: 54% ━━━━━━────── 65/120 6.7it/s 11.8s<8.2s[32m [repeated 11x across cluster][0m
[36m(ClientAppActor pid=728306)[0m 
[K                 Class     Images  Instances      Box(P          R      mAP50  mAP50-95): 71% ━━━━━━━━──── 12/17 3.8it/s 3.4s<1.3s
[36m(ClientAppActor pid=728294)[0m 
[K        2/3      1.42G      4.169      3.292      2.217         42        640: 29% ━━━───────── 36/124 4.9it/s 7.4s<18.0s[32m [repeated 9x across cluster][0m
[36m(ClientAppActor pid=728306)[0m 
[K                 Class     Images  Instances      Box(P          R      mAP50  mAP50-95): 76% ━━━━━━━━━─── 13/17 3.9it/s 3.6s<1.0s
[36m(ClientAppActor pid=728295)[0m 
[K        2/3      1.47G      4.101      3.107       2.14         37        640: 77% ━━━━━━━━━─── 82/106 4.6it/s 14.9s<5.3s
[36m(ClientAppActor pid=728306)[0m 
[K                 Class     Images  Instances      Box(P          R      mAP50  mAP50-95): 82% ━━━━━━━━━╸── 14/17 3.8it/s 3.9s<0.8s
[36m(ClientAppActor pid=728295)[0m 
[K        2/3      1.47G      4.104      3.112       2.14         32        640: 78% ━━━━━━━━━─── 83/106 3.9it/s 15.3s<5.8s
[36m(ClientAppActor pid=728295)[0m 
[K        2/3      1.47G      4.095      3.108      2.139         23        640: 79% ━━━━━━━━━╸── 84/106 4.4it/s 15.5s<5.0s
[36m(ClientAppActor pid=728306)[0m 
[K                 Class     Images  Instances      Box(P          R      mAP50  mAP50-95): 88% ━━━━━━━━━━╸─ 15/17 3.7it/s 4.2s<0.5s
[36m(ClientAppActor pid=728295)[0m 
[K        2/3      1.47G      4.095       3.12      2.138         15        640: 80% ━━━━━━━━━╸── 85/106 5.1it/s 15.7s<4.1s
[36m(ClientAppActor pid=728306)[0m 
[K                 Class     Images  Instances      Box(P          R      mAP50  mAP50-95): 94% ━━━━━━━━━━━─ 16/17 3.7it/s 4.5s<0.3s
[36m(ClientAppActor pid=728294)[0m 
[K        2/3      1.42G      4.193       3.31      2.257         78        640: 33% ━━━╸──────── 41/124 6.3it/s 8.2s<13.2s[32m [repeated 10x across cluster][0m
[36m(ClientAppActor pid=728295)[0m 
[K        2/3      1.47G      4.087      3.117      2.137         19        640: 81% ━━━━━━━━━╸── 86/106 5.6it/s 15.8s<3.6s
[36m(ClientAppActor pid=728292)[0m 
[K        2/3      1.54G      3.624      2.652      2.218         85        640: 57% ━━━━━━╸───── 69/120 6.6it/s 12.4s<7.7s[32m [repeated 9x across cluster][0m
[36m(ClientAppActor pid=728306)[0m 
[K                 Class     Images  Instances      Box(P          R      mAP50  mAP50-95): 100% ━━━━━━━━━━━━ 17/17 3.6it/s 4.7s
[K                 Class     Images  Instances      Box(P          R      mAP50  mAP50-95): 100% ━━━━━━━━━━━━ 17/17 3.6it/s 4.7s
[36m(ClientAppActor pid=728306)[0m                    all        133       1032      0.606      0.436      0.501      0.241
[36m(ClientAppActor pid=728295)[0m 
[K        2/3      1.47G      4.095       3.12      2.139         41        640: 82% ━━━━━━━━━╸── 87/106 5.9it/s 16.0s<3.2s
[36m(ClientAppActor pid=728306)[0m 
[36m(ClientAppActor pid=728306)[0m       Epoch    GPU_mem   box_loss   cls_loss   dfl_loss  Instances       Size
[36m(ClientAppActor pid=728295)[0m 
[K        2/3      1.47G      4.099       3.12      2.136         35        640: 83% ━━━━━━━━━╸── 88/106 6.0it/s 16.1s<3.0s
[36m(ClientAppActor pid=728306)[0m 
[K        2/3      1.44G      5.243      4.059      2.693         41        640: 0% ──────────── 0/181  0.2s
[36m(ClientAppActor pid=728295)[0m 
[K        2/3      1.47G      4.099      3.119      2.137         20        640: 84% ━━━━━━━━━━── 89/106 6.0it/s 16.3s<2.8s
[36m(ClientAppActor pid=728306)[0m 
[K        2/3      1.44G      4.822      3.441      2.446         58        640: 1% ──────────── 1/181 1.8it/s 0.3s<1:40
[36m(ClientAppActor pid=728295)[0m 
[K        2/3      1.47G      4.082      3.118      2.142          8        640: 85% ━━━━━━━━━━── 90/106 6.0it/s 16.5s<2.7s
[36m(ClientAppActor pid=728306)[0m 
[K        2/3      1.44G      4.627      3.397       2.29         56        640: 1% ──────────── 2/181 3.1it/s 0.5s<58.6s
[36m(ClientAppActor pid=728295)[0m 
[K        2/3      1.47G      4.077      3.113      2.141         24        640: 86% ━━━━━━━━━━── 91/106 6.0it/s 16.6s<2.5s
[36m(ClientAppActor pid=728292)[0m 
[K        2/3      1.54G      3.618      2.656      2.212         95        640: 62% ━━━━━━━───── 75/120 4.1it/s 13.9s<11.1s[32m [repeated 10x across cluster][0m
[36m(ClientAppActor pid=728294)[0m 
[K        2/3      1.42G      4.175      3.325      2.261         43        640: 37% ━━━━──────── 46/124 6.4it/s 8.9s<12.2s[32m [repeated 10x across cluster][0m
[36m(ClientAppActor pid=728306)[0m 
[K        2/3      1.44G      4.422      3.346      2.322         45        640: 2% ──────────── 3/181 4.0it/s 0.7s<45.0s
[36m(ClientAppActor pid=728295)[0m 
[K        2/3      1.47G      4.078      3.109       2.14         62        640: 87% ━━━━━━━━━━── 92/106 6.1it/s 16.8s<2.3s
[36m(ClientAppActor pid=728306)[0m 
[K        2/3      1.44G      4.756      3.684      2.295         20        640: 2% ──────────── 4/181 4.5it/s 0.9s<39.7s
[36m(ClientAppActor pid=728306)[0m 
[K        2/3      1.44G      4.876      3.729      2.296         42        640: 3% ──────────── 5/181 4.9it/s 1.0s<35.6s
[36m(ClientAppActor pid=728306)[0m 
[K        2/3      1.44G      4.831      3.673      2.264         88        640: 3% ──────────── 6/181 5.3it/s 1.2s<33.2s
[36m(ClientAppActor pid=728294)[0m 
[K        2/3      1.42G      4.181      3.338      2.254         67        640: 41% ━━━━╸─────── 51/124 6.5it/s 9.7s<11.3s[32m [repeated 10x across cluster][0m
[36m(ClientAppActor pid=728292)[0m 
[K        2/3      1.54G      3.617      2.651      2.209         97        640: 66% ━━━━━━━╸──── 79/120 5.8it/s 14.6s<7.1s[32m [repeated 9x across cluster][0m
[36m(ClientAppActor pid=728306)[0m 
[K        2/3      1.44G      4.879      3.679      2.253         39        640: 4% ──────────── 7/181 5.4it/s 1.4s<32.1s
[36m(ClientAppActor pid=728306)[0m 
[K        2/3      1.44G      4.855       3.67      2.251         39        640: 4% ╸─────────── 8/181 5.6it/s 1.5s<30.6s
[36m(ClientAppActor pid=728295)[0m 
[K        2/3      1.47G      4.074      3.099      2.141         23        640: 91% ━━━━━━━━━━╸─ 96/106 6.0it/s 17.5s<1.7s[32m [repeated 4x across cluster][0m
[36m(ClientAppActor pid=728306)[0m 
[K        2/3      1.44G      4.835      3.714      2.218         20        640: 5% ╸─────────── 9/181 5.8it/s 1.7s<29.6s
[36m(ClientAppActor pid=728295)[0m 
[K        2/3      1.47G      4.078      3.091      2.139         56        640: 92% ━━━━━━━━━━━─ 98/106 6.1it/s 17.8s<1.3s
[36m(ClientAppActor pid=728292)[0m 
[K        2/3      1.59G       3.63       2.66      2.208         60        640: 71% ━━━━━━━━──── 85/120 6.0it/s 15.6s<5.9s[32m [repeated 11x across cluster][0m
[36m(ClientAppActor pid=728306)[0m 
[K        2/3      1.44G      4.786      3.671      2.214         30        640: 6% ╸─────────── 10/181 5.7it/s 1.9s<30.0s
[36m(ClientAppActor pid=728295)[0m 
[K        2/3      1.47G      4.088      3.101      2.139         34        640: 93% ━━━━━━━━━━━─ 99/106 6.2it/s 17.9s<1.1s
[36m(ClientAppActor pid=728306)[0m 
[K        2/3      1.44G      4.689       3.61      2.252         42        640: 6% ╸─────────── 11/181 5.8it/s 2.0s<29.2s
[36m(ClientAppActor pid=728294)[0m 
[K        2/3      1.42G       4.21      3.364      2.257         83        640: 45% ━━━━━─────── 56/124 6.7it/s 10.4s<10.2s[32m [repeated 10x across cluster][0m
[36m(ClientAppActor pid=728295)[0m 
[K        2/3      1.47G      4.088      3.102      2.136         17        640: 94% ━━━━━━━━━━━─ 100/106 6.3it/s 18.1s<1.0s
[36m(ClientAppActor pid=728306)[0m 
[K        2/3      1.44G      4.627      3.561      2.237         43        640: 7% ╸─────────── 12/181 5.8it/s 2.2s<29.2s
[36m(ClientAppActor pid=728295)[0m 
[K        2/3      1.47G      4.095      3.107      2.135         19        640: 95% ━━━━━━━━━━━─ 101/106 6.3it/s 18.3s<0.8s
[36m(ClientAppActor pid=728306)[0m 
[K        2/3      1.44G      4.624      3.567      2.241         54        640: 7% ╸─────────── 13/181 5.8it/s 2.4s<28.9s
[36m(ClientAppActor pid=728295)[0m 
[K        2/3      1.47G        4.1       3.11      2.135         44        640: 96% ━━━━━━━━━━━╸ 102/106 6.2it/s 18.4s<0.6s
[36m(ClientAppActor pid=728306)[0m 
[K        2/3      1.44G      4.594      3.545      2.245         37        640: 8% ╸─────────── 14/181 5.8it/s 2.6s<29.0s
[36m(ClientAppActor pid=728295)[0m 
[K        2/3      1.47G      4.106      3.112      2.135         41        640: 97% ━━━━━━━━━━━╸ 103/106 6.2it/s 18.6s<0.5s
[36m(ClientAppActor pid=728292)[0m 
[K        2/3      1.59G      3.619      2.649      2.212        108        640: 74% ━━━━━━━━╸─── 89/120 6.0it/s 16.2s<5.2s[32m [repeated 9x across cluster][0m
[36m(ClientAppActor pid=728294)[0m 
[K        2/3      1.42G      4.224      3.378      2.251         36        640: 49% ━━━━━╸────── 61/124 4.6it/s 11.8s<13.8s[32m [repeated 10x across cluster][0m
[36m(ClientAppActor pid=728306)[0m 
[K        2/3      1.44G      4.532      3.494      2.233         35        640: 8% ╸─────────── 15/181 5.9it/s 2.7s<28.1s
[36m(ClientAppActor pid=728295)[0m 
[K        2/3      1.47G      4.106      3.106      2.134         55        640: 98% ━━━━━━━━━━━╸ 104/106 6.0it/s 18.8s<0.3s
[36m(ClientAppActor pid=728295)[0m 
[K        2/3      1.47G      4.092      3.101      2.134          6        640: 99% ━━━━━━━━━━━╸ 105/106 6.3it/s 18.9s<0.2s
[K        2/3      1.47G      4.092      3.101      2.134          6        640: 100% ━━━━━━━━━━━━ 106/106 5.6it/s 18.9s
[K        2/3      1.47G      4.092      3.101      2.134          6        640: 100% ━━━━━━━━━━━━ 106/106 5.6it/s 18.9s
[36m(ClientAppActor pid=728306)[0m 
[K        2/3      1.44G      4.482      3.426      2.233         44        640: 9% ━─────────── 16/181 5.8it/s 2.9s<28.7s
[36m(ClientAppActor pid=728306)[0m 
[K        2/3      1.44G      4.458      3.391      2.217         30        640: 9% ━─────────── 17/181 6.0it/s 3.1s<27.5s
[36m(ClientAppActor pid=728306)[0m 
[K        2/3      1.44G       4.44      3.375      2.203         48        640: 10% ━─────────── 18/181 6.2it/s 3.2s<26.3s
[36m(ClientAppActor pid=728295)[0m 
[K                 Class     Images  Instances      Box(P          R      mAP50  mAP50-95): 11% ━─────────── 1/9 1.1it/s 0.3s<7.2s
[36m(ClientAppActor pid=728306)[0m 
[K        2/3      1.44G      4.406      3.359      2.227         15        640: 10% ━─────────── 19/181 6.6it/s 3.3s<24.5s
[36m(ClientAppActor pid=728292)[0m 
[K        2/3      1.59G      3.618       2.65      2.212         89        640: 79% ━━━━━━━━━─── 95/120 6.2it/s 17.2s<4.0s[32m [repeated 11x across cluster][0m
[36m(ClientAppActor pid=728295)[0m 
[K                 Class     Images  Instances      Box(P          R      mAP50  mAP50-95): 22% ━━╸───────── 2/9 2.1it/s 0.5s<3.4s
[36m(ClientAppActor pid=728294)[0m 
[K        2/3      1.42G      4.251      3.397       2.24         60        640: 54% ━━━━━━────── 67/124 6.1it/s 12.8s<9.3s[32m [repeated 11x across cluster][0m
[36m(ClientAppActor pid=728295)[0m 
[K                 Class     Images  Instances      Box(P          R      mAP50  mAP50-95): 33% ━━━━──────── 3/9 2.7it/s 0.7s<2.2s
[36m(ClientAppActor pid=728306)[0m 
[K        2/3      1.44G      4.469      3.435      2.218         37        640: 11% ━─────────── 20/181 5.4it/s 3.7s<29.7s
[36m(ClientAppActor pid=728295)[0m 
[K                 Class     Images  Instances      Box(P          R      mAP50  mAP50-95): 44% ━━━━━─────── 4/9 3.2it/s 1.0s<1.6s
[36m(ClientAppActor pid=728306)[0m 
[K        2/3      1.44G      4.463      3.421      2.205         23        640: 12% ━─────────── 21/181 4.6it/s 4.1s<35.2s
[36m(ClientAppActor pid=728295)[0m 
[K                 Class     Images  Instances      Box(P          R      mAP50  mAP50-95): 56% ━━━━━━╸───── 5/9 3.6it/s 1.2s<1.1s
[36m(ClientAppActor pid=728306)[0m 
[K        2/3      1.44G      4.461      3.401      2.189         46        640: 12% ━─────────── 22/181 4.3it/s 4.4s<37.0s
[36m(ClientAppActor pid=728295)[0m 
[K                 Class     Images  Instances      Box(P          R      mAP50  mAP50-95): 67% ━━━━━━━━──── 6/9 3.3it/s 1.6s<0.9s
[36m(ClientAppActor pid=728292)[0m 
[K        2/3      1.59G      3.613       2.64      2.211         80        640: 82% ━━━━━━━━━╸── 99/120 6.3it/s 17.8s<3.3s[32m [repeated 8x across cluster][0m
[36m(ClientAppActor pid=728306)[0m 
[K        2/3      1.44G      4.412      3.366      2.182         43        640: 13% ━╸────────── 23/181 4.7it/s 4.6s<33.7s
[36m(ClientAppActor pid=728306)[0m 
[K        2/3      1.44G      4.405      3.346      2.176         44        640: 13% ━╸────────── 24/181 5.3it/s 4.7s<29.9s
[36m(ClientAppActor pid=728295)[0m 
[K                 Class     Images  Instances      Box(P          R      mAP50  mAP50-95): 78% ━━━━━━━━━─── 7/9 3.4it/s 1.8s<0.6s
[36m(ClientAppActor pid=728306)[0m 
[K        2/3      1.44G       4.37      3.322      2.167         20        640: 14% ━╸────────── 25/181 5.5it/s 4.9s<28.5s
[36m(ClientAppActor pid=728294)[0m 
[K        2/3      1.42G      4.241      3.383      2.244         28        640: 58% ━━━━━━╸───── 72/124 6.0it/s 13.6s<8.6s[32m [repeated 10x across cluster][0m
[36m(ClientAppActor pid=728295)[0m 
[K                 Class     Images  Instances      Box(P          R      mAP50  mAP50-95): 89% ━━━━━━━━━━╸─ 8/9 3.5it/s 2.1s<0.3s
[36m(ClientAppActor pid=728306)[0m 
[K        2/3      1.44G      4.345       3.29      2.168         49        640: 14% ━╸────────── 26/181 5.8it/s 5.0s<26.6s
[36m(ClientAppActor pid=728306)[0m 
[K        2/3      1.44G      4.314      3.272      2.181         70        640: 15% ━╸────────── 27/181 6.1it/s 5.2s<25.2s
[36m(ClientAppActor pid=728295)[0m 
[K                 Class     Images  Instances      Box(P          R      mAP50  mAP50-95): 100% ━━━━━━━━━━━━ 9/9 3.8it/s 2.3s
[K                 Class     Images  Instances      Box(P          R      mAP50  mAP50-95): 100% ━━━━━━━━━━━━ 9/9 3.8it/s 2.3s
[36m(ClientAppActor pid=728295)[0m                    all         69        401      0.675      0.506      0.567      0.293
[36m(ClientAppActor pid=728295)[0m 
[36m(ClientAppActor pid=728295)[0m       Epoch    GPU_mem   box_loss   cls_loss   dfl_loss  Instances       Size
[36m(ClientAppActor pid=728306)[0m 
[K        2/3      1.44G      4.311      3.262       2.18         45        640: 15% ━╸────────── 28/181 6.7it/s 5.3s<23.0s
[36m(ClientAppActor pid=728292)[0m 
[K        2/3      1.59G      3.617      2.644      2.211        117        640: 88% ━━━━━━━━━━── 105/120 5.6it/s 19.4s<2.7s[32m [repeated 11x across cluster][0m
[36m(ClientAppActor pid=728306)[0m 
[K        2/3      1.44G      4.287      3.256       2.17         49        640: 16% ━╸────────── 29/181 6.8it/s 5.4s<22.3s
[36m(ClientAppActor pid=728295)[0m 
[K        3/3      1.47G       3.23      2.246      1.902         44        640: 0% ──────────── 0/106  0.2s
[36m(ClientAppActor pid=728306)[0m 
[K        2/3      1.44G      4.266      3.249      2.176         58        640: 17% ━╸────────── 30/181 6.7it/s 5.6s<22.6s
[36m(ClientAppActor pid=728295)[0m 
[K        3/3      1.47G      3.582      2.446      1.911         63        640: 1% ──────────── 1/106 1.9it/s 0.3s<55.8s
[36m(ClientAppActor pid=728293)[0m 
[K                 Class     Images  Instances      Box(P          R      mAP50  mAP50-95): 20% ━━────────── 2/10 1.9it/s 0.5s<4.3s
[36m(ClientAppActor pid=728294)[0m 
[K        2/3      1.45G      4.224      3.364      2.245         98        640: 62% ━━━━━━━───── 77/124 6.0it/s 14.5s<7.8s[32m [repeated 10x across cluster][0m
[36m(ClientAppActor pid=728306)[0m 
[K        2/3      1.44G      4.278      3.249      2.174         29        640: 17% ━━────────── 31/181 6.6it/s 5.8s<22.7s
[36m(ClientAppActor pid=728295)[0m 
[K        3/3      1.47G       3.78      3.104      2.077         18        640: 2% ──────────── 2/106 3.2it/s 0.5s<32.6s
[36m(ClientAppActor pid=728293)[0m 
[K                 Class     Images  Instances      Box(P          R      mAP50  mAP50-95): 30% ━━━╸──────── 3/10 2.4it/s 0.8s<2.9s
[36m(ClientAppActor pid=728306)[0m 
[K        2/3      1.44G      4.268      3.228      2.173         67        640: 18% ━━────────── 32/181 6.5it/s 5.9s<22.9s
[36m(ClientAppActor pid=728295)[0m 
[K        3/3      1.47G      3.878      3.161      2.075         18        640: 3% ──────────── 3/106 4.0it/s 0.6s<25.7s
[36m(ClientAppActor pid=728295)[0m 
[K        3/3      1.47G      4.012      3.281       2.12         50        640: 4% ──────────── 4/106 4.7it/s 0.8s<21.5s
[36m(ClientAppActor pid=728306)[0m 
[K        2/3      1.44G       4.29      3.246      2.177         34        640: 18% ━━────────── 33/181 6.4it/s 6.1s<23.0s
[36m(ClientAppActor pid=728293)[0m 
[K                 Class     Images  Instances      Box(P          R      mAP50  mAP50-95): 40% ━━━━╸─────── 4/10 2.7it/s 1.1s<2.2s
[36m(ClientAppActor pid=728306)[0m 
[K        2/3      1.44G      4.276       3.24      2.173         48        640: 19% ━━────────── 34/181 6.4it/s 6.2s<22.9s
[36m(ClientAppActor pid=728294)[0m 
[K        2/3      1.45G      4.225      3.357      2.245         39        640: 66% ━━━━━━━╸──── 82/124 5.9it/s 15.3s<7.1s[32m [repeated 10x across cluster][0m
[36m(ClientAppActor pid=728306)[0m 
[K        2/3      1.44G      4.274      3.231      2.187         80        640: 19% ━━────────── 35/181 6.3it/s 6.4s<23.1s
[36m(ClientAppActor pid=728293)[0m 
[K                 Class     Images  Instances      Box(P          R      mAP50  mAP50-95): 50% ━━━━━━────── 5/10 3.0it/s 1.4s<1.7s
[36m(ClientAppActor pid=728295)[0m 
[K        3/3      1.47G      4.106      3.223      2.139         32        640: 6% ╸─────────── 6/106 6.0it/s 1.1s<16.7s[32m [repeated 2x across cluster][0m
[36m(ClientAppActor pid=728306)[0m 
[K        2/3      1.44G      4.259      3.219      2.193         47        640: 20% ━━────────── 36/181 6.4it/s 6.5s<22.5s
[36m(ClientAppActor pid=728292)[0m 
[K        2/3      1.59G      3.614      2.637      2.209         68        640: 91% ━━━━━━━━━━╸─ 109/120 6.3it/s 20.0s<1.7s[32m [repeated 10x across cluster][0m
[36m(ClientAppActor pid=728306)[0m 
[K        2/3      1.44G      4.271      3.232      2.193         35        640: 20% ━━────────── 37/181 6.4it/s 6.7s<22.5s
[36m(ClientAppActor pid=728293)[0m 
[K                 Class     Images  Instances      Box(P          R      mAP50  mAP50-95): 60% ━━━━━━━───── 6/10 3.1it/s 1.7s<1.3s
[36m(ClientAppActor pid=728292)[0m 
[K        2/3      1.59G      3.617      2.643      2.209         20        640: 96% ━━━━━━━━━━━─ 115/120 7.1it/s 20.9s<0.7s[32m [repeated 11x across cluster][0m
[36m(ClientAppActor pid=728306)[0m 
[K        2/3      1.44G      4.279      3.252      2.193         19        640: 21% ━━╸───────── 38/181 6.9it/s 6.8s<20.6s
[36m(ClientAppActor pid=728294)[0m 
[K        2/3      1.45G      4.207      3.366      2.248         21        640: 70% ━━━━━━━━──── 87/124 5.3it/s 16.3s<6.9s[32m [repeated 10x across cluster][0m
[36m(ClientAppActor pid=728306)[0m 
[K        2/3      1.44G      4.259      3.244      2.191         21        640: 22% ━━╸───────── 39/181 7.1it/s 7.0s<20.0s
[36m(ClientAppActor pid=728292)[0m 
[K                 Class     Images  Instances      Box(P          R      mAP50  mAP50-95): 7% ╸─────────── 1/15 1.1it/s 0.3s<12.2s
[36m(ClientAppActor pid=728306)[0m 
[K        2/3      1.44G      4.253      3.239        2.2         34        640: 22% ━━╸───────── 40/181 7.4it/s 7.1s<19.1s
[36m(ClientAppActor pid=728293)[0m 
[K                 Class     Images  Instances      Box(P          R      mAP50  mAP50-95): 80% ━━━━━━━━━╸── 8/10 3.6it/s 2.2s<0.6s
[36m(ClientAppActor pid=728306)[0m 
[K        2/3      1.44G      4.244       3.23      2.197         39        640: 23% ━━╸───────── 41/181 7.4it/s 7.2s<18.9s
[36m(ClientAppActor pid=728292)[0m 
[K                 Class     Images  Instances      Box(P          R      mAP50  mAP50-95): 13% ━╸────────── 2/15 2.0it/s 0.5s<6.7s
[36m(ClientAppActor pid=728306)[0m 
[K        2/3      1.44G      4.242      3.231      2.197         35        640: 23% ━━╸───────── 42/181 7.5it/s 7.3s<18.5s
[36m(ClientAppActor pid=728292)[0m 
[K        2/3      1.59G      3.624      2.644      2.208        110        640: 98% ━━━━━━━━━━━╸ 118/120 6.7it/s 21.4s<0.3s[32m [repeated 6x across cluster][0m
[36m(ClientAppActor pid=728306)[0m 
[K        2/3      1.44G      4.223      3.229        2.2         25        640: 24% ━━╸───────── 43/181 7.7it/s 7.5s<17.9s
[36m(ClientAppActor pid=728306)[0m 
[K        2/3      1.44G      4.234      3.246      2.201         46        640: 24% ━━╸───────── 44/181 7.5it/s 7.6s<18.2s
[36m(ClientAppActor pid=728293)[0m 
[36m(ClientAppActor pid=728294)[0m 
[K        2/3      1.45G      4.212       3.38      2.251         33        640: 74% ━━━━━━━━╸─── 92/124 6.1it/s 17.5s<5.3s[32m [repeated 10x across cluster][0m
[36m(ClientAppActor pid=728306)[0m 
[K        2/3      1.44G      4.228       3.25      2.202         26        640: 25% ━━╸───────── 45/181 7.5it/s 7.7s<18.1s
[36m(ClientAppActor pid=728292)[0m 
[K                 Class     Images  Instances      Box(P          R      mAP50  mAP50-95): 27% ━━━───────── 4/15 3.0it/s 1.0s<3.6s
[36m(ClientAppActor pid=728306)[0m 
[K        2/3      1.44G      4.221       3.24      2.206         28        640: 25% ━━━───────── 46/181 7.4it/s 7.9s<18.2s
[36m(ClientAppActor pid=728292)[0m 
[K        2/3      1.59G      3.623      2.643      2.209         18        640: 99% ━━━━━━━━━━━╸ 119/120 7.4it/s 21.5s<0.1s
[K        2/3      1.59G      3.623      2.643      2.209         18        640: 100% ━━━━━━━━━━━━ 120/120 5.6it/s 21.5s
[K        2/3      1.59G      3.623      2.643      2.209         18        640: 100% ━━━━━━━━━━━━ 120/120 5.6it/s 21.5s[32m [repeated 2x across cluster][0m
[36m(ClientAppActor pid=728295)[0m 
[K        3/3      1.47G      4.092      3.213      2.121         53        640: 12% ━─────────── 13/106 6.9it/s 2.1s<13.6s[32m [repeated 5x across cluster][0m
[36m(ClientAppActor pid=728306)[0m 
[K        2/3      1.44G      4.216      3.239      2.201         35        640: 26% ━━━───────── 47/181 7.1it/s 8.0s<18.9s
[36m(ClientAppActor pid=728306)[0m 
[K        2/3      1.44G      4.223      3.232      2.199         73        640: 27% ━━━───────── 48/181 6.8it/s 8.2s<19.5s
[36m(ClientAppActor pid=728293)[0m 
[K                 Class     Images  Instances      Box(P          R      mAP50  mAP50-95): 10% ━─────────── 1/10 1.2it/s 0.2s<7.4s
[36m(ClientAppActor pid=728306)[0m 
[K        2/3      1.44G       4.24      3.246      2.201         32        640: 27% ━━━───────── 49/181 6.2it/s 8.4s<21.4s
[36m(ClientAppActor pid=728294)[0m 
[K        2/3      1.45G       4.21       3.37      2.249         65        640: 79% ━━━━━━━━━─── 98/124 7.3it/s 18.3s<3.6s[32m [repeated 11x across cluster][0m
[36m(ClientAppActor pid=728292)[0m 
[K                 Class     Images  Instances      Box(P          R      mAP50  mAP50-95): 47% ━━━━━╸────── 7/15 3.8it/s 1.8s<2.1s
[36m(ClientAppActor pid=728306)[0m 
[K        2/3      1.44G      4.228      3.239      2.199         32        640: 28% ━━━───────── 50/181 5.1it/s 8.8s<25.9s
[36m(ClientAppActor pid=728292)[0m 
[K                 Class     Images  Instances      Box(P          R      mAP50  mAP50-95): 33% ━━━━──────── 5/15 3.1it/s 1.3s<3.2s
[36m(ClientAppActor pid=728306)[0m 
[K        2/3      1.44G      4.213      3.226      2.198         44        640: 28% ━━━───────── 51/181 4.0it/s 9.4s<32.2s
[36m(ClientAppActor pid=728292)[0m 
[K                 Class     Images  Instances      Box(P          R      mAP50  mAP50-95): 67% ━━━━━━━━──── 10/15 3.6it/s 2.6s<1.4s[32m [repeated 2x across cluster][0m
[36m(ClientAppActor pid=728294)[0m 
[K        2/3      1.45G      4.214      3.376      2.252         31        640: 83% ━━━━━━━━━╸── 103/124 6.5it/s 19.1s<3.2s[32m [repeated 10x across cluster][0m
[36m(ClientAppActor pid=728295)[0m 
[K        3/3      1.47G      4.034      3.138      2.132         47        640: 16% ━╸────────── 17/106 7.1it/s 2.6s<12.5s[32m [repeated 4x across cluster][0m
[36m(ClientAppActor pid=728306)[0m 
[K        2/3      1.44G      4.229       3.23      2.203         46        640: 29% ━━━───────── 52/181 5.1it/s 9.5s<25.1s
[36m(ClientAppActor pid=728306)[0m 
[K        2/3      1.44G       4.22      3.225      2.201         45        640: 29% ━━━╸──────── 53/181 6.1it/s 9.7s<21.1s
[36m(ClientAppActor pid=728298)[0m 
[K                 Class     Images  Instances      Box(P          R      mAP50  mAP50-95): 9% ━─────────── 1/11 1.0it/s 0.3s<9.7s
[36m(ClientAppActor pid=728292)[0m 
[K                 Class     Images  Instances      Box(P          R      mAP50  mAP50-95): 73% ━━━━━━━━╸─── 11/15 3.6it/s 2.9s<1.1s
[36m(ClientAppActor pid=728306)[0m 
[K        2/3      1.44G      4.211      3.216      2.196         22        640: 30% ━━━╸──────── 54/181 6.6it/s 9.8s<19.4s
[36m(ClientAppActor pid=728306)[0m 
[K        2/3      1.44G      4.205      3.227      2.192         18        640: 30% ━━━╸──────── 55/181 7.1it/s 9.9s<17.8s
[36m(ClientAppActor pid=728293)[0m 
[K                 Class     Images  Instances      Box(P          R      mAP50  mAP50-95): 90% ━━━━━━━━━━╸─ 9/10 3.7it/s 2.4s<0.3s
[36m(ClientAppActor pid=728306)[0m 
[K        2/3      1.44G       4.21      3.231      2.194         46        640: 31% ━━━╸──────── 56/181 7.1it/s 10.1s<17.6s
[36m(ClientAppActor pid=728292)[0m 
[K                 Class     Images  Instances      Box(P          R      mAP50  mAP50-95): 87% ━━━━━━━━━━── 13/15 3.8it/s 3.4s<0.5s
[36m(ClientAppActor pid=728306)[0m 
[K        2/3      1.44G      4.221      3.233      2.195         36        640: 31% ━━━╸──────── 57/181 7.6it/s 10.2s<16.3s
[36m(ClientAppActor pid=728293)[0m 
[K                 Class     Images  Instances      Box(P          R      mAP50  mAP50-95): 100% ━━━━━━━━━━━━ 10/10 3.7it/s 2.7s
[K                 Class     Images  Instances      Box(P          R      mAP50  mAP50-95): 100% ━━━━━━━━━━━━ 10/10 3.7it/s 2.7s
[36m(ClientAppActor pid=728293)[0m                    all         80        576      0.699      0.528      0.594      0.305
[36m(ClientAppActor pid=728293)[0m       Epoch    GPU_mem   box_loss   cls_loss   dfl_loss  Instances       Size
[36m(ClientAppActor pid=728306)[0m 
[K        2/3      1.44G      4.221      3.233      2.189         36        640: 32% ━━━╸──────── 58/181 7.9it/s 10.3s<15.5s
[36m(ClientAppActor pid=728294)[0m 
[K        2/3      1.45G      4.206      3.356      2.254         45        640: 87% ━━━━━━━━━━── 108/124 7.3it/s 19.8s<2.2s[32m [repeated 10x across cluster][0m
[36m(ClientAppActor pid=728306)[0m 
[K        2/3      1.44G      4.219      3.228      2.188         51        640: 33% ━━━╸──────── 59/181 7.8it/s 10.4s<15.6s
[36m(ClientAppActor pid=728298)[0m 
[K                 Class     Images  Instances      Box(P          R      mAP50  mAP50-95): 36% ━━━━──────── 4/11 3.1it/s 1.0s<2.3s
[36m(ClientAppActor pid=728293)[0m 
[K        3/3      1.46G      3.816      2.973      2.196         23        640: 3% ──────────── 4/115 3.1it/s 1.2s<35.8s[32m [repeated 5x across cluster][0m
[36m(ClientAppActor pid=728292)[0m 
[K                 Class     Images  Instances      Box(P          R      mAP50  mAP50-95): 93% ━━━━━━━━━━━─ 14/15 4.0it/s 3.6s<0.3s
[36m(ClientAppActor pid=728292)[0m 
[K                 Class     Images  Instances      Box(P          R      mAP50  mAP50-95): 100% ━━━━━━━━━━━━ 15/15 4.0it/s 3.7s
[K                 Class     Images  Instances      Box(P          R      mAP50  mAP50-95): 100% ━━━━━━━━━━━━ 15/15 4.0it/s 3.7s
[36m(ClientAppActor pid=728292)[0m                    all        115       1013      0.627      0.462      0.505      0.246
[36m(ClientAppActor pid=728292)[0m 
[36m(ClientAppActor pid=728292)[0m       Epoch    GPU_mem   box_loss   cls_loss   dfl_loss  Instances       Size
[36m(ClientAppActor pid=728306)[0m 
[K        2/3      1.44G      4.218      3.224      2.185         45        640: 34% ━━━━──────── 61/181 8.5it/s 10.6s<14.1s
[36m(ClientAppActor pid=728294)[0m 
[K                 Class     Images  Instances      Box(P          R      mAP50  mAP50-95): 18% ━━────────── 2/11 2.5it/s 0.4s<3.6s[32m [repeated 3x across cluster][0m
[36m(ClientAppActor pid=728295)[0m 
[K        3/3      1.47G      4.015      3.079       2.11         39        640: 21% ━━────────── 22/106 4.3it/s 4.1s<19.4s[32m [repeated 5x across cluster][0m
[36m(ClientAppActor pid=728306)[0m 
[K        2/3      1.44G      4.235      3.225      2.187         43        640: 34% ━━━━──────── 62/181 8.3it/s 10.8s<14.3s
[36m(ClientAppActor pid=728298)[0m 
[K                 Class     Images  Instances      Box(P          R      mAP50  mAP50-95): 45% ━━━━━─────── 5/11 3.5it/s 1.3s<1.7s
[36m(ClientAppActor pid=728306)[0m 
[K        2/3      1.44G      4.237      3.218      2.183         50        640: 35% ━━━━──────── 63/181 8.4it/s 10.9s<14.0s
[36m(ClientAppActor pid=728298)[0m 
[K                 Class     Images  Instances      Box(P          R      mAP50  mAP50-95): 55% ━━━━━━╸───── 6/11 3.6it/s 1.5s<1.4s
[36m(ClientAppActor pid=728306)[0m 
[K        2/3      1.44G      4.233      3.212      2.189         32        640: 35% ━━━━──────── 64/181 8.2it/s 11.0s<14.3s
[36m(ClientAppActor pid=728298)[0m 
[K                 Class     Images  Instances      Box(P          R      mAP50  mAP50-95): 64% ━━━━━━━╸──── 7/11 3.7it/s 1.8s<1.1s
[36m(ClientAppActor pid=728292)[0m 
[K                 Class     Images  Instances      Box(P          R      mAP50  mAP50-95): 40% ━━━━╸─────── 6/15 3.6it/s 1.5s<2.5s
[36m(ClientAppActor pid=728292)[0m 
[K                 Class     Images  Instances      Box(P          R      mAP50  mAP50-95): 53% ━━━━━━────── 8/15 3.8it/s 2.0s<1.8s
[36m(ClientAppActor pid=728293)[0m 
[K        3/3      1.46G      3.768      2.991      2.189         29        640: 8% ╸─────────── 9/115 6.4it/s 2.1s<16.5s[32m [repeated 7x across cluster][0m
[36m(ClientAppActor pid=728306)[0m 
[K        2/3      1.44G       4.21      3.192      2.193         39        640: 38% ━━━━╸─────── 68/181 7.4it/s 11.6s<15.3s
[36m(ClientAppActor pid=728294)[0m 
[K        2/3      1.45G      4.199      3.353      2.252         69        640: 91% ━━━━━━━━━━╸─ 113/124 7.1it/s 20.5s<1.6s[32m [repeated 10x across cluster][0m
[36m(ClientAppActor pid=728292)[0m 
[K                 Class     Images  Instances      Box(P          R      mAP50  mAP50-95): 60% ━━━━━━━───── 9/15 3.8it/s 2.3s<1.6s
[36m(ClientAppActor pid=728294)[0m 
[K        2/3      1.45G      4.202      3.342      2.253         98        640: 95% ━━━━━━━━━━━─ 118/124 4.0it/s 22.0s<1.5s[32m [repeated 10x across cluster][0m
[36m(ClientAppActor pid=728293)[0m 
[K        3/3      1.46G        3.8      2.963      2.145         33        640: 21% ━━╸───────── 24/115 7.3it/s 4.1s<12.4s[32m [repeated 5x across cluster][0m
[36m(ClientAppActor pid=728298)[0m 
[K                 Class     Images  Instances      Box(P          R      mAP50  mAP50-95): 91% ━━━━━━━━━━╸─ 10/11 3.9it/s 2.5s<0.3s
[36m(ClientAppActor pid=728298)[0m 
[36m(ClientAppActor pid=728298)[0m 
[K                 Class     Images  Instances      Box(P          R      mAP50  mAP50-95): 82% ━━━━━━━━━╸── 9/11 3.9it/s 2.3s<0.5s[32m [repeated 2x across cluster][0m
[36m(ClientAppActor pid=728295)[0m 
[K        3/3      1.47G      4.031      3.028      2.101         36        640: 42% ━━━━━─────── 45/106 7.9it/s 6.9s<7.7s
[36m(ClientAppActor pid=728295)[0m 
[K        3/3      1.47G      4.022      3.027      2.103         24        640: 43% ━━━━━─────── 46/106 7.6it/s 7.1s<7.9s
[36m(ClientAppActor pid=728294)[0m 
[K        2/3      1.45G       4.21      3.338      2.252         31        640: 98% ━━━━━━━━━━━╸ 122/124 6.6it/s 22.5s<0.3s[32m [repeated 7x across cluster][0m
[36m(ClientAppActor pid=728295)[0m 
[K        3/3      1.47G      4.013      3.012        2.1         29        640: 44% ━━━━━─────── 47/106 7.3it/s 7.2s<8.1s
[36m(ClientAppActor pid=728295)[0m 
[K        3/3      1.47G      4.005          3      2.098         35        640: 45% ━━━━━─────── 48/106 7.2it/s 7.4s<8.0s
[36m(ClientAppActor pid=728294)[0m 
[36m(ClientAppActor pid=728294)[0m 
[K                 Class     Images  Instances      Box(P          R      mAP50  mAP50-95): 27% ━━━───────── 3/11 3.1it/s 0.6s<2.6s[32m [repeated 2x across cluster][0m
[36m(ClientAppActor pid=728293)[0m 
[K        3/3      1.46G      3.874      3.123      2.153         40        640: 26% ━━━───────── 30/115 6.6it/s 5.0s<13.0s[32m [repeated 6x across cluster][0m
[36m(ClientAppActor pid=728295)[0m 
[K        3/3      1.47G      3.992      3.003      2.096         19        640: 46% ━━━━━╸────── 49/106 6.8it/s 7.6s<8.4s
[36m(ClientAppActor pid=728294)[0m 
[K        2/3      1.45G      4.212      3.338      2.251         68        640: 99% ━━━━━━━━━━━╸ 123/124 6.9it/s 22.7s<0.1s
[K        2/3      1.45G      4.212      3.338      2.251         68        640: 100% ━━━━━━━━━━━━ 124/124 5.5it/s 22.7s
[K        2/3      1.45G      4.212      3.338      2.251         68        640: 100% ━━━━━━━━━━━━ 124/124 5.5it/s 22.7s[32m [repeated 2x across cluster][0m
[36m(ClientAppActor pid=728292)[0m 
[K        3/3      1.59G      3.674      2.611      2.182         89        640: 12% ━─────────── 15/120 6.4it/s 2.3s<16.4s[32m [repeated 11x across cluster][0m
[36m(ClientAppActor pid=728295)[0m 
[K        3/3      1.47G      3.984      3.011      2.097         16        640: 47% ━━━━━╸────── 50/106 6.5it/s 7.7s<8.6s
[36m(ClientAppActor pid=728295)[0m 
[K        3/3      1.47G      3.974      3.003      2.099         33        640: 48% ━━━━━╸────── 51/106 6.3it/s 7.9s<8.8s
[36m(ClientAppActor pid=728295)[0m 
[K        3/3      1.47G      3.989       3.01      2.099         19        640: 49% ━━━━━╸────── 52/106 5.2it/s 8.3s<10.4s
[36m(ClientAppActor pid=728295)[0m 
[K        3/3      1.47G      3.977      3.008      2.096         15        640: 50% ━━━━━━────── 53/106 4.4it/s 8.6s<11.9s
[36m(ClientAppActor pid=728295)[0m 
[K        3/3      1.47G      3.981          3      2.094         44        640: 51% ━━━━━━────── 54/106 3.8it/s 9.1s<13.8s
[36m(ClientAppActor pid=728295)[0m 
[K        3/3      1.47G      3.975      3.004       2.09         15        640: 52% ━━━━━━────── 55/106 4.7it/s 9.2s<10.8s
[36m(ClientAppActor pid=728292)[0m 
[K        3/3      1.59G      3.618      2.585        2.2        100        640: 16% ━╸────────── 19/120 5.4it/s 3.0s<18.8s[32m [repeated 9x across cluster][0m
[36m(ClientAppActor pid=728293)[0m 
[K        3/3      1.46G      3.892      3.075      2.146         23        640: 32% ━━━╸──────── 37/115 4.5it/s 6.8s<17.2s[32m [repeated 10x across cluster][0m
[36m(ClientAppActor pid=728294)[0m 
[K                 Class     Images  Instances      Box(P          R      mAP50  mAP50-95): 9% ━─────────── 1/11 1.4it/s 0.2s<7.2s
[36m(ClientAppActor pid=728294)[0m 
[K                 Class     Images  Instances      Box(P          R      mAP50  mAP50-95): 73% ━━━━━━━━╸─── 8/11 3.8it/s 1.9s<0.8s[32m [repeated 2x across cluster][0m
[36m(ClientAppActor pid=728295)[0m 
[K        3/3      1.47G      3.962      3.004       2.09         20        640: 53% ━━━━━━────── 56/106 5.2it/s 9.4s<9.7s
[36m(ClientAppActor pid=728295)[0m 
[K        3/3      1.47G      3.965      2.994      2.088         22        640: 54% ━━━━━━────── 57/106 5.6it/s 9.6s<8.8s
[36m(ClientAppActor pid=728295)[0m 
[K        3/3      1.47G      3.966      3.001       2.09         22        640: 55% ━━━━━━╸───── 58/106 5.7it/s 9.7s<8.4s
[36m(ClientAppActor pid=728295)[0m 
[K        3/3      1.47G      3.971          3       2.09         13        640: 56% ━━━━━━╸───── 59/106 5.8it/s 9.9s<8.1s
[36m(ClientAppActor pid=728295)[0m 
[K        3/3      1.47G      3.973      3.006      2.095         14        640: 57% ━━━━━━╸───── 60/106 5.9it/s 10.0s<7.8s
[36m(ClientAppActor pid=728294)[0m 
[K                 Class     Images  Instances      Box(P          R      mAP50  mAP50-95): 36% ━━━━──────── 4/11 3.3it/s 0.9s<2.1s
[36m(ClientAppActor pid=728294)[0m 
[K        3/3      1.45G       4.29      3.172      2.198         42        640: 4% ──────────── 5/124 3.4it/s 1.4s<34.8s[32m [repeated 17x across cluster][0m
[36m(ClientAppActor pid=728295)[0m 
[K        3/3      1.47G      3.979      3.006      2.093         32        640: 58% ━━━━━━╸───── 61/106 5.9it/s 10.2s<7.7s
[36m(ClientAppActor pid=728294)[0m 
[K                 Class     Images  Instances      Box(P          R      mAP50  mAP50-95): 100% ━━━━━━━━━━━━ 11/11 4.2it/s 2.6s
[K                 Class     Images  Instances      Box(P          R      mAP50  mAP50-95): 100% ━━━━━━━━━━━━ 11/11 4.2it/s 2.6s[32m [repeated 2x across cluster][0m
[36m(ClientAppActor pid=728294)[0m                    all         82        651       0.51      0.349      0.414      0.197[32m [repeated 2x across cluster][0m
[36m(ClientAppActor pid=728294)[0m       Epoch    GPU_mem   box_loss   cls_loss   dfl_loss  Instances       Size[32m [repeated 2x across cluster][0m
[36m(ClientAppActor pid=728293)[0m 
[K        3/3      1.46G       3.91      3.078      2.153         25        640: 37% ━━━━──────── 43/115 5.6it/s 7.8s<12.9s[32m [repeated 12x across cluster][0m
[36m(ClientAppActor pid=728295)[0m 
[K        3/3      1.47G      3.978      3.002       2.09         41        640: 58% ━━━━━━━───── 62/106 6.0it/s 10.4s<7.4s
[36m(ClientAppActor pid=728292)[0m 
[K        3/3      1.59G      3.593      2.562      2.186         85        640: 21% ━━────────── 25/120 5.3it/s 4.6s<17.9s[32m [repeated 10x across cluster][0m
[36m(ClientAppActor pid=728294)[0m 
[K                 Class     Images  Instances      Box(P          R      mAP50  mAP50-95): 45% ━━━━━─────── 5/11 3.5it/s 1.2s<1.7s
[36m(ClientAppActor pid=728295)[0m 
[K        3/3      1.47G      3.966      2.989      2.088         43        640: 59% ━━━━━━━───── 63/106 6.1it/s 10.5s<7.0s
[36m(ClientAppActor pid=728294)[0m 
[K                 Class     Images  Instances      Box(P          R      mAP50  mAP50-95): 55% ━━━━━━╸───── 6/11 3.7it/s 1.4s<1.4s
[36m(ClientAppActor pid=728295)[0m 
[K        3/3      1.47G      3.959      2.983      2.086         26        640: 60% ━━━━━━━───── 64/106 6.2it/s 10.7s<6.8s
[36m(ClientAppActor pid=728294)[0m 
[K                 Class     Images  Instances      Box(P          R      mAP50  mAP50-95): 64% ━━━━━━━╸──── 7/11 3.7it/s 1.7s<1.1s
[36m(ClientAppActor pid=728295)[0m 
[K        3/3      1.47G      3.963      2.982      2.084         59        640: 61% ━━━━━━━───── 65/106 6.1it/s 10.9s<6.7s
[36m(ClientAppActor pid=728295)[0m 
[K        3/3      1.47G      3.964      2.986      2.086         19        640: 62% ━━━━━━━───── 66/106 6.1it/s 11.0s<6.5s
[36m(ClientAppActor pid=728295)[0m 
[K        3/3      1.47G       3.97      2.988      2.086         41        640: 63% ━━━━━━━╸──── 67/106 6.2it/s 11.2s<6.3s
[36m(ClientAppActor pid=728294)[0m 
[K        3/3      1.45G      4.151      3.181      2.228        101        640: 8% ╸─────────── 10/124 5.5it/s 2.4s<20.6s[32m [repeated 14x across cluster][0m
[36m(ClientAppActor pid=728293)[0m 
[K        3/3      1.46G      3.886      3.091      2.159         36        640: 41% ━━━━╸─────── 47/115 5.6it/s 8.5s<12.0s[32m [repeated 16x across cluster][0m
[36m(ClientAppActor pid=728295)[0m 
[K        3/3      1.47G      3.975      2.985      2.086         42        640: 64% ━━━━━━━╸──── 68/106 6.1it/s 11.4s<6.2s
[36m(ClientAppActor pid=728295)[0m 
[K        3/3      1.47G      3.961      2.976      2.084         25        640: 65% ━━━━━━━╸──── 69/106 6.2it/s 11.5s<6.0s
[36m(ClientAppActor pid=728292)[0m 
[K        3/3      1.59G      3.571      2.621      2.204         48        640: 24% ━━╸───────── 29/120 5.7it/s 5.3s<16.0s[32m [repeated 8x across cluster][0m
[36m(ClientAppActor pid=728295)[0m 
[K        3/3      1.47G      3.967       2.98      2.083         20        640: 66% ━━━━━━━╸──── 70/106 6.2it/s 11.7s<5.8s
[36m(ClientAppActor pid=728294)[0m 
[K                 Class     Images  Instances      Box(P          R      mAP50  mAP50-95): 91% ━━━━━━━━━━╸─ 10/11 3.8it/s 2.4s<0.3s
[36m(ClientAppActor pid=728295)[0m 
[K        3/3      1.47G      3.967       2.98      2.083         47        640: 67% ━━━━━━━━──── 71/106 6.1it/s 11.8s<5.8s
[36m(ClientAppActor pid=728294)[0m 
[K                 Class     Images  Instances      Box(P          R      mAP50  mAP50-95): 82% ━━━━━━━━━╸── 9/11 3.9it/s 2.2s<0.5s
[36m(ClientAppActor pid=728293)[0m 
[K        3/3      1.46G      3.864      3.071      2.147         28        640: 45% ━━━━━─────── 52/115 5.9it/s 9.4s<10.6s[32m [repeated 12x across cluster][0m
[36m(ClientAppActor pid=728295)[0m 
[K        3/3      1.47G      3.974      2.983      2.081         37        640: 68% ━━━━━━━━──── 72/106 6.1it/s 12.0s<5.6s
[36m(ClientAppActor pid=728295)[0m 
[K        3/3      1.47G       3.98      2.982      2.077         56        640: 69% ━━━━━━━━──── 73/106 5.9it/s 12.2s<5.6s
[36m(ClientAppActor pid=728295)[0m 
[K        3/3      1.47G      3.977      2.991       2.08         13        640: 70% ━━━━━━━━──── 74/106 6.0it/s 12.4s<5.4s
[36m(ClientAppActor pid=728295)[0m 
[K        3/3      1.47G      3.982      2.995      2.081         53        640: 71% ━━━━━━━━──── 75/106 6.0it/s 12.5s<5.1s
[36m(ClientAppActor pid=728298)[0m 
[K        3/3      1.45G      3.658      2.655      2.085         28        640: 25% ━━━───────── 30/119 6.0it/s 5.7s<14.7s[32m [repeated 10x across cluster][0m
[36m(ClientAppActor pid=728293)[0m 
[K        3/3      1.46G      3.902      3.086      2.147         49        640: 50% ━━━━━╸────── 57/115 6.1it/s 10.2s<9.6s[32m [repeated 13x across cluster][0m
[36m(ClientAppActor pid=728295)[0m 
[K        3/3      1.47G      3.978      2.986      2.081         27        640: 72% ━━━━━━━━╸─── 76/106 5.8it/s 12.7s<5.2s
[36m(ClientAppActor pid=728294)[0m 
[K        3/3      1.45G      4.019      3.087       2.23         44        640: 12% ━─────────── 15/124 6.1it/s 3.2s<17.7s[32m [repeated 10x across cluster][0m
[36m(ClientAppActor pid=728295)[0m 
[K        3/3      1.47G      3.977      2.988       2.08         15        640: 73% ━━━━━━━━╸─── 77/106 6.2it/s 12.8s<4.7s
[36m(ClientAppActor pid=728295)[0m 
[K        3/3      1.47G      3.963      2.984      2.078         23        640: 74% ━━━━━━━━╸─── 78/106 6.1it/s 13.0s<4.6s
[36m(ClientAppActor pid=728295)[0m 
[K        3/3      1.47G      3.962      2.984      2.077         31        640: 75% ━━━━━━━━╸─── 79/106 5.2it/s 13.4s<5.2s
[36m(ClientAppActor pid=728293)[0m 
[K        3/3      1.46G      3.911      3.092      2.147         17        640: 53% ━━━━━━────── 61/115 4.3it/s 11.3s<12.4s[32m [repeated 12x across cluster][0m
[36m(ClientAppActor pid=728295)[0m 
[K        3/3      1.47G      3.957      2.988       2.08         14        640: 75% ━━━━━━━━━─── 80/106 4.4it/s 13.8s<6.0s
[36m(ClientAppActor pid=728295)[0m 
[K        3/3      1.47G      3.955      2.988      2.081         51        640: 76% ━━━━━━━━━─── 81/106 3.9it/s 14.1s<6.3s
[36m(ClientAppActor pid=728295)[0m 
[K        3/3      1.47G      3.945      2.979      2.078         18        640: 77% ━━━━━━━━━─── 82/106 4.8it/s 14.2s<5.0s
[36m(ClientAppActor pid=728294)[0m 
[K        3/3      1.45G      3.995      3.054      2.208         36        640: 16% ━╸────────── 20/124 6.1it/s 4.0s<17.0s[32m [repeated 10x across cluster][0m
[36m(ClientAppActor pid=728298)[0m 
[K        3/3      1.45G      3.721      2.719      2.095         37        640: 31% ━━━╸──────── 37/119 4.8it/s 7.4s<17.1s[32m [repeated 8x across cluster][0m
[36m(ClientAppActor pid=728295)[0m 
[K        3/3      1.47G       3.95       2.99      2.082         24        640: 78% ━━━━━━━━━─── 83/106 5.3it/s 14.4s<4.4s
[36m(ClientAppActor pid=728295)[0m 
[K        3/3      1.47G      3.944      2.988      2.079         36        640: 79% ━━━━━━━━━╸── 84/106 5.6it/s 14.6s<3.9s
[36m(ClientAppActor pid=728295)[0m 
[K        3/3      1.47G      3.953      2.986      2.078         14        640: 80% ━━━━━━━━━╸── 85/106 6.1it/s 14.7s<3.4s
[36m(ClientAppActor pid=728295)[0m 
[K        3/3      1.47G      3.951       2.99      2.077         15        640: 81% ━━━━━━━━━╸── 86/106 5.9it/s 14.9s<3.4s
[36m(ClientAppActor pid=728293)[0m 
[K        3/3      1.46G      3.919      3.075      2.144         64        640: 57% ━━━━━━╸───── 66/115 5.4it/s 12.3s<9.0s[32m [repeated 11x across cluster][0m
[36m(ClientAppActor pid=728295)[0m 
[K        3/3      1.47G      3.952      2.989      2.075         49        640: 82% ━━━━━━━━━╸── 87/106 6.0it/s 15.0s<3.2s
[36m(ClientAppActor pid=728295)[0m 
[K        3/3      1.47G      3.967      2.996      2.083         18        640: 83% ━━━━━━━━━╸── 88/106 6.0it/s 15.2s<3.0s
[36m(ClientAppActor pid=728295)[0m 
[K        3/3      1.47G      3.972      3.001      2.083         76        640: 84% ━━━━━━━━━━── 89/106 6.0it/s 15.4s<2.9s
[36m(ClientAppActor pid=728298)[0m 
[K        3/3      1.45G      3.709       2.71      2.092         38        640: 37% ━━━━──────── 44/119 6.1it/s 8.5s<12.3s[32m [repeated 11x across cluster][0m
[36m(ClientAppActor pid=728293)[0m 
[K        3/3      1.46G       3.92      3.097      2.144         22        640: 61% ━━━━━━━───── 70/115 5.6it/s 13.0s<8.0s[32m [repeated 11x across cluster][0m
[36m(ClientAppActor pid=728295)[0m 
[K        3/3      1.47G      3.969      3.004      2.081         14        640: 85% ━━━━━━━━━━── 90/106 6.0it/s 15.5s<2.7s
[36m(ClientAppActor pid=728294)[0m 
[K        3/3      1.45G      4.065      3.159      2.221         42        640: 20% ━━────────── 25/124 6.1it/s 4.8s<16.2s[32m [repeated 10x across cluster][0m
[36m(ClientAppActor pid=728295)[0m 
[K        3/3      1.47G      3.962      3.001       2.08         26        640: 86% ━━━━━━━━━━── 91/106 5.9it/s 15.7s<2.5s
[36m(ClientAppActor pid=728295)[0m 
[K        3/3      1.47G      3.952      2.995      2.079         17        640: 87% ━━━━━━━━━━── 92/106 5.9it/s 15.9s<2.4s
[36m(ClientAppActor pid=728295)[0m 
[K        3/3      1.47G      3.952      2.992      2.077         23        640: 88% ━━━━━━━━━━╸─ 93/106 5.8it/s 16.1s<2.2s
[36m(ClientAppActor pid=728295)[0m 
[K        3/3      1.47G      3.947      2.985      2.074         30        640: 89% ━━━━━━━━━━╸─ 94/106 5.8it/s 16.2s<2.1s
[36m(ClientAppActor pid=728293)[0m 
[K        3/3      1.46G      3.898      3.064      2.137         43        640: 64% ━━━━━━━╸──── 74/115 5.7it/s 13.7s<7.2s[32m [repeated 10x across cluster][0m
[36m(ClientAppActor pid=728298)[0m 
[K        3/3      1.45G      3.718      2.708      2.091         53        640: 41% ━━━━╸─────── 49/119 6.2it/s 9.3s<11.2s[32m [repeated 9x across cluster][0m
[36m(ClientAppActor pid=728295)[0m 
[K        3/3      1.47G      3.945      2.981      2.072         46        640: 90% ━━━━━━━━━━╸─ 95/106 5.8it/s 16.4s<1.9s
[36m(ClientAppActor pid=728295)[0m 
[K        3/3      1.47G       3.94      2.977      2.075         19        640: 91% ━━━━━━━━━━╸─ 96/106 5.8it/s 16.6s<1.7s
[36m(ClientAppActor pid=728294)[0m 
[K        3/3      1.45G      4.037      3.156      2.203         29        640: 24% ━━╸───────── 30/124 6.1it/s 5.7s<15.4s[32m [repeated 10x across cluster][0m
[36m(ClientAppActor pid=728295)[0m 
[K        3/3      1.47G      3.949      2.981      2.074         50        640: 92% ━━━━━━━━━━╸─ 97/106 5.7it/s 16.8s<1.6s
[36m(ClientAppActor pid=728306)[0m 
[K        2/3      1.44G      4.174      3.209      2.192         28        640: 69% ━━━━━━━━──── 125/181 6.1it/s 22.1s<9.2s[32m [repeated 7x across cluster][0m
[36m(ClientAppActor pid=728295)[0m 
[K        3/3      1.47G      3.943      2.975      2.075         37        640: 92% ━━━━━━━━━━━─ 98/106 5.5it/s 17.0s<1.4s
[36m(ClientAppActor pid=728298)[0m 
[K        3/3      1.45G      3.724      2.697      2.087         28        640: 45% ━━━━━─────── 54/119 6.4it/s 10.1s<10.1s[32m [repeated 11x across cluster][0m
[36m(ClientAppActor pid=728295)[0m 
[K        3/3      1.47G      3.953      2.981      2.075         27        640: 93% ━━━━━━━━━━━─ 99/106 5.6it/s 17.1s<1.2s
[36m(ClientAppActor pid=728295)[0m 
[K        3/3      1.47G      3.948      2.981      2.073         31        640: 94% ━━━━━━━━━━━─ 100/106 5.8it/s 17.3s<1.0s
[36m(ClientAppActor pid=728295)[0m 
[K        3/3      1.47G      3.949       2.98      2.071         43        640: 95% ━━━━━━━━━━━─ 101/106 5.8it/s 17.5s<0.9s
[36m(ClientAppActor pid=728295)[0m 
[K        3/3      1.47G      3.938       2.98      2.072         15        640: 96% ━━━━━━━━━━━╸ 102/106 6.0it/s 17.6s<0.7s
[36m(ClientAppActor pid=728294)[0m 
[K        3/3      1.45G      4.022      3.161       2.23         50        640: 29% ━━━───────── 36/124 5.2it/s 7.4s<16.8s[32m [repeated 10x across cluster][0m
[36m(ClientAppActor pid=728298)[0m 
[K        3/3      1.45G      3.724      2.707      2.086         29        640: 49% ━━━━━╸────── 58/119 6.3it/s 10.8s<9.8s[32m [repeated 8x across cluster][0m
[36m(ClientAppActor pid=728293)[0m 
[K        3/3      1.46G      3.899      3.063       2.14         36        640: 73% ━━━━━━━━╸─── 84/115 6.3it/s 15.3s<4.9s[32m [repeated 5x across cluster][0m
[36m(ClientAppActor pid=728295)[0m 
[K        3/3      1.47G      3.942      2.981      2.071         66        640: 97% ━━━━━━━━━━━╸ 103/106 6.1it/s 17.8s<0.5s
[36m(ClientAppActor pid=728295)[0m 
[K        3/3      1.47G      3.945      2.977      2.068         55        640: 98% ━━━━━━━━━━━╸ 104/106 6.2it/s 17.9s<0.3s
[36m(ClientAppActor pid=728295)[0m 
[K        3/3      1.47G      3.944      2.969      2.065         15        640: 99% ━━━━━━━━━━━╸ 105/106 7.0it/s 18.0s<0.1s
[K        3/3      1.47G      3.944      2.969      2.065         15        640: 100% ━━━━━━━━━━━━ 106/106 5.9it/s 18.0s
[K        3/3      1.47G      3.944      2.969      2.065         15        640: 100% ━━━━━━━━━━━━ 106/106 5.9it/s 18.0s
[36m(ClientAppActor pid=728295)[0m 
[K                 Class     Images  Instances      Box(P          R      mAP50  mAP50-95): 11% ━─────────── 1/9 1.3it/s 0.2s<6.3s
[36m(ClientAppActor pid=728295)[0m 
[K                 Class     Images  Instances      Box(P          R      mAP50  mAP50-95): 22% ━━╸───────── 2/9 2.0it/s 0.5s<3.6s
[36m(ClientAppActor pid=728298)[0m 
[K        3/3      1.45G      3.722      2.721      2.096         39        640: 52% ━━━━━━────── 62/119 5.5it/s 11.6s<10.4s[32m [repeated 10x across cluster][0m
[36m(ClientAppActor pid=728295)[0m 
[K                 Class     Images  Instances      Box(P          R      mAP50  mAP50-95): 33% ━━━━──────── 3/9 2.5it/s 0.8s<2.4s
[36m(ClientAppActor pid=728293)[0m 
[K        3/3      1.46G       3.91      3.057      2.136         24        640: 76% ━━━━━━━━━─── 87/115 4.7it/s 16.1s<5.9s
[36m(ClientAppActor pid=728293)[0m 
[K        3/3      1.46G      3.902      3.047      2.133         28        640: 77% ━━━━━━━━━─── 88/115 3.9it/s 16.6s<6.9s
[36m(ClientAppActor pid=728295)[0m 
[K                 Class     Images  Instances      Box(P          R      mAP50  mAP50-95): 44% ━━━━━─────── 4/9 2.7it/s 1.1s<1.8s
[36m(ClientAppActor pid=728293)[0m 
[K        3/3      1.46G      3.923      3.061      2.135         15        640: 77% ━━━━━━━━━─── 89/115 4.7it/s 16.8s<5.5s
[36m(ClientAppActor pid=728295)[0m 
[K                 Class     Images  Instances      Box(P          R      mAP50  mAP50-95): 56% ━━━━━━╸───── 5/9 2.9it/s 1.4s<1.4s
[36m(ClientAppActor pid=728294)[0m 
[K        3/3      1.45G       4.03      3.149      2.224         66        640: 33% ━━━╸──────── 41/124 6.1it/s 8.2s<13.7s[32m [repeated 7x across cluster][0m
[36m(ClientAppActor pid=728293)[0m 
[K        3/3      1.46G      3.922      3.061      2.133         42        640: 80% ━━━━━━━━━╸── 92/115 6.0it/s 17.2s<3.8s
[36m(ClientAppActor pid=728293)[0m 
[K        3/3      1.46G      3.918      3.057      2.133         23        640: 81% ━━━━━━━━━╸── 93/115 6.1it/s 17.4s<3.6s
[36m(ClientAppActor pid=728295)[0m 
[K                 Class     Images  Instances      Box(P          R      mAP50  mAP50-95): 67% ━━━━━━━━──── 6/9 3.0it/s 1.7s<1.0s
[36m(ClientAppActor pid=728293)[0m 
[K        3/3      1.46G      3.912      3.047      2.132         34        640: 82% ━━━━━━━━━╸── 94/115 6.0it/s 17.5s<3.5s
[36m(ClientAppActor pid=728298)[0m 
[K        3/3      1.45G       3.75      2.753      2.094         32        640: 57% ━━━━━━╸───── 68/119 6.1it/s 13.0s<8.3s[32m [repeated 9x across cluster][0m
[36m(ClientAppActor pid=728295)[0m 
[K                 Class     Images  Instances      Box(P          R      mAP50  mAP50-95): 78% ━━━━━━━━━─── 7/9 3.1it/s 2.0s<0.6s
[36m(ClientAppActor pid=728293)[0m 
[K        3/3      1.46G      3.918      3.051      2.137         31        640: 83% ━━━━━━━━━╸── 95/115 6.3it/s 17.7s<3.2s
[36m(ClientAppActor pid=728295)[0m 
[K                 Class     Images  Instances      Box(P          R      mAP50  mAP50-95): 89% ━━━━━━━━━━╸─ 8/9 3.2it/s 2.3s<0.3s
[36m(ClientAppActor pid=728293)[0m 
[K        3/3      1.46G      3.913      3.046      2.134         30        640: 84% ━━━━━━━━━━── 97/115 6.7it/s 18.0s<2.7s[32m [repeated 2x across cluster][0m
[36m(ClientAppActor pid=728294)[0m 
[K        3/3      1.45G      3.989       3.15      2.221         60        640: 37% ━━━━──────── 46/124 6.3it/s 9.0s<12.5s[32m [repeated 5x across cluster][0m
[36m(ClientAppActor pid=728298)[0m 
[K        3/3      1.45G      3.753      2.744      2.088         26        640: 61% ━━━━━━━───── 72/119 6.6it/s 13.6s<7.2s[32m [repeated 10x across cluster][0m
[36m(ClientAppActor pid=728295)[0m 
[K                 Class     Images  Instances      Box(P          R      mAP50  mAP50-95): 100% ━━━━━━━━━━━━ 9/9 3.5it/s 2.6s
[K                 Class     Images  Instances      Box(P          R      mAP50  mAP50-95): 100% ━━━━━━━━━━━━ 9/9 3.5it/s 2.6s
[36m(ClientAppActor pid=728295)[0m                    all         69        401      0.682      0.599      0.654      0.373
[36m(ClientAppActor pid=728295)[0m 
[36m(ClientAppActor pid=728295)[0m 3 epochs completed in 0.020 hours.
[36m(ClientAppActor pid=728295)[0m Optimizer stripped from /tmp/fl_yolo_runs_728295/train/weights/last.pt, 16.5MB
[36m(ClientAppActor pid=728293)[0m 
[K        3/3      1.46G      3.903      3.022      2.129         52        640: 89% ━━━━━━━━━━╸─ 102/115 7.0it/s 18.7s<1.9s[32m [repeated 2x across cluster][0m
[36m(ClientAppActor pid=728295)[0m Optimizer stripped from /tmp/fl_yolo_runs_728295/train/weights/best.pt, 16.5MB
[36m(ClientAppActor pid=728295)[0m 
[36m(ClientAppActor pid=728295)[0m Validating /tmp/fl_yolo_runs_728295/train/weights/best.pt...
[36m(ClientAppActor pid=728295)[0m Ultralytics 8.3.234 Python-3.10.19 torch-2.6.0+cu124 CUDA:0 (NVIDIA RTX 5000 Ada Generation, 32220MiB)
[36m(ClientAppActor pid=728295)[0m YOLOv10s summary (fused): 106 layers, 7,218,387 parameters, 0 gradients, 21.4 GFLOPs
[36m(ClientAppActor pid=728298)[0m 
[K        3/3      1.45G      3.744      2.744      2.088         60        640: 66% ━━━━━━━╸──── 78/119 7.0it/s 14.5s<5.9s[32m [repeated 10x across cluster][0m
[36m(ClientAppActor pid=728294)[0m 
[K        3/3      1.45G      3.977      3.156      2.225         40        640: 41% ━━━━╸─────── 51/124 6.2it/s 9.8s<11.8s[32m [repeated 5x across cluster][0m
[36m(ClientAppActor pid=728295)[0m 
[K                 Class     Images  Instances      Box(P          R      mAP50  mAP50-95): 11% ━─────────── 1/9 3.0it/s 0.1s<2.7s
[36m(ClientAppActor pid=728295)[0m 
[K                 Class     Images  Instances      Box(P          R      mAP50  mAP50-95): 22% ━━╸───────── 2/9 5.0it/s 0.2s<1.4s
[36m(ClientAppActor pid=728295)[0m 
[K                 Class     Images  Instances      Box(P          R      mAP50  mAP50-95): 33% ━━━━──────── 3/9 5.6it/s 0.3s<1.1s
[36m(ClientAppActor pid=728298)[0m 
[K        3/3      1.45G      3.745      2.742      2.086         29        640: 69% ━━━━━━━━──── 82/119 6.8it/s 15.1s<5.4s[32m [repeated 15x across cluster][0m
[36m(ClientAppActor pid=728293)[0m 
[K        3/3      1.46G      3.916      3.034       2.13         38        640: 94% ━━━━━━━━━━━─ 108/115 6.8it/s 19.6s<1.0s[32m [repeated 3x across cluster][0m
[36m(ClientAppActor pid=728295)[0m 
[K                 Class     Images  Instances      Box(P          R      mAP50  mAP50-95): 44% ━━━━━─────── 4/9 6.1it/s 0.5s<0.8s
[36m(ClientAppActor pid=728294)[0m 
[K        3/3      1.45G      3.984      3.128      2.219         48        640: 45% ━━━━━─────── 56/124 6.3it/s 10.6s<10.9s[32m [repeated 5x across cluster][0m
[36m(ClientAppActor pid=728295)[0m 
[K                 Class     Images  Instances      Box(P          R      mAP50  mAP50-95): 56% ━━━━━━╸───── 5/9 6.3it/s 0.6s<0.6s
[36m(ClientAppActor pid=728295)[0m 
[K                 Class     Images  Instances      Box(P          R      mAP50  mAP50-95): 67% ━━━━━━━━──── 6/9 6.5it/s 0.8s<0.5s
[36m(ClientAppActor pid=728295)[0m 
[K                 Class     Images  Instances      Box(P          R      mAP50  mAP50-95): 78% ━━━━━━━━━─── 7/9 6.7it/s 0.9s<0.3s
[36m(ClientAppActor pid=728293)[0m 
[K        3/3      1.46G      3.924      3.032      2.128         12        640: 97% ━━━━━━━━━━━╸ 112/115 6.4it/s 20.2s<0.5s[32m [repeated 2x across cluster][0m
[36m(ClientAppActor pid=728295)[0m 
[K                 Class     Images  Instances      Box(P          R      mAP50  mAP50-95): 89% ━━━━━━━━━━╸─ 8/9 7.0it/s 1.0s<0.1s
[K                 Class     Images  Instances      Box(P          R      mAP50  mAP50-95): 100% ━━━━━━━━━━━━ 9/9 8.2it/s 1.1s
[K                 Class     Images  Instances      Box(P          R      mAP50  mAP50-95): 100% ━━━━━━━━━━━━ 9/9 8.2it/s 1.1s
[36m(ClientAppActor pid=728295)[0m                    all         69        401      0.682      0.599      0.654      0.373
[36m(ClientAppActor pid=728295)[0m Speed: 0.4ms preprocess, 1.2ms inference, 0.0ms loss, 1.8ms postprocess per image
[36m(ClientAppActor pid=728294)[0m 
[K        3/3      1.45G      3.973      3.117      2.217         48        640: 49% ━━━━━╸────── 61/124 5.3it/s 12.1s<11.8s[32m [repeated 6x across cluster][0m
[36m(ClientAppActor pid=728298)[0m 
[K        3/3      1.45G      3.747      2.735      2.081         47        640: 73% ━━━━━━━━╸─── 87/119 6.9it/s 15.8s<4.6s[32m [repeated 14x across cluster][0m
[36m(ClientAppActor pid=728295)[0m [Client 4] Training complete:
[36m(ClientAppActor pid=728295)[0m   mAP50: 0.6535, mAP50-95: 0.3730
[36m(ClientAppActor pid=728295)[0m   Precision: 0.6824, Recall: 0.5985
[36m(ClientAppActor pid=728295)[0m   BN Stats: μ=0.0000, σ=0.0000
[36m(ClientAppActor pid=728293)[0m 
[K        3/3      1.46G      3.926      3.037      2.131         11        640: 99% ━━━━━━━━━━━╸ 114/115 6.7it/s 20.5s<0.1s
[K        3/3      1.46G      3.926      3.037      2.131         11        640: 100% ━━━━━━━━━━━━ 115/115 5.6it/s 20.5s
[K        3/3      1.46G      3.926      3.037      2.131         11        640: 100% ━━━━━━━━━━━━ 115/115 5.6it/s 20.5s
[36m(ClientAppActor pid=728293)[0m 
[K                 Class     Images  Instances      Box(P          R      mAP50  mAP50-95): 10% ━─────────── 1/10 1.4it/s 0.2s<6.6s
[36m(ClientAppActor pid=728293)[0m 
[K                 Class     Images  Instances      Box(P          R      mAP50  mAP50-95): 20% ━━────────── 2/10 2.3it/s 0.4s<3.5s
[36m(ClientAppActor pid=728293)[0m 
[K                 Class     Images  Instances      Box(P          R      mAP50  mAP50-95): 30% ━━━╸──────── 3/10 3.0it/s 0.7s<2.3s
[36m(ClientAppActor pid=728294)[0m 
[K        3/3      1.45G      3.968      3.117      2.208         35        640: 54% ━━━━━━────── 67/124 6.6it/s 12.9s<8.7s[32m [repeated 8x across cluster][0m
[36m(ClientAppActor pid=728293)[0m 
[K                 Class     Images  Instances      Box(P          R      mAP50  mAP50-95): 40% ━━━━╸─────── 4/10 3.2it/s 0.9s<1.9s
[36m(ClientAppActor pid=728293)[0m 
[K                 Class     Images  Instances      Box(P          R      mAP50  mAP50-95): 50% ━━━━━━────── 5/10 3.4it/s 1.2s<1.5s
[36m(ClientAppActor pid=728298)[0m 
[K        3/3      1.45G      3.754      2.746      2.086         25        640: 77% ━━━━━━━━━─── 92/119 4.8it/s 17.0s<5.6s[32m [repeated 19x across cluster][0m
[36m(ClientAppActor pid=728293)[0m 
[K                 Class     Images  Instances      Box(P          R      mAP50  mAP50-95): 60% ━━━━━━━───── 6/10 3.6it/s 1.4s<1.1s
[36m(ClientAppActor pid=728298)[0m 
[K        3/3      1.45G      3.745      2.742      2.091         20        640: 82% ━━━━━━━━━╸── 97/119 7.4it/s 17.8s<3.0s[32m [repeated 14x across cluster][0m
[36m(ClientAppActor pid=728293)[0m 
[K                 Class     Images  Instances      Box(P          R      mAP50  mAP50-95): 80% ━━━━━━━━━╸── 8/10 3.9it/s 1.9s<0.5s
[36m(ClientAppActor pid=728293)[0m 
[K                 Class     Images  Instances      Box(P          R      mAP50  mAP50-95): 70% ━━━━━━━━──── 7/10 3.7it/s 1.7s<0.8s
[36m(ClientAppActor pid=728294)[0m 
[K        3/3      1.45G      3.965      3.126      2.208         52        640: 58% ━━━━━━╸───── 72/124 7.0it/s 13.7s<7.4s[32m [repeated 6x across cluster][0m
[36m(ClientAppActor pid=728293)[0m 
[K                 Class     Images  Instances      Box(P          R      mAP50  mAP50-95): 90% ━━━━━━━━━━╸─ 9/10 4.0it/s 2.2s<0.2s
[36m(ClientAppActor pid=728298)[0m 
[K        3/3      1.45G      3.749      2.743       2.09         80        640: 87% ━━━━━━━━━━── 103/119 8.1it/s 18.5s<2.0s[32m [repeated 21x across cluster][0m
[36m(ClientAppActor pid=728293)[0m 
[36m(ClientAppActor pid=728294)[0m 
[K        3/3      1.45G      3.968      3.126      2.208         27        640: 62% ━━━━━━━───── 77/124 7.0it/s 14.4s<6.7s[32m [repeated 7x across cluster][0m
[36m(ClientAppActor pid=728293)[0m 
[36m(ClientAppActor pid=728293)[0m 
[K                 Class     Images  Instances      Box(P          R      mAP50  mAP50-95): 100% ━━━━━━━━━━━━ 10/10 4.2it/s 2.4s
[K                 Class     Images  Instances      Box(P          R      mAP50  mAP50-95): 100% ━━━━━━━━━━━━ 10/10 4.2it/s 2.4s
[36m(ClientAppActor pid=728293)[0m                    all         80        576      0.746      0.535       0.65      0.342
[36m(ClientAppActor pid=728293)[0m 3 epochs completed in 0.022 hours.
[36m(ClientAppActor pid=728293)[0m Optimizer stripped from /tmp/fl_yolo_runs_728293/train/weights/best.pt, 16.5MB[32m [repeated 2x across cluster][0m
[36m(ClientAppActor pid=728306)[0m 
[K        2/3      1.44G      4.136      3.163      2.181         56        640: 99% ━━━━━━━━━━━╸ 180/181 8.4it/s 31.4s<0.1s
[K        2/3      1.44G      4.136      3.163      2.181         56        640: 100% ━━━━━━━━━━━━ 181/181 5.8it/s 31.4s
[K        2/3      1.44G      4.136      3.163      2.181         56        640: 100% ━━━━━━━━━━━━ 181/181 5.8it/s 31.4s
[36m(ClientAppActor pid=728292)[0m 
[K        3/3      1.59G      3.514      2.567      2.188          3        640: 100% ━━━━━━━━━━━━ 120/120 5.8it/s 20.9s
[K        3/3      1.59G      3.514      2.567      2.188          3        640: 100% ━━━━━━━━━━━━ 120/120 5.8it/s 20.9s
[36m(ClientAppActor pid=728306)[0m 
[K                 Class     Images  Instances      Box(P          R      mAP50  mAP50-95): 6% ╸─────────── 1/17 1.7it/s 0.2s<9.6s
[36m(ClientAppActor pid=728298)[0m 
[K        3/3      1.45G      3.738      2.732      2.086         48        640: 92% ━━━━━━━━━━╸─ 109/119 8.7it/s 19.2s<1.2s[32m [repeated 19x across cluster][0m
[36m(ClientAppActor pid=728293)[0m Validating /tmp/fl_yolo_runs_728293/train/weights/best.pt...
[36m(ClientAppActor pid=728293)[0m Ultralytics 8.3.234 Python-3.10.19 torch-2.6.0+cu124 CUDA:0 (NVIDIA RTX 5000 Ada Generation, 32220MiB)
[36m(ClientAppActor pid=728293)[0m 
[K                 Class     Images  Instances      Box(P          R      mAP50  mAP50-95): 20% ━━────────── 2/10 4.3it/s 0.1s<1.9s
[36m(ClientAppActor pid=728293)[0m YOLOv10s summary (fused): 106 layers, 7,218,387 parameters, 0 gradients, 21.4 GFLOPs
[36m(ClientAppActor pid=728293)[0m 
[K                 Class     Images  Instances      Box(P          R      mAP50  mAP50-95): 40% ━━━━╸─────── 4/10 6.9it/s 0.3s<0.9s
[36m(ClientAppActor pid=728292)[0m 
[K                 Class     Images  Instances      Box(P          R      mAP50  mAP50-95): 13% ━╸────────── 2/15 3.1it/s 0.3s<4.2s
[36m(ClientAppActor pid=728306)[0m 
[K                 Class     Images  Instances      Box(P          R      mAP50  mAP50-95): 12% ━─────────── 2/17 3.1it/s 0.3s<4.9s
[36m(ClientAppActor pid=728293)[0m 
[K                 Class     Images  Instances      Box(P          R      mAP50  mAP50-95): 60% ━━━━━━━───── 6/10 9.3it/s 0.4s<0.4s
[36m(ClientAppActor pid=728294)[0m 
[K        3/3      1.45G      3.969      3.113       2.21         45        640: 66% ━━━━━━━╸──── 82/124 6.9it/s 15.1s<6.1s[32m [repeated 6x across cluster][0m
[36m(ClientAppActor pid=728293)[0m 
[K                 Class     Images  Instances      Box(P          R      mAP50  mAP50-95): 80% ━━━━━━━━━╸── 8/10 10.2it/s 0.6s<0.2s
[36m(ClientAppActor pid=728292)[0m 
[K                 Class     Images  Instances      Box(P          R      mAP50  mAP50-95): 27% ━━━───────── 4/15 4.9it/s 0.6s<2.3s
[36m(ClientAppActor pid=728306)[0m 
[K                 Class     Images  Instances      Box(P          R      mAP50  mAP50-95): 24% ━━╸───────── 4/17 4.8it/s 0.7s<2.7s
[36m(ClientAppActor pid=728293)[0m 
[K                 Class     Images  Instances      Box(P          R      mAP50  mAP50-95): 100% ━━━━━━━━━━━━ 10/10 14.1it/s 0.7s
[K                 Class     Images  Instances      Box(P          R      mAP50  mAP50-95): 100% ━━━━━━━━━━━━ 10/10 14.1it/s 0.7s
[36m(ClientAppActor pid=728293)[0m                    all         80        576      0.747      0.537       0.65      0.342
[36m(ClientAppActor pid=728292)[0m 
[K                 Class     Images  Instances      Box(P          R      mAP50  mAP50-95): 33% ━━━━──────── 5/15 5.4it/s 0.8s<1.9s
[36m(ClientAppActor pid=728293)[0m   mAP50: 0.6499, mAP50-95: 0.3423
[36m(ClientAppActor pid=728294)[0m 
[K        3/3      1.45G      3.987       3.14      2.217         44        640: 70% ━━━━━━━━──── 87/124 6.1it/s 16.0s<6.0s[32m [repeated 7x across cluster][0m
[36m(ClientAppActor pid=728292)[0m 
[K                 Class     Images  Instances      Box(P          R      mAP50  mAP50-95): 47% ━━━━━╸────── 7/15 6.8it/s 1.0s<1.2s
[36m(ClientAppActor pid=728294)[0m 
[K        3/3      1.45G      3.964      3.075      2.205         46        640: 93% ━━━━━━━━━━━─ 115/124 10.8it/s 19.6s<0.8s[32m [repeated 20x across cluster][0m
[36m(ClientAppActor pid=728292)[0m 
[K                 Class     Images  Instances      Box(P          R      mAP50  mAP50-95): 67% ━━━━━━━━──── 10/15 8.2it/s 1.3s<0.6s
[36m(ClientAppActor pid=728292)[0m 
[K                 Class     Images  Instances      Box(P          R      mAP50  mAP50-95): 73% ━━━━━━━━╸─── 11/15 8.5it/s 1.4s<0.5s
[36m(ClientAppActor pid=728298)[0m 
[K                 Class     Images  Instances      Box(P          R      mAP50  mAP50-95): 55% ━━━━━━╸───── 6/11 8.1it/s 0.6s<0.6s
[36m(ClientAppActor pid=728298)[0m 
[K                 Class     Images  Instances      Box(P          R      mAP50  mAP50-95): 64% ━━━━━━━╸──── 7/11 8.3it/s 0.7s<0.5s
[36m(ClientAppActor pid=728292)[0m 
[K                 Class     Images  Instances      Box(P          R      mAP50  mAP50-95): 87% ━━━━━━━━━━── 13/15 9.2it/s 1.6s<0.2s
[36m(ClientAppActor pid=728294)[0m 
[K        3/3      1.45G      3.961      3.071      2.203         60        640: 98% ━━━━━━━━━━━╸ 121/124 11.9it/s 20.1s<0.3s[32m [repeated 13x across cluster][0m
[36m(ClientAppActor pid=728293)[0m Speed: 0.3ms preprocess, 1.0ms inference, 0.0ms loss, 1.0ms postprocess per image
[36m(ClientAppActor pid=728294)[0m 
[K        3/3      1.45G      3.976      3.125      2.226         43        640: 74% ━━━━━━━━╸─── 92/124 6.5it/s 17.2s<5.0s[32m [repeated 7x across cluster][0m
[36m(ClientAppActor pid=728306)[0m 
[K                 Class     Images  Instances      Box(P          R      mAP50  mAP50-95): 94% ━━━━━━━━━━━─ 16/17 10.3it/s 1.9s<0.1s
[K                 Class     Images  Instances      Box(P          R      mAP50  mAP50-95): 100% ━━━━━━━━━━━━ 17/17 8.7it/s 1.9s
[K                 Class     Images  Instances      Box(P          R      mAP50  mAP50-95): 100% ━━━━━━━━━━━━ 17/17 8.7it/s 1.9s
[36m(ClientAppActor pid=728306)[0m 
[36m(ClientAppActor pid=728306)[0m       Epoch    GPU_mem   box_loss   cls_loss   dfl_loss  Instances       Size
[36m(ClientAppActor pid=728293)[0m [Client 6] Training complete:
[36m(ClientAppActor pid=728293)[0m   Precision: 0.7465, Recall: 0.5369
[36m(ClientAppActor pid=728293)[0m   BN Stats: μ=0.0000, σ=0.0000
[36m(ClientAppActor pid=728292)[0m 
[36m(ClientAppActor pid=728292)[0m 3 epochs completed in 0.023 hours.
[36m(ClientAppActor pid=728306)[0m 
[K        3/3      1.44G      4.335      2.904      2.168         53        640: 1% ──────────── 1/181 1.2s/it 0.3s<3:28
[36m(ClientAppActor pid=728298)[0m 
[36m(ClientAppActor pid=728294)[0m 
[K                 Class     Images  Instances      Box(P          R      mAP50  mAP50-95): 18% ━━────────── 2/11 3.5it/s 0.2s<2.6s[32m [repeated 4x across cluster][0m
[36m(ClientAppActor pid=728306)[0m 
[K        3/3      1.44G      4.414      2.901      2.221         46        640: 1% ──────────── 2/181 1.3it/s 0.8s<2:16
[36m(ClientAppActor pid=728306)[0m 
[K                 Class     Images  Instances      Box(P          R      mAP50  mAP50-95): 29% ━━━╸──────── 5/17 5.3it/s 0.8s<2.3s
[36m(ClientAppActor pid=728294)[0m 
[K                 Class     Images  Instances      Box(P          R      mAP50  mAP50-95): 91% ━━━━━━━━━━╸─ 10/11 6.2it/s 1.2s<0.2s
[36m(ClientAppActor pid=728306)[0m 
[K                 Class     Images  Instances      Box(P          R      mAP50  mAP50-95): 41% ━━━━╸─────── 7/17 7.2it/s 1.0s<1.4s
[36m(ClientAppActor pid=728306)[0m 
[K        3/3      1.44G      4.207      2.761       2.19         42        640: 2% ──────────── 3/181 1.8it/s 1.1s<1:39
[36m(ClientAppActor pid=728306)[0m 
[K        3/3      1.44G      4.158      2.696      2.152         41        640: 3% ──────────── 5/181 6.9it/s 1.2s<25.6s
[36m(ClientAppActor pid=728306)[0m 
[K                 Class     Images  Instances      Box(P          R      mAP50  mAP50-95): 53% ━━━━━━────── 9/17 8.0it/s 1.2s<1.0s[32m [repeated 2x across cluster][0m
[36m(ClientAppActor pid=728294)[0m 
[K        3/3      1.45G      3.972      3.105       2.22         99        640: 79% ━━━━━━━━━─── 98/124 8.2it/s 17.9s<3.2s[32m [repeated 8x across cluster][0m
[36m(ClientAppActor pid=728298)[0m 
[36m(ClientAppActor pid=728298)[0m Validating /tmp/fl_yolo_runs_728298/train/weights/best.pt...
[36m(ClientAppActor pid=728298)[0m Ultralytics 8.3.234 Python-3.10.19 torch-2.6.0+cu124 CUDA:0 (NVIDIA RTX 5000 Ada Generation, 32220MiB)
[36m(ClientAppActor pid=728292)[0m 
[36m(ClientAppActor pid=728298)[0m YOLOv10s summary (fused): 106 layers, 7,218,387 parameters, 0 gradients, 21.4 GFLOPs
[36m(ClientAppActor pid=728306)[0m 
[K        3/3      1.44G      4.116      2.694      2.135         55        640: 4% ╸─────────── 8/181 11.0it/s 1.4s<15.8s
[36m(ClientAppActor pid=728294)[0m 
[36m(ClientAppActor pid=728306)[0m 
[K        3/3      1.44G       4.09      2.793      2.132         41        640: 6% ╸─────────── 10/181 12.3it/s 1.5s<13.9s
[36m(ClientAppActor pid=728306)[0m 
[K                 Class     Images  Instances      Box(P          R      mAP50  mAP50-95): 59% ━━━━━━━───── 10/17 8.4it/s 1.3s<0.8s
[36m(ClientAppActor pid=728294)[0m 
[36m(ClientAppActor pid=728292)[0m 
[K                 Class     Images  Instances      Box(P          R      mAP50  mAP50-95): 40% ━━━━╸─────── 6/15 13.9it/s 0.2s<0.6s
[36m(ClientAppActor pid=728306)[0m 
[K        3/3      1.44G       4.15      2.884      2.129         92        640: 7% ╸─────────── 12/181 12.6it/s 1.6s<13.4s
[36m(ClientAppActor pid=728292)[0m 
[K                 Class     Images  Instances      Box(P          R      mAP50  mAP50-95): 60% ━━━━━━━───── 9/15 17.6it/s 0.3s<0.3s
[36m(ClientAppActor pid=728294)[0m 
[K        3/3      1.45G      3.969      3.098      2.218         79        640: 83% ━━━━━━━━━╸── 103/124 8.7it/s 18.5s<2.4s[32m [repeated 7x across cluster][0m
[36m(ClientAppActor pid=728306)[0m 
[K        3/3      1.44G      4.102      2.866      2.113         44        640: 8% ╸─────────── 14/181 13.0it/s 1.8s<12.8s
[36m(ClientAppActor pid=728298)[0m Speed: 0.1ms preprocess, 0.7ms inference, 0.0ms loss, 0.4ms postprocess per image
[36m(ClientAppActor pid=728292)[0m 
[K                 Class     Images  Instances      Box(P          R      mAP50  mAP50-95): 80% ━━━━━━━━━╸── 12/15 21.0it/s 0.4s<0.1s[32m [repeated 4x across cluster][0m
[36m(ClientAppActor pid=728306)[0m 
[K        3/3      1.44G      4.106      2.833      2.115         39        640: 9% ━─────────── 16/181 13.4it/s 1.9s<12.3s
[36m(ClientAppActor pid=728298)[0m [Client 0] Training complete:
[36m(ClientAppActor pid=728298)[0m   mAP50: 0.4988, mAP50-95: 0.2651
[36m(ClientAppActor pid=728298)[0m   Precision: 0.5620, Recall: 0.4416
[36m(ClientAppActor pid=728298)[0m   BN Stats: μ=0.0000, σ=0.0000
[36m(ClientAppActor pid=728298)[0m [Client 0] Applying SignFlippingAttack attack...
[36m(ClientAppActor pid=728306)[0m 
[K        3/3      1.44G      4.059      2.842      2.093         50        640: 10% ━─────────── 18/181 14.0it/s 2.1s<11.6s
[36m(ClientAppActor pid=728298)[0m [Client 0] Attack applied
[36m(ClientAppActor pid=728292)[0m   mAP50: 0.5423, mAP50-95: 0.2693
[36m(ClientAppActor pid=728306)[0m 
[K        3/3      1.44G       4.02      2.863      2.107         66        640: 11% ━─────────── 20/181 15.3it/s 2.2s<10.5s
[36m(ClientAppActor pid=728306)[0m 
[K        3/3      1.44G       4.05      2.905      2.088         22        640: 13% ━╸────────── 23/181 16.2it/s 2.3s<9.8s
[36m(ClientAppActor pid=728294)[0m   mAP50: 0.4566, mAP50-95: 0.2170
[36m(ClientAppActor pid=728306)[0m 
[K        3/3      1.44G      4.052      2.926      2.105         50        640: 14% ━╸────────── 26/181 18.7it/s 2.4s<8.3s
[36m(ClientAppActor pid=728306)[0m 
[K        3/3      1.44G      4.084      2.939      2.101         47        640: 16% ━╸────────── 29/181 21.0it/s 2.6s<7.2s
[36m(ClientAppActor pid=728294)[0m 
[K        3/3      1.45G      3.961      3.088      2.213         54        640: 87% ━━━━━━━━━━── 108/124 9.6it/s 19.0s<1.7s[32m [repeated 5x across cluster][0m
[36m(ClientAppActor pid=728306)[0m 
[K        3/3      1.44G      4.098      2.938      2.107         66        640: 18% ━━────────── 32/181 22.6it/s 2.7s<6.6s
[36m(ClientAppActor pid=728306)[0m 
[K        3/3      1.44G      4.106      2.935      2.107         30        640: 19% ━━────────── 35/181 23.0it/s 2.8s<6.4s
[36m(ClientAppActor pid=728306)[0m 
[K        3/3      1.44G      4.102      2.936      2.131         48        640: 21% ━━╸───────── 38/181 24.0it/s 2.9s<6.0s
[36m(ClientAppActor pid=728306)[0m 
[K        3/3      1.44G      4.143      2.987       2.14         34        640: 23% ━━╸───────── 41/181 24.7it/s 3.0s<5.7s
[36m(ClientAppActor pid=728294)[0m Optimizer stripped from /tmp/fl_yolo_runs_728294/train/weights/best.pt, 16.5MB[32m [repeated 6x across cluster][0m
[36m(ClientAppActor pid=728294)[0m 
[K        3/3      1.45G      3.958      3.065      2.202         63        640: 99% ━━━━━━━━━━━╸ 123/124 12.3it/s 20.3s<0.1s
[K        3/3      1.45G      3.958      3.065      2.202         63        640: 100% ━━━━━━━━━━━━ 124/124 6.1it/s 20.3s
[K        3/3      1.45G      3.958      3.065      2.202         63        640: 100% ━━━━━━━━━━━━ 124/124 6.1it/s 20.3s[32m [repeated 2x across cluster][0m
[36m(ClientAppActor pid=728306)[0m 
[K        3/3      1.44G      4.146      2.987      2.142         79        640: 24% ━━╸───────── 44/181 25.2it/s 3.1s<5.4s
[36m(ClientAppActor pid=728306)[0m 
[K        3/3      1.44G      4.142      2.971      2.151         64        640: 26% ━━━───────── 47/181 24.6it/s 3.3s<5.5s
[36m(ClientAppActor pid=728292)[0m 
[K                 Class     Images  Instances      Box(P          R      mAP50  mAP50-95): 7% ╸─────────── 1/15 1.9it/s 0.2s<7.2s
[36m(ClientAppActor pid=728294)[0m 
[K        3/3      1.45G       3.96      3.078      2.206         46        640: 91% ━━━━━━━━━━╸─ 113/124 10.0it/s 19.5s<1.1s[32m [repeated 3x across cluster][0m
[36m(ClientAppActor pid=728306)[0m 
[K        3/3      1.44G      4.154      2.989      2.156         35        640: 28% ━━━───────── 50/181 25.0it/s 3.4s<5.2s
[36m(ClientAppActor pid=728298)[0m 
[K                 Class     Images  Instances      Box(P          R      mAP50  mAP50-95): 9% ━─────────── 1/11 2.9it/s 0.1s<3.5s
[36m(ClientAppActor pid=728306)[0m 
[K        3/3      1.44G      4.153      2.997      2.147         40        640: 29% ━━━╸──────── 53/181 25.4it/s 3.5s<5.0s
[36m(ClientAppActor pid=728306)[0m 
[K        3/3      1.44G       4.15      3.001      2.148         44        640: 31% ━━━╸──────── 56/181 25.7it/s 3.6s<4.9s
[36m(ClientAppActor pid=728306)[0m 
[K        3/3      1.44G       4.13      2.972      2.148         50        640: 33% ━━━╸──────── 59/181 25.8it/s 3.7s<4.7s
[36m(ClientAppActor pid=728294)[0m 
[K                 Class     Images  Instances      Box(P          R      mAP50  mAP50-95): 27% ━━━───────── 3/11 7.9it/s 0.1s<1.0s[32m [repeated 2x across cluster][0m
[36m(ClientAppActor pid=728306)[0m 
[K        3/3      1.44G      4.139      2.998      2.142         31        640: 34% ━━━━──────── 62/181 25.3it/s 3.9s<4.7s
[36m(ClientAppActor pid=728294)[0m 
[K                 Class     Images  Instances      Box(P          R      mAP50  mAP50-95): 100% ━━━━━━━━━━━━ 11/11 34.9it/s 0.3s
[K                 Class     Images  Instances      Box(P          R      mAP50  mAP50-95): 100% ━━━━━━━━━━━━ 11/11 34.9it/s 0.3s[32m [repeated 6x across cluster][0m
[36m(ClientAppActor pid=728294)[0m                    all         82        651      0.581      0.401      0.457      0.217[32m [repeated 7x across cluster][0m
[36m(ClientAppActor pid=728306)[0m 
[K        3/3      1.44G      4.124      2.985      2.153         32        640: 36% ━━━━──────── 65/181 25.6it/s 4.0s<4.5s
[36m(ClientAppActor pid=728298)[0m 
[K                 Class     Images  Instances      Box(P          R      mAP50  mAP50-95): 36% ━━━━──────── 4/11 9.0it/s 0.1s<0.8s[32m [repeated 4x across cluster][0m
[36m(ClientAppActor pid=728306)[0m 
[K        3/3      1.44G      4.119      2.969      2.156         54        640: 38% ━━━━╸─────── 68/181 25.9it/s 4.1s<4.4s
[36m(ClientAppActor pid=728306)[0m 
[K        3/3      1.44G      4.102      2.963      2.148         21        640: 39% ━━━━╸─────── 71/181 26.0it/s 4.2s<4.2s
[36m(ClientAppActor pid=728294)[0m 
[K        3/3      1.45G      3.964      3.074      2.202         54        640: 94% ━━━━━━━━━━━─ 117/124 10.9it/s 19.8s<0.6s
[36m(ClientAppActor pid=728306)[0m 
[K        3/3      1.44G      4.099      2.959      2.152         56        640: 41% ━━━━╸─────── 74/181 25.4it/s 4.3s<4.2s
[36m(ClientAppActor pid=728306)[0m 
[K        3/3      1.44G      4.092      2.952       2.15         80        640: 43% ━━━━━─────── 77/181 25.7it/s 4.4s<4.0s
[36m(ClientAppActor pid=728306)[0m 
[K                 Class     Images  Instances      Box(P          R      mAP50  mAP50-95): 71% ━━━━━━━━──── 12/17 8.9it/s 1.5s<0.6s
[36m(ClientAppActor pid=728306)[0m 
[K        3/3      1.44G      4.101      2.947      2.151         54        640: 44% ━━━━━─────── 80/181 25.8it/s 4.6s<3.9s
[36m(ClientAppActor pid=728294)[0m 
[K                 Class     Images  Instances      Box(P          R      mAP50  mAP50-95): 73% ━━━━━━━━╸─── 8/11 8.3it/s 0.7s<0.4s
[36m(ClientAppActor pid=728306)[0m 
[K        3/3      1.44G      4.104       2.95      2.154         38        640: 46% ━━━━━╸────── 83/181 25.8it/s 4.7s<3.8s
[36m(ClientAppActor pid=728294)[0m 
[K                 Class     Images  Instances      Box(P          R      mAP50  mAP50-95): 64% ━━━━━━━╸──── 7/11 16.4it/s 0.2s<0.2s[32m [repeated 3x across cluster][0m
[36m(ClientAppActor pid=728306)[0m 
[K        3/3      1.44G      4.084      2.936      2.156         44        640: 48% ━━━━━╸────── 86/181 25.1it/s 4.8s<3.8s
[36m(ClientAppActor pid=728306)[0m 
[K        3/3      1.44G      4.086      2.945      2.158         32        640: 49% ━━━━━╸────── 89/181 25.6it/s 4.9s<3.6s
[36m(ClientAppActor pid=728306)[0m 
[K        3/3      1.44G      4.072      2.934      2.156         36        640: 51% ━━━━━━────── 92/181 25.8it/s 5.0s<3.4s
[36m(ClientAppActor pid=728306)[0m 
[K        3/3      1.44G      4.063      2.927      2.155         27        640: 52% ━━━━━━────── 95/181 25.9it/s 5.1s<3.3s
[36m(ClientAppActor pid=728306)[0m 
[K        3/3      1.44G      4.054       2.92      2.155         58        640: 54% ━━━━━━────── 98/181 25.8it/s 5.3s<3.2s
[36m(ClientAppActor pid=728294)[0m 3 epochs completed in 0.022 hours.[32m [repeated 2x across cluster][0m
[36m(ClientAppActor pid=728306)[0m 
[K        3/3      1.44G      4.048      2.916       2.16         63        640: 56% ━━━━━━╸───── 101/181 25.2it/s 5.4s<3.2s
[36m(ClientAppActor pid=728306)[0m 
[K        3/3      1.44G      4.037      2.903      2.158         58        640: 57% ━━━━━━╸───── 104/181 25.6it/s 5.5s<3.0s
[36m(ClientAppActor pid=728306)[0m 
[K        3/3      1.44G      4.029      2.895      2.155         41        640: 59% ━━━━━━━───── 107/181 24.8it/s 5.6s<3.0s
[36m(ClientAppActor pid=728306)[0m 
[K        3/3      1.44G      4.026      2.899      2.155         67        640: 61% ━━━━━━━───── 110/181 24.2it/s 5.8s<2.9s
[36m(ClientAppActor pid=728292)[0m 
[K                 Class     Images  Instances      Box(P          R      mAP50  mAP50-95): 20% ━━────────── 3/15 7.6it/s 0.1s<1.6s
[36m(ClientAppActor pid=728306)[0m 
[K        3/3      1.44G      4.027      2.914      2.155         16        640: 62% ━━━━━━━───── 113/181 23.8it/s 5.9s<2.9s
[36m(ClientAppActor pid=728298)[0m 
[K                 Class     Images  Instances      Box(P          R      mAP50  mAP50-95): 91% ━━━━━━━━━━╸─ 10/11 17.8it/s 0.4s<0.1s
[36m(ClientAppActor pid=728306)[0m 
[K        3/3      1.44G      4.035      2.917      2.154         76        640: 64% ━━━━━━━╸──── 115/181 22.4it/s 6.0s<2.9s
[36m(ClientAppActor pid=728306)[0m 
[K        3/3      1.44G      4.035      2.911      2.156         69        640: 65% ━━━━━━━╸──── 118/181 22.5it/s 6.1s<2.8s
[36m(ClientAppActor pid=728306)[0m 
[K        3/3      1.44G      4.029        2.9      2.154         51        640: 67% ━━━━━━━━──── 121/181 22.5it/s 6.3s<2.7s
[36m(ClientAppActor pid=728294)[0m Validating /tmp/fl_yolo_runs_728294/train/weights/best.pt...[32m [repeated 2x across cluster][0m
[36m(ClientAppActor pid=728294)[0m Ultralytics 8.3.234 Python-3.10.19 torch-2.6.0+cu124 CUDA:0 (NVIDIA RTX 5000 Ada Generation, 32220MiB)[32m [repeated 2x across cluster][0m
[36m(ClientAppActor pid=728294)[0m YOLOv10s summary (fused): 106 layers, 7,218,387 parameters, 0 gradients, 21.4 GFLOPs[32m [repeated 2x across cluster][0m
[36m(ClientAppActor pid=728306)[0m 
[K        3/3      1.44G      4.026      2.895      2.157         61        640: 69% ━━━━━━━━──── 124/181 22.6it/s 6.4s<2.5s
[36m(ClientAppActor pid=728306)[0m 
[K        3/3      1.44G      4.023      2.894      2.155         33        640: 70% ━━━━━━━━──── 127/181 22.7it/s 6.5s<2.4s
[36m(ClientAppActor pid=728306)[0m 
[K        3/3      1.44G      4.027      2.888      2.153         60        640: 71% ━━━━━━━━╸─── 129/181 21.7it/s 6.6s<2.4s
[36m(ClientAppActor pid=728306)[0m 
[K        3/3      1.44G      4.034      2.883      2.149         59        640: 73% ━━━━━━━━╸─── 132/181 21.9it/s 6.8s<2.2s
[36m(ClientAppActor pid=728306)[0m 
[K        3/3      1.44G      4.028      2.889      2.151         31        640: 75% ━━━━━━━━╸─── 135/181 22.2it/s 6.9s<2.1s
[36m(ClientAppActor pid=728294)[0m Speed: 0.1ms preprocess, 0.8ms inference, 0.0ms loss, 0.3ms postprocess per image[32m [repeated 2x across cluster][0m
[36m(ClientAppActor pid=728306)[0m 
[K        3/3      1.44G      4.026      2.887       2.15         49        640: 76% ━━━━━━━━━─── 138/181 22.3it/s 7.0s<1.9s
[36m(ClientAppActor pid=728294)[0m [Client 1] Training complete:[32m [repeated 2x across cluster][0m
[36m(ClientAppActor pid=728294)[0m   Precision: 0.5812, Recall: 0.4009[32m [repeated 2x across cluster][0m
[36m(ClientAppActor pid=728294)[0m   BN Stats: μ=0.0000, σ=0.0000[32m [repeated 2x across cluster][0m
[36m(ClientAppActor pid=728294)[0m [Client 1] Applying SignFlippingAttack attack...
[36m(ClientAppActor pid=728306)[0m 
[K        3/3      1.44G      4.025      2.881      2.151         96        640: 78% ━━━━━━━━━─── 141/181 22.4it/s 7.2s<1.8s
[36m(ClientAppActor pid=728294)[0m [Client 1] Attack applied
[36m(ClientAppActor pid=728306)[0m 
[K        3/3      1.44G      4.023      2.877       2.15         51        640: 80% ━━━━━━━━━╸── 144/181 21.8it/s 7.3s<1.7s
[36m(ClientAppActor pid=728306)[0m 
[K        3/3      1.44G      4.029      2.881      2.149         63        640: 81% ━━━━━━━━━╸── 147/181 23.0it/s 7.4s<1.5s
[36m(ClientAppActor pid=728306)[0m 
[K        3/3      1.44G      4.029      2.888      2.147         55        640: 83% ━━━━━━━━━╸── 150/181 24.1it/s 7.5s<1.3s
[36m(ClientAppActor pid=728306)[0m 
[K        3/3      1.44G      4.031      2.895      2.144         49        640: 85% ━━━━━━━━━━── 153/181 24.6it/s 7.6s<1.1s
[36m(ClientAppActor pid=728306)[0m 
[K        3/3      1.44G      4.021      2.886      2.143         31        640: 86% ━━━━━━━━━━── 156/181 25.0it/s 7.8s<1.0s
[36m(ClientAppActor pid=728306)[0m 
[K        3/3      1.49G      4.023       2.89      2.145         20        640: 93% ━━━━━━━━━━━─ 168/181 25.7it/s 8.2s<0.5s
[36m(ClientAppActor pid=728306)[0m 
[K        3/3      1.49G      4.036      2.899      2.144         54        640: 94% ━━━━━━━━━━━─ 171/181 25.8it/s 8.3s<0.4s
[36m(ClientAppActor pid=728306)[0m 
[K        3/3      1.49G       4.02      2.882      2.142         46        640: 91% ━━━━━━━━━━╸─ 165/181 25.6it/s 8.1s<0.6s[32m [repeated 3x across cluster][0m
[36m(ClientAppActor pid=728306)[0m 
[K        3/3      1.49G      4.032      2.897      2.142         26        640: 96% ━━━━━━━━━━━╸ 174/181 26.1it/s 8.5s<0.3s
[36m(ClientAppActor pid=728306)[0m 
[K        3/3      1.49G      4.028      2.893      2.141         26        640: 98% ━━━━━━━━━━━╸ 177/181 25.4it/s 8.6s<0.2s
[36m(ClientAppActor pid=728306)[0m 
[K        3/3      1.49G      4.022      2.888      2.138         43        640: 99% ━━━━━━━━━━━╸ 180/181 25.7it/s 8.7s<0.0s
[K        3/3      1.49G      4.022      2.888      2.138         43        640: 100% ━━━━━━━━━━━━ 181/181 20.8it/s 8.7s
[K        3/3      1.49G      4.022      2.888      2.138         43        640: 100% ━━━━━━━━━━━━ 181/181 20.8it/s 8.7s
[36m(ClientAppActor pid=728306)[0m 
[K                 Class     Images  Instances      Box(P          R      mAP50  mAP50-95): 94% ━━━━━━━━━━━─ 16/17 29.7it/s 0.3s<0.0s
[K                 Class     Images  Instances      Box(P          R      mAP50  mAP50-95): 100% ━━━━━━━━━━━━ 17/17 46.3it/s 0.4s
[K                 Class     Images  Instances      Box(P          R      mAP50  mAP50-95): 100% ━━━━━━━━━━━━ 17/17 46.3it/s 0.4s
[36m(ClientAppActor pid=728306)[0m                    all        133       1032      0.669      0.461      0.556      0.271
[36m(ClientAppActor pid=728306)[0m 
[K                 Class     Images  Instances      Box(P          R      mAP50  mAP50-95): 35% ━━━━──────── 6/17 17.2it/s 0.1s<0.6s
[36m(ClientAppActor pid=728306)[0m 
[36m(ClientAppActor pid=728306)[0m Optimizer stripped from /tmp/fl_yolo_runs_728306/train/weights/last.pt, 16.5MB
[36m(ClientAppActor pid=728306)[0m Optimizer stripped from /tmp/fl_yolo_runs_728306/train/weights/best.pt, 16.5MB
[36m(ClientAppActor pid=728306)[0m 
[36m(ClientAppActor pid=728306)[0m 
[K                 Class     Images  Instances      Box(P          R      mAP50  mAP50-95): 71% ━━━━━━━━──── 12/17 33.8it/s 0.1s<0.1s
[K                 Class     Images  Instances      Box(P          R      mAP50  mAP50-95): 100% ━━━━━━━━━━━━ 17/17 107.8it/s 0.2s
[K                 Class     Images  Instances      Box(P          R      mAP50  mAP50-95): 100% ━━━━━━━━━━━━ 17/17 107.8it/s 0.2s
[36m(ClientAppActor pid=728306)[0m                    all        133       1032      0.668      0.459      0.554      0.271
[36m(ClientAppActor pid=728306)[0m 
[K                 Class     Images  Instances      Box(P          R      mAP50  mAP50-95): 65% ━━━━━━━╸──── 11/17 25.1it/s 0.2s<0.2s
[36m(ClientAppActor pid=728306)[0m   mAP50: 0.5540, mAP50-95: 0.2709
[36m(ClientAppActor pid=728292)[0m 
[36m(ClientAppActor pid=728292)[0m [Client 5] Initializing YOLOv10-S...
[36m(ClientAppActor pid=728292)[0m [Client 5] Ready
[36m(ClientAppActor pid=728292)[0m   Data: /ANON/fl_hod/data/yolo/client_configs/client_roma.yaml
[36m(ClientAppActor pid=728292)[0m   Local epochs: 3
[36m(ClientAppActor pid=728292)[0m   Batch size: 4
[36m(ClientAppActor pid=728292)[0m   FedBN: False
[36m(ClientAppActor pid=728306)[0m 3 epochs completed in 0.024 hours.
[36m(ClientAppActor pid=728306)[0m 
[36m(ClientAppActor pid=728306)[0m   Data: /ANON/fl_hod/data/yolo/client_configs/client_koeln.yaml
[36m(ClientAppActor pid=728306)[0m [Client 1] ️  MALICIOUS - Attack: SignFlippingAttack
[36m(ClientAppActor pid=728298)[0m 
[36m(ClientAppActor pid=728294)[0m 
[36m(ClientAppActor pid=728294)[0m   Data: /ANON/fl_hod/data/yolo/client_configs/client_budapest.yaml
[36m(ClientAppActor pid=728293)[0m 
[36m(ClientAppActor pid=728293)[0m   Data: /ANON/fl_hod/data/yolo/client_configs/client_leipzig.yaml
[36m(ClientAppActor pid=728295)[0m 
[36m(ClientAppActor pid=728295)[0m   Data: /ANON/fl_hod/data/yolo/client_configs/client_prague.yaml
[36m(ClientAppActor pid=728306)[0m 
[36m(ClientAppActor pid=728306)[0m   Data: /ANON/fl_hod/data/yolo/client_configs/client_zagreb.yaml
[36m(ClientAppActor pid=728298)[0m   Data: /ANON/fl_hod/data/yolo/client_configs/client_lyon.yaml
[36m(ClientAppActor pid=728306)[0m Validating /tmp/fl_yolo_runs_728306/train/weights/best.pt...
[36m(ClientAppActor pid=728306)[0m Ultralytics 8.3.234 Python-3.10.19 torch-2.6.0+cu124 CUDA:0 (NVIDIA RTX 5000 Ada Generation, 32220MiB)
[36m(ClientAppActor pid=728306)[0m YOLOv10s summary (fused): 106 layers, 7,218,387 parameters, 0 gradients, 21.4 GFLOPs
[36m(ClientAppActor pid=728306)[0m Speed: 0.0ms preprocess, 0.5ms inference, 0.0ms loss, 0.0ms postprocess per image
[36m(ClientAppActor pid=728306)[0m [Client 5] Training complete:
[36m(ClientAppActor pid=728306)[0m   Precision: 0.6679, Recall: 0.4593
[36m(ClientAppActor pid=728306)[0m   BN Stats: μ=0.0000, σ=0.0000
[36m(ClientAppActor pid=728306)[0m [Client 6] Initializing YOLOv10-S...[32m [repeated 6x across cluster][0m
[36m(ClientAppActor pid=728298)[0m [Client 3] Ready[32m [repeated 6x across cluster][0m
[36m(ClientAppActor pid=728298)[0m   Local epochs: 3[32m [repeated 6x across cluster][0m
[36m(ClientAppActor pid=728298)[0m   Batch size: 4[32m [repeated 6x across cluster][0m
[36m(ClientAppActor pid=728298)[0m   FedBN: False[32m [repeated 6x across cluster][0m
[36m(ClientAppActor pid=728294)[0m [Client 0] ️  MALICIOUS - Attack: SignFlippingAttack
[93mWARNING [0m:   DEPRECATED FEATURE: flwr.simulation.start_simulation() is deprecated.
	Instead, use the `flwr run` CLI command to start a local simulation in your Flower app, as shown for example below:

		$ flwr new  # Create a new Flower app from a template

		$ flwr run  # Run the Flower app in Simulation Mode

	Using `start_simulation()` is deprecated.

            This is a deprecated feature. It will be removed
            entirely in future versions of Flower.
        
[92mINFO [0m:      Starting Flower simulation, config: num_rounds=1, no round_timeout
2026-05-03 23:14:55,785	INFO worker.py:2012 -- Started a local Ray instance.
/ANON/miniconda3/envs/federatedlearning/lib/python3.10/site-packages/ray/_private/worker.py:2051: FutureWarning: Tip: In future versions of Ray, Ray will no longer override accelerator visible devices env var if num_gpus=0 or num_gpus=None (default). To enable this behavior and turn off this error message, set RAY_ACCEL_ENV_VAR_OVERRIDE_ON_ZERO=0
  warnings.warn(
[92mINFO [0m:      Flower VCE: Ray initialized with resources: {'node:__internal_head__': 1.0, 'GPU': 1.0, 'node:ANON_IP': 1.0, 'accelerator_type:RTX': 1.0, 'CPU': 14.0, 'memory': 83719711130.0, 'object_store_memory': 35879876198.0}
[92mINFO [0m:      Optimize your simulation with Flower VCE: https://flower.ai/docs/framework/how-to-run-simulations.html
[92mINFO [0m:      Flower VCE: Resources for each Virtual Client: {'num_cpus': 2, 'num_gpus': 0.14}
[92mINFO [0m:      Flower VCE: Creating VirtualClientEngineActorPool with 7 actors
[92mINFO [0m:      [INIT]
[92mINFO [0m:      Requesting initial parameters from one random client
[92mINFO [0m:      Received initial parameters from one random client
[92mINFO [0m:      Starting evaluation of initial global parameters
[92mINFO [0m:      Evaluation returned no results (`None`)
[92mINFO [0m:      
[92mINFO [0m:      [ROUND 1]
[92mINFO [0m:      configure_fit: strategy sampled 7 clients (out of 7)
[36m(ClientAppActor pid=728292)[0m [93mWARNING [0m:   DEPRECATED FEATURE: `client_fn` now expects a signature `def client_fn(context: Context)`.The provided `client_fn` has signature: {'cid': <Parameter "cid: str">}. You can import the `Context` like this: `from flwr.common import Context`
[36m(ClientAppActor pid=728292)[0m 
[36m(ClientAppActor pid=728292)[0m             This is a deprecated feature. It will be removed
[36m(ClientAppActor pid=728292)[0m             entirely in future versions of Flower.
[36m(ClientAppActor pid=728292)[0m         
[36m(ClientAppActor pid=728292)[0m [93mWARNING [0m:   Deprecation Warning: The `client_fn` function must return an instance of `Client`, but an instance of `NumpyClient` was returned. Please use `NumPyClient.to_client()` method to convert it to `Client`.
[36m(ClientAppActor pid=728292)[0m [93mWARNING [0m:   DEPRECATED FEATURE: `client_fn` now expects a signature `def client_fn(context: Context)`.The provided `client_fn` has signature: {'cid': <Parameter "cid: str">}. You can import the `Context` like this: `from flwr.common import Context`
[36m(ClientAppActor pid=728292)[0m 
[36m(ClientAppActor pid=728292)[0m             This is a deprecated feature. It will be removed
[36m(ClientAppActor pid=728292)[0m             entirely in future versions of Flower.
[36m(ClientAppActor pid=728292)[0m         
[36m(ClientAppActor pid=728292)[0m [93mWARNING [0m:   Deprecation Warning: The `client_fn` function must return an instance of `Client`, but an instance of `NumpyClient` was returned. Please use `NumPyClient.to_client()` method to convert it to `Client`.
[36m(ClientAppActor pid=728306)[0m 
[36m(ClientAppActor pid=728306)[0m         
[36m(ClientAppActor pid=728293)[0m 
[36m(ClientAppActor pid=728293)[0m         
[36m(ClientAppActor pid=728298)[0m 
[36m(ClientAppActor pid=728298)[0m         
[36m(ClientAppActor pid=728295)[0m 
[36m(ClientAppActor pid=728295)[0m         
[36m(ClientAppActor pid=728302)[0m 
[36m(ClientAppActor pid=728302)[0m         
[36m(ClientAppActor pid=728294)[0m 
[36m(ClientAppActor pid=728294)[0m         
[36m(pid=gcs_server)[0m [2026-05-03 23:15:25,394 E 728047 728047] (gcs_server) gcs_server.cc:302: Failed to establish connection to the event+metrics exporter agent. Events and metrics will not be exported. Exporter agent status: RpcError: Running out of retries to initialize the metrics agent. rpc_code: 14
[36m(ClientAppActor pid=728294)[0m [93mWARNING [0m:   DEPRECATED FEATURE: `client_fn` now expects a signature `def client_fn(context: Context)`.The provided `client_fn` has signature: {'cid': <Parameter "cid: str">}. You can import the `Context` like this: `from flwr.common import Context`[32m [repeated 6x across cluster][0m
[36m(ClientAppActor pid=728294)[0m             This is a deprecated feature. It will be removed[32m [repeated 6x across cluster][0m
[36m(ClientAppActor pid=728294)[0m             entirely in future versions of Flower.[32m [repeated 6x across cluster][0m
[36m(ClientAppActor pid=728294)[0m [93mWARNING [0m:   Deprecation Warning: The `client_fn` function must return an instance of `Client`, but an instance of `NumpyClient` was returned. Please use `NumPyClient.to_client()` method to convert it to `Client`.[32m [repeated 6x across cluster][0m
[33m(raylet)[0m [2026-05-03 23:15:25,715 E 728217 728217] (raylet) main.cc:975: Failed to establish connection to the metrics exporter agent. Metrics will not be exported. Exporter agent status: RpcError: Running out of retries to initialize the metrics agent. rpc_code: 14
[36m(ClientAppActor pid=728292)[0m [2026-05-03 23:15:26,015 E 728292 728882] core_worker_process.cc:825: Failed to establish connection to the metrics exporter agent. Metrics will not be exported. Exporter agent status: RpcError: Running out of retries to initialize the metrics agent. rpc_code: 14
[2026-05-03 23:15:26,069 E 727997 728291] core_worker_process.cc:825: Failed to establish connection to the metrics exporter agent. Metrics will not be exported. Exporter agent status: RpcError: Running out of retries to initialize the metrics agent. rpc_code: 14
[92mINFO [0m:      aggregate_fit: received 7 results and 0 failures
[92mINFO [0m:      configure_evaluate: strategy sampled 7 clients (out of 7)
[36m(ClientAppActor pid=728306)[0m 
[36m(ClientAppActor pid=728306)[0m         
[36m(ClientAppActor pid=728306)[0m [93mWARNING [0m:   DEPRECATED FEATURE: `client_fn` now expects a signature `def client_fn(context: Context)`.The provided `client_fn` has signature: {'cid': <Parameter "cid: str">}. You can import the `Context` like this: `from flwr.common import Context`
[36m(ClientAppActor pid=728306)[0m             This is a deprecated feature. It will be removed
[36m(ClientAppActor pid=728306)[0m             entirely in future versions of Flower.
[36m(ClientAppActor pid=728306)[0m [93mWARNING [0m:   Deprecation Warning: The `client_fn` function must return an instance of `Client`, but an instance of `NumpyClient` was returned. Please use `NumPyClient.to_client()` method to convert it to `Client`.
[36m(ClientAppActor pid=728298)[0m [2026-05-03 23:15:26,514 E 728298 728655] core_worker_process.cc:825: Failed to establish connection to the metrics exporter agent. Metrics will not be exported. Exporter agent status: RpcError: Running out of retries to initialize the metrics agent. rpc_code: 14[32m [repeated 6x across cluster][0m
[36m(ClientAppActor pid=728294)[0m [93mWARNING [0m:   DEPRECATED FEATURE: `client_fn` now expects a signature `def client_fn(context: Context)`.The provided `client_fn` has signature: {'cid': <Parameter "cid: str">}. You can import the `Context` like this: `from flwr.common import Context`
[36m(ClientAppActor pid=728294)[0m 
[36m(ClientAppActor pid=728294)[0m             This is a deprecated feature. It will be removed
[36m(ClientAppActor pid=728294)[0m             entirely in future versions of Flower.
[36m(ClientAppActor pid=728294)[0m         
[36m(ClientAppActor pid=728294)[0m [93mWARNING [0m:   Deprecation Warning: The `client_fn` function must return an instance of `Client`, but an instance of `NumpyClient` was returned. Please use `NumPyClient.to_client()` method to convert it to `Client`.
[36m(ClientAppActor pid=728293)[0m 
[36m(ClientAppActor pid=728293)[0m         
[36m(ClientAppActor pid=728292)[0m 
[36m(ClientAppActor pid=728292)[0m         
[36m(ClientAppActor pid=728298)[0m 
[36m(ClientAppActor pid=728298)[0m         
[91mERROR [0m:     Traceback (most recent call last):
  File "/ANON/miniconda3/envs/federatedlearning/lib/python3.10/site-packages/flwr/simulation/ray_transport/ray_client_proxy.py", line 94, in _submit_job
    out_mssg, updated_context = self.actor_pool.get_client_result(
  File "/ANON/miniconda3/envs/federatedlearning/lib/python3.10/site-packages/flwr/simulation/ray_transport/ray_actor.py", line 400, in get_client_result
    return self._fetch_future_result(cid)
  File "/ANON/miniconda3/envs/federatedlearning/lib/python3.10/site-packages/flwr/simulation/ray_transport/ray_actor.py", line 281, in _fetch_future_result
    res_cid, out_mssg, updated_context = ray.get(
  File "/ANON/miniconda3/envs/federatedlearning/lib/python3.10/site-packages/ray/_private/auto_init_hook.py", line 22, in auto_init_wrapper
    return fn(*args, **kwargs)
  File "/ANON/miniconda3/envs/federatedlearning/lib/python3.10/site-packages/ray/_private/client_mode_hook.py", line 104, in wrapper
    return func(*args, **kwargs)
  File "/ANON/miniconda3/envs/federatedlearning/lib/python3.10/site-packages/ray/_private/worker.py", line 2961, in get
    values, debugger_breakpoint = worker.get_objects(
  File "/ANON/miniconda3/envs/federatedlearning/lib/python3.10/site-packages/ray/_private/worker.py", line 1026, in get_objects
    raise value.as_instanceof_cause()
ray.exceptions.RayTaskError(ClientAppException): [36mray::ClientAppActor.run()[39m (pid=728306, ip=ANON_IP, actor_id=ef1781152a2a8e9073320ffa01000000, repr=<flwr.simulation.ray_transport.ray_actor.ClientAppActor object at 0x75ed400d5fc0>)
  File "/ANON/miniconda3/envs/federatedlearning/lib/python3.10/site-packages/flwr/clientapp/client_app.py", line 143, in __call__
    return self._call(message, context)
  File "/ANON/miniconda3/envs/federatedlearning/lib/python3.10/site-packages/flwr/clientapp/client_app.py", line 127, in ffn
    out_message = handle_legacy_message_from_msgtype(
  File "/ANON/miniconda3/envs/federatedlearning/lib/python3.10/site-packages/flwr/client/message_handler/message_handler.py", line 135, in handle_legacy_message_from_msgtype
    evaluate_res = maybe_call_evaluate(
  File "/ANON/miniconda3/envs/federatedlearning/lib/python3.10/site-packages/flwr/client/client.py", line 244, in maybe_call_evaluate
    return client.evaluate(evaluate_ins)
  File "/ANON/miniconda3/envs/federatedlearning/lib/python3.10/site-packages/flwr/client/numpy_client.py", line 251, in _evaluate
    results = self.numpy_client.evaluate(parameters, ins.config)  # type: ignore
  File "/ANON/fl_hod/fl/client_yolo10s.py", line 342, in evaluate
    self.set_parameters(parameters)
  File "/ANON/fl_hod/fl/client_yolo10s.py", line 251, in set_parameters
    param_dict[name] = torch.from_numpy(parameters[param_idx]).reshape(param_shape)
RuntimeError: shape '[80, 128, 1, 1]' is invalid for input of size 128

The above exception was the direct cause of the following exception:

[36mray::ClientAppActor.run()[39m (pid=728306, ip=ANON_IP, actor_id=ef1781152a2a8e9073320ffa01000000, repr=<flwr.simulation.ray_transport.ray_actor.ClientAppActor object at 0x75ed400d5fc0>)
  File "/ANON/miniconda3/envs/federatedlearning/lib/python3.10/site-packages/flwr/simulation/ray_transport/ray_actor.py", line 65, in run
    raise ClientAppException(str(ex)) from ex
flwr.clientapp.client_app.ClientAppException: 
Exception ClientAppException occurred. Message: shape '[80, 128, 1, 1]' is invalid for input of size 128

[91mERROR [0m:     [36mray::ClientAppActor.run()[39m (pid=728306, ip=ANON_IP, actor_id=ef1781152a2a8e9073320ffa01000000, repr=<flwr.simulation.ray_transport.ray_actor.ClientAppActor object at 0x75ed400d5fc0>)
  File "/ANON/miniconda3/envs/federatedlearning/lib/python3.10/site-packages/flwr/clientapp/client_app.py", line 143, in __call__
    return self._call(message, context)
  File "/ANON/miniconda3/envs/federatedlearning/lib/python3.10/site-packages/flwr/clientapp/client_app.py", line 127, in ffn
    out_message = handle_legacy_message_from_msgtype(
  File "/ANON/miniconda3/envs/federatedlearning/lib/python3.10/site-packages/flwr/client/message_handler/message_handler.py", line 135, in handle_legacy_message_from_msgtype
    evaluate_res = maybe_call_evaluate(
  File "/ANON/miniconda3/envs/federatedlearning/lib/python3.10/site-packages/flwr/client/client.py", line 244, in maybe_call_evaluate
    return client.evaluate(evaluate_ins)
  File "/ANON/miniconda3/envs/federatedlearning/lib/python3.10/site-packages/flwr/client/numpy_client.py", line 251, in _evaluate
    results = self.numpy_client.evaluate(parameters, ins.config)  # type: ignore
  File "/ANON/fl_hod/fl/client_yolo10s.py", line 342, in evaluate
    self.set_parameters(parameters)
  File "/ANON/fl_hod/fl/client_yolo10s.py", line 251, in set_parameters
    param_dict[name] = torch.from_numpy(parameters[param_idx]).reshape(param_shape)
RuntimeError: shape '[80, 128, 1, 1]' is invalid for input of size 128

The above exception was the direct cause of the following exception:

[36mray::ClientAppActor.run()[39m (pid=728306, ip=ANON_IP, actor_id=ef1781152a2a8e9073320ffa01000000, repr=<flwr.simulation.ray_transport.ray_actor.ClientAppActor object at 0x75ed400d5fc0>)
  File "/ANON/miniconda3/envs/federatedlearning/lib/python3.10/site-packages/flwr/simulation/ray_transport/ray_actor.py", line 65, in run
    raise ClientAppException(str(ex)) from ex
flwr.clientapp.client_app.ClientAppException: 
Exception ClientAppException occurred. Message: shape '[80, 128, 1, 1]' is invalid for input of size 128
[91mERROR [0m:     Traceback (most recent call last):
  File "/ANON/miniconda3/envs/federatedlearning/lib/python3.10/site-packages/flwr/simulation/ray_transport/ray_client_proxy.py", line 94, in _submit_job
    out_mssg, updated_context = self.actor_pool.get_client_result(
  File "/ANON/miniconda3/envs/federatedlearning/lib/python3.10/site-packages/flwr/simulation/ray_transport/ray_actor.py", line 400, in get_client_result
    return self._fetch_future_result(cid)
  File "/ANON/miniconda3/envs/federatedlearning/lib/python3.10/site-packages/flwr/simulation/ray_transport/ray_actor.py", line 281, in _fetch_future_result
    res_cid, out_mssg, updated_context = ray.get(
  File "/ANON/miniconda3/envs/federatedlearning/lib/python3.10/site-packages/ray/_private/auto_init_hook.py", line 22, in auto_init_wrapper
    return fn(*args, **kwargs)
  File "/ANON/miniconda3/envs/federatedlearning/lib/python3.10/site-packages/ray/_private/client_mode_hook.py", line 104, in wrapper
    return func(*args, **kwargs)
  File "/ANON/miniconda3/envs/federatedlearning/lib/python3.10/site-packages/ray/_private/worker.py", line 2961, in get
    values, debugger_breakpoint = worker.get_objects(
  File "/ANON/miniconda3/envs/federatedlearning/lib/python3.10/site-packages/ray/_private/worker.py", line 1026, in get_objects
    raise value.as_instanceof_cause()
ray.exceptions.RayTaskError(ClientAppException): [36mray::ClientAppActor.run()[39m (pid=728294, ip=ANON_IP, actor_id=b52f166775b276dff579fc8c01000000, repr=<flwr.simulation.ray_transport.ray_actor.ClientAppActor object at 0x77d33c0e1ff0>)
  File "/ANON/miniconda3/envs/federatedlearning/lib/python3.10/site-packages/flwr/clientapp/client_app.py", line 143, in __call__
    return self._call(message, context)
  File "/ANON/miniconda3/envs/federatedlearning/lib/python3.10/site-packages/flwr/clientapp/client_app.py", line 127, in ffn
    out_message = handle_legacy_message_from_msgtype(
  File "/ANON/miniconda3/envs/federatedlearning/lib/python3.10/site-packages/flwr/client/message_handler/message_handler.py", line 135, in handle_legacy_message_from_msgtype
    evaluate_res = maybe_call_evaluate(
  File "/ANON/miniconda3/envs/federatedlearning/lib/python3.10/site-packages/flwr/client/client.py", line 244, in maybe_call_evaluate
    return client.evaluate(evaluate_ins)
  File "/ANON/miniconda3/envs/federatedlearning/lib/python3.10/site-packages/flwr/client/numpy_client.py", line 251, in _evaluate
    results = self.numpy_client.evaluate(parameters, ins.config)  # type: ignore
  File "/ANON/fl_hod/fl/client_yolo10s.py", line 342, in evaluate
    self.set_parameters(parameters)
  File "/ANON/fl_hod/fl/client_yolo10s.py", line 251, in set_parameters
    param_dict[name] = torch.from_numpy(parameters[param_idx]).reshape(param_shape)
RuntimeError: shape '[80, 128, 1, 1]' is invalid for input of size 128

The above exception was the direct cause of the following exception:

[36mray::ClientAppActor.run()[39m (pid=728294, ip=ANON_IP, actor_id=b52f166775b276dff579fc8c01000000, repr=<flwr.simulation.ray_transport.ray_actor.ClientAppActor object at 0x77d33c0e1ff0>)
  File "/ANON/miniconda3/envs/federatedlearning/lib/python3.10/site-packages/flwr/simulation/ray_transport/ray_actor.py", line 65, in run
    raise ClientAppException(str(ex)) from ex
flwr.clientapp.client_app.ClientAppException: 
Exception ClientAppException occurred. Message: shape '[80, 128, 1, 1]' is invalid for input of size 128

[91mERROR [0m:     [36mray::ClientAppActor.run()[39m (pid=728294, ip=ANON_IP, actor_id=b52f166775b276dff579fc8c01000000, repr=<flwr.simulation.ray_transport.ray_actor.ClientAppActor object at 0x77d33c0e1ff0>)
  File "/ANON/miniconda3/envs/federatedlearning/lib/python3.10/site-packages/flwr/clientapp/client_app.py", line 143, in __call__
    return self._call(message, context)
  File "/ANON/miniconda3/envs/federatedlearning/lib/python3.10/site-packages/flwr/clientapp/client_app.py", line 127, in ffn
    out_message = handle_legacy_message_from_msgtype(
  File "/ANON/miniconda3/envs/federatedlearning/lib/python3.10/site-packages/flwr/client/message_handler/message_handler.py", line 135, in handle_legacy_message_from_msgtype
    evaluate_res = maybe_call_evaluate(
  File "/ANON/miniconda3/envs/federatedlearning/lib/python3.10/site-packages/flwr/client/client.py", line 244, in maybe_call_evaluate
    return client.evaluate(evaluate_ins)
  File "/ANON/miniconda3/envs/federatedlearning/lib/python3.10/site-packages/flwr/client/numpy_client.py", line 251, in _evaluate
    results = self.numpy_client.evaluate(parameters, ins.config)  # type: ignore
  File "/ANON/fl_hod/fl/client_yolo10s.py", line 342, in evaluate
    self.set_parameters(parameters)
  File "/ANON/fl_hod/fl/client_yolo10s.py", line 251, in set_parameters
    param_dict[name] = torch.from_numpy(parameters[param_idx]).reshape(param_shape)
RuntimeError: shape '[80, 128, 1, 1]' is invalid for input of size 128

The above exception was the direct cause of the following exception:

[36mray::ClientAppActor.run()[39m (pid=728294, ip=ANON_IP, actor_id=b52f166775b276dff579fc8c01000000, repr=<flwr.simulation.ray_transport.ray_actor.ClientAppActor object at 0x77d33c0e1ff0>)
  File "/ANON/miniconda3/envs/federatedlearning/lib/python3.10/site-packages/flwr/simulation/ray_transport/ray_actor.py", line 65, in run
    raise ClientAppException(str(ex)) from ex
flwr.clientapp.client_app.ClientAppException: 
Exception ClientAppException occurred. Message: shape '[80, 128, 1, 1]' is invalid for input of size 128
[91mERROR [0m:     Traceback (most recent call last):
  File "/ANON/miniconda3/envs/federatedlearning/lib/python3.10/site-packages/flwr/simulation/ray_transport/ray_client_proxy.py", line 94, in _submit_job
    out_mssg, updated_context = self.actor_pool.get_client_result(
  File "/ANON/miniconda3/envs/federatedlearning/lib/python3.10/site-packages/flwr/simulation/ray_transport/ray_actor.py", line 400, in get_client_result
    return self._fetch_future_result(cid)
  File "/ANON/miniconda3/envs/federatedlearning/lib/python3.10/site-packages/flwr/simulation/ray_transport/ray_actor.py", line 281, in _fetch_future_result
    res_cid, out_mssg, updated_context = ray.get(
  File "/ANON/miniconda3/envs/federatedlearning/lib/python3.10/site-packages/ray/_private/auto_init_hook.py", line 22, in auto_init_wrapper
    return fn(*args, **kwargs)
  File "/ANON/miniconda3/envs/federatedlearning/lib/python3.10/site-packages/ray/_private/client_mode_hook.py", line 104, in wrapper
    return func(*args, **kwargs)
  File "/ANON/miniconda3/envs/federatedlearning/lib/python3.10/site-packages/ray/_private/worker.py", line 2961, in get
    values, debugger_breakpoint = worker.get_objects(
  File "/ANON/miniconda3/envs/federatedlearning/lib/python3.10/site-packages/ray/_private/worker.py", line 1026, in get_objects
    raise value.as_instanceof_cause()
ray.exceptions.RayTaskError(ClientAppException): [36mray::ClientAppActor.run()[39m (pid=728292, ip=ANON_IP, actor_id=7d0417ef79e484f4867d5ff001000000, repr=<flwr.simulation.ray_transport.ray_actor.ClientAppActor object at 0x7022c85da020>)
  File "/ANON/miniconda3/envs/federatedlearning/lib/python3.10/site-packages/flwr/clientapp/client_app.py", line 143, in __call__
    return self._call(message, context)
  File "/ANON/miniconda3/envs/federatedlearning/lib/python3.10/site-packages/flwr/clientapp/client_app.py", line 127, in ffn
    out_message = handle_legacy_message_from_msgtype(
  File "/ANON/miniconda3/envs/federatedlearning/lib/python3.10/site-packages/flwr/client/message_handler/message_handler.py", line 135, in handle_legacy_message_from_msgtype
    evaluate_res = maybe_call_evaluate(
  File "/ANON/miniconda3/envs/federatedlearning/lib/python3.10/site-packages/flwr/client/client.py", line 244, in maybe_call_evaluate
    return client.evaluate(evaluate_ins)
  File "/ANON/miniconda3/envs/federatedlearning/lib/python3.10/site-packages/flwr/client/numpy_client.py", line 251, in _evaluate
    results = self.numpy_client.evaluate(parameters, ins.config)  # type: ignore
  File "/ANON/fl_hod/fl/client_yolo10s.py", line 342, in evaluate
    self.set_parameters(parameters)
  File "/ANON/fl_hod/fl/client_yolo10s.py", line 251, in set_parameters
    param_dict[name] = torch.from_numpy(parameters[param_idx]).reshape(param_shape)
RuntimeError: shape '[80, 128, 1, 1]' is invalid for input of size 128

The above exception was the direct cause of the following exception:

[36mray::ClientAppActor.run()[39m (pid=728292, ip=ANON_IP, actor_id=7d0417ef79e484f4867d5ff001000000, repr=<flwr.simulation.ray_transport.ray_actor.ClientAppActor object at 0x7022c85da020>)
  File "/ANON/miniconda3/envs/federatedlearning/lib/python3.10/site-packages/flwr/simulation/ray_transport/ray_actor.py", line 65, in run
    raise ClientAppException(str(ex)) from ex
flwr.clientapp.client_app.ClientAppException: 
Exception ClientAppException occurred. Message: shape '[80, 128, 1, 1]' is invalid for input of size 128

[91mERROR [0m:     [36mray::ClientAppActor.run()[39m (pid=728292, ip=ANON_IP, actor_id=7d0417ef79e484f4867d5ff001000000, repr=<flwr.simulation.ray_transport.ray_actor.ClientAppActor object at 0x7022c85da020>)
  File "/ANON/miniconda3/envs/federatedlearning/lib/python3.10/site-packages/flwr/clientapp/client_app.py", line 143, in __call__
    return self._call(message, context)
  File "/ANON/miniconda3/envs/federatedlearning/lib/python3.10/site-packages/flwr/clientapp/client_app.py", line 127, in ffn
    out_message = handle_legacy_message_from_msgtype(
  File "/ANON/miniconda3/envs/federatedlearning/lib/python3.10/site-packages/flwr/client/message_handler/message_handler.py", line 135, in handle_legacy_message_from_msgtype
    evaluate_res = maybe_call_evaluate(
  File "/ANON/miniconda3/envs/federatedlearning/lib/python3.10/site-packages/flwr/client/client.py", line 244, in maybe_call_evaluate
    return client.evaluate(evaluate_ins)
  File "/ANON/miniconda3/envs/federatedlearning/lib/python3.10/site-packages/flwr/client/numpy_client.py", line 251, in _evaluate
    results = self.numpy_client.evaluate(parameters, ins.config)  # type: ignore
  File "/ANON/fl_hod/fl/client_yolo10s.py", line 342, in evaluate
    self.set_parameters(parameters)
  File "/ANON/fl_hod/fl/client_yolo10s.py", line 251, in set_parameters
    param_dict[name] = torch.from_numpy(parameters[param_idx]).reshape(param_shape)
RuntimeError: shape '[80, 128, 1, 1]' is invalid for input of size 128

The above exception was the direct cause of the following exception:

[36mray::ClientAppActor.run()[39m (pid=728292, ip=ANON_IP, actor_id=7d0417ef79e484f4867d5ff001000000, repr=<flwr.simulation.ray_transport.ray_actor.ClientAppActor object at 0x7022c85da020>)
  File "/ANON/miniconda3/envs/federatedlearning/lib/python3.10/site-packages/flwr/simulation/ray_transport/ray_actor.py", line 65, in run
    raise ClientAppException(str(ex)) from ex
flwr.clientapp.client_app.ClientAppException: 
Exception ClientAppException occurred. Message: shape '[80, 128, 1, 1]' is invalid for input of size 128
[91mERROR [0m:     Traceback (most recent call last):
  File "/ANON/miniconda3/envs/federatedlearning/lib/python3.10/site-packages/flwr/simulation/ray_transport/ray_client_proxy.py", line 94, in _submit_job
    out_mssg, updated_context = self.actor_pool.get_client_result(
  File "/ANON/miniconda3/envs/federatedlearning/lib/python3.10/site-packages/flwr/simulation/ray_transport/ray_actor.py", line 400, in get_client_result
    return self._fetch_future_result(cid)
  File "/ANON/miniconda3/envs/federatedlearning/lib/python3.10/site-packages/flwr/simulation/ray_transport/ray_actor.py", line 281, in _fetch_future_result
    res_cid, out_mssg, updated_context = ray.get(
  File "/ANON/miniconda3/envs/federatedlearning/lib/python3.10/site-packages/ray/_private/auto_init_hook.py", line 22, in auto_init_wrapper
    return fn(*args, **kwargs)
  File "/ANON/miniconda3/envs/federatedlearning/lib/python3.10/site-packages/ray/_private/client_mode_hook.py", line 104, in wrapper
    return func(*args, **kwargs)
  File "/ANON/miniconda3/envs/federatedlearning/lib/python3.10/site-packages/ray/_private/worker.py", line 2961, in get
    values, debugger_breakpoint = worker.get_objects(
  File "/ANON/miniconda3/envs/federatedlearning/lib/python3.10/site-packages/ray/_private/worker.py", line 1026, in get_objects
    raise value.as_instanceof_cause()
ray.exceptions.RayTaskError(ClientAppException): [36mray::ClientAppActor.run()[39m (pid=728298, ip=ANON_IP, actor_id=a3696c98c0ac4a86cb9146f001000000, repr=<flwr.simulation.ray_transport.ray_actor.ClientAppActor object at 0x77d7902cdfc0>)
  File "/ANON/miniconda3/envs/federatedlearning/lib/python3.10/site-packages/flwr/clientapp/client_app.py", line 143, in __call__
    return self._call(message, context)
  File "/ANON/miniconda3/envs/federatedlearning/lib/python3.10/site-packages/flwr/clientapp/client_app.py", line 127, in ffn
    out_message = handle_legacy_message_from_msgtype(
  File "/ANON/miniconda3/envs/federatedlearning/lib/python3.10/site-packages/flwr/client/message_handler/message_handler.py", line 135, in handle_legacy_message_from_msgtype
    evaluate_res = maybe_call_evaluate(
  File "/ANON/miniconda3/envs/federatedlearning/lib/python3.10/site-packages/flwr/client/client.py", line 244, in maybe_call_evaluate
    return client.evaluate(evaluate_ins)
  File "/ANON/miniconda3/envs/federatedlearning/lib/python3.10/site-packages/flwr/client/numpy_client.py", line 251, in _evaluate
    results = self.numpy_client.evaluate(parameters, ins.config)  # type: ignore
  File "/ANON/fl_hod/fl/client_yolo10s.py", line 342, in evaluate
    self.set_parameters(parameters)
  File "/ANON/fl_hod/fl/client_yolo10s.py", line 251, in set_parameters
    param_dict[name] = torch.from_numpy(parameters[param_idx]).reshape(param_shape)
RuntimeError: shape '[80, 128, 1, 1]' is invalid for input of size 128

The above exception was the direct cause of the following exception:

[36mray::ClientAppActor.run()[39m (pid=728298, ip=ANON_IP, actor_id=a3696c98c0ac4a86cb9146f001000000, repr=<flwr.simulation.ray_transport.ray_actor.ClientAppActor object at 0x77d7902cdfc0>)
  File "/ANON/miniconda3/envs/federatedlearning/lib/python3.10/site-packages/flwr/simulation/ray_transport/ray_actor.py", line 65, in run
    raise ClientAppException(str(ex)) from ex
flwr.clientapp.client_app.ClientAppException: 
Exception ClientAppException occurred. Message: shape '[80, 128, 1, 1]' is invalid for input of size 128

[91mERROR [0m:     [36mray::ClientAppActor.run()[39m (pid=728298, ip=ANON_IP, actor_id=a3696c98c0ac4a86cb9146f001000000, repr=<flwr.simulation.ray_transport.ray_actor.ClientAppActor object at 0x77d7902cdfc0>)
  File "/ANON/miniconda3/envs/federatedlearning/lib/python3.10/site-packages/flwr/clientapp/client_app.py", line 143, in __call__
    return self._call(message, context)
  File "/ANON/miniconda3/envs/federatedlearning/lib/python3.10/site-packages/flwr/clientapp/client_app.py", line 127, in ffn
    out_message = handle_legacy_message_from_msgtype(
  File "/ANON/miniconda3/envs/federatedlearning/lib/python3.10/site-packages/flwr/client/message_handler/message_handler.py", line 135, in handle_legacy_message_from_msgtype
    evaluate_res = maybe_call_evaluate(
  File "/ANON/miniconda3/envs/federatedlearning/lib/python3.10/site-packages/flwr/client/client.py", line 244, in maybe_call_evaluate
    return client.evaluate(evaluate_ins)
  File "/ANON/miniconda3/envs/federatedlearning/lib/python3.10/site-packages/flwr/client/numpy_client.py", line 251, in _evaluate
    results = self.numpy_client.evaluate(parameters, ins.config)  # type: ignore
  File "/ANON/fl_hod/fl/client_yolo10s.py", line 342, in evaluate
    self.set_parameters(parameters)
  File "/ANON/fl_hod/fl/client_yolo10s.py", line 251, in set_parameters
    param_dict[name] = torch.from_numpy(parameters[param_idx]).reshape(param_shape)
RuntimeError: shape '[80, 128, 1, 1]' is invalid for input of size 128

The above exception was the direct cause of the following exception:

[36mray::ClientAppActor.run()[39m (pid=728298, ip=ANON_IP, actor_id=a3696c98c0ac4a86cb9146f001000000, repr=<flwr.simulation.ray_transport.ray_actor.ClientAppActor object at 0x77d7902cdfc0>)
  File "/ANON/miniconda3/envs/federatedlearning/lib/python3.10/site-packages/flwr/simulation/ray_transport/ray_actor.py", line 65, in run
    raise ClientAppException(str(ex)) from ex
flwr.clientapp.client_app.ClientAppException: 
Exception ClientAppException occurred. Message: shape '[80, 128, 1, 1]' is invalid for input of size 128
[91mERROR [0m:     Traceback (most recent call last):
  File "/ANON/miniconda3/envs/federatedlearning/lib/python3.10/site-packages/flwr/simulation/ray_transport/ray_client_proxy.py", line 94, in _submit_job
    out_mssg, updated_context = self.actor_pool.get_client_result(
  File "/ANON/miniconda3/envs/federatedlearning/lib/python3.10/site-packages/flwr/simulation/ray_transport/ray_actor.py", line 400, in get_client_result
    return self._fetch_future_result(cid)
  File "/ANON/miniconda3/envs/federatedlearning/lib/python3.10/site-packages/flwr/simulation/ray_transport/ray_actor.py", line 281, in _fetch_future_result
    res_cid, out_mssg, updated_context = ray.get(
  File "/ANON/miniconda3/envs/federatedlearning/lib/python3.10/site-packages/ray/_private/auto_init_hook.py", line 22, in auto_init_wrapper
    return fn(*args, **kwargs)
  File "/ANON/miniconda3/envs/federatedlearning/lib/python3.10/site-packages/ray/_private/client_mode_hook.py", line 104, in wrapper
    return func(*args, **kwargs)
  File "/ANON/miniconda3/envs/federatedlearning/lib/python3.10/site-packages/ray/_private/worker.py", line 2961, in get
    values, debugger_breakpoint = worker.get_objects(
  File "/ANON/miniconda3/envs/federatedlearning/lib/python3.10/site-packages/ray/_private/worker.py", line 1026, in get_objects
    raise value.as_instanceof_cause()
ray.exceptions.RayTaskError(ClientAppException): [36mray::ClientAppActor.run()[39m (pid=728293, ip=ANON_IP, actor_id=5db9360fc3925fb72a6e551501000000, repr=<flwr.simulation.ray_transport.ray_actor.ClientAppActor object at 0x7036383e9f90>)
  File "/ANON/miniconda3/envs/federatedlearning/lib/python3.10/site-packages/flwr/clientapp/client_app.py", line 143, in __call__
    return self._call(message, context)
  File "/ANON/miniconda3/envs/federatedlearning/lib/python3.10/site-packages/flwr/clientapp/client_app.py", line 127, in ffn
    out_message = handle_legacy_message_from_msgtype(
  File "/ANON/miniconda3/envs/federatedlearning/lib/python3.10/site-packages/flwr/client/message_handler/message_handler.py", line 135, in handle_legacy_message_from_msgtype
    evaluate_res = maybe_call_evaluate(
  File "/ANON/miniconda3/envs/federatedlearning/lib/python3.10/site-packages/flwr/client/client.py", line 244, in maybe_call_evaluate
    return client.evaluate(evaluate_ins)
  File "/ANON/miniconda3/envs/federatedlearning/lib/python3.10/site-packages/flwr/client/numpy_client.py", line 251, in _evaluate
    results = self.numpy_client.evaluate(parameters, ins.config)  # type: ignore
  File "/ANON/fl_hod/fl/client_yolo10s.py", line 342, in evaluate
    self.set_parameters(parameters)
  File "/ANON/fl_hod/fl/client_yolo10s.py", line 251, in set_parameters
    param_dict[name] = torch.from_numpy(parameters[param_idx]).reshape(param_shape)
RuntimeError: shape '[80, 128, 1, 1]' is invalid for input of size 128

The above exception was the direct cause of the following exception:

[36mray::ClientAppActor.run()[39m (pid=728293, ip=ANON_IP, actor_id=5db9360fc3925fb72a6e551501000000, repr=<flwr.simulation.ray_transport.ray_actor.ClientAppActor object at 0x7036383e9f90>)
  File "/ANON/miniconda3/envs/federatedlearning/lib/python3.10/site-packages/flwr/simulation/ray_transport/ray_actor.py", line 65, in run
    raise ClientAppException(str(ex)) from ex
flwr.clientapp.client_app.ClientAppException: 
Exception ClientAppException occurred. Message: shape '[80, 128, 1, 1]' is invalid for input of size 128

[91mERROR [0m:     [36mray::ClientAppActor.run()[39m (pid=728293, ip=ANON_IP, actor_id=5db9360fc3925fb72a6e551501000000, repr=<flwr.simulation.ray_transport.ray_actor.ClientAppActor object at 0x7036383e9f90>)
  File "/ANON/miniconda3/envs/federatedlearning/lib/python3.10/site-packages/flwr/clientapp/client_app.py", line 143, in __call__
    return self._call(message, context)
  File "/ANON/miniconda3/envs/federatedlearning/lib/python3.10/site-packages/flwr/clientapp/client_app.py", line 127, in ffn
    out_message = handle_legacy_message_from_msgtype(
  File "/ANON/miniconda3/envs/federatedlearning/lib/python3.10/site-packages/flwr/client/message_handler/message_handler.py", line 135, in handle_legacy_message_from_msgtype
    evaluate_res = maybe_call_evaluate(
  File "/ANON/miniconda3/envs/federatedlearning/lib/python3.10/site-packages/flwr/client/client.py", line 244, in maybe_call_evaluate
    return client.evaluate(evaluate_ins)
  File "/ANON/miniconda3/envs/federatedlearning/lib/python3.10/site-packages/flwr/client/numpy_client.py", line 251, in _evaluate
    results = self.numpy_client.evaluate(parameters, ins.config)  # type: ignore
  File "/ANON/fl_hod/fl/client_yolo10s.py", line 342, in evaluate
    self.set_parameters(parameters)
  File "/ANON/fl_hod/fl/client_yolo10s.py", line 251, in set_parameters
    param_dict[name] = torch.from_numpy(parameters[param_idx]).reshape(param_shape)
RuntimeError: shape '[80, 128, 1, 1]' is invalid for input of size 128

The above exception was the direct cause of the following exception:

[36mray::ClientAppActor.run()[39m (pid=728293, ip=ANON_IP, actor_id=5db9360fc3925fb72a6e551501000000, repr=<flwr.simulation.ray_transport.ray_actor.ClientAppActor object at 0x7036383e9f90>)
  File "/ANON/miniconda3/envs/federatedlearning/lib/python3.10/site-packages/flwr/simulation/ray_transport/ray_actor.py", line 65, in run
    raise ClientAppException(str(ex)) from ex
flwr.clientapp.client_app.ClientAppException: 
Exception ClientAppException occurred. Message: shape '[80, 128, 1, 1]' is invalid for input of size 128
[91mERROR [0m:     Traceback (most recent call last):
  File "/ANON/miniconda3/envs/federatedlearning/lib/python3.10/site-packages/flwr/simulation/ray_transport/ray_client_proxy.py", line 94, in _submit_job
    out_mssg, updated_context = self.actor_pool.get_client_result(
  File "/ANON/miniconda3/envs/federatedlearning/lib/python3.10/site-packages/flwr/simulation/ray_transport/ray_actor.py", line 400, in get_client_result
    return self._fetch_future_result(cid)
  File "/ANON/miniconda3/envs/federatedlearning/lib/python3.10/site-packages/flwr/simulation/ray_transport/ray_actor.py", line 281, in _fetch_future_result
    res_cid, out_mssg, updated_context = ray.get(
  File "/ANON/miniconda3/envs/federatedlearning/lib/python3.10/site-packages/ray/_private/auto_init_hook.py", line 22, in auto_init_wrapper
    return fn(*args, **kwargs)
  File "/ANON/miniconda3/envs/federatedlearning/lib/python3.10/site-packages/ray/_private/client_mode_hook.py", line 104, in wrapper
    return func(*args, **kwargs)
  File "/ANON/miniconda3/envs/federatedlearning/lib/python3.10/site-packages/ray/_private/worker.py", line 2961, in get
    values, debugger_breakpoint = worker.get_objects(
  File "/ANON/miniconda3/envs/federatedlearning/lib/python3.10/site-packages/ray/_private/worker.py", line 1026, in get_objects
    raise value.as_instanceof_cause()
ray.exceptions.RayTaskError(ClientAppException): [36mray::ClientAppActor.run()[39m (pid=728306, ip=ANON_IP, actor_id=ef1781152a2a8e9073320ffa01000000, repr=<flwr.simulation.ray_transport.ray_actor.ClientAppActor object at 0x75ed400d5fc0>)
  File "/ANON/miniconda3/envs/federatedlearning/lib/python3.10/site-packages/flwr/clientapp/client_app.py", line 143, in __call__
    return self._call(message, context)
  File "/ANON/miniconda3/envs/federatedlearning/lib/python3.10/site-packages/flwr/clientapp/client_app.py", line 127, in ffn
    out_message = handle_legacy_message_from_msgtype(
  File "/ANON/miniconda3/envs/federatedlearning/lib/python3.10/site-packages/flwr/client/message_handler/message_handler.py", line 135, in handle_legacy_message_from_msgtype
    evaluate_res = maybe_call_evaluate(
  File "/ANON/miniconda3/envs/federatedlearning/lib/python3.10/site-packages/flwr/client/client.py", line 244, in maybe_call_evaluate
    return client.evaluate(evaluate_ins)
  File "/ANON/miniconda3/envs/federatedlearning/lib/python3.10/site-packages/flwr/client/numpy_client.py", line 251, in _evaluate
    results = self.numpy_client.evaluate(parameters, ins.config)  # type: ignore
  File "/ANON/fl_hod/fl/client_yolo10s.py", line 342, in evaluate
    self.set_parameters(parameters)
  File "/ANON/fl_hod/fl/client_yolo10s.py", line 251, in set_parameters
    param_dict[name] = torch.from_numpy(parameters[param_idx]).reshape(param_shape)
RuntimeError: shape '[80, 128, 1, 1]' is invalid for input of size 128

The above exception was the direct cause of the following exception:

[36mray::ClientAppActor.run()[39m (pid=728306, ip=ANON_IP, actor_id=ef1781152a2a8e9073320ffa01000000, repr=<flwr.simulation.ray_transport.ray_actor.ClientAppActor object at 0x75ed400d5fc0>)
  File "/ANON/miniconda3/envs/federatedlearning/lib/python3.10/site-packages/flwr/simulation/ray_transport/ray_actor.py", line 65, in run
    raise ClientAppException(str(ex)) from ex
flwr.clientapp.client_app.ClientAppException: 
Exception ClientAppException occurred. Message: shape '[80, 128, 1, 1]' is invalid for input of size 128

[91mERROR [0m:     [36mray::ClientAppActor.run()[39m (pid=728306, ip=ANON_IP, actor_id=ef1781152a2a8e9073320ffa01000000, repr=<flwr.simulation.ray_transport.ray_actor.ClientAppActor object at 0x75ed400d5fc0>)
  File "/ANON/miniconda3/envs/federatedlearning/lib/python3.10/site-packages/flwr/clientapp/client_app.py", line 143, in __call__
    return self._call(message, context)
  File "/ANON/miniconda3/envs/federatedlearning/lib/python3.10/site-packages/flwr/clientapp/client_app.py", line 127, in ffn
    out_message = handle_legacy_message_from_msgtype(
  File "/ANON/miniconda3/envs/federatedlearning/lib/python3.10/site-packages/flwr/client/message_handler/message_handler.py", line 135, in handle_legacy_message_from_msgtype
    evaluate_res = maybe_call_evaluate(
  File "/ANON/miniconda3/envs/federatedlearning/lib/python3.10/site-packages/flwr/client/client.py", line 244, in maybe_call_evaluate
    return client.evaluate(evaluate_ins)
  File "/ANON/miniconda3/envs/federatedlearning/lib/python3.10/site-packages/flwr/client/numpy_client.py", line 251, in _evaluate
    results = self.numpy_client.evaluate(parameters, ins.config)  # type: ignore
  File "/ANON/fl_hod/fl/client_yolo10s.py", line 342, in evaluate
    self.set_parameters(parameters)
  File "/ANON/fl_hod/fl/client_yolo10s.py", line 251, in set_parameters
    param_dict[name] = torch.from_numpy(parameters[param_idx]).reshape(param_shape)
RuntimeError: shape '[80, 128, 1, 1]' is invalid for input of size 128

The above exception was the direct cause of the following exception:

[36mray::ClientAppActor.run()[39m (pid=728306, ip=ANON_IP, actor_id=ef1781152a2a8e9073320ffa01000000, repr=<flwr.simulation.ray_transport.ray_actor.ClientAppActor object at 0x75ed400d5fc0>)
  File "/ANON/miniconda3/envs/federatedlearning/lib/python3.10/site-packages/flwr/simulation/ray_transport/ray_actor.py", line 65, in run
    raise ClientAppException(str(ex)) from ex
flwr.clientapp.client_app.ClientAppException: 
Exception ClientAppException occurred. Message: shape '[80, 128, 1, 1]' is invalid for input of size 128
[91mERROR [0m:     Traceback (most recent call last):
  File "/ANON/miniconda3/envs/federatedlearning/lib/python3.10/site-packages/flwr/simulation/ray_transport/ray_client_proxy.py", line 94, in _submit_job
    out_mssg, updated_context = self.actor_pool.get_client_result(
  File "/ANON/miniconda3/envs/federatedlearning/lib/python3.10/site-packages/flwr/simulation/ray_transport/ray_actor.py", line 400, in get_client_result
    return self._fetch_future_result(cid)
  File "/ANON/miniconda3/envs/federatedlearning/lib/python3.10/site-packages/flwr/simulation/ray_transport/ray_actor.py", line 281, in _fetch_future_result
    res_cid, out_mssg, updated_context = ray.get(
  File "/ANON/miniconda3/envs/federatedlearning/lib/python3.10/site-packages/ray/_private/auto_init_hook.py", line 22, in auto_init_wrapper
    return fn(*args, **kwargs)
  File "/ANON/miniconda3/envs/federatedlearning/lib/python3.10/site-packages/ray/_private/client_mode_hook.py", line 104, in wrapper
    return func(*args, **kwargs)
  File "/ANON/miniconda3/envs/federatedlearning/lib/python3.10/site-packages/ray/_private/worker.py", line 2961, in get
    values, debugger_breakpoint = worker.get_objects(
  File "/ANON/miniconda3/envs/federatedlearning/lib/python3.10/site-packages/ray/_private/worker.py", line 1026, in get_objects
    raise value.as_instanceof_cause()
ray.exceptions.RayTaskError(ClientAppException): [36mray::ClientAppActor.run()[39m (pid=728295, ip=ANON_IP, actor_id=f473fa12201cb82da58c9b9101000000, repr=<flwr.simulation.ray_transport.ray_actor.ClientAppActor object at 0x7ecd943d1f00>)
  File "/ANON/miniconda3/envs/federatedlearning/lib/python3.10/site-packages/flwr/clientapp/client_app.py", line 143, in __call__
    return self._call(message, context)
  File "/ANON/miniconda3/envs/federatedlearning/lib/python3.10/site-packages/flwr/clientapp/client_app.py", line 127, in ffn
    out_message = handle_legacy_message_from_msgtype(
  File "/ANON/miniconda3/envs/federatedlearning/lib/python3.10/site-packages/flwr/client/message_handler/message_handler.py", line 135, in handle_legacy_message_from_msgtype
    evaluate_res = maybe_call_evaluate(
  File "/ANON/miniconda3/envs/federatedlearning/lib/python3.10/site-packages/flwr/client/client.py", line 244, in maybe_call_evaluate
    return client.evaluate(evaluate_ins)
  File "/ANON/miniconda3/envs/federatedlearning/lib/python3.10/site-packages/flwr/client/numpy_client.py", line 251, in _evaluate
    results = self.numpy_client.evaluate(parameters, ins.config)  # type: ignore
  File "/ANON/fl_hod/fl/client_yolo10s.py", line 342, in evaluate
    self.set_parameters(parameters)
  File "/ANON/fl_hod/fl/client_yolo10s.py", line 251, in set_parameters
    param_dict[name] = torch.from_numpy(parameters[param_idx]).reshape(param_shape)
RuntimeError: shape '[80, 128, 1, 1]' is invalid for input of size 128

The above exception was the direct cause of the following exception:

[36mray::ClientAppActor.run()[39m (pid=728295, ip=ANON_IP, actor_id=f473fa12201cb82da58c9b9101000000, repr=<flwr.simulation.ray_transport.ray_actor.ClientAppActor object at 0x7ecd943d1f00>)
  File "/ANON/miniconda3/envs/federatedlearning/lib/python3.10/site-packages/flwr/simulation/ray_transport/ray_actor.py", line 65, in run
    raise ClientAppException(str(ex)) from ex
flwr.clientapp.client_app.ClientAppException: 
Exception ClientAppException occurred. Message: shape '[80, 128, 1, 1]' is invalid for input of size 128

[91mERROR [0m:     [36mray::ClientAppActor.run()[39m (pid=728295, ip=ANON_IP, actor_id=f473fa12201cb82da58c9b9101000000, repr=<flwr.simulation.ray_transport.ray_actor.ClientAppActor object at 0x7ecd943d1f00>)
  File "/ANON/miniconda3/envs/federatedlearning/lib/python3.10/site-packages/flwr/clientapp/client_app.py", line 143, in __call__
    return self._call(message, context)
  File "/ANON/miniconda3/envs/federatedlearning/lib/python3.10/site-packages/flwr/clientapp/client_app.py", line 127, in ffn
    out_message = handle_legacy_message_from_msgtype(
  File "/ANON/miniconda3/envs/federatedlearning/lib/python3.10/site-packages/flwr/client/message_handler/message_handler.py", line 135, in handle_legacy_message_from_msgtype
    evaluate_res = maybe_call_evaluate(
  File "/ANON/miniconda3/envs/federatedlearning/lib/python3.10/site-packages/flwr/client/client.py", line 244, in maybe_call_evaluate
    return client.evaluate(evaluate_ins)
  File "/ANON/miniconda3/envs/federatedlearning/lib/python3.10/site-packages/flwr/client/numpy_client.py", line 251, in _evaluate
    results = self.numpy_client.evaluate(parameters, ins.config)  # type: ignore
  File "/ANON/fl_hod/fl/client_yolo10s.py", line 342, in evaluate
    self.set_parameters(parameters)
  File "/ANON/fl_hod/fl/client_yolo10s.py", line 251, in set_parameters
    param_dict[name] = torch.from_numpy(parameters[param_idx]).reshape(param_shape)
RuntimeError: shape '[80, 128, 1, 1]' is invalid for input of size 128

The above exception was the direct cause of the following exception:

[36mray::ClientAppActor.run()[39m (pid=728295, ip=ANON_IP, actor_id=f473fa12201cb82da58c9b9101000000, repr=<flwr.simulation.ray_transport.ray_actor.ClientAppActor object at 0x7ecd943d1f00>)
  File "/ANON/miniconda3/envs/federatedlearning/lib/python3.10/site-packages/flwr/simulation/ray_transport/ray_actor.py", line 65, in run
    raise ClientAppException(str(ex)) from ex
flwr.clientapp.client_app.ClientAppException: 
Exception ClientAppException occurred. Message: shape '[80, 128, 1, 1]' is invalid for input of size 128
[92mINFO [0m:      aggregate_evaluate: received 0 results and 7 failures
[92mINFO [0m:      
[92mINFO [0m:      [SUMMARY]
[92mINFO [0m:      Run finished 1 round(s) in 100.53s
[92mINFO [0m:      	History (metrics, distributed, fit):
[92mINFO [0m:      	{'aggregator': [(1, 'median')],
[92mINFO [0m:      	 'avg_map50': [(1, 0.5341512835111142)],
[92mINFO [0m:      	 'avg_map50_95': [(1, 0.27473805302536985)],
[92mINFO [0m:      	 'avg_precision': [(1, 0.6203600695432863)],
[92mINFO [0m:      	 'avg_recall': [(1, 0.4705657211115093)],
[92mINFO [0m:      	 'num_clients': [(1, 7)]}
[92mINFO [0m:      
[36m(ClientAppActor pid=728295)[0m 
[36m(ClientAppActor pid=728295)[0m         
[36m(ClientAppActor pid=728306)[0m 
[36m(ClientAppActor pid=728306)[0m         
[36m(ClientAppActor pid=728306)[0m [93mWARNING [0m:   DEPRECATED FEATURE: `client_fn` now expects a signature `def client_fn(context: Context)`.The provided `client_fn` has signature: {'cid': <Parameter "cid: str">}. You can import the `Context` like this: `from flwr.common import Context`[32m [repeated 5x across cluster][0m
[36m(ClientAppActor pid=728306)[0m             This is a deprecated feature. It will be removed[32m [repeated 5x across cluster][0m
[36m(ClientAppActor pid=728306)[0m             entirely in future versions of Flower.[32m [repeated 5x across cluster][0m
[36m(ClientAppActor pid=728298)[0m [93mWARNING [0m:   Deprecation Warning: The `client_fn` function must return an instance of `Client`, but an instance of `NumpyClient` was returned. Please use `NumPyClient.to_client()` method to convert it to `Client`.[32m [repeated 5x across cluster][0m


