nohup: ignoring input
[plan] experiment SMOKE_median: 1 runs
  [run ] SMOKE_median/median_s1
[Client PID=719970] Ultralytics cache patched v3 (utils + dataset modules)
  [atk ] sign_flipping ratio=0.3 -> malicious=[0, 1]
[36m(ClientAppActor pid=720270)[0m [Client PID=720270] Ultralytics cache patched v3 (utils + dataset modules)
[36m(ClientAppActor pid=720270)[0m 
[36m(ClientAppActor pid=720270)[0m [Client 3] Initializing YOLOv10-S...
[36m(ClientAppActor pid=720270)[0m [Client 3] Ready
[36m(ClientAppActor pid=720270)[0m   Data: /ANON/fl_hod/data/yolo/client_configs/client_lyon.yaml
[36m(ClientAppActor pid=720270)[0m   Local epochs: 3
[36m(ClientAppActor pid=720270)[0m   Batch size: 4
[36m(ClientAppActor pid=720270)[0m   FedBN: False
[36m(ClientAppActor pid=720270)[0m 
[36m(ClientAppActor pid=720270)[0m [Client 0] Initializing YOLOv10-S...
[36m(ClientAppActor pid=720270)[0m [Client 0] Ready
[36m(ClientAppActor pid=720270)[0m   Data: /ANON/fl_hod/data/yolo/client_configs/client_budapest.yaml
[36m(ClientAppActor pid=720270)[0m   Local epochs: 3
[36m(ClientAppActor pid=720270)[0m   Batch size: 4
[36m(ClientAppActor pid=720270)[0m   FedBN: False
[36m(ClientAppActor pid=720270)[0m [Client 0] ️  MALICIOUS - Attack: SignFlippingAttack
[36m(ClientAppActor pid=720270)[0m 
[36m(ClientAppActor pid=720270)[0m [Client 0] Starting local training...
[36m(ClientAppActor pid=720270)[0m New https://pypi.org/project/ultralytics/8.4.46 available Update with 'pip install -U ultralytics'
[36m(ClientAppActor pid=720270)[0m Ultralytics 8.3.234 Python-3.10.19 torch-2.6.0+cu124 CUDA:0 (NVIDIA RTX 5000 Ada Generation, 32220MiB)
[36m(ClientAppActor pid=720270)[0m [34m[1mengine/trainer: [0magnostic_nms=False, amp=True, augment=False, auto_augment=randaugment, batch=4, bgr=0.0, box=7.5, cache=False, cfg=None, classes=None, close_mosaic=10, cls=0.5, compile=False, conf=None, copy_paste=0.0, copy_paste_mode=flip, cos_lr=False, cutmix=0.0, data=/ANON/fl_hod/data/yolo/client_configs/client_budapest.yaml, degrees=0.0, deterministic=True, device=0, dfl=1.5, dnn=False, dropout=0.0, dynamic=False, embed=None, epochs=3, erasing=0.4, exist_ok=False, fliplr=0.5, flipud=0.0, format=torchscript, fraction=1.0, freeze=None, half=False, hsv_h=0.015, hsv_s=0.7, hsv_v=0.4, imgsz=640, int8=False, iou=0.7, keras=False, kobj=1.0, line_width=None, lr0=0.001, lrf=0.01, mask_ratio=4, max_det=300, mixup=0.0, mode=train, model=/tmp/fl_yolo_models/yolov10s_client_0_720270.pt, momentum=0.937, mosaic=1.0, multi_scale=False, name=train, nbs=64, nms=False, opset=None, optimize=False, optimizer=AdamW, overlap_mask=True, patience=100, perspective=0.0, plots=False, pose=12.0, pretrained=True, profile=False, project=/tmp/fl_yolo_runs_720270, rect=False, resume=False, retina_masks=False, save=False, save_conf=False, save_crop=False, save_dir=/tmp/fl_yolo_runs_720270/train, save_frames=False, save_json=False, save_period=-1, save_txt=False, scale=0.5, seed=0, shear=0.0, show=False, show_boxes=True, show_conf=True, show_labels=True, simplify=True, single_cls=False, source=None, split=val, stream_buffer=False, task=detect, time=None, tracker=botsort.yaml, translate=0.1, val=True, verbose=False, vid_stride=1, visualize=False, warmup_bias_lr=0.1, warmup_epochs=3.0, warmup_momentum=0.8, weight_decay=0.0005, workers=8, workspace=None
[36m(ClientAppActor pid=720270)[0m Overriding model.yaml nc=80 with nc=1
[36m(ClientAppActor pid=720270)[0m 
[36m(ClientAppActor pid=720270)[0m                    from  n    params  module                                       arguments                     
[36m(ClientAppActor pid=720270)[0m   0                  -1  1       928  ultralytics.nn.modules.conv.Conv             [3, 32, 3, 2]                 
[36m(ClientAppActor pid=720270)[0m   1                  -1  1     18560  ultralytics.nn.modules.conv.Conv             [32, 64, 3, 2]                
[36m(ClientAppActor pid=720270)[0m   2                  -1  1     29056  ultralytics.nn.modules.block.C2f             [64, 64, 1, True]             
[36m(ClientAppActor pid=720270)[0m   3                  -1  1     73984  ultralytics.nn.modules.conv.Conv             [64, 128, 3, 2]               
[36m(ClientAppActor pid=720270)[0m   4                  -1  2    197632  ultralytics.nn.modules.block.C2f             [128, 128, 2, True]           
[36m(ClientAppActor pid=720270)[0m   5                  -1  1     36096  ultralytics.nn.modules.block.SCDown          [128, 256, 3, 2]              
[36m(ClientAppActor pid=720270)[0m   6                  -1  2    788480  ultralytics.nn.modules.block.C2f             [256, 256, 2, True]           
[36m(ClientAppActor pid=720270)[0m   7                  -1  1    137728  ultralytics.nn.modules.block.SCDown          [256, 512, 3, 2]              
[36m(ClientAppActor pid=720270)[0m   8                  -1  1    958464  ultralytics.nn.modules.block.C2fCIB          [512, 512, 1, True, True]     
[36m(ClientAppActor pid=720270)[0m   9                  -1  1    656896  ultralytics.nn.modules.block.SPPF            [512, 512, 5]                 
[36m(ClientAppActor pid=720270)[0m  10                  -1  1    990976  ultralytics.nn.modules.block.PSA             [512, 512]                    
[36m(ClientAppActor pid=720270)[0m  11                  -1  1         0  torch.nn.modules.upsampling.Upsample         [None, 2, 'nearest']          
[36m(ClientAppActor pid=720270)[0m  12             [-1, 6]  1         0  ultralytics.nn.modules.conv.Concat           [1]                           
[36m(ClientAppActor pid=720270)[0m  13                  -1  1    591360  ultralytics.nn.modules.block.C2f             [768, 256, 1]                 
[36m(ClientAppActor pid=720270)[0m  14                  -1  1         0  torch.nn.modules.upsampling.Upsample         [None, 2, 'nearest']          
[36m(ClientAppActor pid=720270)[0m  15             [-1, 4]  1         0  ultralytics.nn.modules.conv.Concat           [1]                           
[36m(ClientAppActor pid=720270)[0m  16                  -1  1    148224  ultralytics.nn.modules.block.C2f             [384, 128, 1]                 
[36m(ClientAppActor pid=720270)[0m  17                  -1  1    147712  ultralytics.nn.modules.conv.Conv             [128, 128, 3, 2]              
[36m(ClientAppActor pid=720270)[0m  18            [-1, 13]  1         0  ultralytics.nn.modules.conv.Concat           [1]                           
[36m(ClientAppActor pid=720270)[0m  19                  -1  1    493056  ultralytics.nn.modules.block.C2f             [384, 256, 1]                 
[36m(ClientAppActor pid=720270)[0m  20                  -1  1     68864  ultralytics.nn.modules.block.SCDown          [256, 256, 3, 2]              
[36m(ClientAppActor pid=720270)[0m  21            [-1, 10]  1         0  ultralytics.nn.modules.conv.Concat           [1]                           
[36m(ClientAppActor pid=720270)[0m  22                  -1  1   1089536  ultralytics.nn.modules.block.C2fCIB          [768, 512, 1, True, True]     
[36m(ClientAppActor pid=720270)[0m  23        [16, 19, 22]  1   1639574  ultralytics.nn.modules.head.v10Detect        [1, [128, 256, 512]]          
[36m(ClientAppActor pid=720270)[0m YOLOv10s summary: 234 layers, 8,067,126 parameters, 8,067,110 gradients, 24.8 GFLOPs
[36m(ClientAppActor pid=720270)[0m 
[36m(ClientAppActor pid=720270)[0m Transferred 607/619 items from pretrained weights
[36m(ClientAppActor pid=720274)[0m 
[36m(ClientAppActor pid=720269)[0m 
[36m(ClientAppActor pid=720272)[0m 
[36m(ClientAppActor pid=720272)[0m   Data: /ANON/fl_hod/data/yolo/client_configs/client_prague.yaml
[36m(ClientAppActor pid=720270)[0m Freezing layer 'model.23.dfl.conv.weight'
[36m(ClientAppActor pid=720270)[0m [34m[1mAMP: [0mrunning Automatic Mixed Precision (AMP) checks...
[36m(ClientAppActor pid=720283)[0m 
[36m(ClientAppActor pid=720283)[0m   Data: /ANON/fl_hod/data/yolo/client_configs/client_roma.yaml
[36m(ClientAppActor pid=720274)[0m   Data: /ANON/fl_hod/data/yolo/client_configs/client_zagreb.yaml
[36m(ClientAppActor pid=720274)[0m 
[36m(ClientAppActor pid=720277)[0m 
[36m(ClientAppActor pid=720272)[0m 
[36m(ClientAppActor pid=720284)[0m 
[36m(ClientAppActor pid=720284)[0m   Data: /ANON/fl_hod/data/yolo/client_configs/client_leipzig.yaml
[36m(ClientAppActor pid=720283)[0m 
[36m(ClientAppActor pid=720274)[0m [34m[1mengine/trainer: [0magnostic_nms=False, amp=True, augment=False, auto_augment=randaugment, batch=4, bgr=0.0, box=7.5, cache=False, cfg=None, classes=None, close_mosaic=10, cls=0.5, compile=False, conf=None, copy_paste=0.0, copy_paste_mode=flip, cos_lr=False, cutmix=0.0, data=/ANON/fl_hod/data/yolo/client_configs/client_zagreb.yaml, degrees=0.0, deterministic=True, device=0, dfl=1.5, dnn=False, dropout=0.0, dynamic=False, embed=None, epochs=3, erasing=0.4, exist_ok=False, fliplr=0.5, flipud=0.0, format=torchscript, fraction=1.0, freeze=None, half=False, hsv_h=0.015, hsv_s=0.7, hsv_v=0.4, imgsz=640, int8=False, iou=0.7, keras=False, kobj=1.0, line_width=None, lr0=0.001, lrf=0.01, mask_ratio=4, max_det=300, mixup=0.0, mode=train, model=/tmp/fl_yolo_models/yolov10s_client_6_720274.pt, momentum=0.937, mosaic=1.0, multi_scale=False, name=train, nbs=64, nms=False, opset=None, optimize=False, optimizer=AdamW, overlap_mask=True, patience=100, perspective=0.0, plots=False, pose=12.0, pretrained=True, profile=False, project=/tmp/fl_yolo_runs_720274, rect=False, resume=False, retina_masks=False, save=False, save_conf=False, save_crop=False, save_dir=/tmp/fl_yolo_runs_720274/train, save_frames=False, save_json=False, save_period=-1, save_txt=False, scale=0.5, seed=0, shear=0.0, show=False, show_boxes=True, show_conf=True, show_labels=True, simplify=True, single_cls=False, source=None, split=val, stream_buffer=False, task=detect, time=None, tracker=botsort.yaml, translate=0.1, val=True, verbose=False, vid_stride=1, visualize=False, warmup_bias_lr=0.1, warmup_epochs=3.0, warmup_momentum=0.8, weight_decay=0.0005, workers=8, workspace=None
[36m(ClientAppActor pid=720269)[0m 
[36m(ClientAppActor pid=720277)[0m   Data: /ANON/fl_hod/data/yolo/client_configs/client_koeln.yaml
[36m(ClientAppActor pid=720269)[0m [34m[1mengine/trainer: [0magnostic_nms=False, amp=True, augment=False, auto_augment=randaugment, batch=4, bgr=0.0, box=7.5, cache=False, cfg=None, classes=None, close_mosaic=10, cls=0.5, compile=False, conf=None, copy_paste=0.0, copy_paste_mode=flip, cos_lr=False, cutmix=0.0, data=/ANON/fl_hod/data/yolo/client_configs/client_lyon.yaml, degrees=0.0, deterministic=True, device=0, dfl=1.5, dnn=False, dropout=0.0, dynamic=False, embed=None, epochs=3, erasing=0.4, exist_ok=False, fliplr=0.5, flipud=0.0, format=torchscript, fraction=1.0, freeze=None, half=False, hsv_h=0.015, hsv_s=0.7, hsv_v=0.4, imgsz=640, int8=False, iou=0.7, keras=False, kobj=1.0, line_width=None, lr0=0.001, lrf=0.01, mask_ratio=4, max_det=300, mixup=0.0, mode=train, model=/tmp/fl_yolo_models/yolov10s_client_3_720269.pt, momentum=0.937, mosaic=1.0, multi_scale=False, name=train, nbs=64, nms=False, opset=None, optimize=False, optimizer=AdamW, overlap_mask=True, patience=100, perspective=0.0, plots=False, pose=12.0, pretrained=True, profile=False, project=/tmp/fl_yolo_runs_720269, rect=False, resume=False, retina_masks=False, save=False, save_conf=False, save_crop=False, save_dir=/tmp/fl_yolo_runs_720269/train, save_frames=False, save_json=False, save_period=-1, save_txt=False, scale=0.5, seed=0, shear=0.0, show=False, show_boxes=True, show_conf=True, show_labels=True, simplify=True, single_cls=False, source=None, split=val, stream_buffer=False, task=detect, time=None, tracker=botsort.yaml, translate=0.1, val=True, verbose=False, vid_stride=1, visualize=False, warmup_bias_lr=0.1, warmup_epochs=3.0, warmup_momentum=0.8, weight_decay=0.0005, workers=8, workspace=None
[36m(ClientAppActor pid=720272)[0m [34m[1mengine/trainer: [0magnostic_nms=False, amp=True, augment=False, auto_augment=randaugment, batch=4, bgr=0.0, box=7.5, cache=False, cfg=None, classes=None, close_mosaic=10, cls=0.5, compile=False, conf=None, copy_paste=0.0, copy_paste_mode=flip, cos_lr=False, cutmix=0.0, data=/ANON/fl_hod/data/yolo/client_configs/client_prague.yaml, degrees=0.0, deterministic=True, device=0, dfl=1.5, dnn=False, dropout=0.0, dynamic=False, embed=None, epochs=3, erasing=0.4, exist_ok=False, fliplr=0.5, flipud=0.0, format=torchscript, fraction=1.0, freeze=None, half=False, hsv_h=0.015, hsv_s=0.7, hsv_v=0.4, imgsz=640, int8=False, iou=0.7, keras=False, kobj=1.0, line_width=None, lr0=0.001, lrf=0.01, mask_ratio=4, max_det=300, mixup=0.0, mode=train, model=/tmp/fl_yolo_models/yolov10s_client_4_720272.pt, momentum=0.937, mosaic=1.0, multi_scale=False, name=train, nbs=64, nms=False, opset=None, optimize=False, optimizer=AdamW, overlap_mask=True, patience=100, perspective=0.0, plots=False, pose=12.0, pretrained=True, profile=False, project=/tmp/fl_yolo_runs_720272, rect=False, resume=False, retina_masks=False, save=False, save_conf=False, save_crop=False, save_dir=/tmp/fl_yolo_runs_720272/train, save_frames=False, save_json=False, save_period=-1, save_txt=False, scale=0.5, seed=0, shear=0.0, show=False, show_boxes=True, show_conf=True, show_labels=True, simplify=True, single_cls=False, source=None, split=val, stream_buffer=False, task=detect, time=None, tracker=botsort.yaml, translate=0.1, val=True, verbose=False, vid_stride=1, visualize=False, warmup_bias_lr=0.1, warmup_epochs=3.0, warmup_momentum=0.8, weight_decay=0.0005, workers=8, workspace=None
[36m(ClientAppActor pid=720284)[0m 
[36m(ClientAppActor pid=720283)[0m [34m[1mengine/trainer: [0magnostic_nms=False, amp=True, augment=False, auto_augment=randaugment, batch=4, bgr=0.0, box=7.5, cache=False, cfg=None, classes=None, close_mosaic=10, cls=0.5, compile=False, conf=None, copy_paste=0.0, copy_paste_mode=flip, cos_lr=False, cutmix=0.0, data=/ANON/fl_hod/data/yolo/client_configs/client_roma.yaml, degrees=0.0, deterministic=True, device=0, dfl=1.5, dnn=False, dropout=0.0, dynamic=False, embed=None, epochs=3, erasing=0.4, exist_ok=False, fliplr=0.5, flipud=0.0, format=torchscript, fraction=1.0, freeze=None, half=False, hsv_h=0.015, hsv_s=0.7, hsv_v=0.4, imgsz=640, int8=False, iou=0.7, keras=False, kobj=1.0, line_width=None, lr0=0.001, lrf=0.01, mask_ratio=4, max_det=300, mixup=0.0, mode=train, model=/tmp/fl_yolo_models/yolov10s_client_5_720283.pt, momentum=0.937, mosaic=1.0, multi_scale=False, name=train, nbs=64, nms=False, opset=None, optimize=False, optimizer=AdamW, overlap_mask=True, patience=100, perspective=0.0, plots=False, pose=12.0, pretrained=True, profile=False, project=/tmp/fl_yolo_runs_720283, rect=False, resume=False, retina_masks=False, save=False, save_conf=False, save_crop=False, save_dir=/tmp/fl_yolo_runs_720283/train, save_frames=False, save_json=False, save_period=-1, save_txt=False, scale=0.5, seed=0, shear=0.0, show=False, show_boxes=True, show_conf=True, show_labels=True, simplify=True, single_cls=False, source=None, split=val, stream_buffer=False, task=detect, time=None, tracker=botsort.yaml, translate=0.1, val=True, verbose=False, vid_stride=1, visualize=False, warmup_bias_lr=0.1, warmup_epochs=3.0, warmup_momentum=0.8, weight_decay=0.0005, workers=8, workspace=None
[36m(ClientAppActor pid=720274)[0m 
[36m(ClientAppActor pid=720277)[0m 
[36m(ClientAppActor pid=720277)[0m [34m[1mengine/trainer: [0magnostic_nms=False, amp=True, augment=False, auto_augment=randaugment, batch=4, bgr=0.0, box=7.5, cache=False, cfg=None, classes=None, close_mosaic=10, cls=0.5, compile=False, conf=None, copy_paste=0.0, copy_paste_mode=flip, cos_lr=False, cutmix=0.0, data=/ANON/fl_hod/data/yolo/client_configs/client_koeln.yaml, degrees=0.0, deterministic=True, device=0, dfl=1.5, dnn=False, dropout=0.0, dynamic=False, embed=None, epochs=3, erasing=0.4, exist_ok=False, fliplr=0.5, flipud=0.0, format=torchscript, fraction=1.0, freeze=None, half=False, hsv_h=0.015, hsv_s=0.7, hsv_v=0.4, imgsz=640, int8=False, iou=0.7, keras=False, kobj=1.0, line_width=None, lr0=0.001, lrf=0.01, mask_ratio=4, max_det=300, mixup=0.0, mode=train, model=/tmp/fl_yolo_models/yolov10s_client_1_720277.pt, momentum=0.937, mosaic=1.0, multi_scale=False, name=train, nbs=64, nms=False, opset=None, optimize=False, optimizer=AdamW, overlap_mask=True, patience=100, perspective=0.0, plots=False, pose=12.0, pretrained=True, profile=False, project=/tmp/fl_yolo_runs_720277, rect=False, resume=False, retina_masks=False, save=False, save_conf=False, save_crop=False, save_dir=/tmp/fl_yolo_runs_720277/train, save_frames=False, save_json=False, save_period=-1, save_txt=False, scale=0.5, seed=0, shear=0.0, show=False, show_boxes=True, show_conf=True, show_labels=True, simplify=True, single_cls=False, source=None, split=val, stream_buffer=False, task=detect, time=None, tracker=botsort.yaml, translate=0.1, val=True, verbose=False, vid_stride=1, visualize=False, warmup_bias_lr=0.1, warmup_epochs=3.0, warmup_momentum=0.8, weight_decay=0.0005, workers=8, workspace=None
[36m(ClientAppActor pid=720269)[0m 
[36m(ClientAppActor pid=720272)[0m 
[36m(ClientAppActor pid=720272)[0m  13                  -1  1    591360  ultralytics.nn.modules.block.C2f             [768, 256, 1]                 
[36m(ClientAppActor pid=720272)[0m  16                  -1  1    148224  ultralytics.nn.modules.block.C2f             [384, 128, 1]                 
[36m(ClientAppActor pid=720272)[0m  19                  -1  1    493056  ultralytics.nn.modules.block.C2f             [384, 256, 1]                 
[36m(ClientAppActor pid=720272)[0m  23        [16, 19, 22]  1   1639574  ultralytics.nn.modules.head.v10Detect        [1, [128, 256, 512]]          
[36m(ClientAppActor pid=720284)[0m [34m[1mengine/trainer: [0magnostic_nms=False, amp=True, augment=False, auto_augment=randaugment, batch=4, bgr=0.0, box=7.5, cache=False, cfg=None, classes=None, close_mosaic=10, cls=0.5, compile=False, conf=None, copy_paste=0.0, copy_paste_mode=flip, cos_lr=False, cutmix=0.0, data=/ANON/fl_hod/data/yolo/client_configs/client_leipzig.yaml, degrees=0.0, deterministic=True, device=0, dfl=1.5, dnn=False, dropout=0.0, dynamic=False, embed=None, epochs=3, erasing=0.4, exist_ok=False, fliplr=0.5, flipud=0.0, format=torchscript, fraction=1.0, freeze=None, half=False, hsv_h=0.015, hsv_s=0.7, hsv_v=0.4, imgsz=640, int8=False, iou=0.7, keras=False, kobj=1.0, line_width=None, lr0=0.001, lrf=0.01, mask_ratio=4, max_det=300, mixup=0.0, mode=train, model=/tmp/fl_yolo_models/yolov10s_client_2_720284.pt, momentum=0.937, mosaic=1.0, multi_scale=False, name=train, nbs=64, nms=False, opset=None, optimize=False, optimizer=AdamW, overlap_mask=True, patience=100, perspective=0.0, plots=False, pose=12.0, pretrained=True, profile=False, project=/tmp/fl_yolo_runs_720284, rect=False, resume=False, retina_masks=False, save=False, save_conf=False, save_crop=False, save_dir=/tmp/fl_yolo_runs_720284/train, save_frames=False, save_json=False, save_period=-1, save_txt=False, scale=0.5, seed=0, shear=0.0, show=False, show_boxes=True, show_conf=True, show_labels=True, simplify=True, single_cls=False, source=None, split=val, stream_buffer=False, task=detect, time=None, tracker=botsort.yaml, translate=0.1, val=True, verbose=False, vid_stride=1, visualize=False, warmup_bias_lr=0.1, warmup_epochs=3.0, warmup_momentum=0.8, weight_decay=0.0005, workers=8, workspace=None
[36m(ClientAppActor pid=720283)[0m 
[36m(ClientAppActor pid=720283)[0m  13                  -1  1    591360  ultralytics.nn.modules.block.C2f             [768, 256, 1]                 
[36m(ClientAppActor pid=720283)[0m  16                  -1  1    148224  ultralytics.nn.modules.block.C2f             [384, 128, 1]                 
[36m(ClientAppActor pid=720283)[0m  19                  -1  1    493056  ultralytics.nn.modules.block.C2f             [384, 256, 1]                 
[36m(ClientAppActor pid=720274)[0m  13                  -1  1    591360  ultralytics.nn.modules.block.C2f             [768, 256, 1]                 
[36m(ClientAppActor pid=720274)[0m  16                  -1  1    148224  ultralytics.nn.modules.block.C2f             [384, 128, 1]                 
[36m(ClientAppActor pid=720274)[0m  19                  -1  1    493056  ultralytics.nn.modules.block.C2f             [384, 256, 1]                 
[36m(ClientAppActor pid=720274)[0m  23        [16, 19, 22]  1   1639574  ultralytics.nn.modules.head.v10Detect        [1, [128, 256, 512]]          
[36m(ClientAppActor pid=720269)[0m  13                  -1  1    591360  ultralytics.nn.modules.block.C2f             [768, 256, 1]                 
[36m(ClientAppActor pid=720269)[0m  16                  -1  1    148224  ultralytics.nn.modules.block.C2f             [384, 128, 1]                 
[36m(ClientAppActor pid=720269)[0m  19                  -1  1    493056  ultralytics.nn.modules.block.C2f             [384, 256, 1]                 
[36m(ClientAppActor pid=720269)[0m  23        [16, 19, 22]  1   1639574  ultralytics.nn.modules.head.v10Detect        [1, [128, 256, 512]]          
[36m(ClientAppActor pid=720284)[0m 
[36m(ClientAppActor pid=720284)[0m  13                  -1  1    591360  ultralytics.nn.modules.block.C2f             [768, 256, 1]                 
[36m(ClientAppActor pid=720284)[0m  16                  -1  1    148224  ultralytics.nn.modules.block.C2f             [384, 128, 1]                 
[36m(ClientAppActor pid=720284)[0m  19                  -1  1    493056  ultralytics.nn.modules.block.C2f             [384, 256, 1]                 
[36m(ClientAppActor pid=720284)[0m  23        [16, 19, 22]  1   1639574  ultralytics.nn.modules.head.v10Detect        [1, [128, 256, 512]]          
[36m(ClientAppActor pid=720283)[0m  23        [16, 19, 22]  1   1639574  ultralytics.nn.modules.head.v10Detect        [1, [128, 256, 512]]          
[36m(ClientAppActor pid=720277)[0m 
[36m(ClientAppActor pid=720277)[0m  13                  -1  1    591360  ultralytics.nn.modules.block.C2f             [768, 256, 1]                 
[36m(ClientAppActor pid=720277)[0m  16                  -1  1    148224  ultralytics.nn.modules.block.C2f             [384, 128, 1]                 
[36m(ClientAppActor pid=720277)[0m  19                  -1  1    493056  ultralytics.nn.modules.block.C2f             [384, 256, 1]                 
[36m(ClientAppActor pid=720277)[0m  23        [16, 19, 22]  1   1639574  ultralytics.nn.modules.head.v10Detect        [1, [128, 256, 512]]          
[36m(ClientAppActor pid=720272)[0m 
[36m(ClientAppActor pid=720274)[0m 
[36m(ClientAppActor pid=720269)[0m 
[36m(ClientAppActor pid=720284)[0m 
[36m(ClientAppActor pid=720270)[0m [34m[1mAMP: [0mchecks passed [36m(ClientAppActor pid=720270)[0m [34m[1mtrain: [0mFast image access (ping: 0.0±0.0 ms, read: 5686.1±2114.5 MB/s, size: 2488.3 KB)
[36m(ClientAppActor pid=720283)[0m 
[36m(ClientAppActor pid=720277)[0m 
[36m(ClientAppActor pid=720270)[0m 
[K[34m[1mtrain: [0mScanning /ANON/fl_hod/data/yolo/labels/ecp/train... 83 images, 0 backgrounds, 0 corrupt: 17% ━━────────── 83/475 246.2it/s 0.1s<1.6s
[36m(ClientAppActor pid=720270)[0m 
[K[34m[1mtrain: [0mScanning /ANON/fl_hod/data/yolo/labels/ecp/train... 175 images, 0 backgrounds, 0 corrupt: 37% ━━━━──────── 175/475 441.5it/s 0.2s<0.7s
[36m(ClientAppActor pid=720270)[0m 
[K[34m[1mtrain: [0mScanning /ANON/fl_hod/data/yolo/labels/ecp/train... 261 images, 0 backgrounds, 0 corrupt: 55% ━━━━━━╸───── 261/475 566.4it/s 0.3s<0.4s
[36m(ClientAppActor pid=720270)[0m 
[K[34m[1mtrain: [0mScanning /ANON/fl_hod/data/yolo/labels/ecp/train... 346 images, 0 backgrounds, 0 corrupt: 73% ━━━━━━━━╸─── 346/475 648.0it/s 0.4s<0.2s
[36m(ClientAppActor pid=720270)[0m 
[K[34m[1mtrain: [0mScanning /ANON/fl_hod/data/yolo/labels/ecp/train... 428 images, 0 backgrounds, 0 corrupt: 90% ━━━━━━━━━━╸─ 428/475 697.2it/s 0.5s<0.1s
[36m(ClientAppActor pid=720270)[0m 
[K[34m[1mtrain: [0mScanning /ANON/fl_hod/data/yolo/labels/ecp/train... 475 images, 0 backgrounds, 0 corrupt: 100% ━━━━━━━━━━━━ 475/475 842.0it/s 0.6s
[K[34m[1mtrain: [0mScanning /ANON/fl_hod/data/yolo/labels/ecp/train... 475 images, 0 backgrounds, 0 corrupt: 100% ━━━━━━━━━━━━ 475/475 841.9it/s 0.6s
[36m(ClientAppActor pid=720270)[0m [34m[1mval: [0mFast image access (ping: 0.0±0.0 ms, read: 4778.9±2659.3 MB/s, size: 2343.3 KB)
[36m(ClientAppActor pid=720270)[0m 
[K[34m[1mval: [0mScanning /ANON/fl_hod/data/yolo/labels/ecp/val... 61 images, 0 backgrounds, 0 corrupt: 71% ━━━━━━━━╸─── 61/86 182.8it/s 0.1s<0.1s
[K[34m[1mval: [0mScanning /ANON/fl_hod/data/yolo/labels/ecp/val... 86 images, 0 backgrounds, 0 corrupt: 100% ━━━━━━━━━━━━ 86/86 680.9it/s 0.1s
[K[34m[1mval: [0mScanning /ANON/fl_hod/data/yolo/labels/ecp/val... 86 images, 0 backgrounds, 0 corrupt: 100% ━━━━━━━━━━━━ 86/86 680.5it/s 0.1s
[36m(ClientAppActor pid=720272)[0m 
[K[34m[1mtrain: [0mScanning /ANON/fl_hod/data/yolo/labels/ecp/train... 65 images, 0 backgrounds, 0 corrupt: 15% ━╸────────── 65/422 190.8it/s 0.1s<1.9s
[36m(ClientAppActor pid=720269)[0m 
[K[34m[1mtrain: [0mScanning /ANON/fl_hod/data/yolo/labels/ecp/train... 46 images, 0 backgrounds, 0 corrupt: 10% ━─────────── 46/477 136.2it/s 0.1s<3.2s
[36m(ClientAppActor pid=720272)[0m 
[K[34m[1mtrain: [0mScanning /ANON/fl_hod/data/yolo/labels/ecp/train... 129 images, 0 backgrounds, 0 corrupt: 31% ━━━╸──────── 129/422 317.9it/s 0.2s<0.9s
[36m(ClientAppActor pid=720283)[0m 
[K[34m[1mtrain: [0mScanning /ANON/fl_hod/data/yolo/labels/ecp/train... 57 images, 0 backgrounds, 0 corrupt: 8% ╸─────────── 57/724 154.5it/s 0.1s<4.3s
[36m(ClientAppActor pid=720274)[0m 
[K[34m[1mtrain: [0mScanning /ANON/fl_hod/data/yolo/labels/ecp/train... 128 images, 0 backgrounds, 0 corrupt: 28% ━━━───────── 128/457 322.7it/s 0.2s<1.0s
[K[34m[1mtrain: [0mScanning /ANON/fl_hod/data/yolo/labels/ecp/train... 178 images, 0 backgrounds, 0 corrupt: 39% ━━━━╸─────── 178/457 373.8it/s 0.3s<0.7s
[36m(ClientAppActor pid=720272)[0m 
[K[34m[1mtrain: [0mScanning /ANON/fl_hod/data/yolo/labels/ecp/train... 176 images, 0 backgrounds, 0 corrupt: 42% ━━━━━─────── 176/422 357.9it/s 0.3s<0.7s
[36m(ClientAppActor pid=720284)[0m 
[K[34m[1mtrain: [0mScanning /ANON/fl_hod/data/yolo/labels/ecp/train... 41 images, 0 backgrounds, 0 corrupt: 24% ━━╸───────── 41/170 118.9it/s 0.1s<1.1s
[36m(ClientAppActor pid=720272)[0m 
[K[34m[1mtrain: [0mScanning /ANON/fl_hod/data/yolo/labels/ecp/train... 225 images, 0 backgrounds, 0 corrupt: 53% ━━━━━━────── 225/422 376.5it/s 0.4s<0.5s
[36m(ClientAppActor pid=720284)[0m 
[K[34m[1mtrain: [0mScanning /ANON/fl_hod/data/yolo/labels/ecp/train... 80 images, 0 backgrounds, 0 corrupt: 47% ━━━━━╸────── 80/170 187.7it/s 0.2s<0.5s
[36m(ClientAppActor pid=720269)[0m 
[K[34m[1mtrain: [0mScanning /ANON/fl_hod/data/yolo/labels/ecp/train... 196 images, 0 backgrounds, 0 corrupt: 41% ━━━━╸─────── 196/477 336.2it/s 0.4s<0.8s
[36m(ClientAppActor pid=720272)[0m 
[K[34m[1mtrain: [0mScanning /ANON/fl_hod/data/yolo/labels/ecp/train... 297 images, 0 backgrounds, 0 corrupt: 70% ━━━━━━━━──── 297/422 467.1it/s 0.5s<0.3s
[36m(ClientAppActor pid=720284)[0m 
[K[34m[1mtrain: [0mScanning /ANON/fl_hod/data/yolo/labels/ecp/train... 131 images, 0 backgrounds, 0 corrupt: 77% ━━━━━━━━━─── 131/170 275.4it/s 0.3s<0.1s
[K[34m[1mtrain: [0mScanning /ANON/fl_hod/data/yolo/labels/ecp/train... 170 images, 0 backgrounds, 0 corrupt: 100% ━━━━━━━━━━━━ 170/170 476.1it/s 0.4s
[K[34m[1mtrain: [0mScanning /ANON/fl_hod/data/yolo/labels/ecp/train... 170 images, 0 backgrounds, 0 corrupt: 100% ━━━━━━━━━━━━ 170/170 476.1it/s 0.4s
[36m(ClientAppActor pid=720283)[0m 
[K[34m[1mtrain: [0mScanning /ANON/fl_hod/data/yolo/labels/ecp/train... 198 images, 0 backgrounds, 0 corrupt: 27% ━━━───────── 198/724 373.8it/s 0.4s<1.4s
[36m(ClientAppActor pid=720274)[0m 
[K[34m[1mtrain: [0mScanning /ANON/fl_hod/data/yolo/labels/ecp/train... 277 images, 0 backgrounds, 0 corrupt: 61% ━━━━━━━───── 277/457 425.7it/s 0.5s<0.4s
[36m(ClientAppActor pid=720272)[0m 
[K[34m[1mtrain: [0mScanning /ANON/fl_hod/data/yolo/labels/ecp/train... 353 images, 0 backgrounds, 0 corrupt: 84% ━━━━━━━━━━── 353/422 471.9it/s 0.6s<0.1s
[36m(ClientAppActor pid=720269)[0m 
[K[34m[1mtrain: [0mScanning /ANON/fl_hod/data/yolo/labels/ecp/train... 312 images, 0 backgrounds, 0 corrupt: 65% ━━━━━━━╸──── 312/477 440.7it/s 0.6s<0.4s
[36m(ClientAppActor pid=720274)[0m 
[K[34m[1mtrain: [0mScanning /ANON/fl_hod/data/yolo/labels/ecp/train... 453 images, 0 backgrounds, 0 corrupt: 99% ━━━━━━━━━━━╸ 453/457 498.4it/s 0.8s<0.0s
[K[34m[1mtrain: [0mScanning /ANON/fl_hod/data/yolo/labels/ecp/train... 457 images, 0 backgrounds, 0 corrupt: 100% ━━━━━━━━━━━━ 457/457 540.1it/s 0.8s
[K[34m[1mtrain: [0mScanning /ANON/fl_hod/data/yolo/labels/ecp/train... 457 images, 0 backgrounds, 0 corrupt: 100% ━━━━━━━━━━━━ 457/457 540.1it/s 0.8s
[36m(ClientAppActor pid=720277)[0m 
[K[34m[1mtrain: [0mScanning /ANON/fl_hod/data/yolo/labels/ecp/train... 398 images, 0 backgrounds, 0 corrupt: 80% ━━━━━━━━━╸── 398/496 587.3it/s 0.8s<0.2s
[36m(ClientAppActor pid=720284)[0m 
[K[34m[1mval: [0mScanning /ANON/fl_hod/data/yolo/labels/ecp/val... 15 images, 0 backgrounds, 0 corrupt: 100% ━━━━━━━━━━━━ 15/15 620.1it/s 0.0s
[K[34m[1mval: [0mScanning /ANON/fl_hod/data/yolo/labels/ecp/val... 15 images, 0 backgrounds, 0 corrupt: 100% ━━━━━━━━━━━━ 15/15 617.7it/s 0.0s
[36m(ClientAppActor pid=720277)[0m 
[K[34m[1mtrain: [0mScanning /ANON/fl_hod/data/yolo/labels/ecp/train... 463 images, 0 backgrounds, 0 corrupt: 93% ━━━━━━━━━━━─ 463/496 589.9it/s 0.9s<0.1s
[K[34m[1mtrain: [0mScanning /ANON/fl_hod/data/yolo/labels/ecp/train... 496 images, 0 backgrounds, 0 corrupt: 100% ━━━━━━━━━━━━ 496/496 562.3it/s 0.9s
[K[34m[1mtrain: [0mScanning /ANON/fl_hod/data/yolo/labels/ecp/train... 496 images, 0 backgrounds, 0 corrupt: 100% ━━━━━━━━━━━━ 496/496 562.3it/s 0.9s
[36m(ClientAppActor pid=720272)[0m 
[K[34m[1mval: [0mScanning /ANON/fl_hod/data/yolo/labels/ecp/val... 37 images, 0 backgrounds, 0 corrupt: 54% ━━━━━━────── 37/69 108.0it/s 0.1s<0.3s
[K[34m[1mval: [0mScanning /ANON/fl_hod/data/yolo/labels/ecp/val... 69 images, 0 backgrounds, 0 corrupt: 100% ━━━━━━━━━━━━ 69/69 555.2it/s 0.1s
[K[34m[1mval: [0mScanning /ANON/fl_hod/data/yolo/labels/ecp/val... 69 images, 0 backgrounds, 0 corrupt: 100% ━━━━━━━━━━━━ 69/69 555.0it/s 0.1s
[36m(ClientAppActor pid=720274)[0m 
[K[34m[1mval: [0mScanning /ANON/fl_hod/data/yolo/labels/ecp/val... 27 images, 0 backgrounds, 0 corrupt: 34% ━━━━──────── 27/80 70.6it/s 0.1s<0.8s
[36m(ClientAppActor pid=720284)[0m [Client PID=720284] Ultralytics cache patched v3 (utils + dataset modules)[32m [repeated 6x across cluster] (Ray deduplicates logs by default. Set RAY_DEDUP_LOGS=0 to disable log deduplication, or see https://docs.ray.io/en/master/ray-observability/user-guides/configure-logging.html#log-deduplication for more options.)[0m
[36m(ClientAppActor pid=720284)[0m [Client 2] Initializing YOLOv10-S...[32m [repeated 6x across cluster][0m
[36m(ClientAppActor pid=720277)[0m [Client 1] Ready[32m [repeated 6x across cluster][0m
[36m(ClientAppActor pid=720269)[0m   Data: /ANON/fl_hod/data/yolo/client_configs/client_lyon.yaml
[36m(ClientAppActor pid=720277)[0m   Local epochs: 3[32m [repeated 6x across cluster][0m
[36m(ClientAppActor pid=720277)[0m   Batch size: 4[32m [repeated 6x across cluster][0m
[36m(ClientAppActor pid=720277)[0m   FedBN: False[32m [repeated 6x across cluster][0m
[36m(ClientAppActor pid=720269)[0m 
[K[34m[1mval: [0mScanning /ANON/fl_hod/data/yolo/labels/ecp/val... 1 images, 0 backgrounds, 0 corrupt: 1% ──────────── 1/115 2.5it/s 0.1s<45.5s
[36m(ClientAppActor pid=720277)[0m [Client 1] ️  MALICIOUS - Attack: SignFlippingAttack
[36m(ClientAppActor pid=720277)[0m [Client 1] Starting local training...[32m [repeated 6x across cluster][0m
[36m(ClientAppActor pid=720277)[0m 
[K[34m[1mval: [0mScanning /ANON/fl_hod/data/yolo/labels/ecp/val... 13 images, 0 backgrounds, 0 corrupt: 16% ━╸────────── 13/82 38.0it/s 0.1s<1.8s
[36m(ClientAppActor pid=720277)[0m New https://pypi.org/project/ultralytics/8.4.46 available Update with 'pip install -U ultralytics'[32m [repeated 6x across cluster][0m
[36m(ClientAppActor pid=720284)[0m Ultralytics 8.3.234 Python-3.10.19 torch-2.6.0+cu124 CUDA:0 (NVIDIA RTX 5000 Ada Generation, 32220MiB)[32m [repeated 6x across cluster][0m
[36m(ClientAppActor pid=720269)[0m 
[K[34m[1mval: [0mScanning /ANON/fl_hod/data/yolo/labels/ecp/val... 25 images, 0 backgrounds, 0 corrupt: 22% ━━╸───────── 25/115 72.3it/s 0.2s<1.2s
[36m(ClientAppActor pid=720269)[0m 
[K[34m[1mval: [0mScanning /ANON/fl_hod/data/yolo/labels/ecp/val... 68 images, 0 backgrounds, 0 corrupt: 59% ━━━━━━━───── 68/115 162.8it/s 0.3s<0.3s
[K[34m[1mval: [0mScanning /ANON/fl_hod/data/yolo/labels/ecp/val... 115 images, 0 backgrounds, 0 corrupt: 100% ━━━━━━━━━━━━ 115/115 276.6it/s 0.4s
[K[34m[1mval: [0mScanning /ANON/fl_hod/data/yolo/labels/ecp/val... 115 images, 0 backgrounds, 0 corrupt: 100% ━━━━━━━━━━━━ 115/115 276.5it/s 0.4s
[36m(ClientAppActor pid=720283)[0m 
[K[34m[1mval: [0mScanning /ANON/fl_hod/data/yolo/labels/ecp/val... 79 images, 0 backgrounds, 0 corrupt: 59% ━━━━━━━───── 79/133 186.9it/s 0.2s<0.3s
[36m(ClientAppActor pid=720283)[0m 
[K[34m[1mval: [0mScanning /ANON/fl_hod/data/yolo/labels/ecp/val... 118 images, 0 backgrounds, 0 corrupt: 89% ━━━━━━━━━━╸─ 118/133 246.8it/s 0.3s<0.1s
[K[34m[1mval: [0mScanning /ANON/fl_hod/data/yolo/labels/ecp/val... 133 images, 0 backgrounds, 0 corrupt: 100% ━━━━━━━━━━━━ 133/133 388.6it/s 0.3s
[K[34m[1mval: [0mScanning /ANON/fl_hod/data/yolo/labels/ecp/val... 133 images, 0 backgrounds, 0 corrupt: 100% ━━━━━━━━━━━━ 133/133 388.5it/s 0.3s
[36m(ClientAppActor pid=720277)[0m Overriding model.yaml nc=80 with nc=1[32m [repeated 6x across cluster][0m
[36m(ClientAppActor pid=720277)[0m                    from  n    params  module                                       arguments                     [32m [repeated 6x across cluster][0m
[36m(ClientAppActor pid=720277)[0m  17                  -1  1    147712  ultralytics.nn.modules.conv.Conv             [128, 128, 3, 2]              [32m [repeated 24x across cluster][0m
[36m(ClientAppActor pid=720277)[0m   6                  -1  2    788480  ultralytics.nn.modules.block.C2f             [256, 256, 2, True]           [32m [repeated 18x across cluster][0m
[36m(ClientAppActor pid=720277)[0m  20                  -1  1     68864  ultralytics.nn.modules.block.SCDown          [256, 256, 3, 2]              [32m [repeated 18x across cluster][0m
[36m(ClientAppActor pid=720270)[0m [34m[1moptimizer:[0m AdamW(lr=0.001, momentum=0.937) with parameter groups 99 weight(decay=0.0), 112 weight(decay=0.0005), 111 bias(decay=0.0)
[36m(ClientAppActor pid=720270)[0m Image sizes 640 train, 640 val
[36m(ClientAppActor pid=720270)[0m Using 8 dataloader workers
[36m(ClientAppActor pid=720270)[0m Logging results to [1m/tmp/fl_yolo_runs_720270/train[0m
[36m(ClientAppActor pid=720270)[0m Starting training for 3 epochs...
[36m(ClientAppActor pid=720270)[0m 
[36m(ClientAppActor pid=720270)[0m       Epoch    GPU_mem   box_loss   cls_loss   dfl_loss  Instances       Size
[36m(ClientAppActor pid=720277)[0m  22                  -1  1   1089536  ultralytics.nn.modules.block.C2fCIB          [768, 512, 1, True, True]     [32m [repeated 12x across cluster][0m
[36m(ClientAppActor pid=720277)[0m   9                  -1  1    656896  ultralytics.nn.modules.block.SPPF            [512, 512, 5]                 [32m [repeated 6x across cluster][0m
[36m(ClientAppActor pid=720277)[0m  10                  -1  1    990976  ultralytics.nn.modules.block.PSA             [512, 512]                    [32m [repeated 6x across cluster][0m
[36m(ClientAppActor pid=720277)[0m  14                  -1  1         0  torch.nn.modules.upsampling.Upsample         [None, 2, 'nearest']          [32m [repeated 12x across cluster][0m
[36m(ClientAppActor pid=720277)[0m  21            [-1, 10]  1         0  ultralytics.nn.modules.conv.Concat           [1]                           [32m [repeated 24x across cluster][0m
[36m(ClientAppActor pid=720277)[0m YOLOv10s summary: 234 layers, 8,067,126 parameters, 8,067,110 gradients, 24.8 GFLOPs[32m [repeated 6x across cluster][0m
[36m(ClientAppActor pid=720277)[0m Transferred 607/619 items from pretrained weights[32m [repeated 6x across cluster][0m
[36m(ClientAppActor pid=720283)[0m Freezing layer 'model.23.dfl.conv.weight'[32m [repeated 6x across cluster][0m
[36m(ClientAppActor pid=720283)[0m [34m[1mAMP: [0mrunning Automatic Mixed Precision (AMP) checks...[32m [repeated 6x across cluster][0m
[36m(ClientAppActor pid=720270)[0m 
[K        1/3      1.38G      4.307      16.47      2.469         84        640: 0% ──────────── 0/119  1.9s
[36m(ClientAppActor pid=720284)[0m [34m[1mAMP: [0mchecks passed [32m [repeated 6x across cluster][0m
[36m(ClientAppActor pid=720283)[0m [34m[1mval: [0mFast image access (ping: 0.0±0.0 ms, read: 3448.9±2467.1 MB/s, size: 2493.0 KB)[32m [repeated 12x across cluster][0m
[36m(ClientAppActor pid=720283)[0m 
[K[34m[1mtrain: [0mScanning /ANON/fl_hod/data/yolo/labels/ecp/train... 135 images, 0 backgrounds, 0 corrupt: 19% ━━────────── 135/724 266.4it/s 0.3s<2.2s[32m [repeated 2x across cluster][0m
[36m(ClientAppActor pid=720283)[0m 
[K[34m[1mtrain: [0mScanning /ANON/fl_hod/data/yolo/labels/ecp/train... 267 images, 0 backgrounds, 0 corrupt: 37% ━━━━──────── 267/724 452.5it/s 0.5s<1.0s
[36m(ClientAppActor pid=720269)[0m 
[K[34m[1mtrain: [0mScanning /ANON/fl_hod/data/yolo/labels/ecp/train... 264 images, 0 backgrounds, 0 corrupt: 55% ━━━━━━╸───── 264/477 437.5it/s 0.5s<0.5s
[36m(ClientAppActor pid=720283)[0m 
[K[34m[1mtrain: [0mScanning /ANON/fl_hod/data/yolo/labels/ecp/train... 525 images, 0 backgrounds, 0 corrupt: 73% ━━━━━━━━╸─── 525/724 620.3it/s 1.0s<0.3s[32m [repeated 3x across cluster][0m
[36m(ClientAppActor pid=720283)[0m 
[K[34m[1mtrain: [0mScanning /ANON/fl_hod/data/yolo/labels/ecp/train... 639 images, 0 backgrounds, 0 corrupt: 88% ━━━━━━━━━━╸─ 639/724 545.0it/s 1.2s<0.2s[32m [repeated 3x across cluster][0m
[36m(ClientAppActor pid=720283)[0m 
[K[34m[1mtrain: [0mScanning /ANON/fl_hod/data/yolo/labels/ecp/train... 724 images, 0 backgrounds, 0 corrupt: 100% ━━━━━━━━━━━━ 724/724 563.5it/s 1.3s
[K[34m[1mtrain: [0mScanning /ANON/fl_hod/data/yolo/labels/ecp/train... 724 images, 0 backgrounds, 0 corrupt: 100% ━━━━━━━━━━━━ 724/724 563.4it/s 1.3s[32m [repeated 3x across cluster][0m
[36m(ClientAppActor pid=720277)[0m 
[K[34m[1mtrain: [0mScanning /ANON/fl_hod/data/yolo/labels/ecp/train... 74 images, 0 backgrounds, 0 corrupt: 15% ━╸────────── 74/496 167.0it/s 0.2s<2.5s[32m [repeated 3x across cluster][0m
[36m(ClientAppActor pid=720277)[0m 
[K[34m[1mtrain: [0mScanning /ANON/fl_hod/data/yolo/labels/ecp/train... 145 images, 0 backgrounds, 0 corrupt: 29% ━━━╸──────── 145/496 329.3it/s 0.3s<1.1s[32m [repeated 2x across cluster][0m
[36m(ClientAppActor pid=720277)[0m 
[K[34m[1mtrain: [0mScanning /ANON/fl_hod/data/yolo/labels/ecp/train... 41 images, 0 backgrounds, 0 corrupt: 8% ╸─────────── 41/496 112.7it/s 0.1s<4.0s
[36m(ClientAppActor pid=720283)[0m 
[K[34m[1mtrain: [0mScanning /ANON/fl_hod/data/yolo/labels/ecp/train... 315 images, 0 backgrounds, 0 corrupt: 44% ━━━━━─────── 315/724 441.8it/s 0.6s<0.9s
[36m(ClientAppActor pid=720283)[0m 
[K[34m[1mtrain: [0mScanning /ANON/fl_hod/data/yolo/labels/ecp/train... 377 images, 0 backgrounds, 0 corrupt: 52% ━━━━━━────── 377/724 471.3it/s 0.8s<0.7s[32m [repeated 2x across cluster][0m
[36m(ClientAppActor pid=720274)[0m 
[K[34m[1mtrain: [0mScanning /ANON/fl_hod/data/yolo/labels/ecp/train... 221 images, 0 backgrounds, 0 corrupt: 48% ━━━━━╸────── 221/457 382.1it/s 0.4s<0.6s
[36m(ClientAppActor pid=720270)[0m 
[K        1/3      1.38G      4.166      37.01      2.218         12        640: 1% ──────────── 1/119 1.1s/it 2.2s<2:10
[36m(ClientAppActor pid=720277)[0m 
[K[34m[1mtrain: [0mScanning /ANON/fl_hod/data/yolo/labels/ecp/train... 196 images, 0 backgrounds, 0 corrupt: 40% ━━━━╸─────── 196/496 370.7it/s 0.4s<0.8s
[36m(ClientAppActor pid=720283)[0m 
[K[34m[1mtrain: [0mScanning /ANON/fl_hod/data/yolo/labels/ecp/train... 432 images, 0 backgrounds, 0 corrupt: 60% ━━━━━━━───── 432/724 488.3it/s 0.9s<0.6s[32m [repeated 2x across cluster][0m
[36m(ClientAppActor pid=720284)[0m 
[36m(ClientAppActor pid=720283)[0m 
[K[34m[1mtrain: [0mScanning /ANON/fl_hod/data/yolo/labels/ecp/train... 585 images, 0 backgrounds, 0 corrupt: 81% ━━━━━━━━━╸── 585/724 572.7it/s 1.1s<0.2s
[36m(ClientAppActor pid=720277)[0m 
[K[34m[1mval: [0mScanning /ANON/fl_hod/data/yolo/labels/ecp/val... 82 images, 0 backgrounds, 0 corrupt: 100% ━━━━━━━━━━━━ 82/82 418.8it/s 0.2s
[K[34m[1mval: [0mScanning /ANON/fl_hod/data/yolo/labels/ecp/val... 82 images, 0 backgrounds, 0 corrupt: 100% ━━━━━━━━━━━━ 82/82 418.7it/s 0.2s[32m [repeated 2x across cluster][0m
[36m(ClientAppActor pid=720270)[0m 
[K        1/3      1.38G      4.816       30.4      2.394        102        640: 3% ──────────── 3/119 3.6it/s 2.4s<32.2s
[36m(ClientAppActor pid=720270)[0m 
[K        1/3      1.38G      4.639      30.66      2.367         27        640: 3% ──────────── 4/119 3.4it/s 2.7s<33.9s
[36m(ClientAppActor pid=720270)[0m 
[K        1/3      1.38G       5.01      47.33      2.719         11        640: 4% ╸─────────── 5/119 2.6it/s 3.8s<43.2s
[36m(ClientAppActor pid=720270)[0m 
[K        1/3      1.38G      4.797      44.26      2.664         34        640: 5% ╸─────────── 6/119 2.8it/s 4.2s<40.0s
[36m(ClientAppActor pid=720283)[0m 
[K[34m[1mval: [0mScanning /ANON/fl_hod/data/yolo/labels/ecp/val... 21 images, 0 backgrounds, 0 corrupt: 16% ━╸────────── 21/133 50.4it/s 0.1s<2.2s
[36m(ClientAppActor pid=720272)[0m 
[36m(ClientAppActor pid=720270)[0m 
[K        1/3      1.38G      4.712      43.13      2.622         22        640: 6% ╸─────────── 7/119 2.8it/s 4.5s<39.3s
[36m(ClientAppActor pid=720270)[0m 
[K        1/3      1.41G      4.724      41.55      2.561         51        640: 7% ╸─────────── 8/119 4.2it/s 4.6s<26.6s
[36m(ClientAppActor pid=720270)[0m 
[K        1/3      1.42G      4.567      39.04      2.516         34        640: 8% ╸─────────── 9/119 5.2it/s 4.8s<21.0s
[36m(ClientAppActor pid=720283)[0m 
[36m(ClientAppActor pid=720270)[0m 
[K        1/3      1.42G      4.546      36.87      2.483         34        640: 8% ━─────────── 10/119 5.4it/s 4.9s<20.2s
[36m(ClientAppActor pid=720274)[0m 
[36m(ClientAppActor pid=720277)[0m 
[36m(ClientAppActor pid=720277)[0m [34m[1moptimizer:[0m AdamW(lr=0.001, momentum=0.937) with parameter groups 99 weight(decay=0.0), 112 weight(decay=0.0005), 111 bias(decay=0.0)[32m [repeated 5x across cluster][0m
[36m(ClientAppActor pid=720277)[0m Image sizes 640 train, 640 val[32m [repeated 5x across cluster][0m
[36m(ClientAppActor pid=720277)[0m Using 8 dataloader workers[32m [repeated 5x across cluster][0m
[36m(ClientAppActor pid=720277)[0m Logging results to [1m/tmp/fl_yolo_runs_720277/train[0m[32m [repeated 5x across cluster][0m
[36m(ClientAppActor pid=720277)[0m Starting training for 3 epochs...[32m [repeated 5x across cluster][0m
[36m(ClientAppActor pid=720277)[0m       Epoch    GPU_mem   box_loss   cls_loss   dfl_loss  Instances       Size[32m [repeated 5x across cluster][0m
[36m(ClientAppActor pid=720270)[0m 
[K        1/3      1.42G      4.499      34.53      2.453         37        640: 9% ━─────────── 11/119 5.6it/s 5.1s<19.3s
[36m(ClientAppActor pid=720270)[0m 
[K        1/3      1.42G      4.484      32.37      2.437         50        640: 10% ━─────────── 12/119 5.2it/s 5.3s<20.4s
[36m(ClientAppActor pid=720270)[0m 
[K        1/3      1.45G      4.534       31.5      2.411         12        640: 11% ━─────────── 13/119 4.6it/s 5.7s<23.2s
[36m(ClientAppActor pid=720270)[0m 
[K        1/3      1.45G      4.482      29.89      2.397         20        640: 12% ━─────────── 14/119 4.3it/s 5.9s<24.3s
[36m(ClientAppActor pid=720270)[0m 
[K        1/3      1.45G      4.497       28.4      2.371         47        640: 13% ━╸────────── 15/119 4.7it/s 6.1s<22.1s
[36m(ClientAppActor pid=720269)[0m 
[36m(ClientAppActor pid=720270)[0m 
[K        1/3      1.45G      4.471      27.09      2.373         22        640: 13% ━╸────────── 16/119 4.9it/s 6.3s<21.1s
[36m(ClientAppActor pid=720270)[0m 
[K        1/3      1.45G      4.431      25.91      2.381         26        640: 14% ━╸────────── 17/119 5.2it/s 6.5s<19.7s
[36m(ClientAppActor pid=720270)[0m 
[K        1/3      1.45G      4.403       24.8      2.416         54        640: 15% ━╸────────── 18/119 6.0it/s 6.6s<16.9s
[36m(ClientAppActor pid=720270)[0m 
[K        1/3      1.45G      4.396      23.82      2.408         30        640: 16% ━╸────────── 19/119 5.9it/s 6.8s<17.1s
[36m(ClientAppActor pid=720277)[0m 
[K        1/3      1.35G       4.93      23.45      2.762         45        640: 0% ──────────── 0/124  1.9s[32m [repeated 10x across cluster][0m
[36m(ClientAppActor pid=720270)[0m 
[K        1/3      1.45G      4.418      22.91      2.393         37        640: 17% ━━────────── 20/119 5.4it/s 7.0s<18.4s
[36m(ClientAppActor pid=720270)[0m 
[K        1/3      1.45G      4.403      22.04      2.388         37        640: 18% ━━────────── 21/119 5.0it/s 7.2s<19.5s
[36m(ClientAppActor pid=720270)[0m 
[K        1/3      1.45G      4.378      21.24      2.388         36        640: 18% ━━────────── 22/119 6.0it/s 7.4s<16.0s
[36m(ClientAppActor pid=720284)[0m 
[K        1/3      1.38G        4.9      59.96      2.496         21        640: 21% ━━╸───────── 9/43 3.8it/s 5.3s<8.9s
[36m(ClientAppActor pid=720272)[0m 
[K        1/3      1.36G      4.963      48.54      2.437         39        640: 8% ╸─────────── 8/106 2.4it/s 4.7s<40.3s[32m [repeated 9x across cluster][0m
[36m(ClientAppActor pid=720284)[0m 
[K        1/3      1.38G      5.098      63.79      2.563         14        640: 26% ━━━───────── 11/43 2.7it/s 6.6s<11.8s
[36m(ClientAppActor pid=720284)[0m 
[K        1/3      1.38G      4.981      61.63      2.555         21        640: 28% ━━━───────── 12/43 3.4it/s 6.8s<9.2s
[36m(ClientAppActor pid=720284)[0m 
[K        1/3      1.38G      5.049      61.23      2.562         18        640: 30% ━━━╸──────── 13/43 4.0it/s 7.0s<7.4s
[36m(ClientAppActor pid=720284)[0m 
[K        1/3      1.38G      4.979      61.39      2.551         13        640: 33% ━━━╸──────── 14/43 4.4it/s 7.2s<6.7s
[36m(ClientAppActor pid=720284)[0m 
[K        1/3      1.38G      5.155      61.79      2.582         32        640: 35% ━━━━──────── 15/43 4.5it/s 7.4s<6.3s
[36m(ClientAppActor pid=720284)[0m 
[K        1/3      1.38G      5.089      61.19      2.569         17        640: 37% ━━━━──────── 16/43 4.7it/s 7.6s<5.7s
[36m(ClientAppActor pid=720277)[0m 
[K        1/3      1.39G      4.766       21.9      2.538         59        640: 9% ━─────────── 11/124 4.5it/s 5.0s<25.3s[32m [repeated 11x across cluster][0m
[36m(ClientAppActor pid=720269)[0m [34m[1moptimizer:[0m AdamW(lr=0.001, momentum=0.937) with parameter groups 99 weight(decay=0.0), 112 weight(decay=0.0005), 111 bias(decay=0.0)
[36m(ClientAppActor pid=720269)[0m Image sizes 640 train, 640 val
[36m(ClientAppActor pid=720269)[0m Using 8 dataloader workers
[36m(ClientAppActor pid=720269)[0m Logging results to [1m/tmp/fl_yolo_runs_720269/train[0m
[36m(ClientAppActor pid=720269)[0m Starting training for 3 epochs...
[36m(ClientAppActor pid=720269)[0m       Epoch    GPU_mem   box_loss   cls_loss   dfl_loss  Instances       Size
[36m(ClientAppActor pid=720284)[0m 
[K        1/3      1.38G      5.149      61.73      2.618         13        640: 40% ━━━━╸─────── 17/43 4.8it/s 7.8s<5.5s
[36m(ClientAppActor pid=720284)[0m 
[K        1/3      1.38G       5.22       63.3      2.659         11        640: 42% ━━━━━─────── 18/43 4.6it/s 8.0s<5.5s
[36m(ClientAppActor pid=720284)[0m 
[K        1/3       1.4G      5.231      62.01      2.645         17        640: 44% ━━━━━─────── 19/43 4.8it/s 8.2s<5.0s
[36m(ClientAppActor pid=720284)[0m 
[K        1/3      1.42G      5.205      62.03      2.674          8        640: 47% ━━━━━╸────── 20/43 5.1it/s 8.4s<4.5s
[36m(ClientAppActor pid=720284)[0m 
[K        1/3      1.42G      5.288      62.01      2.702         11        640: 49% ━━━━━╸────── 21/43 5.0it/s 8.6s<4.4s
[36m(ClientAppActor pid=720284)[0m 
[K        1/3      1.42G      5.341      60.89      2.715         10        640: 51% ━━━━━━────── 22/43 5.2it/s 8.8s<4.0s
[36m(ClientAppActor pid=720274)[0m 
[K        1/3      1.41G      4.143      31.93       2.41         36        640: 16% ━╸────────── 18/115 4.7it/s 6.0s<20.6s[32m [repeated 11x across cluster][0m
[36m(ClientAppActor pid=720284)[0m 
[K        1/3      1.42G      5.382      59.39      2.724         26        640: 53% ━━━━━━────── 23/43 5.2it/s 9.0s<3.9s
[36m(ClientAppActor pid=720284)[0m 
[K        1/3      1.42G      5.377      57.52      2.736         35        640: 56% ━━━━━━╸───── 24/43 5.3it/s 9.1s<3.6s
[36m(ClientAppActor pid=720284)[0m 
[K        1/3      1.42G      5.391      55.94      2.724         27        640: 58% ━━━━━━╸───── 25/43 5.3it/s 9.3s<3.4s
[36m(ClientAppActor pid=720284)[0m 
[K        1/3      1.42G       5.39      54.33      2.736         26        640: 60% ━━━━━━━───── 26/43 5.3it/s 9.5s<3.2s
[36m(ClientAppActor pid=720269)[0m 
[K        1/3      1.37G      5.203      25.41       2.67        112        640: 4% ──────────── 5/120 3.7it/s 3.4s<30.7s[32m [repeated 21x across cluster][0m
[36m(ClientAppActor pid=720277)[0m 
[K        1/3      1.41G      4.452      14.36      2.454          9        640: 17% ━━────────── 21/124 5.2it/s 7.1s<20.0s[32m [repeated 12x across cluster][0m
[36m(ClientAppActor pid=720284)[0m 
[K        1/3      1.42G      5.383      52.94      2.721         15        640: 63% ━━━━━━━╸──── 27/43 5.2it/s 9.7s<3.1s
[36m(ClientAppActor pid=720284)[0m 
[K        1/3      1.43G      5.322      51.54      2.708         15        640: 65% ━━━━━━━╸──── 28/43 5.4it/s 9.9s<2.8s
[36m(ClientAppActor pid=720284)[0m 
[K        1/3      1.43G      5.316      50.35      2.715         13        640: 67% ━━━━━━━━──── 29/43 5.4it/s 10.1s<2.6s
[36m(ClientAppActor pid=720284)[0m 
[K        1/3      1.43G      5.264      48.99      2.711         17        640: 70% ━━━━━━━━──── 30/43 5.4it/s 10.3s<2.4s
[36m(ClientAppActor pid=720284)[0m 
[K        1/3      1.43G      5.226      47.72      2.692         15        640: 72% ━━━━━━━━╸─── 31/43 5.9it/s 10.4s<2.0s
[36m(ClientAppActor pid=720274)[0m 
[K        1/3      1.41G      4.191      23.99      2.381         37        640: 23% ━━╸───────── 26/115 5.2it/s 7.6s<17.0s[32m [repeated 13x across cluster][0m
[36m(ClientAppActor pid=720284)[0m 
[K        1/3      1.43G      5.205       46.5      2.681         30        640: 74% ━━━━━━━━╸─── 32/43 5.0it/s 10.7s<2.2s
[36m(ClientAppActor pid=720284)[0m 
[K        1/3      1.43G      5.172      45.47      2.663         10        640: 77% ━━━━━━━━━─── 33/43 4.1it/s 11.2s<2.4s
[36m(ClientAppActor pid=720284)[0m 
[K        1/3      1.43G      5.207      44.43       2.67         36        640: 79% ━━━━━━━━━─── 34/43 3.8it/s 11.6s<2.4s
[36m(ClientAppActor pid=720269)[0m 
[K        1/3      1.41G      5.048      23.68      2.723         52        640: 8% ╸─────────── 9/120 4.3it/s 4.3s<25.7s[32m [repeated 19x across cluster][0m
[36m(ClientAppActor pid=720274)[0m 
[K        1/3      1.41G       4.18         22      2.358         25        640: 25% ━━━───────── 29/115 3.4it/s 8.9s<25.5s[32m [repeated 9x across cluster][0m
[36m(ClientAppActor pid=720284)[0m 
[K        1/3      1.43G      5.182      43.35      2.657         33        640: 81% ━━━━━━━━━╸── 35/43 4.1it/s 11.8s<1.9s
[36m(ClientAppActor pid=720284)[0m 
[K        1/3      1.43G       5.16      42.33      2.655         24        640: 84% ━━━━━━━━━━── 36/43 4.3it/s 12.0s<1.6s
[36m(ClientAppActor pid=720272)[0m 
[K        1/3      1.43G      4.652      22.38      2.391         18        640: 29% ━━━╸──────── 31/106 4.5it/s 10.0s<16.8s[32m [repeated 6x across cluster][0m
[36m(ClientAppActor pid=720284)[0m 
[K        1/3      1.43G       5.18      41.42      2.657         36        640: 86% ━━━━━━━━━━── 37/43 4.6it/s 12.2s<1.3s
[36m(ClientAppActor pid=720270)[0m 
[K        1/3      1.45G      4.309      12.74      2.271         91        640: 37% ━━━━──────── 44/119 5.2it/s 12.4s<14.4s[32m [repeated 5x across cluster][0m
[36m(ClientAppActor pid=720284)[0m 
[K        1/3      1.43G      5.159      40.54      2.645         27        640: 88% ━━━━━━━━━━╸─ 38/43 4.7it/s 12.4s<1.1s
[36m(ClientAppActor pid=720284)[0m 
[K        1/3      1.43G      5.134      39.75      2.639          9        640: 91% ━━━━━━━━━━╸─ 39/43 4.9it/s 12.6s<0.8s
[36m(ClientAppActor pid=720283)[0m 
[K        1/3      1.41G      4.487      19.13      2.469         20        640: 12% ━─────────── 22/181 4.5it/s 7.2s<35.7s[32m [repeated 19x across cluster][0m
[36m(ClientAppActor pid=720284)[0m 
[K        1/3      1.43G       5.13      38.95      2.631         35        640: 93% ━━━━━━━━━━━─ 40/43 4.8it/s 12.8s<0.6s
[36m(ClientAppActor pid=720270)[0m 
[K        1/3      1.45G      4.247      11.84      2.264         30        640: 41% ━━━━╸─────── 49/119 4.3it/s 14.0s<16.1s[32m [repeated 5x across cluster][0m
[36m(ClientAppActor pid=720270)[0m 
[K        1/3      1.45G      4.223      11.07       2.26         41        640: 45% ━━━━━─────── 54/119 5.1it/s 14.9s<12.8s[32m [repeated 5x across cluster][0m
[36m(ClientAppActor pid=720284)[0m 
[K        1/3      1.43G      5.118      38.17      2.628         33        640: 95% ━━━━━━━━━━━─ 41/43 4.9it/s 13.0s<0.4s
[36m(ClientAppActor pid=720284)[0m 
[K        1/3      1.47G      5.091      37.45       2.62          8        640: 98% ━━━━━━━━━━━╸ 42/43 5.1it/s 13.2s<0.2s
[K        1/3      1.47G      5.091      37.45       2.62          8        640: 100% ━━━━━━━━━━━━ 43/43 3.3it/s 13.2s
[K        1/3      1.47G      5.091      37.45       2.62          8        640: 100% ━━━━━━━━━━━━ 43/43 3.3it/s 13.2s
[36m(ClientAppActor pid=720270)[0m 
[K        1/3      1.45G      4.207      10.67      2.247         82        640: 48% ━━━━━╸────── 57/119 5.0it/s 15.5s<12.4s[32m [repeated 3x across cluster][0m
[36m(ClientAppActor pid=720284)[0m 
[K                 Class     Images  Instances      Box(P          R      mAP50  mAP50-95): 50% ━━━━━━────── 1/2 1.5s/it 0.4s<1.5s
[36m(ClientAppActor pid=720270)[0m 
[K        1/3      1.45G      4.217      10.32      2.243         70        640: 50% ━━━━━━────── 60/119 5.4it/s 16.1s<10.9s
[36m(ClientAppActor pid=720283)[0m 
[K        1/3      1.41G      4.414      15.22       2.43         24        640: 17% ━╸────────── 30/181 4.4it/s 9.4s<34.6s[32m [repeated 17x across cluster][0m
[36m(ClientAppActor pid=720270)[0m 
[K        1/3      1.45G       4.22      10.21      2.239         22        640: 51% ━━━━━━────── 61/119 5.6it/s 16.2s<10.4s
[36m(ClientAppActor pid=720284)[0m 
[K                 Class     Images  Instances      Box(P          R      mAP50  mAP50-95): 100% ━━━━━━━━━━━━ 2/2 2.5it/s 0.8s
[K                 Class     Images  Instances      Box(P          R      mAP50  mAP50-95): 100% ━━━━━━━━━━━━ 2/2 2.5it/s 0.8s
[36m(ClientAppActor pid=720284)[0m                    all         15         83    0.00895      0.446    0.00651    0.00272
[36m(ClientAppActor pid=720284)[0m 
[36m(ClientAppActor pid=720284)[0m       Epoch    GPU_mem   box_loss   cls_loss   dfl_loss  Instances       Size
[36m(ClientAppActor pid=720270)[0m 
[K        1/3      1.45G      4.221      10.12       2.24          9        640: 52% ━━━━━━────── 62/119 5.6it/s 16.4s<10.1s
[36m(ClientAppActor pid=720270)[0m 
[K        1/3      1.45G      4.213      10.01      2.237         26        640: 53% ━━━━━━────── 63/119 5.4it/s 16.6s<10.4s
[36m(ClientAppActor pid=720270)[0m 
[K        1/3      1.45G       4.21      9.911      2.232         18        640: 54% ━━━━━━────── 64/119 5.4it/s 16.8s<10.2s
[36m(ClientAppActor pid=720284)[0m 
[K        2/3      1.47G      3.962      5.357      1.997         29        640: 2% ──────────── 1/43 1.5it/s 0.4s<27.9s[32m [repeated 2x across cluster][0m
[36m(ClientAppActor pid=720270)[0m 
[K        1/3      1.45G      4.204      9.808      2.231         71        640: 55% ━━━━━━╸───── 65/119 5.3it/s 17.0s<10.1s
[36m(ClientAppActor pid=720283)[0m 
[K        1/3      1.41G      4.379      13.15      2.404         57        640: 20% ━━────────── 37/181 5.1it/s 10.8s<28.3s[32m [repeated 18x across cluster][0m
[36m(ClientAppActor pid=720270)[0m 
[K        1/3      1.45G      4.201      9.704      2.227         49        640: 55% ━━━━━━╸───── 66/119 5.3it/s 17.2s<10.1s
[36m(ClientAppActor pid=720270)[0m 
[K        1/3      1.45G      4.192      9.611      2.224         24        640: 56% ━━━━━━╸───── 67/119 5.3it/s 17.4s<9.9s
[36m(ClientAppActor pid=720270)[0m 
[K        1/3      1.45G        4.2      9.516      2.222         67        640: 57% ━━━━━━╸───── 68/119 5.2it/s 17.6s<9.8s
[36m(ClientAppActor pid=720270)[0m 
[K        1/3      1.45G      4.214      9.436      2.223         35        640: 58% ━━━━━━╸───── 69/119 5.3it/s 17.8s<9.4s
[36m(ClientAppActor pid=720283)[0m 
[K        1/3      1.41G      4.417      11.45      2.359         45        640: 25% ━━╸───────── 45/181 5.1it/s 12.3s<26.4s[32m [repeated 19x across cluster][0m
[36m(ClientAppActor pid=720270)[0m 
[K        1/3      1.45G      4.234      9.365      2.221         41        640: 59% ━━━━━━━───── 70/119 4.7it/s 18.1s<10.3s
[36m(ClientAppActor pid=720270)[0m 
[K        1/3      1.45G      4.226      9.279      2.222         40        640: 60% ━━━━━━━───── 71/119 3.8it/s 18.7s<12.6s
[36m(ClientAppActor pid=720270)[0m 
[K        1/3      1.45G      4.233      9.198      2.219         31        640: 61% ━━━━━━━───── 72/119 3.9it/s 18.9s<12.0s
[36m(ClientAppActor pid=720284)[0m 
[K        2/3      1.47G      4.512      6.674      2.255         14        640: 7% ╸─────────── 3/43 2.6it/s 1.0s<15.4s[32m [repeated 2x across cluster][0m
[36m(ClientAppActor pid=720283)[0m 
[K        1/3      1.44G      4.417      10.61      2.341         60        640: 28% ━━━───────── 51/181 3.6it/s 14.2s<35.8s[32m [repeated 23x across cluster][0m
[36m(ClientAppActor pid=720270)[0m 
[K        1/3      1.45G      4.229      9.111      2.216         79        640: 61% ━━━━━━━───── 73/119 4.3it/s 19.1s<10.8s
[36m(ClientAppActor pid=720270)[0m 
[K        1/3      1.45G      4.229      9.035      2.216         48        640: 62% ━━━━━━━───── 74/119 4.5it/s 19.3s<10.0s
[36m(ClientAppActor pid=720283)[0m 
[K        1/3      1.44G      4.394      10.33      2.334         22        640: 29% ━━━╸──────── 53/181 4.3it/s 14.6s<29.8s[32m [repeated 19x across cluster][0m
[36m(ClientAppActor pid=720270)[0m 
[K        1/3      1.45G      4.224      8.956      2.217         98        640: 63% ━━━━━━━╸──── 75/119 4.6it/s 19.5s<9.5s
[36m(ClientAppActor pid=720270)[0m 
[K        1/3      1.45G      4.228      8.881      2.215         72        640: 64% ━━━━━━━╸──── 76/119 4.9it/s 19.7s<8.8s
[36m(ClientAppActor pid=720269)[0m 
[K        1/3      1.48G      4.187      8.296      2.385         86        640: 38% ━━━━──────── 45/120 4.5it/s 13.2s<16.6s[32m [repeated 20x across cluster][0m
[36m(ClientAppActor pid=720270)[0m 
[K        1/3      1.45G      4.227      8.809      2.218         38        640: 65% ━━━━━━━╸──── 77/119 5.0it/s 19.9s<8.5s
[36m(ClientAppActor pid=720284)[0m 
[K        2/3      1.47G      4.739      6.448      2.461         27        640: 12% ━─────────── 5/43 3.7it/s 1.4s<10.3s[32m [repeated 2x across cluster][0m
[36m(ClientAppActor pid=720270)[0m 
[K        1/3      1.45G      4.227      8.741      2.215         42        640: 66% ━━━━━━━╸──── 78/119 5.0it/s 20.1s<8.2s
[36m(ClientAppActor pid=720269)[0m 
[K        1/3      1.48G      4.149      7.864      2.376         80        640: 41% ━━━━╸─────── 49/120 5.0it/s 13.9s<14.3s[32m [repeated 18x across cluster][0m
[36m(ClientAppActor pid=720270)[0m 
[K        1/3      1.45G       4.22      8.669      2.213         43        640: 66% ━━━━━━━╸──── 79/119 5.0it/s 20.3s<8.0s
[36m(ClientAppActor pid=720269)[0m 
[K        1/3      1.48G      4.149      7.776      2.376         62        640: 42% ━━━━━─────── 50/120 4.9it/s 14.2s<14.3s[32m [repeated 15x across cluster][0m
[36m(ClientAppActor pid=720270)[0m 
[K        1/3      1.45G       4.22        8.6      2.212         28        640: 67% ━━━━━━━━──── 80/119 5.0it/s 20.5s<7.7s
[36m(ClientAppActor pid=720270)[0m 
[K        1/3      1.45G      4.217      8.533       2.21         47        640: 68% ━━━━━━━━──── 81/119 5.1it/s 20.7s<7.5s
[36m(ClientAppActor pid=720277)[0m 
[K        1/3      1.41G      4.329      7.727      2.383         65        640: 47% ━━━━━╸────── 58/124 5.0it/s 15.7s<13.3s[32m [repeated 13x across cluster][0m
[36m(ClientAppActor pid=720270)[0m 
[K        1/3      1.45G      4.213      8.461      2.212         44        640: 69% ━━━━━━━━──── 82/119 5.0it/s 20.9s<7.4s
[36m(ClientAppActor pid=720270)[0m 
[K        1/3      1.45G      4.208      8.392      2.212         67        640: 70% ━━━━━━━━──── 83/119 4.9it/s 21.1s<7.3s
[36m(ClientAppActor pid=720274)[0m 
[K        1/3      1.41G      4.181      12.43      2.285         12        640: 54% ━━━━━━────── 62/115 5.0it/s 16.0s<10.6s[32m [repeated 10x across cluster][0m
[36m(ClientAppActor pid=720270)[0m 
[K        1/3      1.45G      4.209      8.328      2.212         64        640: 71% ━━━━━━━━──── 84/119 5.0it/s 21.3s<7.0s
[36m(ClientAppActor pid=720284)[0m 
[K        2/3      1.47G       4.66      6.126      2.501         16        640: 16% ━╸────────── 7/43 3.1it/s 2.2s<11.6s[32m [repeated 2x across cluster][0m
[36m(ClientAppActor pid=720270)[0m 
[K        1/3      1.45G      4.216       8.28       2.22         32        640: 71% ━━━━━━━━╸─── 85/119 5.1it/s 21.5s<6.7s
[36m(ClientAppActor pid=720270)[0m 
[K        1/3      1.45G      4.217      8.246      2.224         14        640: 72% ━━━━━━━━╸─── 86/119 5.1it/s 21.7s<6.4s
[36m(ClientAppActor pid=720270)[0m 
[K        1/3      1.45G      4.211      8.183      2.221         72        640: 73% ━━━━━━━━╸─── 87/119 5.2it/s 21.9s<6.2s
[36m(ClientAppActor pid=720274)[0m 
[K        1/3      1.41G      4.174      11.81      2.272         32        640: 58% ━━━━━━╸───── 67/115 4.9it/s 17.1s<9.9s[32m [repeated 10x across cluster][0m
[36m(ClientAppActor pid=720270)[0m 
[K        1/3      1.45G      4.206      8.133      2.218         13        640: 74% ━━━━━━━━╸─── 88/119 5.1it/s 22.1s<6.1s
[36m(ClientAppActor pid=720284)[0m 
[K        2/3      1.47G      4.565      6.102      2.452         16        640: 19% ━━────────── 8/43 3.1it/s 2.5s<11.4s
[36m(ClientAppActor pid=720270)[0m 
[K        1/3      1.45G      4.219      8.091      2.222         21        640: 75% ━━━━━━━━╸─── 89/119 5.1it/s 22.3s<5.8s
[36m(ClientAppActor pid=720270)[0m 
[K        1/3      1.45G      4.216      8.041      2.221         23        640: 76% ━━━━━━━━━─── 90/119 5.1it/s 22.4s<5.7s
[36m(ClientAppActor pid=720270)[0m 
[K        1/3      1.45G      4.207      7.985      2.223         35        640: 76% ━━━━━━━━━─── 91/119 5.0it/s 22.7s<5.6s
[36m(ClientAppActor pid=720270)[0m 
[K        1/3      1.45G       4.19       7.93      2.221         18        640: 77% ━━━━━━━━━─── 92/119 4.4it/s 23.0s<6.2s
[36m(ClientAppActor pid=720284)[0m 
[K        2/3      1.47G      4.525      6.024      2.449         13        640: 23% ━━╸───────── 10/43 3.9it/s 2.9s<8.5s[32m [repeated 2x across cluster][0m
[36m(ClientAppActor pid=720274)[0m 
[K        1/3      1.41G      4.176      11.34      2.264         29        640: 62% ━━━━━━━───── 71/115 5.1it/s 17.8s<8.7s[32m [repeated 10x across cluster][0m
[36m(ClientAppActor pid=720270)[0m 
[K        1/3      1.45G      4.189      7.876      2.222         44        640: 78% ━━━━━━━━━─── 93/119 3.6it/s 23.6s<7.3s
[36m(ClientAppActor pid=720270)[0m 
[K        1/3      1.45G      4.189      7.826      2.219         72        640: 79% ━━━━━━━━━─── 94/119 3.6it/s 23.9s<6.9s
[36m(ClientAppActor pid=720270)[0m 
[K        1/3      1.45G      4.187      7.782      2.219         16        640: 80% ━━━━━━━━━╸── 95/119 4.2it/s 24.1s<5.8s
[36m(ClientAppActor pid=720284)[0m 
[K        2/3      1.47G      4.499      5.856      2.437         18        640: 28% ━━━───────── 12/43 4.5it/s 3.3s<6.9s[32m [repeated 3x across cluster][0m
[36m(ClientAppActor pid=720270)[0m 
[K        1/3      1.45G      4.177      7.724      2.214         19        640: 81% ━━━━━━━━━╸── 96/119 4.5it/s 24.3s<5.1s
[36m(ClientAppActor pid=720283)[0m 
[K        1/3      1.44G      4.432      9.615      2.326         49        640: 33% ━━━╸──────── 60/181 4.8it/s 16.0s<25.0s[32m [repeated 9x across cluster][0m
[36m(ClientAppActor pid=720270)[0m 
[K        1/3      1.45G      4.173      7.674      2.214         53        640: 82% ━━━━━━━━━╸── 97/119 4.7it/s 24.5s<4.7s
[36m(ClientAppActor pid=720274)[0m 
[K        1/3      1.41G      4.181      10.84      2.261         33        640: 66% ━━━━━━━╸──── 76/115 4.6it/s 19.4s<8.4s[32m [repeated 11x across cluster][0m
[36m(ClientAppActor pid=720283)[0m 
[K        1/3      1.44G      4.374      8.976      2.331         27        640: 37% ━━━━──────── 67/181 5.1it/s 17.4s<22.5s[32m [repeated 9x across cluster][0m
[36m(ClientAppActor pid=720284)[0m 
[K        2/3      1.47G      4.487      5.296      2.358         32        640: 84% ━━━━━━━━━━── 36/43 4.8it/s 8.6s<1.5s
[36m(ClientAppActor pid=720284)[0m 
[K        2/3      1.47G      4.484       5.28      2.372         12        640: 86% ━━━━━━━━━━── 37/43 4.8it/s 8.8s<1.3s
[36m(ClientAppActor pid=720283)[0m 
[K        1/3      1.44G      4.373      8.401      2.318         33        640: 41% ━━━━╸─────── 75/181 4.2it/s 19.6s<24.9s[32m [repeated 9x across cluster][0m
[36m(ClientAppActor pid=720284)[0m 
[K        2/3      1.47G      4.463      5.233      2.361         24        640: 88% ━━━━━━━━━━╸─ 38/43 4.9it/s 9.0s<1.0s
[36m(ClientAppActor pid=720283)[0m 
[K        1/3      1.44G      4.393      8.133       2.32         29        640: 44% ━━━━━─────── 80/181 5.1it/s 20.6s<19.9s[32m [repeated 12x across cluster][0m
[36m(ClientAppActor pid=720274)[0m 
[K        1/3      1.41G      4.185      10.41      2.265         23        640: 70% ━━━━━━━━──── 81/115 4.9it/s 20.4s<7.0s[32m [repeated 12x across cluster][0m
[36m(ClientAppActor pid=720284)[0m 
[K        2/3      1.47G      4.467      5.214      2.375         20        640: 91% ━━━━━━━━━━╸─ 39/43 5.0it/s 9.2s<0.8s
[36m(ClientAppActor pid=720284)[0m 
[K        2/3      1.47G      4.477      5.195      2.371         26        640: 93% ━━━━━━━━━━━─ 40/43 4.9it/s 9.4s<0.6s
[36m(ClientAppActor pid=720269)[0m 
[K        1/3      1.48G      4.125      7.093       2.36         36        640: 49% ━━━━━╸────── 59/120 4.9it/s 15.9s<12.3s[32m [repeated 9x across cluster][0m
[36m(ClientAppActor pid=720284)[0m 
[K        2/3      1.47G      4.481      5.183      2.364         23        640: 95% ━━━━━━━━━━━─ 41/43 5.0it/s 9.6s<0.4s
[36m(ClientAppActor pid=720284)[0m 
[K        2/3      1.47G      4.482      5.189      2.358         20        640: 98% ━━━━━━━━━━━╸ 42/43 5.2it/s 9.7s<0.2s
[K        2/3      1.47G      4.482      5.189      2.358         20        640: 100% ━━━━━━━━━━━━ 43/43 4.4it/s 9.7s
[K        2/3      1.47G      4.482      5.189      2.358         20        640: 100% ━━━━━━━━━━━━ 43/43 4.4it/s 9.7s
[36m(ClientAppActor pid=720269)[0m 
[K        1/3      1.48G      4.105      6.732      2.361         44        640: 54% ━━━━━━────── 65/120 3.4it/s 17.8s<16.0s[32m [repeated 14x across cluster][0m
[36m(ClientAppActor pid=720284)[0m 
[K                 Class     Images  Instances      Box(P          R      mAP50  mAP50-95): 50% ━━━━━━────── 1/2 1.1s/it 0.3s<1.1s
[36m(ClientAppActor pid=720274)[0m 
[K        1/3      1.41G      4.163         10      2.259         19        640: 75% ━━━━━━━━╸─── 86/115 5.4it/s 21.4s<5.4s[32m [repeated 11x across cluster][0m
[36m(ClientAppActor pid=720284)[0m 
[K                 Class     Images  Instances      Box(P          R      mAP50  mAP50-95): 100% ━━━━━━━━━━━━ 2/2 3.0it/s 0.7s
[K                 Class     Images  Instances      Box(P          R      mAP50  mAP50-95): 100% ━━━━━━━━━━━━ 2/2 3.0it/s 0.7s
[36m(ClientAppActor pid=720284)[0m                    all         15         83      0.386      0.296      0.261      0.132
[36m(ClientAppActor pid=720284)[0m 
[36m(ClientAppActor pid=720284)[0m       Epoch    GPU_mem   box_loss   cls_loss   dfl_loss  Instances       Size
[36m(ClientAppActor pid=720284)[0m 
[K        3/3      1.47G      3.463      11.84      1.717          3        640: 0% ──────────── 0/43  0.2s
[36m(ClientAppActor pid=720269)[0m 
[K        1/3      1.48G      4.077      6.493      2.354        101        640: 57% ━━━━━━╸───── 69/120 4.8it/s 18.6s<10.7s[32m [repeated 10x across cluster][0m
[36m(ClientAppActor pid=720284)[0m 
[K        3/3      1.47G       4.05      7.884      2.381         36        640: 2% ──────────── 1/43 1.5it/s 0.4s<27.4s
[36m(ClientAppActor pid=720284)[0m 
[K        3/3      1.47G      4.326      6.662      2.392         25        640: 5% ╸─────────── 2/43 2.6it/s 0.6s<15.7s
[36m(ClientAppActor pid=720274)[0m 
[K        1/3      1.41G       4.16       9.67      2.271         22        640: 79% ━━━━━━━━━─── 91/115 5.2it/s 22.4s<4.6s[32m [repeated 11x across cluster][0m
[36m(ClientAppActor pid=720284)[0m 
[K        3/3      1.47G      3.982      5.848      2.353         10        640: 7% ╸─────────── 3/43 3.4it/s 0.8s<11.7s
[36m(ClientAppActor pid=720284)[0m 
[K        3/3      1.47G       4.45      6.187      2.412         16        640: 9% ━─────────── 4/43 4.0it/s 0.9s<9.6s
[36m(ClientAppActor pid=720270)[0m 
[K        1/3      1.45G      4.195      7.016      2.208         77        640: 97% ━━━━━━━━━━━╸ 115/119 4.9it/s 27.9s<0.8s
[36m(ClientAppActor pid=720284)[0m 
[K        3/3      1.47G       4.23      5.659      2.366         23        640: 12% ━─────────── 5/43 3.7it/s 1.3s<10.3s
[36m(ClientAppActor pid=720269)[0m 
[K        1/3      1.48G      4.076      6.211      2.343         81        640: 62% ━━━━━━━───── 75/120 4.9it/s 19.8s<9.2s[32m [repeated 11x across cluster][0m
[36m(ClientAppActor pid=720270)[0m 
[K        1/3      1.45G      4.197      6.981      2.212         36        640: 97% ━━━━━━━━━━━╸ 116/119 4.2it/s 28.3s<0.7s
[36m(ClientAppActor pid=720284)[0m 
[K        3/3      1.47G      4.215      5.632       2.45          6        640: 14% ━╸────────── 6/43 3.1it/s 1.9s<12.1s
[36m(ClientAppActor pid=720270)[0m 
[K        1/3      1.45G      4.196       6.95      2.214         29        640: 98% ━━━━━━━━━━━╸ 117/119 3.7it/s 28.7s<0.5s
[36m(ClientAppActor pid=720284)[0m 
[K        3/3      1.47G      4.407      5.639      2.532         15        640: 16% ━╸────────── 7/43 3.4it/s 2.2s<10.7s
[36m(ClientAppActor pid=720274)[0m 
[K        1/3      1.41G      4.152      9.411       2.27         22        640: 83% ━━━━━━━━━╸── 95/115 3.8it/s 23.6s<5.3s[32m [repeated 12x across cluster][0m
[36m(ClientAppActor pid=720284)[0m 
[K        3/3      1.47G      4.471      5.434       2.52         38        640: 19% ━━────────── 8/43 3.9it/s 2.3s<8.9s
[36m(ClientAppActor pid=720284)[0m 
[K        3/3      1.47G      4.526      5.313      2.488         38        640: 21% ━━╸───────── 9/43 4.4it/s 2.5s<7.7s
[36m(ClientAppActor pid=720284)[0m 
[K        3/3      1.47G      4.469      5.168      2.503          9        640: 23% ━━╸───────── 10/43 4.8it/s 2.7s<6.8s
[36m(ClientAppActor pid=720270)[0m 
[K                 Class     Images  Instances      Box(P          R      mAP50  mAP50-95): 9% ━─────────── 1/11 1.3s/it 0.4s<13.2s
[36m(ClientAppActor pid=720269)[0m 
[K        1/3      1.48G      4.051      6.041      2.336        110        640: 66% ━━━━━━━╸──── 79/120 5.3it/s 20.5s<7.7s[32m [repeated 9x across cluster][0m
[36m(ClientAppActor pid=720284)[0m 
[K        3/3      1.47G      4.414       5.07      2.476         25        640: 26% ━━━───────── 11/43 5.1it/s 2.9s<6.3s
[36m(ClientAppActor pid=720284)[0m 
[K        3/3      1.47G      4.435      5.071       2.48         12        640: 28% ━━━───────── 12/43 5.4it/s 3.0s<5.8s
[36m(ClientAppActor pid=720270)[0m 
[K                 Class     Images  Instances      Box(P          R      mAP50  mAP50-95): 18% ━━────────── 2/11 1.4it/s 0.7s<6.2s
[36m(ClientAppActor pid=720274)[0m 
[K        1/3      1.41G      4.166      9.126      2.274         37        640: 87% ━━━━━━━━━━── 100/115 5.0it/s 24.7s<3.0s[32m [repeated 14x across cluster][0m
[36m(ClientAppActor pid=720284)[0m 
[K        3/3      1.47G      4.457      5.016      2.472         42        640: 30% ━━━╸──────── 13/43 5.4it/s 3.2s<5.6s
[36m(ClientAppActor pid=720284)[0m 
[K        3/3      1.47G      4.409      4.913      2.459         15        640: 33% ━━━╸──────── 14/43 5.7it/s 3.4s<5.1s
[36m(ClientAppActor pid=720270)[0m 
[K                 Class     Images  Instances      Box(P          R      mAP50  mAP50-95): 27% ━━━───────── 3/11 1.8it/s 1.1s<4.3s
[36m(ClientAppActor pid=720274)[0m 
[K        1/3      1.41G      4.152      9.006      2.274         23        640: 89% ━━━━━━━━━━╸─ 102/115 5.1it/s 25.1s<2.6s[32m [repeated 12x across cluster][0m
[36m(ClientAppActor pid=720284)[0m 
[K        3/3      1.47G      4.409      4.887      2.449         15        640: 35% ━━━━──────── 15/43 5.8it/s 3.5s<4.8s
[36m(ClientAppActor pid=720284)[0m 
[K        3/3      1.47G      4.332      4.792      2.428         17        640: 37% ━━━━──────── 16/43 6.0it/s 3.7s<4.5s
[36m(ClientAppActor pid=720283)[0m 
[K        1/3      1.44G      4.385      8.011      2.313         35        640: 45% ━━━━━─────── 82/181 5.0it/s 21.0s<19.8s[32m [repeated 2x across cluster][0m
[36m(ClientAppActor pid=720269)[0m 
[K        1/3      1.48G      4.038      5.822      2.329        132        640: 71% ━━━━━━━━──── 85/120 4.4it/s 21.8s<8.0s[32m [repeated 11x across cluster][0m
[36m(ClientAppActor pid=720270)[0m 
[K                 Class     Images  Instances      Box(P          R      mAP50  mAP50-95): 36% ━━━━──────── 4/11 2.2it/s 1.4s<3.1s
[36m(ClientAppActor pid=720284)[0m 
[K        3/3      1.47G      4.422      4.776      2.456         18        640: 40% ━━━━╸─────── 17/43 6.0it/s 3.9s<4.3s
[36m(ClientAppActor pid=720272)[0m 
[K        1/3      1.43G      4.462      9.579       2.26         36        640: 95% ━━━━━━━━━━━─ 101/106 4.8it/s 25.4s<1.0s[32m [repeated 9x across cluster][0m
[36m(ClientAppActor pid=720270)[0m 
[K                 Class     Images  Instances      Box(P          R      mAP50  mAP50-95): 45% ━━━━━─────── 5/11 2.5it/s 1.7s<2.4s
[36m(ClientAppActor pid=720283)[0m 
[K        1/3      1.44G      4.401      7.613      2.307         45        640: 50% ━━━━━╸────── 90/181 5.2it/s 22.5s<17.4s[32m [repeated 8x across cluster][0m
[36m(ClientAppActor pid=720272)[0m 
[K        1/3      1.47G      4.464      9.382      2.254         19        640: 99% ━━━━━━━━━━━╸ 105/106 5.2it/s 26.2s<0.2s
[K        1/3      1.47G      4.464      9.382      2.254         19        640: 100% ━━━━━━━━━━━━ 106/106 4.1it/s 26.2s
[K        1/3      1.47G      4.464      9.382      2.254         19        640: 100% ━━━━━━━━━━━━ 106/106 4.1it/s 26.2s[32m [repeated 2x across cluster][0m
[36m(ClientAppActor pid=720272)[0m 
[K                 Class     Images  Instances      Box(P          R      mAP50  mAP50-95): 22% ━━╸───────── 2/9 1.5it/s 0.7s<4.7s
[36m(ClientAppActor pid=720270)[0m 
[K                 Class     Images  Instances      Box(P          R      mAP50  mAP50-95): 55% ━━━━━━╸───── 6/11 2.7it/s 2.0s<1.8s
[36m(ClientAppActor pid=720283)[0m 
[K        1/3      1.44G      4.388      7.271      2.303         82        640: 54% ━━━━━━────── 98/181 5.2it/s 24.6s<15.8s[32m [repeated 8x across cluster][0m
[36m(ClientAppActor pid=720270)[0m 
[K                 Class     Images  Instances      Box(P          R      mAP50  mAP50-95): 64% ━━━━━━━╸──── 7/11 2.9it/s 2.3s<1.4s
[36m(ClientAppActor pid=720269)[0m 
[K        1/3      1.48G      4.015      5.693      2.323         22        640: 74% ━━━━━━━━╸─── 89/120 4.2it/s 23.1s<7.3s[32m [repeated 9x across cluster][0m
[36m(ClientAppActor pid=720270)[0m 
[K                 Class     Images  Instances      Box(P          R      mAP50  mAP50-95): 73% ━━━━━━━━╸─── 8/11 3.0it/s 2.6s<1.0s
[36m(ClientAppActor pid=720270)[0m 
[K                 Class     Images  Instances      Box(P          R      mAP50  mAP50-95): 82% ━━━━━━━━━╸── 9/11 3.2it/s 2.9s<0.6s
[36m(ClientAppActor pid=720284)[0m 
[K        3/3      1.47G       4.51       4.53       2.43         21        640: 58% ━━━━━━╸───── 25/43 6.5it/s 5.1s<2.8s[32m [repeated 9x across cluster][0m
[36m(ClientAppActor pid=720272)[0m 
[K                 Class     Images  Instances      Box(P          R      mAP50  mAP50-95): 67% ━━━━━━━━──── 6/9 2.9it/s 1.9s<1.0s
[36m(ClientAppActor pid=720270)[0m 
[K                 Class     Images  Instances      Box(P          R      mAP50  mAP50-95): 91% ━━━━━━━━━━╸─ 10/11 3.3it/s 3.2s<0.3s
[36m(ClientAppActor pid=720269)[0m 
[K        1/3      1.48G      3.992      5.503       2.32        107        640: 79% ━━━━━━━━━─── 95/120 5.6it/s 24.1s<4.5s[32m [repeated 12x across cluster][0m
[36m(ClientAppActor pid=720272)[0m 
[K                 Class     Images  Instances      Box(P          R      mAP50  mAP50-95): 78% ━━━━━━━━━─── 7/9 3.2it/s 2.2s<0.6s
[36m(ClientAppActor pid=720270)[0m 
[K                 Class     Images  Instances      Box(P          R      mAP50  mAP50-95): 100% ━━━━━━━━━━━━ 11/11 3.1it/s 3.5s
[K                 Class     Images  Instances      Box(P          R      mAP50  mAP50-95): 100% ━━━━━━━━━━━━ 11/11 3.1it/s 3.5s
[36m(ClientAppActor pid=720270)[0m                    all         86        317      0.387      0.331      0.311      0.141
[36m(ClientAppActor pid=720270)[0m 
[36m(ClientAppActor pid=720270)[0m       Epoch    GPU_mem   box_loss   cls_loss   dfl_loss  Instances       Size
[36m(ClientAppActor pid=720270)[0m 
[K        2/3      1.45G      4.335      3.369      2.286         43        640: 0% ──────────── 0/119  0.2s
[36m(ClientAppActor pid=720274)[0m 
[K        1/3      1.41G      4.153      8.458      2.264         38        640: 98% ━━━━━━━━━━━╸ 113/115 6.5it/s 26.9s<0.3s[32m [repeated 6x across cluster][0m
[36m(ClientAppActor pid=720274)[0m 
[K                 Class     Images  Instances      Box(P          R      mAP50  mAP50-95): 30% ━━━╸──────── 3/10 2.6it/s 0.9s<2.7s
[36m(ClientAppActor pid=720272)[0m 
[36m(ClientAppActor pid=720270)[0m 
[K        2/3      1.45G      4.836      3.647      2.193         45        640: 1% ──────────── 1/119 1.1s/it 0.5s<2:05
[36m(ClientAppActor pid=720284)[0m 
[K        3/3      1.47G      4.491      4.477      2.415         28        640: 60% ━━━━━━━───── 26/43 6.7it/s 5.2s<2.6s[32m [repeated 9x across cluster][0m
[36m(ClientAppActor pid=720274)[0m 
[K                 Class     Images  Instances      Box(P          R      mAP50  mAP50-95): 40% ━━━━╸─────── 4/10 2.9it/s 1.1s<2.1s
[36m(ClientAppActor pid=720274)[0m 
[K                 Class     Images  Instances      Box(P          R      mAP50  mAP50-95): 50% ━━━━━━────── 5/10 3.4it/s 1.3s<1.5s
[36m(ClientAppActor pid=720274)[0m 
[K                 Class     Images  Instances      Box(P          R      mAP50  mAP50-95): 60% ━━━━━━━───── 6/10 3.9it/s 1.5s<1.0s
[36m(ClientAppActor pid=720284)[0m 
[K        3/3      1.47G      4.437      4.283      2.381         32        640: 81% ━━━━━━━━━╸── 35/43 5.5it/s 7.2s<1.4s[32m [repeated 10x across cluster][0m
[36m(ClientAppActor pid=720270)[0m 
[K        2/3      1.45G       4.46      3.165       2.12         61        640: 4% ╸─────────── 5/119 3.7it/s 1.7s<30.8s
[36m(ClientAppActor pid=720270)[0m 
[K        2/3      1.45G       4.41       3.19      2.156         28        640: 5% ╸─────────── 6/119 4.2it/s 1.8s<26.7s
[36m(ClientAppActor pid=720274)[0m 
[K                 Class     Images  Instances      Box(P          R      mAP50  mAP50-95): 10% ━─────────── 1/10 1.2s/it 0.3s<10.5s[32m [repeated 2x across cluster][0m
[36m(ClientAppActor pid=720283)[0m 
[K        1/3      1.44G      4.377      6.576      2.298         81        640: 66% ━━━━━━━╸──── 120/181 5.7it/s 28.3s<10.8s[32m [repeated 9x across cluster][0m
[36m(ClientAppActor pid=720274)[0m 
[K                 Class     Images  Instances      Box(P          R      mAP50  mAP50-95): 20% ━━────────── 2/10 1.6it/s 0.6s<4.9s
[36m(ClientAppActor pid=720284)[0m 
[K        3/3      1.47G      4.465      4.284      2.372         34        640: 86% ━━━━━━━━━━── 37/43 5.4it/s 7.6s<1.1s[32m [repeated 13x across cluster][0m
[36m(ClientAppActor pid=720270)[0m 
[K        2/3      1.45G      4.159      3.109      2.143         43        640: 8% ━─────────── 10/119 5.8it/s 2.5s<18.8s
[36m(ClientAppActor pid=720274)[0m 
[36m(ClientAppActor pid=720277)[0m 
[K                 Class     Images  Instances      Box(P          R      mAP50  mAP50-95): 18% ━━────────── 2/11 1.6it/s 0.7s<5.7s
[36m(ClientAppActor pid=720284)[0m 
[K        3/3      1.47G      4.509      4.275      2.389         17        640: 91% ━━━━━━━━━━╸─ 39/43 5.8it/s 7.9s<0.7s[32m [repeated 14x across cluster][0m
[36m(ClientAppActor pid=720277)[0m 
[K                 Class     Images  Instances      Box(P          R      mAP50  mAP50-95): 27% ━━━───────── 3/11 2.2it/s 0.9s<3.7s
[36m(ClientAppActor pid=720269)[0m 
[K                 Class     Images  Instances      Box(P          R      mAP50  mAP50-95): 7% ╸─────────── 1/15 1.1s/it 0.3s<15.6s
[36m(ClientAppActor pid=720284)[0m 
[K        3/3      1.47G      4.461      4.701       2.45         33        640: 44% ━━━━━─────── 19/43 6.2it/s 4.2s<3.9s[32m [repeated 2x across cluster][0m
[36m(ClientAppActor pid=720283)[0m 
[K        1/3      1.44G      4.391      6.397      2.299         47        640: 71% ━━━━━━━━──── 128/181 5.7it/s 30.3s<9.2s[32m [repeated 10x across cluster][0m
[36m(ClientAppActor pid=720272)[0m 
[K                 Class     Images  Instances      Box(P          R      mAP50  mAP50-95): 33% ━━━━──────── 3/9 2.0it/s 1.0s<3.0s
[36m(ClientAppActor pid=720277)[0m 
[K                 Class     Images  Instances      Box(P          R      mAP50  mAP50-95): 36% ━━━━──────── 4/11 2.7it/s 1.2s<2.6s
[36m(ClientAppActor pid=720269)[0m 
[K                 Class     Images  Instances      Box(P          R      mAP50  mAP50-95): 13% ━╸────────── 2/15 1.7it/s 0.6s<7.6s
[36m(ClientAppActor pid=720284)[0m 
[K        3/3      1.47G      4.447      4.216       2.37         22        640: 95% ━━━━━━━━━━━─ 41/43 6.2it/s 8.3s<0.3s[32m [repeated 18x across cluster][0m
[36m(ClientAppActor pid=720284)[0m 
[36m(ClientAppActor pid=720284)[0m 3 epochs completed in 0.009 hours.
[36m(ClientAppActor pid=720270)[0m 
[K        2/3      1.45G      4.127      3.052      2.163         56        640: 13% ━╸────────── 15/119 6.8it/s 3.2s<15.3s
[36m(ClientAppActor pid=720277)[0m 
[K                 Class     Images  Instances      Box(P          R      mAP50  mAP50-95): 45% ━━━━━─────── 5/11 3.1it/s 1.4s<1.9s[32m [repeated 2x across cluster][0m
[36m(ClientAppActor pid=720284)[0m 
[K        3/3      1.47G      4.484      4.683       2.44         26        640: 49% ━━━━━╸────── 21/43 6.3it/s 4.5s<3.5s[32m [repeated 2x across cluster][0m
[36m(ClientAppActor pid=720284)[0m Optimizer stripped from /tmp/fl_yolo_runs_720284/train/weights/last.pt, 16.5MB
[36m(ClientAppActor pid=720284)[0m Optimizer stripped from /tmp/fl_yolo_runs_720284/train/weights/best.pt, 16.5MB
[36m(ClientAppActor pid=720284)[0m 
[36m(ClientAppActor pid=720284)[0m Validating /tmp/fl_yolo_runs_720284/train/weights/best.pt...
[36m(ClientAppActor pid=720284)[0m Ultralytics 8.3.234 Python-3.10.19 torch-2.6.0+cu124 CUDA:0 (NVIDIA RTX 5000 Ada Generation, 32220MiB)
[36m(ClientAppActor pid=720284)[0m 
[K        3/3      1.47G      4.432        4.2      2.362          8        640: 98% ━━━━━━━━━━━╸ 42/43 6.8it/s 8.4s<0.1s
[K        3/3      1.47G      4.432        4.2      2.362          8        640: 100% ━━━━━━━━━━━━ 43/43 5.1it/s 8.4s
[K        3/3      1.47G      4.432        4.2      2.362          8        640: 100% ━━━━━━━━━━━━ 43/43 5.1it/s 8.4s[32m [repeated 4x across cluster][0m
[36m(ClientAppActor pid=720277)[0m 
[K                 Class     Images  Instances      Box(P          R      mAP50  mAP50-95): 55% ━━━━━━╸───── 6/11 3.4it/s 1.7s<1.5s[32m [repeated 2x across cluster][0m
[36m(ClientAppActor pid=720284)[0m YOLOv10s summary (fused): 106 layers, 7,218,387 parameters, 0 gradients, 21.4 GFLOPs
[36m(ClientAppActor pid=720284)[0m 
[K        3/3      1.47G      4.482      4.597      2.438         31        640: 53% ━━━━━━────── 23/43 6.3it/s 4.8s<3.2s[32m [repeated 2x across cluster][0m
[36m(ClientAppActor pid=720277)[0m 
[K                 Class     Images  Instances      Box(P          R      mAP50  mAP50-95): 64% ━━━━━━━╸──── 7/11 3.6it/s 1.9s<1.1s
[36m(ClientAppActor pid=720272)[0m 
[K        2/3      1.47G      4.371      3.411       2.11         40        640: 17% ━━────────── 18/106 7.0it/s 3.4s<12.5s
[36m(ClientAppActor pid=720283)[0m 
[K        1/3      1.44G      4.369      6.234      2.287         53        640: 75% ━━━━━━━━╸─── 135/181 6.8it/s 31.3s<6.8s[32m [repeated 9x across cluster][0m
[36m(ClientAppActor pid=720284)[0m Speed: 0.2ms preprocess, 1.2ms inference, 0.0ms loss, 0.8ms postprocess per image
[36m(ClientAppActor pid=720277)[0m 
[K                 Class     Images  Instances      Box(P          R      mAP50  mAP50-95): 73% ━━━━━━━━╸─── 8/11 3.7it/s 2.2s<0.8s
[36m(ClientAppActor pid=720269)[0m 
[K                 Class     Images  Instances      Box(P          R      mAP50  mAP50-95): 47% ━━━━━╸────── 7/15 3.7it/s 1.9s<2.2s
[36m(ClientAppActor pid=720284)[0m [Client 2] Training complete:
[36m(ClientAppActor pid=720284)[0m   mAP50: 0.3838, mAP50-95: 0.1856
[36m(ClientAppActor pid=720284)[0m   Precision: 0.4840, Recall: 0.3494
[36m(ClientAppActor pid=720284)[0m   BN Stats: μ=0.0000, σ=0.0000
[36m(ClientAppActor pid=720277)[0m 
[K                 Class     Images  Instances      Box(P          R      mAP50  mAP50-95): 82% ━━━━━━━━━╸── 9/11 3.7it/s 2.4s<0.5s[32m [repeated 2x across cluster][0m
[36m(ClientAppActor pid=720274)[0m 
[K                 Class     Images  Instances      Box(P          R      mAP50  mAP50-95): 70% ━━━━━━━━──── 7/10 3.4it/s 2.0s<0.9s
[36m(ClientAppActor pid=720272)[0m 
[K        2/3      1.47G       4.33      3.347      2.122         37        640: 22% ━━╸───────── 23/106 6.9it/s 4.2s<12.0s
[36m(ClientAppActor pid=720277)[0m 
[36m(ClientAppActor pid=720277)[0m 
[K                 Class     Images  Instances      Box(P          R      mAP50  mAP50-95): 91% ━━━━━━━━━━╸─ 10/11 3.9it/s 2.7s<0.3s[32m [repeated 3x across cluster][0m
[36m(ClientAppActor pid=720283)[0m 
[K        1/3      1.44G      4.354      6.084      2.285         94        640: 79% ━━━━━━━━━─── 143/181 7.4it/s 32.4s<5.1s[32m [repeated 10x across cluster][0m
[36m(ClientAppActor pid=720277)[0m 
[K                 Class     Images  Instances      Box(P          R      mAP50  mAP50-95): 100% ━━━━━━━━━━━━ 11/11 3.9it/s 2.8s
[K                 Class     Images  Instances      Box(P          R      mAP50  mAP50-95): 100% ━━━━━━━━━━━━ 11/11 3.9it/s 2.8s[32m [repeated 5x across cluster][0m
[36m(ClientAppActor pid=720277)[0m                    all         82        651       0.44      0.326      0.317      0.135[32m [repeated 5x across cluster][0m
[36m(ClientAppActor pid=720277)[0m       Epoch    GPU_mem   box_loss   cls_loss   dfl_loss  Instances       Size[32m [repeated 3x across cluster][0m
[36m(ClientAppActor pid=720269)[0m 
[K                 Class     Images  Instances      Box(P          R      mAP50  mAP50-95): 67% ━━━━━━━━──── 10/15 3.8it/s 2.6s<1.3s
[36m(ClientAppActor pid=720272)[0m 
[K        2/3      1.47G      4.211      3.267      2.101         25        640: 25% ━━━───────── 27/106 7.0it/s 4.7s<11.3s
[36m(ClientAppActor pid=720269)[0m 
[K                 Class     Images  Instances      Box(P          R      mAP50  mAP50-95): 73% ━━━━━━━━╸─── 11/15 4.0it/s 2.8s<1.0s
[36m(ClientAppActor pid=720277)[0m 
[K        2/3      1.41G      3.901      3.266      2.057         32        640: 2% ──────────── 2/124 3.5it/s 0.4s<34.9s[32m [repeated 16x across cluster][0m
[36m(ClientAppActor pid=720269)[0m 
[K        1/3      1.48G      3.944      4.991      2.309        114        640: 98% ━━━━━━━━━━━╸ 118/120 5.6it/s 28.7s<0.4s[32m [repeated 7x across cluster][0m
[36m(ClientAppActor pid=720272)[0m 
[K        2/3      1.47G      4.222      3.271      2.105         35        640: 26% ━━━───────── 28/106 5.8it/s 5.0s<13.4s
[36m(ClientAppActor pid=720269)[0m 
[K                 Class     Images  Instances      Box(P          R      mAP50  mAP50-95): 40% ━━━━╸─────── 6/15 3.4it/s 1.6s<2.7s
[36m(ClientAppActor pid=720269)[0m 
[K                 Class     Images  Instances      Box(P          R      mAP50  mAP50-95): 87% ━━━━━━━━━━── 13/15 4.1it/s 3.3s<0.5s
[36m(ClientAppActor pid=720269)[0m 
[K                 Class     Images  Instances      Box(P          R      mAP50  mAP50-95): 53% ━━━━━━────── 8/15 3.9it/s 2.1s<1.8s[32m [repeated 3x across cluster][0m
[36m(ClientAppActor pid=720269)[0m 
[K                 Class     Images  Instances      Box(P          R      mAP50  mAP50-95): 60% ━━━━━━━───── 9/15 3.9it/s 2.3s<1.5s
[36m(ClientAppActor pid=720269)[0m 
[K                 Class     Images  Instances      Box(P          R      mAP50  mAP50-95): 93% ━━━━━━━━━━━─ 14/15 4.1it/s 3.6s<0.2s
[36m(ClientAppActor pid=720269)[0m 
[36m(ClientAppActor pid=720272)[0m 
[K        2/3      1.47G      4.235      3.266      2.099         39        640: 29% ━━━╸──────── 31/106 4.7it/s 6.0s<15.8s
[36m(ClientAppActor pid=720283)[0m 
[K        1/3      1.44G      4.334      5.964      2.282         23        640: 83% ━━━━━━━━━╸── 150/181 4.0it/s 34.2s<7.7s[32m [repeated 7x across cluster][0m
[36m(ClientAppActor pid=720272)[0m 
[K        2/3      1.47G      4.228      3.251      2.094         36        640: 30% ━━━╸──────── 32/106 5.2it/s 6.2s<14.3s
[36m(ClientAppActor pid=720277)[0m 
[K        2/3      1.41G       3.75      3.192      2.156         49        640: 6% ╸─────────── 7/124 4.5it/s 1.9s<26.2s[32m [repeated 14x across cluster][0m
[36m(ClientAppActor pid=720272)[0m 
[K        2/3      1.47G      4.238      3.245      2.097         35        640: 31% ━━━╸──────── 33/106 5.5it/s 6.3s<13.4s
[36m(ClientAppActor pid=720277)[0m 
[K                 Class     Images  Instances      Box(P          R      mAP50  mAP50-95): 9% ━─────────── 1/11 1.2s/it 0.4s<12.0s
[36m(ClientAppActor pid=720272)[0m 
[K        2/3      1.47G      4.208      3.216      2.102         29        640: 34% ━━━━──────── 36/106 5.8it/s 6.8s<12.0s
[36m(ClientAppActor pid=720283)[0m 
[K        1/3      1.44G      4.319      5.858      2.275         34        640: 86% ━━━━━━━━━━── 156/181 5.6it/s 35.2s<4.5s[32m [repeated 6x across cluster][0m
[36m(ClientAppActor pid=720272)[0m 
[K        2/3      1.47G      4.194      3.203      2.098         75        640: 35% ━━━━──────── 37/106 5.9it/s 7.0s<11.7s
[36m(ClientAppActor pid=720277)[0m 
[K        2/3      1.41G      4.018      3.227      2.145         62        640: 10% ━─────────── 12/124 5.7it/s 2.8s<19.6s[32m [repeated 16x across cluster][0m
[36m(ClientAppActor pid=720269)[0m 
[K                 Class     Images  Instances      Box(P          R      mAP50  mAP50-95): 20% ━━────────── 3/15 2.4it/s 0.9s<5.0s
[36m(ClientAppActor pid=720272)[0m 
[K        2/3      1.47G      4.198       3.19      2.093         61        640: 36% ━━━━──────── 38/106 5.8it/s 7.2s<11.8s
[36m(ClientAppActor pid=720283)[0m 
[K        1/3      1.44G      4.309      5.805      2.273         26        640: 88% ━━━━━━━━━━╸─ 159/181 6.0it/s 35.7s<3.7s
[36m(ClientAppActor pid=720272)[0m 
[K        2/3      1.47G      4.185      3.195      2.106         24        640: 38% ━━━━╸─────── 40/106 5.8it/s 7.5s<11.4s
[36m(ClientAppActor pid=720269)[0m 
[K                 Class     Images  Instances      Box(P          R      mAP50  mAP50-95): 27% ━━━───────── 4/15 2.9it/s 1.1s<3.8s
[36m(ClientAppActor pid=720283)[0m 
[K        1/3      1.44G      4.307      5.786      2.271         58        640: 88% ━━━━━━━━━━╸─ 160/181 5.9it/s 35.8s<3.6s
[36m(ClientAppActor pid=720272)[0m 
[K        2/3      1.47G      4.179      3.191      2.112         20        640: 39% ━━━━╸─────── 41/106 5.8it/s 7.7s<11.2s
[36m(ClientAppActor pid=720269)[0m 
[K                 Class     Images  Instances      Box(P          R      mAP50  mAP50-95): 33% ━━━━──────── 5/15 3.2it/s 1.4s<3.1s
[36m(ClientAppActor pid=720283)[0m 
[K        1/3      1.44G      4.304      5.771      2.271         44        640: 89% ━━━━━━━━━━╸─ 161/181 5.7it/s 36.0s<3.5s
[36m(ClientAppActor pid=720277)[0m 
[K        2/3      1.41G      4.073      3.281      2.182         30        640: 13% ━╸────────── 16/124 5.8it/s 3.5s<18.6s[32m [repeated 14x across cluster][0m
[36m(ClientAppActor pid=720272)[0m 
[K        2/3      1.47G      4.162      3.173      2.111         30        640: 40% ━━━━╸─────── 42/106 5.9it/s 7.9s<10.9s
[36m(ClientAppActor pid=720283)[0m 
[K        1/3      1.44G      4.314      5.763      2.275         29        640: 90% ━━━━━━━━━━╸─ 162/181 5.7it/s 36.2s<3.3s
[36m(ClientAppActor pid=720272)[0m 
[K        2/3      1.47G      4.148      3.177      2.111         16        640: 41% ━━━━╸─────── 43/106 5.9it/s 8.0s<10.7s
[36m(ClientAppActor pid=720283)[0m 
[K        1/3      1.44G      4.312      5.746      2.274         37        640: 90% ━━━━━━━━━━╸─ 163/181 5.8it/s 36.4s<3.1s
[36m(ClientAppActor pid=720283)[0m 
[K        1/3      1.44G      4.312      5.731      2.273         33        640: 91% ━━━━━━━━━━╸─ 164/181 5.8it/s 36.5s<2.9s
[36m(ClientAppActor pid=720272)[0m 
[K        2/3      1.47G      4.156      3.176      2.111         43        640: 42% ━━━━━─────── 45/106 5.9it/s 8.4s<10.3s
[36m(ClientAppActor pid=720283)[0m 
[K        1/3      1.44G      4.306      5.712      2.272         52        640: 91% ━━━━━━━━━━╸─ 165/181 5.8it/s 36.7s<2.8s
[36m(ClientAppActor pid=720274)[0m 
[K        2/3      1.46G      3.937      3.181      2.182         13        640: 20% ━━────────── 23/115 5.6it/s 4.1s<16.6s[32m [repeated 13x across cluster][0m
[36m(ClientAppActor pid=720272)[0m 
[K        2/3      1.47G      4.147      3.167      2.105         43        640: 43% ━━━━━─────── 46/106 5.8it/s 8.5s<10.4s
[36m(ClientAppActor pid=720283)[0m 
[K        1/3      1.44G        4.3      5.699      2.272         16        640: 92% ━━━━━━━━━━━─ 166/181 5.9it/s 36.9s<2.5s
[36m(ClientAppActor pid=720272)[0m 
[K        2/3      1.47G      4.173      3.186      2.128         11        640: 44% ━━━━━─────── 47/106 6.1it/s 8.7s<9.7s
[36m(ClientAppActor pid=720283)[0m 
[K        1/3      1.44G        4.3      5.684      2.272         53        640: 92% ━━━━━━━━━━━─ 167/181 5.7it/s 37.1s<2.4s
[36m(ClientAppActor pid=720272)[0m 
[K        2/3      1.47G      4.199      3.191      2.127         55        640: 45% ━━━━━─────── 48/106 6.0it/s 8.9s<9.6s
[36m(ClientAppActor pid=720283)[0m 
[K        1/3      1.44G      4.299      5.667      2.271         39        640: 93% ━━━━━━━━━━━─ 168/181 6.0it/s 37.2s<2.2s
[36m(ClientAppActor pid=720269)[0m 
[K                 Class     Images  Instances      Box(P          R      mAP50  mAP50-95): 80% ━━━━━━━━━╸── 12/15 4.1it/s 3.1s<0.7s
[36m(ClientAppActor pid=720272)[0m 
[K        2/3      1.47G      4.181      3.188      2.128         30        640: 46% ━━━━━╸────── 49/106 6.0it/s 9.0s<9.5s
[36m(ClientAppActor pid=720283)[0m 
[K        1/3      1.44G      4.295      5.651      2.272         38        640: 93% ━━━━━━━━━━━─ 169/181 6.0it/s 37.4s<2.0s
[36m(ClientAppActor pid=720272)[0m 
[K        2/3      1.47G      4.177      3.184      2.134         14        640: 47% ━━━━━╸────── 50/106 6.1it/s 9.2s<9.2s
[36m(ClientAppActor pid=720283)[0m 
[K        1/3      1.44G      4.294       5.64      2.271         43        640: 94% ━━━━━━━━━━━─ 170/181 6.0it/s 37.5s<1.8s
[36m(ClientAppActor pid=720274)[0m 
[K        2/3      1.46G      3.922      3.188      2.157         36        640: 24% ━━╸───────── 28/115 6.0it/s 5.0s<14.4s[32m [repeated 13x across cluster][0m
[36m(ClientAppActor pid=720272)[0m 
[K        2/3      1.47G       4.18      3.178      2.135         34        640: 48% ━━━━━╸────── 51/106 6.2it/s 9.3s<8.9s
[36m(ClientAppActor pid=720283)[0m 
[K        1/3      1.44G      4.293      5.623      2.269         67        640: 94% ━━━━━━━━━━━─ 171/181 6.1it/s 37.7s<1.6s
[36m(ClientAppActor pid=720272)[0m 
[K        2/3      1.47G       4.17      3.166      2.131         28        640: 49% ━━━━━╸────── 52/106 6.1it/s 9.5s<8.8s
[36m(ClientAppActor pid=720283)[0m 
[K        1/3      1.44G      4.285      5.602      2.267         34        640: 95% ━━━━━━━━━━━─ 172/181 6.1it/s 37.9s<1.5s
[36m(ClientAppActor pid=720269)[0m 
[K                 Class     Images  Instances      Box(P          R      mAP50  mAP50-95): 100% ━━━━━━━━━━━━ 15/15 3.8it/s 3.9s
[K                 Class     Images  Instances      Box(P          R      mAP50  mAP50-95): 100% ━━━━━━━━━━━━ 15/15 3.8it/s 3.9s
[36m(ClientAppActor pid=720269)[0m                    all        115       1013      0.587      0.453       0.49      0.225
[36m(ClientAppActor pid=720269)[0m       Epoch    GPU_mem   box_loss   cls_loss   dfl_loss  Instances       Size
[36m(ClientAppActor pid=720272)[0m 
[K        2/3      1.47G       4.16      3.164      2.133         16        640: 50% ━━━━━━────── 53/106 6.2it/s 9.7s<8.6s
[36m(ClientAppActor pid=720283)[0m 
[K        1/3      1.44G      4.284      5.592      2.269         21        640: 96% ━━━━━━━━━━━─ 173/181 6.2it/s 38.0s<1.3s
[36m(ClientAppActor pid=720274)[0m 
[K        2/3      1.46G      3.933      3.169      2.179         28        640: 29% ━━━───────── 33/115 6.0it/s 5.8s<13.8s[32m [repeated 12x across cluster][0m
[36m(ClientAppActor pid=720272)[0m 
[K        2/3      1.47G      4.165      3.162      2.132         40        640: 51% ━━━━━━────── 54/106 5.8it/s 9.9s<8.9s
[36m(ClientAppActor pid=720269)[0m 
[K        2/3      1.54G      4.015      2.897      2.167         85        640: 4% ──────────── 5/120 4.8it/s 1.0s<24.1s[32m [repeated 9x across cluster][0m
[36m(ClientAppActor pid=720283)[0m 
[K        1/3      1.44G      4.285      5.583      2.269         50        640: 96% ━━━━━━━━━━━╸ 174/181 6.2it/s 38.2s<1.1s
[36m(ClientAppActor pid=720283)[0m 
[K        1/3      1.44G      4.285      5.569      2.271         68        640: 97% ━━━━━━━━━━━╸ 175/181 5.1it/s 38.6s<1.2s
[36m(ClientAppActor pid=720272)[0m 
[K        2/3      1.47G      4.152      3.151      2.135         25        640: 52% ━━━━━━────── 55/106 4.6it/s 10.5s<11.2s
[36m(ClientAppActor pid=720283)[0m 
[K        1/3      1.44G      4.282      5.553       2.27         60        640: 97% ━━━━━━━━━━━╸ 176/181 4.2it/s 39.1s<1.2s
[36m(ClientAppActor pid=720272)[0m 
[K        2/3      1.47G      4.156      3.163      2.136         40        640: 53% ━━━━━━────── 56/106 4.1it/s 10.8s<12.3s
[36m(ClientAppActor pid=720283)[0m 
[K        1/3      1.44G      4.279      5.535      2.271         29        640: 98% ━━━━━━━━━━━╸ 177/181 4.1it/s 39.3s<1.0s
[36m(ClientAppActor pid=720272)[0m 
[K        2/3      1.47G      4.155      3.171      2.137         24        640: 54% ━━━━━━────── 57/106 4.6it/s 11.0s<10.7s
[36m(ClientAppActor pid=720274)[0m 
[K        2/3      1.46G      3.892      3.146      2.173         19        640: 33% ━━━╸──────── 38/115 5.9it/s 6.6s<13.1s[32m [repeated 12x across cluster][0m
[36m(ClientAppActor pid=720272)[0m 
[K        2/3      1.47G      4.149      3.166      2.145         30        640: 55% ━━━━━━╸───── 58/106 4.9it/s 11.2s<9.8s
[36m(ClientAppActor pid=720283)[0m 
[K        1/3      1.44G      4.281      5.529      2.272         38        640: 98% ━━━━━━━━━━━╸ 178/181 4.8it/s 39.5s<0.6s
[36m(ClientAppActor pid=720269)[0m 
[K        2/3      1.54G      3.759      2.727      2.185        100        640: 8% ╸─────────── 9/120 5.5it/s 1.7s<20.1s[32m [repeated 7x across cluster][0m
[36m(ClientAppActor pid=720272)[0m 
[K        2/3      1.47G      4.161      3.178      2.141         41        640: 56% ━━━━━━╸───── 59/106 5.1it/s 11.4s<9.1s
[36m(ClientAppActor pid=720283)[0m 
[K        1/3      1.44G      4.281      5.516      2.271         76        640: 99% ━━━━━━━━━━━╸ 179/181 4.9it/s 39.7s<0.4s
[36m(ClientAppActor pid=720283)[0m 
[K        1/3      1.44G      4.278      5.501      2.272        113        640: 99% ━━━━━━━━━━━╸ 180/181 5.3it/s 39.8s<0.2s
[K        1/3      1.44G      4.278      5.501      2.272        113        640: 100% ━━━━━━━━━━━━ 181/181 4.5it/s 39.8s
[K        1/3      1.44G      4.278      5.501      2.272        113        640: 100% ━━━━━━━━━━━━ 181/181 4.5it/s 39.8s
[36m(ClientAppActor pid=720272)[0m 
[K        2/3      1.47G      4.152      3.169      2.139         20        640: 57% ━━━━━━╸───── 60/106 5.3it/s 11.5s<8.7s
[36m(ClientAppActor pid=720272)[0m 
[K        2/3      1.47G       4.14      3.159      2.137         33        640: 58% ━━━━━━╸───── 61/106 5.6it/s 11.7s<8.0s
[36m(ClientAppActor pid=720283)[0m 
[K                 Class     Images  Instances      Box(P          R      mAP50  mAP50-95): 6% ╸─────────── 1/17 1.1s/it 0.3s<18.1s
[36m(ClientAppActor pid=720274)[0m 
[K        2/3      1.46G      3.881       3.16      2.165         20        640: 37% ━━━━──────── 43/115 5.8it/s 7.5s<12.4s[32m [repeated 11x across cluster][0m
[36m(ClientAppActor pid=720272)[0m 
[K        2/3      1.47G       4.14      3.158      2.132         26        640: 58% ━━━━━━━───── 62/106 5.8it/s 11.9s<7.5s
[36m(ClientAppActor pid=720272)[0m 
[K        2/3      1.47G      4.132      3.156      2.137         20        640: 59% ━━━━━━━───── 63/106 6.0it/s 12.0s<7.2s
[36m(ClientAppActor pid=720283)[0m 
[K        1/3      1.44G      4.311      5.821      2.273         40        640: 87% ━━━━━━━━━━── 158/181 5.9it/s 35.5s<3.9s[32m [repeated 2x across cluster][0m
[36m(ClientAppActor pid=720269)[0m 
[K        2/3      1.54G      3.642      2.609      2.178         87        640: 12% ━─────────── 15/120 6.1it/s 2.7s<17.1s[32m [repeated 9x across cluster][0m
[36m(ClientAppActor pid=720283)[0m 
[K                 Class     Images  Instances      Box(P          R      mAP50  mAP50-95): 12% ━─────────── 2/17 1.6it/s 0.6s<9.3s
[36m(ClientAppActor pid=720272)[0m 
[K        2/3      1.47G       4.13      3.149      2.137         38        640: 60% ━━━━━━━───── 64/106 5.8it/s 12.2s<7.3s
[36m(ClientAppActor pid=720272)[0m 
[K        2/3      1.47G      4.134      3.156      2.139         27        640: 61% ━━━━━━━───── 65/106 6.1it/s 12.3s<6.7s
[36m(ClientAppActor pid=720283)[0m 
[K                 Class     Images  Instances      Box(P          R      mAP50  mAP50-95): 18% ━━────────── 3/17 2.1it/s 0.9s<6.6s
[36m(ClientAppActor pid=720274)[0m 
[K        2/3      1.46G      3.872      3.155       2.16         47        640: 41% ━━━━╸─────── 47/115 4.1it/s 8.7s<16.7s[32m [repeated 10x across cluster][0m
[36m(ClientAppActor pid=720272)[0m 
[K        2/3      1.47G      4.117      3.143       2.14         13        640: 62% ━━━━━━━───── 66/106 6.3it/s 12.5s<6.3s
[36m(ClientAppActor pid=720272)[0m 
[K        2/3      1.47G      4.112      3.132       2.14         28        640: 63% ━━━━━━━╸──── 67/106 6.5it/s 12.6s<6.0s
[36m(ClientAppActor pid=720283)[0m 
[K                 Class     Images  Instances      Box(P          R      mAP50  mAP50-95): 24% ━━╸───────── 4/17 2.5it/s 1.2s<5.2s
[36m(ClientAppActor pid=720269)[0m 
[K        2/3      1.54G      3.666      2.621       2.18         75        640: 16% ━╸────────── 19/120 6.1it/s 3.4s<16.7s[32m [repeated 8x across cluster][0m
[36m(ClientAppActor pid=720272)[0m 
[K        2/3      1.47G      4.111      3.122      2.141         18        640: 64% ━━━━━━━╸──── 68/106 6.6it/s 12.8s<5.8s
[36m(ClientAppActor pid=720272)[0m 
[K        2/3      1.47G      4.098       3.11      2.139         28        640: 65% ━━━━━━━╸──── 69/106 6.6it/s 12.9s<5.6s
[36m(ClientAppActor pid=720283)[0m 
[K                 Class     Images  Instances      Box(P          R      mAP50  mAP50-95): 29% ━━━╸──────── 5/17 2.8it/s 1.5s<4.4s
[36m(ClientAppActor pid=720272)[0m 
[K        2/3      1.47G      4.094      3.113      2.136         25        640: 66% ━━━━━━━╸──── 70/106 6.7it/s 13.1s<5.4s
[36m(ClientAppActor pid=720272)[0m 
[K        2/3      1.47G      4.097      3.114      2.136         56        640: 67% ━━━━━━━━──── 71/106 6.7it/s 13.2s<5.2s
[36m(ClientAppActor pid=720272)[0m 
[K        2/3      1.47G      4.092      3.112      2.138         19        640: 68% ━━━━━━━━──── 72/106 6.8it/s 13.4s<5.0s
[36m(ClientAppActor pid=720274)[0m 
[K        2/3      1.46G      3.872      3.138      2.154         23        640: 45% ━━━━━─────── 52/115 5.4it/s 9.6s<11.6s[32m [repeated 10x across cluster][0m
[36m(ClientAppActor pid=720283)[0m 
[K                 Class     Images  Instances      Box(P          R      mAP50  mAP50-95): 35% ━━━━──────── 6/17 2.9it/s 1.8s<3.8s
[36m(ClientAppActor pid=720269)[0m 
[K        2/3      1.54G      3.652      2.602      2.182         43        640: 21% ━━────────── 25/120 4.7it/s 5.0s<20.1s[32m [repeated 11x across cluster][0m
[36m(ClientAppActor pid=720272)[0m 
[K        2/3      1.47G      4.087      3.107      2.137         22        640: 69% ━━━━━━━━──── 73/106 6.5it/s 13.5s<5.1s
[36m(ClientAppActor pid=720272)[0m 
[K        2/3      1.47G      4.088      3.117      2.138         41        640: 70% ━━━━━━━━──── 74/106 6.6it/s 13.7s<4.9s
[36m(ClientAppActor pid=720283)[0m 
[K                 Class     Images  Instances      Box(P          R      mAP50  mAP50-95): 41% ━━━━╸─────── 7/17 3.0it/s 2.1s<3.3s
[36m(ClientAppActor pid=720272)[0m 
[K        2/3      1.47G      4.093      3.113      2.137         37        640: 71% ━━━━━━━━──── 75/106 6.6it/s 13.8s<4.7s
[36m(ClientAppActor pid=720272)[0m 
[K        2/3      1.47G      4.103      3.122       2.14         19        640: 72% ━━━━━━━━╸─── 76/106 6.9it/s 14.0s<4.4s
[36m(ClientAppActor pid=720283)[0m 
[K                 Class     Images  Instances      Box(P          R      mAP50  mAP50-95): 47% ━━━━━╸────── 8/17 3.1it/s 2.4s<2.9s
[36m(ClientAppActor pid=720274)[0m 
[K        2/3      1.46G       3.85      3.137      2.153         15        640: 50% ━━━━━╸────── 57/115 6.5it/s 10.4s<9.0s[32m [repeated 10x across cluster][0m
[36m(ClientAppActor pid=720272)[0m 
[K        2/3      1.47G      4.111      3.126      2.142         34        640: 73% ━━━━━━━━╸─── 77/106 6.8it/s 14.1s<4.2s
[36m(ClientAppActor pid=720283)[0m 
[K                 Class     Images  Instances      Box(P          R      mAP50  mAP50-95): 53% ━━━━━━────── 9/17 3.2it/s 2.7s<2.5s
[36m(ClientAppActor pid=720269)[0m 
[K        2/3      1.54G      3.621      2.643      2.201         87        640: 24% ━━╸───────── 29/120 6.0it/s 5.6s<15.3s[32m [repeated 9x across cluster][0m
[36m(ClientAppActor pid=720272)[0m 
[K        2/3      1.47G      4.102      3.115      2.141         27        640: 74% ━━━━━━━━╸─── 78/106 6.9it/s 14.3s<4.1s
[36m(ClientAppActor pid=720272)[0m 
[K        2/3      1.47G      4.109      3.119      2.144         24        640: 75% ━━━━━━━━╸─── 79/106 6.8it/s 14.4s<4.0s
[36m(ClientAppActor pid=720283)[0m 
[K                 Class     Images  Instances      Box(P          R      mAP50  mAP50-95): 59% ━━━━━━━───── 10/17 3.3it/s 3.0s<2.1s
[36m(ClientAppActor pid=720272)[0m 
[K        2/3      1.47G      4.107      3.111       2.14         46        640: 75% ━━━━━━━━━─── 80/106 6.8it/s 14.6s<3.8s
[36m(ClientAppActor pid=720274)[0m 
[K        2/3      1.46G      3.834      3.142      2.149         28        640: 54% ━━━━━━────── 62/115 6.8it/s 11.1s<7.8s[32m [repeated 10x across cluster][0m
[36m(ClientAppActor pid=720272)[0m 
[K        2/3      1.47G      4.109      3.116      2.139         32        640: 76% ━━━━━━━━━─── 81/106 6.8it/s 14.7s<3.7s
[36m(ClientAppActor pid=720283)[0m 
[K                 Class     Images  Instances      Box(P          R      mAP50  mAP50-95): 65% ━━━━━━━╸──── 11/17 3.4it/s 3.3s<1.8s
[36m(ClientAppActor pid=720269)[0m 
[K        2/3      1.54G      3.642      2.691      2.246         70        640: 29% ━━━───────── 35/120 6.5it/s 6.5s<13.0s[32m [repeated 12x across cluster][0m
[36m(ClientAppActor pid=720272)[0m 
[K        2/3      1.47G      4.101      3.107       2.14         37        640: 77% ━━━━━━━━━─── 82/106 6.0it/s 15.0s<4.0s
[36m(ClientAppActor pid=720283)[0m 
[K                 Class     Images  Instances      Box(P          R      mAP50  mAP50-95): 71% ━━━━━━━━──── 12/17 3.8it/s 3.5s<1.3s
[36m(ClientAppActor pid=720283)[0m 
[K                 Class     Images  Instances      Box(P          R      mAP50  mAP50-95): 76% ━━━━━━━━━─── 13/17 3.9it/s 3.8s<1.0s
[36m(ClientAppActor pid=720283)[0m 
[K                 Class     Images  Instances      Box(P          R      mAP50  mAP50-95): 82% ━━━━━━━━━╸── 14/17 4.1it/s 4.0s<0.7s
[36m(ClientAppActor pid=720272)[0m 
[K        2/3      1.47G      4.104      3.112       2.14         32        640: 78% ━━━━━━━━━─── 83/106 4.7it/s 15.5s<4.9s
[36m(ClientAppActor pid=720283)[0m 
[K                 Class     Images  Instances      Box(P          R      mAP50  mAP50-95): 88% ━━━━━━━━━━╸─ 15/17 4.4it/s 4.2s<0.5s
[36m(ClientAppActor pid=720272)[0m 
[K        2/3      1.47G      4.095      3.108      2.139         23        640: 79% ━━━━━━━━━╸── 84/106 4.1it/s 15.9s<5.4s
[36m(ClientAppActor pid=720269)[0m 
[K        2/3      1.54G      3.638      2.677      2.242         40        640: 32% ━━━╸──────── 39/120 6.8it/s 7.1s<11.9s[32m [repeated 9x across cluster][0m
[36m(ClientAppActor pid=720272)[0m 
[K        2/3      1.47G      4.095       3.12      2.138         15        640: 80% ━━━━━━━━━╸── 85/106 4.8it/s 16.1s<4.4s
[36m(ClientAppActor pid=720283)[0m 
[K                 Class     Images  Instances      Box(P          R      mAP50  mAP50-95): 94% ━━━━━━━━━━━─ 16/17 3.9it/s 4.6s<0.3s
[36m(ClientAppActor pid=720274)[0m 
[K        2/3      1.46G      3.844      3.145      2.146         31        640: 58% ━━━━━━╸───── 67/115 6.8it/s 11.9s<7.0s[32m [repeated 10x across cluster][0m
[36m(ClientAppActor pid=720272)[0m 
[K        2/3      1.47G      4.087      3.117      2.137         19        640: 81% ━━━━━━━━━╸── 86/106 5.2it/s 16.2s<3.8s
[36m(ClientAppActor pid=720283)[0m 
[K                 Class     Images  Instances      Box(P          R      mAP50  mAP50-95): 100% ━━━━━━━━━━━━ 17/17 3.5it/s 4.8s
[K                 Class     Images  Instances      Box(P          R      mAP50  mAP50-95): 100% ━━━━━━━━━━━━ 17/17 3.5it/s 4.8s
[36m(ClientAppActor pid=720283)[0m                    all        133       1032      0.606      0.436      0.501      0.241
[36m(ClientAppActor pid=720283)[0m 
[36m(ClientAppActor pid=720283)[0m       Epoch    GPU_mem   box_loss   cls_loss   dfl_loss  Instances       Size
[36m(ClientAppActor pid=720272)[0m 
[K        2/3      1.47G      4.095       3.12      2.139         41        640: 82% ━━━━━━━━━╸── 87/106 5.6it/s 16.4s<3.4s
[36m(ClientAppActor pid=720283)[0m 
[K        2/3      1.44G      5.243      4.059      2.693         41        640: 0% ──────────── 0/181  0.2s
[36m(ClientAppActor pid=720272)[0m 
[K        2/3      1.47G      4.099       3.12      2.136         35        640: 83% ━━━━━━━━━╸── 88/106 5.6it/s 16.6s<3.2s
[36m(ClientAppActor pid=720283)[0m 
[K        2/3      1.44G      4.822      3.441      2.446         58        640: 1% ──────────── 1/181 1.8it/s 0.3s<1:40
[36m(ClientAppActor pid=720283)[0m 
[K        2/3      1.44G      4.627      3.397       2.29         56        640: 1% ──────────── 2/181 3.0it/s 0.5s<59.9s
[36m(ClientAppActor pid=720269)[0m 
[K        2/3      1.54G      3.637      2.677      2.248        134        640: 38% ━━━━──────── 45/120 6.5it/s 8.0s<11.5s[32m [repeated 11x across cluster][0m
[36m(ClientAppActor pid=720274)[0m 
[K        2/3      1.46G      3.831      3.142      2.138         37        640: 62% ━━━━━━━───── 71/115 6.8it/s 12.5s<6.5s[32m [repeated 9x across cluster][0m
[36m(ClientAppActor pid=720272)[0m 
[K        2/3      1.47G      4.082      3.118      2.142          8        640: 85% ━━━━━━━━━━── 90/106 5.9it/s 16.9s<2.7s[32m [repeated 2x across cluster][0m
[36m(ClientAppActor pid=720283)[0m 
[K        2/3      1.44G      4.422      3.346      2.322         45        640: 2% ──────────── 3/181 3.7it/s 0.7s<47.7s
[36m(ClientAppActor pid=720283)[0m 
[K        2/3      1.44G      4.756      3.684      2.295         20        640: 2% ──────────── 4/181 4.1it/s 0.9s<43.0s
[36m(ClientAppActor pid=720272)[0m 
[K        2/3      1.47G      4.072      3.105      2.141         23        640: 88% ━━━━━━━━━━╸─ 93/106 5.9it/s 17.4s<2.2s
[36m(ClientAppActor pid=720283)[0m 
[K        2/3      1.44G      4.876      3.729      2.296         42        640: 3% ──────────── 5/181 4.7it/s 1.1s<37.2s
[36m(ClientAppActor pid=720269)[0m 
[K        2/3      1.54G      3.617      2.662      2.246         94        640: 41% ━━━━╸─────── 49/120 6.4it/s 8.7s<11.1s[32m [repeated 9x across cluster][0m
[36m(ClientAppActor pid=720272)[0m 
[K        2/3      1.47G      4.069      3.095       2.14         13        640: 89% ━━━━━━━━━━╸─ 94/106 6.1it/s 17.5s<2.0s
[36m(ClientAppActor pid=720283)[0m 
[K        2/3      1.44G      4.831      3.673      2.264         88        640: 3% ──────────── 6/181 5.1it/s 1.2s<34.2s
[36m(ClientAppActor pid=720274)[0m 
[K        2/3      1.46G      3.866      3.167      2.141         57        640: 66% ━━━━━━━╸──── 76/115 4.1it/s 13.9s<9.6s[32m [repeated 10x across cluster][0m
[36m(ClientAppActor pid=720272)[0m 
[K        2/3      1.47G      4.072        3.1      2.141         25        640: 90% ━━━━━━━━━━╸─ 95/106 6.3it/s 17.7s<1.8s
[36m(ClientAppActor pid=720283)[0m 
[K        2/3      1.44G      4.879      3.679      2.253         39        640: 4% ──────────── 7/181 5.5it/s 1.4s<31.6s
[36m(ClientAppActor pid=720272)[0m 
[K        2/3      1.47G      4.074      3.099      2.141         23        640: 91% ━━━━━━━━━━╸─ 96/106 6.2it/s 17.8s<1.6s
[36m(ClientAppActor pid=720283)[0m 
[K        2/3      1.44G      4.855       3.67      2.251         39        640: 4% ╸─────────── 8/181 5.8it/s 1.5s<30.1s
[36m(ClientAppActor pid=720272)[0m 
[K        2/3      1.47G      4.081      3.097      2.141         31        640: 92% ━━━━━━━━━━╸─ 97/106 6.3it/s 18.0s<1.4s
[36m(ClientAppActor pid=720283)[0m 
[K        2/3      1.44G      4.835      3.714      2.218         20        640: 5% ╸─────────── 9/181 6.0it/s 1.7s<28.8s
[36m(ClientAppActor pid=720272)[0m 
[K        2/3      1.47G      4.078      3.091      2.139         56        640: 92% ━━━━━━━━━━━─ 98/106 6.3it/s 18.2s<1.3s
[36m(ClientAppActor pid=720283)[0m 
[K        2/3      1.44G      4.786      3.671      2.214         30        640: 6% ╸─────────── 10/181 5.9it/s 1.9s<29.2s
[36m(ClientAppActor pid=720274)[0m 
[K        2/3      1.46G      3.857      3.144      2.142         12        640: 70% ━━━━━━━━──── 81/115 5.8it/s 14.7s<5.9s[32m [repeated 10x across cluster][0m
[36m(ClientAppActor pid=720272)[0m 
[K        2/3      1.47G      4.088      3.101      2.139         34        640: 93% ━━━━━━━━━━━─ 99/106 6.4it/s 18.3s<1.1s
[36m(ClientAppActor pid=720269)[0m 
[K        2/3      1.54G      3.599      2.644      2.234         86        640: 46% ━━━━━─────── 55/120 5.9it/s 10.2s<11.1s[32m [repeated 11x across cluster][0m
[36m(ClientAppActor pid=720283)[0m 
[K        2/3      1.44G      4.689       3.61      2.252         42        640: 6% ╸─────────── 11/181 5.9it/s 2.0s<28.6s
[36m(ClientAppActor pid=720272)[0m 
[K        2/3      1.47G      4.088      3.102      2.136         17        640: 94% ━━━━━━━━━━━─ 100/106 6.4it/s 18.5s<0.9s
[36m(ClientAppActor pid=720283)[0m 
[K        2/3      1.44G      4.627      3.561      2.237         43        640: 7% ╸─────────── 12/181 5.8it/s 2.2s<29.0s
[36m(ClientAppActor pid=720272)[0m 
[K        2/3      1.47G      4.095      3.107      2.135         19        640: 95% ━━━━━━━━━━━─ 101/106 6.4it/s 18.6s<0.8s
[36m(ClientAppActor pid=720283)[0m 
[K        2/3      1.44G      4.624      3.567      2.241         54        640: 7% ╸─────────── 13/181 5.8it/s 2.4s<28.9s
[36m(ClientAppActor pid=720272)[0m 
[K        2/3      1.47G        4.1       3.11      2.135         44        640: 96% ━━━━━━━━━━━╸ 102/106 6.3it/s 18.8s<0.6s
[36m(ClientAppActor pid=720283)[0m 
[K        2/3      1.44G      4.594      3.545      2.245         37        640: 8% ╸─────────── 14/181 5.7it/s 2.6s<29.1s
[36m(ClientAppActor pid=720274)[0m 
[K        2/3      1.46G       3.86      3.138      2.151         29        640: 75% ━━━━━━━━╸─── 86/115 5.9it/s 15.6s<4.9s[32m [repeated 10x across cluster][0m
[36m(ClientAppActor pid=720272)[0m 
[K        2/3      1.47G      4.106      3.112      2.135         41        640: 97% ━━━━━━━━━━━╸ 103/106 6.5it/s 18.9s<0.5s
[36m(ClientAppActor pid=720269)[0m 
[K        2/3      1.54G      3.601      2.654      2.235         82        640: 49% ━━━━━╸────── 59/120 5.9it/s 10.9s<10.3s[32m [repeated 9x across cluster][0m
[36m(ClientAppActor pid=720272)[0m 
[K        2/3      1.47G      4.106      3.106      2.134         55        640: 98% ━━━━━━━━━━━╸ 104/106 6.3it/s 19.1s<0.3s
[36m(ClientAppActor pid=720283)[0m 
[K        2/3      1.44G      4.532      3.494      2.233         35        640: 8% ╸─────────── 15/181 5.7it/s 2.7s<29.0s
[36m(ClientAppActor pid=720272)[0m 
[K        2/3      1.47G      4.092      3.101      2.134          6        640: 99% ━━━━━━━━━━━╸ 105/106 7.2it/s 19.2s<0.1s
[K        2/3      1.47G      4.092      3.101      2.134          6        640: 100% ━━━━━━━━━━━━ 106/106 5.5it/s 19.2s
[K        2/3      1.47G      4.092      3.101      2.134          6        640: 100% ━━━━━━━━━━━━ 106/106 5.5it/s 19.2s
[36m(ClientAppActor pid=720283)[0m 
[K        2/3      1.44G      4.482      3.426      2.233         44        640: 9% ━─────────── 16/181 5.6it/s 2.9s<29.6s
[36m(ClientAppActor pid=720283)[0m 
[K        2/3      1.44G      4.458      3.391      2.217         30        640: 9% ━─────────── 17/181 5.9it/s 3.1s<27.6s
[36m(ClientAppActor pid=720272)[0m 
[K                 Class     Images  Instances      Box(P          R      mAP50  mAP50-95): 11% ━─────────── 1/9 1.1it/s 0.3s<7.5s
[36m(ClientAppActor pid=720283)[0m 
[K        2/3      1.44G       4.44      3.375      2.203         48        640: 10% ━─────────── 18/181 6.0it/s 3.2s<27.2s
[36m(ClientAppActor pid=720274)[0m 
[K        2/3      1.46G      3.861      3.114      2.152         26        640: 79% ━━━━━━━━━─── 91/115 6.3it/s 16.3s<3.8s[32m [repeated 10x across cluster][0m
[36m(ClientAppActor pid=720269)[0m 
[K        2/3      1.54G      3.617       2.66      2.223         53        640: 54% ━━━━━━────── 65/120 5.7it/s 11.9s<9.6s[32m [repeated 12x across cluster][0m
[36m(ClientAppActor pid=720283)[0m 
[K        2/3      1.44G      4.406      3.359      2.227         15        640: 10% ━─────────── 19/181 6.4it/s 3.4s<25.2s
[36m(ClientAppActor pid=720272)[0m 
[K                 Class     Images  Instances      Box(P          R      mAP50  mAP50-95): 22% ━━╸───────── 2/9 1.8it/s 0.6s<3.9s
[36m(ClientAppActor pid=720283)[0m 
[K        2/3      1.44G      4.469      3.435      2.218         37        640: 11% ━─────────── 20/181 6.6it/s 3.5s<24.5s
[36m(ClientAppActor pid=720272)[0m 
[K                 Class     Images  Instances      Box(P          R      mAP50  mAP50-95): 33% ━━━━──────── 3/9 2.7it/s 0.8s<2.2s
[36m(ClientAppActor pid=720272)[0m 
[K                 Class     Images  Instances      Box(P          R      mAP50  mAP50-95): 44% ━━━━━─────── 4/9 3.2it/s 1.0s<1.6s
[36m(ClientAppActor pid=720283)[0m 
[K        2/3      1.44G      4.463      3.421      2.205         23        640: 12% ━─────────── 21/181 5.3it/s 3.9s<30.0s
[36m(ClientAppActor pid=720272)[0m 
[K                 Class     Images  Instances      Box(P          R      mAP50  mAP50-95): 56% ━━━━━━╸───── 5/9 3.3it/s 1.3s<1.2s
[36m(ClientAppActor pid=720283)[0m 
[K        2/3      1.44G      4.461      3.401      2.189         46        640: 12% ━─────────── 22/181 4.3it/s 4.4s<36.6s
[36m(ClientAppActor pid=720274)[0m 
[K        2/3      1.46G      3.855      3.108      2.146         34        640: 83% ━━━━━━━━━╸── 95/115 6.0it/s 17.0s<3.3s[32m [repeated 9x across cluster][0m
[36m(ClientAppActor pid=720283)[0m 
[K        2/3      1.44G      4.412      3.366      2.182         43        640: 13% ━╸────────── 23/181 4.3it/s 4.7s<37.0s
[36m(ClientAppActor pid=720272)[0m 
[K                 Class     Images  Instances      Box(P          R      mAP50  mAP50-95): 67% ━━━━━━━━──── 6/9 2.9it/s 1.9s<1.1s
[36m(ClientAppActor pid=720283)[0m 
[K        2/3      1.44G      4.405      3.346      2.176         44        640: 13% ━╸────────── 24/181 4.9it/s 4.8s<32.2s
[36m(ClientAppActor pid=720269)[0m 
[K        2/3      1.54G      3.624      2.652      2.218         85        640: 57% ━━━━━━╸───── 69/120 5.8it/s 12.6s<8.7s[32m [repeated 9x across cluster][0m
[36m(ClientAppActor pid=720283)[0m 
[K        2/3      1.44G       4.37      3.322      2.167         20        640: 14% ━╸────────── 25/181 5.4it/s 5.0s<29.0s
[36m(ClientAppActor pid=720272)[0m 
[K                 Class     Images  Instances      Box(P          R      mAP50  mAP50-95): 78% ━━━━━━━━━─── 7/9 3.1it/s 2.1s<0.6s
[36m(ClientAppActor pid=720283)[0m 
[K        2/3      1.44G      4.345       3.29      2.168         49        640: 14% ━╸────────── 26/181 5.8it/s 5.1s<26.8s
[36m(ClientAppActor pid=720272)[0m 
[K                 Class     Images  Instances      Box(P          R      mAP50  mAP50-95): 89% ━━━━━━━━━━╸─ 8/9 3.3it/s 2.4s<0.3s
[36m(ClientAppActor pid=720283)[0m 
[K        2/3      1.44G      4.314      3.272      2.181         70        640: 15% ━╸────────── 27/181 6.1it/s 5.3s<25.3s
[36m(ClientAppActor pid=720283)[0m 
[K        2/3      1.44G      4.311      3.262       2.18         45        640: 15% ━╸────────── 28/181 6.4it/s 5.4s<23.9s
[36m(ClientAppActor pid=720272)[0m 
[K                 Class     Images  Instances      Box(P          R      mAP50  mAP50-95): 100% ━━━━━━━━━━━━ 9/9 3.5it/s 2.6s
[K                 Class     Images  Instances      Box(P          R      mAP50  mAP50-95): 100% ━━━━━━━━━━━━ 9/9 3.5it/s 2.6s
[36m(ClientAppActor pid=720272)[0m                    all         69        401      0.675      0.506      0.567      0.293
[36m(ClientAppActor pid=720272)[0m 
[36m(ClientAppActor pid=720272)[0m       Epoch    GPU_mem   box_loss   cls_loss   dfl_loss  Instances       Size
[36m(ClientAppActor pid=720283)[0m 
[K        2/3      1.44G      4.287      3.256       2.17         49        640: 16% ━╸────────── 29/181 6.5it/s 5.6s<23.3s
[36m(ClientAppActor pid=720272)[0m 
[K        3/3      1.47G       3.23      2.246      1.902         44        640: 0% ──────────── 0/106  0.1s
[36m(ClientAppActor pid=720269)[0m 
[K        2/3      1.54G      3.618      2.656      2.212         95        640: 62% ━━━━━━━───── 75/120 6.6it/s 13.6s<6.8s[32m [repeated 11x across cluster][0m
[36m(ClientAppActor pid=720270)[0m 
[K                 Class     Images  Instances      Box(P          R      mAP50  mAP50-95): 18% ━━────────── 2/11 2.0it/s 0.5s<4.5s
[36m(ClientAppActor pid=720274)[0m 
[K        2/3      1.46G      3.867      3.103      2.154         40        640: 87% ━━━━━━━━━━── 100/115 6.0it/s 17.8s<2.5s[32m [repeated 12x across cluster][0m
[36m(ClientAppActor pid=720272)[0m 
[K        3/3      1.47G      3.582      2.446      1.911         63        640: 1% ──────────── 1/106 2.1it/s 0.3s<51.2s
[36m(ClientAppActor pid=720283)[0m 
[K        2/3      1.44G      4.266      3.249      2.176         58        640: 17% ━╸────────── 30/181 6.3it/s 5.7s<24.1s
[36m(ClientAppActor pid=720272)[0m 
[K        3/3      1.47G       3.78      3.104      2.077         18        640: 2% ──────────── 2/106 3.7it/s 0.4s<28.2s
[36m(ClientAppActor pid=720283)[0m 
[K        2/3      1.44G      4.278      3.249      2.174         29        640: 17% ━━────────── 31/181 6.3it/s 5.9s<23.8s
[36m(ClientAppActor pid=720270)[0m 
[K                 Class     Images  Instances      Box(P          R      mAP50  mAP50-95): 27% ━━━───────── 3/11 2.4it/s 0.8s<3.3s
[36m(ClientAppActor pid=720272)[0m 
[K        3/3      1.47G      3.878      3.161      2.075         18        640: 3% ──────────── 3/106 4.7it/s 0.6s<22.0s
[36m(ClientAppActor pid=720283)[0m 
[K        2/3      1.44G      4.268      3.228      2.173         67        640: 18% ━━────────── 32/181 6.3it/s 6.1s<23.6s
[36m(ClientAppActor pid=720274)[0m 
[K        2/3      1.46G       3.88      3.102      2.157         52        640: 91% ━━━━━━━━━━╸─ 105/115 5.3it/s 19.3s<1.9s[32m [repeated 10x across cluster][0m
[36m(ClientAppActor pid=720272)[0m 
[K        3/3      1.47G      4.012      3.281       2.12         50        640: 4% ──────────── 4/106 5.4it/s 0.7s<18.8s
[36m(ClientAppActor pid=720283)[0m 
[K        2/3      1.44G       4.29      3.246      2.177         34        640: 18% ━━────────── 33/181 6.5it/s 6.2s<22.7s
[36m(ClientAppActor pid=720283)[0m 
[K        2/3      1.44G      4.276       3.24      2.173         48        640: 19% ━━────────── 34/181 6.7it/s 6.3s<22.0s
[36m(ClientAppActor pid=720269)[0m 
[K        2/3      1.54G      3.617      2.651      2.209         97        640: 66% ━━━━━━━╸──── 79/120 4.0it/s 14.8s<10.1s[32m [repeated 9x across cluster][0m
[36m(ClientAppActor pid=720283)[0m 
[K        2/3      1.44G      4.274      3.231      2.187         80        640: 19% ━━────────── 35/181 7.2it/s 6.5s<20.4s
[36m(ClientAppActor pid=720272)[0m 
[K        3/3      1.47G      4.106      3.223      2.139         32        640: 6% ╸─────────── 6/106 6.6it/s 1.0s<15.1s[32m [repeated 2x across cluster][0m
[36m(ClientAppActor pid=720283)[0m 
[K        2/3      1.44G      4.259      3.219      2.193         47        640: 20% ━━────────── 36/181 7.3it/s 6.6s<19.9s
[36m(ClientAppActor pid=720283)[0m 
[K        2/3      1.44G      4.271      3.232      2.193         35        640: 20% ━━────────── 37/181 6.7it/s 6.8s<21.5s
[36m(ClientAppActor pid=720274)[0m 
[K        2/3      1.46G      3.902      3.113      2.158         18        640: 96% ━━━━━━━━━━━─ 110/115 6.8it/s 20.0s<0.7s[32m [repeated 10x across cluster][0m
[36m(ClientAppActor pid=720270)[0m 
[K                 Class     Images  Instances      Box(P          R      mAP50  mAP50-95): 64% ━━━━━━━╸──── 7/11 3.7it/s 1.8s<1.1s
[36m(ClientAppActor pid=720283)[0m 
[K        2/3      1.44G      4.279      3.252      2.193         19        640: 21% ━━╸───────── 38/181 7.0it/s 6.9s<20.5s
[36m(ClientAppActor pid=720269)[0m 
[K        2/3      1.59G       3.63       2.66      2.208         60        640: 71% ━━━━━━━━──── 85/120 6.9it/s 15.7s<5.0s[32m [repeated 11x across cluster][0m
[36m(ClientAppActor pid=720274)[0m 
[K                 Class     Images  Instances      Box(P          R      mAP50  mAP50-95): 30% ━━━╸──────── 3/10 2.8it/s 0.7s<2.5s
[36m(ClientAppActor pid=720283)[0m 
[K        2/3      1.44G      4.259      3.244      2.191         21        640: 22% ━━╸───────── 39/181 7.0it/s 7.1s<20.3s
[36m(ClientAppActor pid=720283)[0m 
[K        2/3      1.44G      4.253      3.239        2.2         34        640: 22% ━━╸───────── 40/181 7.0it/s 7.2s<20.0s
[36m(ClientAppActor pid=720270)[0m 
[K                 Class     Images  Instances      Box(P          R      mAP50  mAP50-95): 73% ━━━━━━━━╸─── 8/11 3.9it/s 2.0s<0.8s
[36m(ClientAppActor pid=720274)[0m 
[K                 Class     Images  Instances      Box(P          R      mAP50  mAP50-95): 40% ━━━━╸─────── 4/10 3.2it/s 1.0s<1.9s
[36m(ClientAppActor pid=720283)[0m 
[K        2/3      1.44G      4.244       3.23      2.197         39        640: 23% ━━╸───────── 41/181 7.0it/s 7.3s<20.0s
[36m(ClientAppActor pid=720270)[0m 
[K                 Class     Images  Instances      Box(P          R      mAP50  mAP50-95): 82% ━━━━━━━━━╸── 9/11 4.0it/s 2.3s<0.5s
[36m(ClientAppActor pid=720283)[0m 
[K        2/3      1.44G      4.242      3.231      2.197         35        640: 23% ━━╸───────── 42/181 7.1it/s 7.5s<19.6s
[36m(ClientAppActor pid=720274)[0m 
[K                 Class     Images  Instances      Box(P          R      mAP50  mAP50-95): 50% ━━━━━━────── 5/10 3.5it/s 1.2s<1.4s
[36m(ClientAppActor pid=720274)[0m 
[K        2/3      1.46G      3.904      3.113      2.165         35        640: 98% ━━━━━━━━━━━╸ 113/115 6.6it/s 20.4s<0.3s[32m [repeated 6x across cluster][0m
[36m(ClientAppActor pid=720283)[0m 
[K        2/3      1.44G      4.223      3.229        2.2         25        640: 24% ━━╸───────── 43/181 7.2it/s 7.6s<19.2s
[36m(ClientAppActor pid=720274)[0m 
[K                 Class     Images  Instances      Box(P          R      mAP50  mAP50-95): 60% ━━━━━━━───── 6/10 3.7it/s 1.4s<1.1s
[36m(ClientAppActor pid=720269)[0m 
[K        2/3      1.59G      3.619      2.649      2.212        108        640: 74% ━━━━━━━━╸─── 89/120 6.7it/s 16.3s<4.6s[32m [repeated 9x across cluster][0m
[36m(ClientAppActor pid=720283)[0m 
[K        2/3      1.44G      4.234      3.246      2.201         46        640: 24% ━━╸───────── 44/181 6.9it/s 7.8s<20.0s
[36m(ClientAppActor pid=720283)[0m 
[K        2/3      1.44G      4.228       3.25      2.202         26        640: 25% ━━╸───────── 45/181 7.3it/s 7.9s<18.6s
[36m(ClientAppActor pid=720274)[0m 
[K        2/3      1.46G        3.9      3.121      2.158          1        640: 99% ━━━━━━━━━━━╸ 114/115 6.9it/s 20.6s<0.1s
[K        2/3      1.46G        3.9      3.121      2.158          1        640: 100% ━━━━━━━━━━━━ 115/115 5.6it/s 20.6s
[K        2/3      1.46G        3.9      3.121      2.158          1        640: 100% ━━━━━━━━━━━━ 115/115 5.6it/s 20.6s[32m [repeated 2x across cluster][0m
[36m(ClientAppActor pid=720272)[0m 
[K        3/3      1.47G      4.092      3.213      2.121         53        640: 12% ━─────────── 13/106 7.6it/s 1.9s<12.3s[32m [repeated 5x across cluster][0m
[36m(ClientAppActor pid=720270)[0m 
[36m(ClientAppActor pid=720283)[0m 
[K        2/3      1.44G      4.221       3.24      2.206         28        640: 25% ━━━───────── 46/181 7.3it/s 8.0s<18.4s
[36m(ClientAppActor pid=720283)[0m 
[K        2/3      1.44G      4.216      3.239      2.201         35        640: 26% ━━━───────── 47/181 7.1it/s 8.2s<18.8s
[36m(ClientAppActor pid=720274)[0m 
[K                 Class     Images  Instances      Box(P          R      mAP50  mAP50-95): 10% ━─────────── 1/10 1.2it/s 0.3s<7.7s[32m [repeated 2x across cluster][0m
[36m(ClientAppActor pid=720283)[0m 
[K        2/3      1.44G      4.223      3.232      2.199         73        640: 27% ━━━───────── 48/181 7.0it/s 8.3s<19.0s
[36m(ClientAppActor pid=720269)[0m 
[K        2/3      1.59G      3.618       2.65      2.212         89        640: 79% ━━━━━━━━━─── 95/120 7.1it/s 17.1s<3.5s[32m [repeated 12x across cluster][0m
[36m(ClientAppActor pid=720283)[0m 
[K        2/3      1.44G       4.24      3.246      2.201         32        640: 27% ━━━───────── 49/181 6.9it/s 8.5s<19.2s
[36m(ClientAppActor pid=720270)[0m 
[K                 Class     Images  Instances      Box(P          R      mAP50  mAP50-95): 36% ━━━━──────── 4/11 2.8it/s 1.1s<2.5s
[36m(ClientAppActor pid=720283)[0m 
[K        2/3      1.44G      4.228      3.239      2.199         32        640: 28% ━━━───────── 50/181 5.8it/s 8.8s<22.7s
[36m(ClientAppActor pid=720274)[0m 
[36m(ClientAppActor pid=720270)[0m 
[K                 Class     Images  Instances      Box(P          R      mAP50  mAP50-95): 45% ━━━━━─────── 5/11 3.1it/s 1.3s<1.9s
[36m(ClientAppActor pid=720270)[0m 
[K                 Class     Images  Instances      Box(P          R      mAP50  mAP50-95): 55% ━━━━━━╸───── 6/11 3.6it/s 1.5s<1.4s
[36m(ClientAppActor pid=720283)[0m 
[K        2/3      1.44G      4.213      3.226      2.198         44        640: 28% ━━━───────── 51/181 4.5it/s 9.4s<28.7s
[36m(ClientAppActor pid=720269)[0m 
[K        2/3      1.59G      3.613       2.64      2.211         80        640: 82% ━━━━━━━━━╸── 99/120 7.3it/s 17.7s<2.9s[32m [repeated 9x across cluster][0m
[36m(ClientAppActor pid=720272)[0m 
[K        3/3      1.47G      4.034      3.138      2.132         47        640: 16% ━╸────────── 17/106 7.8it/s 2.4s<11.4s[32m [repeated 4x across cluster][0m
[36m(ClientAppActor pid=720283)[0m 
[K        2/3      1.44G      4.229       3.23      2.203         46        640: 29% ━━━───────── 52/181 4.2it/s 9.7s<30.8s
[36m(ClientAppActor pid=720274)[0m 
[K                 Class     Images  Instances      Box(P          R      mAP50  mAP50-95): 70% ━━━━━━━━──── 7/10 3.7it/s 1.7s<0.8s
[36m(ClientAppActor pid=720283)[0m 
[K        2/3      1.44G       4.22      3.225      2.201         45        640: 29% ━━━╸──────── 53/181 4.8it/s 9.9s<26.7s
[36m(ClientAppActor pid=720283)[0m 
[K        2/3      1.44G      4.211      3.216      2.196         22        640: 30% ━━━╸──────── 54/181 5.2it/s 10.0s<24.6s
[36m(ClientAppActor pid=720283)[0m 
[K        2/3      1.44G      4.205      3.227      2.192         18        640: 30% ━━━╸──────── 55/181 5.4it/s 10.2s<23.5s
[36m(ClientAppActor pid=720274)[0m 
[K                 Class     Images  Instances      Box(P          R      mAP50  mAP50-95): 90% ━━━━━━━━━━╸─ 9/10 3.6it/s 2.3s<0.3s[32m [repeated 2x across cluster][0m
[36m(ClientAppActor pid=720283)[0m 
[K        2/3      1.44G       4.21      3.231      2.194         46        640: 31% ━━━╸──────── 56/181 5.6it/s 10.4s<22.4s
[36m(ClientAppActor pid=720274)[0m 
[K                 Class     Images  Instances      Box(P          R      mAP50  mAP50-95): 100% ━━━━━━━━━━━━ 10/10 4.0it/s 2.5s
[K                 Class     Images  Instances      Box(P          R      mAP50  mAP50-95): 100% ━━━━━━━━━━━━ 10/10 4.0it/s 2.5s[32m [repeated 2x across cluster][0m
[36m(ClientAppActor pid=720274)[0m                    all         80        576      0.699      0.528      0.594      0.305[32m [repeated 2x across cluster][0m
[36m(ClientAppActor pid=720274)[0m       Epoch    GPU_mem   box_loss   cls_loss   dfl_loss  Instances       Size[32m [repeated 2x across cluster][0m
[36m(ClientAppActor pid=720283)[0m 
[K        2/3      1.44G      4.221      3.233      2.195         36        640: 31% ━━━╸──────── 57/181 5.7it/s 10.5s<21.8s
[36m(ClientAppActor pid=720274)[0m 
[K        3/3      1.46G      3.816      2.973      2.196         23        640: 3% ──────────── 4/115 4.2it/s 1.3s<26.3s[32m [repeated 10x across cluster][0m
[36m(ClientAppActor pid=720274)[0m 
[K                 Class     Images  Instances      Box(P          R      mAP50  mAP50-95): 20% ━━────────── 2/10 2.2it/s 0.5s<3.7s
[36m(ClientAppActor pid=720269)[0m 
[K        2/3      1.59G      3.617      2.644      2.211        117        640: 88% ━━━━━━━━━━── 105/120 7.4it/s 18.5s<2.0s[32m [repeated 11x across cluster][0m
[36m(ClientAppActor pid=720272)[0m 
[K        3/3      1.47G      4.015      3.079       2.11         39        640: 21% ━━────────── 22/106 5.7it/s 3.3s<14.6s[32m [repeated 5x across cluster][0m
[36m(ClientAppActor pid=720269)[0m 
[K        2/3      1.59G      3.623      2.643      2.209         18        640: 100% ━━━━━━━━━━━━ 120/120 5.6it/s 21.3s
[K        2/3      1.59G      3.623      2.643      2.209         18        640: 100% ━━━━━━━━━━━━ 120/120 5.6it/s 21.3s
[36m(ClientAppActor pid=720277)[0m 
[K                 Class     Images  Instances      Box(P          R      mAP50  mAP50-95): 18% ━━────────── 2/11 1.8it/s 0.6s<5.0s
[36m(ClientAppActor pid=720283)[0m 
[K        2/3      1.44G      4.218      3.224      2.185         45        640: 34% ━━━━──────── 61/181 6.7it/s 11.1s<17.9s
[36m(ClientAppActor pid=720269)[0m 
[K                 Class     Images  Instances      Box(P          R      mAP50  mAP50-95): 7% ╸─────────── 1/15 1.1it/s 0.3s<12.9s
[36m(ClientAppActor pid=720269)[0m 
[K        2/3      1.59G      3.614      2.637      2.209         68        640: 91% ━━━━━━━━━━╸─ 109/120 4.8it/s 19.5s<2.3s[32m [repeated 9x across cluster][0m
[36m(ClientAppActor pid=720283)[0m 
[K        2/3      1.44G      4.235      3.225      2.187         43        640: 34% ━━━━──────── 62/181 7.3it/s 11.2s<16.4s
[36m(ClientAppActor pid=720283)[0m 
[K        2/3      1.44G      4.237      3.218      2.183         50        640: 35% ━━━━──────── 63/181 7.5it/s 11.4s<15.6s
[36m(ClientAppActor pid=720277)[0m 
[K                 Class     Images  Instances      Box(P          R      mAP50  mAP50-95): 27% ━━━───────── 3/11 2.5it/s 0.8s<3.2s
[36m(ClientAppActor pid=720269)[0m 
[K                 Class     Images  Instances      Box(P          R      mAP50  mAP50-95): 13% ━╸────────── 2/15 2.1it/s 0.5s<6.2s
[36m(ClientAppActor pid=720277)[0m 
[K                 Class     Images  Instances      Box(P          R      mAP50  mAP50-95): 36% ━━━━──────── 4/11 3.0it/s 1.1s<2.4s
[36m(ClientAppActor pid=720274)[0m 
[K        3/3      1.46G      3.768      2.991      2.189         29        640: 8% ╸─────────── 9/115 5.9it/s 2.1s<17.9s[32m [repeated 12x across cluster][0m
[36m(ClientAppActor pid=720277)[0m 
[K                 Class     Images  Instances      Box(P          R      mAP50  mAP50-95): 45% ━━━━━─────── 5/11 3.3it/s 1.3s<1.8s
[36m(ClientAppActor pid=720269)[0m 
[K        2/3      1.59G      3.617      2.643      2.209         20        640: 96% ━━━━━━━━━━━─ 115/120 6.0it/s 20.7s<0.8s[32m [repeated 11x across cluster][0m
[36m(ClientAppActor pid=720272)[0m 
[K        3/3      1.47G      4.007      3.067      2.103         33        640: 25% ━━╸───────── 26/106 5.1it/s 4.4s<15.8s[32m [repeated 4x across cluster][0m
[36m(ClientAppActor pid=720272)[0m 
[K        3/3      1.47G      4.024      3.017      2.097         17        640: 38% ━━━━╸─────── 40/106 6.9it/s 6.5s<9.6s
[36m(ClientAppActor pid=720277)[0m 
[K                 Class     Images  Instances      Box(P          R      mAP50  mAP50-95): 55% ━━━━━━╸───── 6/11 3.5it/s 1.6s<1.4s
[36m(ClientAppActor pid=720277)[0m 
[K                 Class     Images  Instances      Box(P          R      mAP50  mAP50-95): 64% ━━━━━━━╸──── 7/11 3.7it/s 1.8s<1.1s
[36m(ClientAppActor pid=720269)[0m 
[K                 Class     Images  Instances      Box(P          R      mAP50  mAP50-95): 40% ━━━━╸─────── 6/15 3.5it/s 1.5s<2.5s
[36m(ClientAppActor pid=720274)[0m 
[K                 Class     Images  Instances      Box(P          R      mAP50  mAP50-95): 80% ━━━━━━━━━╸── 8/10 3.7it/s 2.0s<0.5s
[36m(ClientAppActor pid=720269)[0m 
[K        2/3      1.59G      3.624      2.644      2.208        110        640: 98% ━━━━━━━━━━━╸ 118/120 6.1it/s 21.2s<0.3s[32m [repeated 7x across cluster][0m
[36m(ClientAppActor pid=720277)[0m 
[K                 Class     Images  Instances      Box(P          R      mAP50  mAP50-95): 73% ━━━━━━━━╸─── 8/11 3.7it/s 2.1s<0.8s
[36m(ClientAppActor pid=720272)[0m 
[K        3/3      1.47G      4.031      3.028      2.101         36        640: 42% ━━━━━─────── 45/106 7.9it/s 7.2s<7.7s
[36m(ClientAppActor pid=720269)[0m 
[K                 Class     Images  Instances      Box(P          R      mAP50  mAP50-95): 47% ━━━━━╸────── 7/15 3.6it/s 1.8s<2.2s
[36m(ClientAppActor pid=720272)[0m 
[K        3/3      1.47G      4.022      3.027      2.103         24        640: 43% ━━━━━─────── 46/106 7.6it/s 7.3s<7.9s
[36m(ClientAppActor pid=720277)[0m 
[K                 Class     Images  Instances      Box(P          R      mAP50  mAP50-95): 82% ━━━━━━━━━╸── 9/11 3.8it/s 2.3s<0.5s
[36m(ClientAppActor pid=720269)[0m 
[K                 Class     Images  Instances      Box(P          R      mAP50  mAP50-95): 53% ━━━━━━────── 8/15 3.7it/s 2.0s<1.9s
[36m(ClientAppActor pid=720272)[0m 
[K        3/3      1.47G      4.013      3.012        2.1         29        640: 44% ━━━━━─────── 47/106 7.4it/s 7.4s<8.0s
[36m(ClientAppActor pid=720272)[0m 
[K        3/3      1.47G      4.005          3      2.098         35        640: 45% ━━━━━─────── 48/106 7.5it/s 7.6s<7.8s
[36m(ClientAppActor pid=720277)[0m 
[K        2/3      1.45G      4.212      3.338      2.251         68        640: 99% ━━━━━━━━━━━╸ 123/124 5.8it/s 22.6s<0.2s
[K        2/3      1.45G      4.212      3.338      2.251         68        640: 100% ━━━━━━━━━━━━ 124/124 5.5it/s 22.6s
[K        2/3      1.45G      4.212      3.338      2.251         68        640: 100% ━━━━━━━━━━━━ 124/124 5.5it/s 22.6s
[36m(ClientAppActor pid=720274)[0m 
[K        3/3      1.46G      3.781      2.971      2.172         24        640: 12% ━─────────── 14/115 7.3it/s 2.8s<13.8s[32m [repeated 10x across cluster][0m
[36m(ClientAppActor pid=720272)[0m 
[K        3/3      1.47G      4.014      3.049        2.1         47        640: 28% ━━━───────── 30/106 5.9it/s 5.1s<12.8s[32m [repeated 4x across cluster][0m
[36m(ClientAppActor pid=720272)[0m 
[K        3/3      1.47G      3.992      3.003      2.096         19        640: 46% ━━━━━╸────── 49/106 7.7it/s 7.7s<7.4s
[36m(ClientAppActor pid=720277)[0m 
[36m(ClientAppActor pid=720277)[0m 
[K                 Class     Images  Instances      Box(P          R      mAP50  mAP50-95): 9% ━─────────── 1/11 1.0s/it 0.3s<10.3s
[36m(ClientAppActor pid=720269)[0m 
[K                 Class     Images  Instances      Box(P          R      mAP50  mAP50-95): 60% ━━━━━━━───── 9/15 3.7it/s 2.3s<1.6s
[36m(ClientAppActor pid=720272)[0m 
[K        3/3      1.47G      3.984      3.011      2.097         16        640: 47% ━━━━━╸────── 50/106 7.5it/s 7.8s<7.4s
[36m(ClientAppActor pid=720269)[0m 
[K                 Class     Images  Instances      Box(P          R      mAP50  mAP50-95): 67% ━━━━━━━━──── 10/15 3.7it/s 2.6s<1.4s
[36m(ClientAppActor pid=720272)[0m 
[K        3/3      1.47G      3.974      3.003      2.099         33        640: 48% ━━━━━╸────── 51/106 7.3it/s 8.0s<7.5s
[36m(ClientAppActor pid=720272)[0m 
[K        3/3      1.47G      3.989       3.01      2.099         19        640: 49% ━━━━━╸────── 52/106 6.2it/s 8.3s<8.7s
[36m(ClientAppActor pid=720272)[0m 
[K        3/3      1.47G      3.977      3.008      2.096         15        640: 50% ━━━━━━────── 53/106 5.1it/s 8.6s<10.3s
[36m(ClientAppActor pid=720269)[0m 
[K                 Class     Images  Instances      Box(P          R      mAP50  mAP50-95): 87% ━━━━━━━━━━── 13/15 3.8it/s 3.4s<0.5s
[36m(ClientAppActor pid=720272)[0m 
[K        3/3      1.47G      3.981          3      2.094         44        640: 51% ━━━━━━────── 54/106 4.3it/s 9.1s<12.1s
[36m(ClientAppActor pid=720269)[0m 
[K                 Class     Images  Instances      Box(P          R      mAP50  mAP50-95): 93% ━━━━━━━━━━━─ 14/15 3.6it/s 3.7s<0.3s
[36m(ClientAppActor pid=720272)[0m 
[K        3/3      1.47G      3.975      3.004       2.09         15        640: 52% ━━━━━━────── 55/106 5.8it/s 9.2s<8.7s
[36m(ClientAppActor pid=720274)[0m 
[K        3/3      1.46G      3.758      2.947      2.138         29        640: 17% ━╸────────── 19/115 7.7it/s 3.4s<12.5s[32m [repeated 10x across cluster][0m
[36m(ClientAppActor pid=720269)[0m 
[36m(ClientAppActor pid=720272)[0m 
[K        3/3      1.47G      3.962      3.004       2.09         20        640: 53% ━━━━━━────── 56/106 6.0it/s 9.3s<8.3s
[36m(ClientAppActor pid=720270)[0m 
[K        3/3      1.45G      3.698      2.706      2.088         65        640: 29% ━━━╸──────── 35/119 4.5it/s 6.8s<18.7s[32m [repeated 9x across cluster][0m
[36m(ClientAppActor pid=720272)[0m 
[K        3/3      1.47G      3.965      2.994      2.088         22        640: 54% ━━━━━━────── 57/106 6.0it/s 9.5s<8.2s
[36m(ClientAppActor pid=720272)[0m 
[K        3/3      1.47G      3.966      3.001       2.09         22        640: 55% ━━━━━━╸───── 58/106 6.0it/s 9.7s<8.0s
[36m(ClientAppActor pid=720277)[0m 
[K                 Class     Images  Instances      Box(P          R      mAP50  mAP50-95): 91% ━━━━━━━━━━╸─ 10/11 3.8it/s 2.6s<0.3s
[36m(ClientAppActor pid=720272)[0m 
[K        3/3      1.47G      3.971          3       2.09         13        640: 56% ━━━━━━╸───── 59/106 6.0it/s 9.8s<7.8s
[36m(ClientAppActor pid=720272)[0m 
[K        3/3      1.47G      3.973      3.006      2.095         14        640: 57% ━━━━━━╸───── 60/106 6.0it/s 10.0s<7.7s
[36m(ClientAppActor pid=720269)[0m 
[K                 Class     Images  Instances      Box(P          R      mAP50  mAP50-95): 100% ━━━━━━━━━━━━ 15/15 3.9it/s 3.8s
[K                 Class     Images  Instances      Box(P          R      mAP50  mAP50-95): 100% ━━━━━━━━━━━━ 15/15 3.9it/s 3.8s[32m [repeated 2x across cluster][0m
[36m(ClientAppActor pid=720269)[0m                    all        115       1013      0.627      0.462      0.505      0.246[32m [repeated 2x across cluster][0m
[36m(ClientAppActor pid=720269)[0m       Epoch    GPU_mem   box_loss   cls_loss   dfl_loss  Instances       Size[32m [repeated 2x across cluster][0m
[36m(ClientAppActor pid=720269)[0m 
[K        3/3      1.59G      3.741      2.656      2.153         94        640: 3% ──────────── 4/120 4.5it/s 0.8s<25.6s[32m [repeated 11x across cluster][0m
[36m(ClientAppActor pid=720272)[0m 
[K        3/3      1.47G      3.979      3.006      2.093         32        640: 58% ━━━━━━╸───── 61/106 5.8it/s 10.2s<7.8s
[36m(ClientAppActor pid=720272)[0m 
[K        3/3      1.47G      3.978      3.002       2.09         41        640: 58% ━━━━━━━───── 62/106 6.0it/s 10.3s<7.4s
[36m(ClientAppActor pid=720274)[0m 
[K        3/3      1.46G      3.767      2.935      2.121         10        640: 20% ━━────────── 23/115 7.8it/s 3.9s<11.8s[32m [repeated 9x across cluster][0m
[36m(ClientAppActor pid=720272)[0m 
[K        3/3      1.47G      3.966      2.989      2.088         43        640: 59% ━━━━━━━───── 63/106 6.0it/s 10.5s<7.2s
[36m(ClientAppActor pid=720269)[0m 
[K                 Class     Images  Instances      Box(P          R      mAP50  mAP50-95): 20% ━━────────── 3/15 2.6it/s 0.8s<4.6s
[36m(ClientAppActor pid=720270)[0m 
[K        3/3      1.45G       3.72      2.711       2.09         21        640: 36% ━━━━──────── 43/119 6.0it/s 8.1s<12.6s[32m [repeated 14x across cluster][0m
[36m(ClientAppActor pid=720272)[0m 
[K        3/3      1.47G      3.959      2.983      2.086         26        640: 60% ━━━━━━━───── 64/106 6.0it/s 10.7s<7.0s
[36m(ClientAppActor pid=720272)[0m 
[K        3/3      1.47G      3.963      2.982      2.084         59        640: 61% ━━━━━━━───── 65/106 6.0it/s 10.8s<6.8s
[36m(ClientAppActor pid=720269)[0m 
[K                 Class     Images  Instances      Box(P          R      mAP50  mAP50-95): 27% ━━━───────── 4/15 3.1it/s 1.0s<3.6s
[36m(ClientAppActor pid=720272)[0m 
[K        3/3      1.47G      3.964      2.986      2.086         19        640: 62% ━━━━━━━───── 66/106 6.1it/s 11.0s<6.5s
[36m(ClientAppActor pid=720272)[0m 
[K        3/3      1.47G       3.97      2.988      2.086         41        640: 63% ━━━━━━━╸──── 67/106 6.2it/s 11.1s<6.3s
[36m(ClientAppActor pid=720269)[0m 
[K                 Class     Images  Instances      Box(P          R      mAP50  mAP50-95): 33% ━━━━──────── 5/15 3.3it/s 1.3s<3.0s
[36m(ClientAppActor pid=720269)[0m 
[K        3/3      1.59G      3.653      2.602      2.156        112        640: 8% ╸─────────── 9/120 5.6it/s 1.7s<19.7s[32m [repeated 9x across cluster][0m
[36m(ClientAppActor pid=720272)[0m 
[K        3/3      1.47G      3.975      2.985      2.086         42        640: 64% ━━━━━━━╸──── 68/106 6.2it/s 11.3s<6.1s
[36m(ClientAppActor pid=720272)[0m 
[K        3/3      1.47G      3.961      2.976      2.084         25        640: 65% ━━━━━━━╸──── 69/106 6.3it/s 11.5s<5.9s
[36m(ClientAppActor pid=720274)[0m 
[K        3/3      1.46G      3.875       3.14      2.164         23        640: 24% ━━╸───────── 28/115 7.5it/s 4.6s<11.6s[32m [repeated 10x across cluster][0m
[36m(ClientAppActor pid=720270)[0m 
[K        3/3      1.45G      3.718      2.708      2.091         53        640: 41% ━━━━╸─────── 49/119 5.9it/s 9.1s<11.9s[32m [repeated 20x across cluster][0m
[36m(ClientAppActor pid=720272)[0m 
[K        3/3      1.47G      3.967       2.98      2.083         20        640: 66% ━━━━━━━╸──── 70/106 6.3it/s 11.6s<5.7s
[36m(ClientAppActor pid=720272)[0m 
[K        3/3      1.47G      3.967       2.98      2.083         47        640: 67% ━━━━━━━━──── 71/106 6.2it/s 11.8s<5.6s
[36m(ClientAppActor pid=720272)[0m 
[K        3/3      1.47G      3.974      2.983      2.081         37        640: 68% ━━━━━━━━──── 72/106 6.1it/s 12.0s<5.6s
[36m(ClientAppActor pid=720272)[0m 
[K        3/3      1.47G       3.98      2.982      2.077         56        640: 69% ━━━━━━━━──── 73/106 6.1it/s 12.1s<5.4s
[36m(ClientAppActor pid=720269)[0m 
[K                 Class     Images  Instances      Box(P          R      mAP50  mAP50-95): 73% ━━━━━━━━╸─── 11/15 3.7it/s 2.8s<1.1s
[36m(ClientAppActor pid=720274)[0m 
[K        3/3      1.46G      3.877       3.09      2.147         28        640: 43% ━━━━━─────── 50/115 5.9it/s 8.8s<11.0s[32m [repeated 13x across cluster][0m
[36m(ClientAppActor pid=720272)[0m 
[K        3/3      1.47G      3.977      2.991       2.08         13        640: 70% ━━━━━━━━──── 74/106 6.0it/s 12.3s<5.4s
[36m(ClientAppActor pid=720269)[0m 
[K                 Class     Images  Instances      Box(P          R      mAP50  mAP50-95): 80% ━━━━━━━━━╸── 12/15 3.8it/s 3.1s<0.8s
[36m(ClientAppActor pid=720272)[0m 
[K        3/3      1.47G      3.982      2.995      2.081         53        640: 71% ━━━━━━━━──── 75/106 5.9it/s 12.5s<5.3s
[36m(ClientAppActor pid=720269)[0m 
[K        3/3      1.59G      3.674      2.611      2.182         89        640: 12% ━─────────── 15/120 5.7it/s 2.7s<18.4s[32m [repeated 11x across cluster][0m
[36m(ClientAppActor pid=720274)[0m 
[K        3/3      1.46G      3.943      3.108      2.142         31        640: 29% ━━━───────── 33/115 6.3it/s 6.0s<13.0s[32m [repeated 10x across cluster][0m
[36m(ClientAppActor pid=720272)[0m 
[K        3/3      1.47G      3.978      2.986      2.081         27        640: 72% ━━━━━━━━╸─── 76/106 5.8it/s 12.6s<5.2s
[36m(ClientAppActor pid=720274)[0m 
[K        3/3      1.46G      3.864      3.061      2.146         42        640: 46% ━━━━━╸────── 53/115 5.8it/s 9.3s<10.8s[32m [repeated 11x across cluster][0m
[36m(ClientAppActor pid=720272)[0m 
[K        3/3      1.47G      3.977      2.988       2.08         15        640: 73% ━━━━━━━━╸─── 77/106 6.0it/s 12.8s<4.8s
[36m(ClientAppActor pid=720272)[0m 
[K        3/3      1.47G      3.963      2.984      2.078         23        640: 74% ━━━━━━━━╸─── 78/106 6.1it/s 13.0s<4.6s
[36m(ClientAppActor pid=720272)[0m 
[K        3/3      1.47G      3.962      2.984      2.077         31        640: 75% ━━━━━━━━╸─── 79/106 5.1it/s 13.3s<5.3s
[36m(ClientAppActor pid=720270)[0m 
[K        3/3      1.45G      3.712      2.708      2.087         30        640: 50% ━━━━━━────── 60/119 4.6it/s 11.2s<13.0s[32m [repeated 9x across cluster][0m
[36m(ClientAppActor pid=720272)[0m 
[K        3/3      1.47G      3.957      2.988       2.08         14        640: 75% ━━━━━━━━━─── 80/106 4.2it/s 13.8s<6.1s
[36m(ClientAppActor pid=720272)[0m 
[K        3/3      1.47G      3.955      2.988      2.081         51        640: 76% ━━━━━━━━━─── 81/106 3.6it/s 14.2s<6.9s
[36m(ClientAppActor pid=720269)[0m 
[K        3/3      1.59G      3.618      2.585        2.2        100        640: 16% ━╸────────── 19/120 5.9it/s 3.4s<17.0s[32m [repeated 9x across cluster][0m
[36m(ClientAppActor pid=720272)[0m 
[K        3/3      1.47G      3.945      2.979      2.078         18        640: 77% ━━━━━━━━━─── 82/106 4.2it/s 14.4s<5.8s
[36m(ClientAppActor pid=720272)[0m 
[K        3/3      1.47G       3.95       2.99      2.082         24        640: 78% ━━━━━━━━━─── 83/106 4.6it/s 14.6s<5.0s
[36m(ClientAppActor pid=720274)[0m 
[K        3/3      1.46G      3.905      3.069      2.154         30        640: 33% ━━━╸──────── 38/115 5.9it/s 6.8s<13.1s[32m [repeated 9x across cluster][0m
[36m(ClientAppActor pid=720283)[0m 
[K        2/3      1.44G        4.2      3.211      2.188         18        640: 58% ━━━━━━╸───── 105/181 6.1it/s 18.4s<12.4s[32m [repeated 7x across cluster][0m
[36m(ClientAppActor pid=720272)[0m 
[K        3/3      1.47G      3.944      2.988      2.079         36        640: 79% ━━━━━━━━━╸── 84/106 5.1it/s 14.7s<4.3s
[36m(ClientAppActor pid=720272)[0m 
[K        3/3      1.47G      3.953      2.986      2.078         14        640: 80% ━━━━━━━━━╸── 85/106 5.8it/s 14.9s<3.7s
[36m(ClientAppActor pid=720272)[0m 
[K        3/3      1.47G      3.951       2.99      2.077         15        640: 81% ━━━━━━━━━╸── 86/106 5.9it/s 15.0s<3.4s
[36m(ClientAppActor pid=720272)[0m 
[K        3/3      1.47G      3.952      2.989      2.075         49        640: 82% ━━━━━━━━━╸── 87/106 6.1it/s 15.2s<3.1s
[36m(ClientAppActor pid=720269)[0m 
[K        3/3      1.59G      3.726      2.626      2.146         66        640: 4% ──────────── 5/120 5.0it/s 1.0s<23.2s
[36m(ClientAppActor pid=720283)[0m 
[K        2/3      1.44G      4.181      3.212      2.192         19        640: 62% ━━━━━━━───── 113/181 5.9it/s 20.2s<11.6s[32m [repeated 8x across cluster][0m
[36m(ClientAppActor pid=720272)[0m 
[K        3/3      1.47G      3.967      2.996      2.083         18        640: 83% ━━━━━━━━━╸── 88/106 6.2it/s 15.3s<2.9s
[36m(ClientAppActor pid=720272)[0m 
[K        3/3      1.47G      3.972      3.001      2.083         76        640: 84% ━━━━━━━━━━── 89/106 6.2it/s 15.5s<2.7s
[36m(ClientAppActor pid=720269)[0m 
[K        3/3      1.59G      3.593      2.562      2.186         85        640: 21% ━━────────── 25/120 4.4it/s 5.0s<21.5s[32m [repeated 11x across cluster][0m
[36m(ClientAppActor pid=720272)[0m 
[K        3/3      1.47G      3.969      3.004      2.081         14        640: 85% ━━━━━━━━━━── 90/106 6.2it/s 15.7s<2.6s
[36m(ClientAppActor pid=720274)[0m 
[K        3/3      1.46G       3.91      3.078      2.153         25        640: 37% ━━━━──────── 43/115 6.1it/s 7.6s<11.8s[32m [repeated 4x across cluster][0m
[36m(ClientAppActor pid=720272)[0m 
[K        3/3      1.47G      3.962      3.001       2.08         26        640: 86% ━━━━━━━━━━── 91/106 6.0it/s 15.8s<2.5s
[36m(ClientAppActor pid=720272)[0m 
[K        3/3      1.47G      3.952      2.995      2.079         17        640: 87% ━━━━━━━━━━── 92/106 6.1it/s 16.0s<2.3s
[36m(ClientAppActor pid=720283)[0m 
[K        2/3      1.44G       4.18      3.216      2.194         59        640: 66% ━━━━━━━╸──── 120/181 5.8it/s 21.4s<10.6s[32m [repeated 7x across cluster][0m
[36m(ClientAppActor pid=720272)[0m 
[K        3/3      1.47G      3.952      2.992      2.077         23        640: 88% ━━━━━━━━━━╸─ 93/106 6.3it/s 16.2s<2.1s
[36m(ClientAppActor pid=720272)[0m 
[K        3/3      1.47G      3.947      2.985      2.074         30        640: 89% ━━━━━━━━━━╸─ 94/106 6.5it/s 16.3s<1.8s
[36m(ClientAppActor pid=720272)[0m 
[K        3/3      1.47G      3.945      2.981      2.072         46        640: 90% ━━━━━━━━━━╸─ 95/106 6.4it/s 16.5s<1.7s
[36m(ClientAppActor pid=720269)[0m 
[K        3/3      1.59G      3.571      2.621      2.204         48        640: 24% ━━╸───────── 29/120 5.5it/s 5.6s<16.5s[32m [repeated 9x across cluster][0m
[36m(ClientAppActor pid=720272)[0m 
[K        3/3      1.47G       3.94      2.977      2.075         19        640: 91% ━━━━━━━━━━╸─ 96/106 6.3it/s 16.6s<1.6s
[36m(ClientAppActor pid=720274)[0m 
[K        3/3      1.46G      3.886      3.091      2.159         36        640: 41% ━━━━╸─────── 47/115 6.0it/s 8.3s<11.3s
[36m(ClientAppActor pid=720283)[0m 
[K        2/3      1.44G      4.182      3.212      2.192         42        640: 69% ━━━━━━━━──── 124/181 6.0it/s 22.1s<9.6s[32m [repeated 4x across cluster][0m
[36m(ClientAppActor pid=720272)[0m 
[K        3/3      1.47G      3.949      2.981      2.074         50        640: 92% ━━━━━━━━━━╸─ 97/106 6.3it/s 16.8s<1.4s
[36m(ClientAppActor pid=720272)[0m 
[K        3/3      1.47G      3.943      2.975      2.075         37        640: 92% ━━━━━━━━━━━─ 98/106 6.3it/s 16.9s<1.3s
[36m(ClientAppActor pid=720272)[0m 
[K        3/3      1.47G      3.953      2.981      2.075         27        640: 93% ━━━━━━━━━━━─ 99/106 6.4it/s 17.1s<1.1s
[36m(ClientAppActor pid=720272)[0m 
[K        3/3      1.47G      3.948      2.981      2.073         31        640: 94% ━━━━━━━━━━━─ 100/106 6.3it/s 17.3s<0.9s
[36m(ClientAppActor pid=720277)[0m 
[K        3/3      1.45G      3.995      3.146      2.226         69        640: 38% ━━━━╸─────── 47/124 5.8it/s 9.5s<13.3s
[36m(ClientAppActor pid=720274)[0m 
[K        3/3      1.46G      3.864      3.071      2.147         28        640: 45% ━━━━━─────── 52/115 5.8it/s 9.1s<10.9s[32m [repeated 4x across cluster][0m
[36m(ClientAppActor pid=720272)[0m 
[K        3/3      1.47G      3.949       2.98      2.071         43        640: 95% ━━━━━━━━━━━─ 101/106 6.3it/s 17.4s<0.8s
[36m(ClientAppActor pid=720277)[0m 
[K        3/3      1.45G      3.992      3.137      2.221         38        640: 39% ━━━━╸─────── 48/124 5.7it/s 9.7s<13.4s
[36m(ClientAppActor pid=720272)[0m 
[K        3/3      1.47G      3.938       2.98      2.072         15        640: 96% ━━━━━━━━━━━╸ 102/106 6.3it/s 17.6s<0.6s
[36m(ClientAppActor pid=720277)[0m 
[K        3/3      1.45G       3.98      3.159      2.221         15        640: 40% ━━━━╸─────── 49/124 5.6it/s 9.9s<13.4s
[36m(ClientAppActor pid=720269)[0m 
[K        3/3      1.59G      3.572      2.626      2.208        112        640: 29% ━━━───────── 35/120 5.9it/s 6.7s<14.5s[32m [repeated 12x across cluster][0m
[36m(ClientAppActor pid=720283)[0m 
[K        2/3      1.44G       4.17      3.208      2.189         24        640: 72% ━━━━━━━━╸─── 130/181 6.1it/s 23.1s<8.4s[32m [repeated 2x across cluster][0m
[36m(ClientAppActor pid=720274)[0m 
[K        3/3      1.46G      3.902      3.086      2.147         49        640: 50% ━━━━━╸────── 57/115 4.3it/s 10.4s<13.4s[32m [repeated 7x across cluster][0m
[36m(ClientAppActor pid=720272)[0m 
[K        3/3      1.47G      3.942      2.981      2.071         66        640: 97% ━━━━━━━━━━━╸ 103/106 6.1it/s 17.7s<0.5s
[36m(ClientAppActor pid=720277)[0m 
[K        3/3      1.45G      3.968      3.167      2.224         30        640: 40% ━━━━╸─────── 50/124 5.4it/s 10.1s<13.7s
[36m(ClientAppActor pid=720272)[0m 
[K        3/3      1.47G      3.945      2.977      2.068         55        640: 98% ━━━━━━━━━━━╸ 104/106 6.1it/s 17.9s<0.3s
[36m(ClientAppActor pid=720272)[0m 
[K        3/3      1.47G      3.944      2.969      2.065         15        640: 100% ━━━━━━━━━━━━ 106/106 5.9it/s 18.0s
[K        3/3      1.47G      3.944      2.969      2.065         15        640: 100% ━━━━━━━━━━━━ 106/106 5.9it/s 18.0s
[36m(ClientAppActor pid=720272)[0m 
[K                 Class     Images  Instances      Box(P          R      mAP50  mAP50-95): 11% ━─────────── 1/9 1.2it/s 0.3s<6.7s
[36m(ClientAppActor pid=720272)[0m 
[K                 Class     Images  Instances      Box(P          R      mAP50  mAP50-95): 22% ━━╸───────── 2/9 2.0it/s 0.5s<3.5s
[36m(ClientAppActor pid=720272)[0m 
[K                 Class     Images  Instances      Box(P          R      mAP50  mAP50-95): 33% ━━━━──────── 3/9 2.5it/s 0.8s<2.4s
[36m(ClientAppActor pid=720274)[0m 
[K        3/3      1.46G      3.913      3.094      2.151         61        640: 54% ━━━━━━────── 62/115 5.3it/s 11.5s<10.0s[32m [repeated 9x across cluster][0m
[36m(ClientAppActor pid=720272)[0m 
[K                 Class     Images  Instances      Box(P          R      mAP50  mAP50-95): 44% ━━━━━─────── 4/9 2.9it/s 1.1s<1.7s
[36m(ClientAppActor pid=720283)[0m 
[K        2/3      1.44G      4.158      3.192      2.188         37        640: 75% ━━━━━━━━━─── 136/181 3.9it/s 24.7s<11.4s
[36m(ClientAppActor pid=720272)[0m 
[K                 Class     Images  Instances      Box(P          R      mAP50  mAP50-95): 56% ━━━━━━╸───── 5/9 3.1it/s 1.3s<1.3s
[36m(ClientAppActor pid=720283)[0m 
[K        2/3      1.44G      4.159      3.191      2.188         56        640: 76% ━━━━━━━━━─── 137/181 4.8it/s 24.8s<9.2s
[36m(ClientAppActor pid=720269)[0m 
[K        3/3      1.59G      3.561      2.628      2.205         35        640: 32% ━━━╸──────── 39/120 5.8it/s 7.4s<14.0s[32m [repeated 9x across cluster][0m
[36m(ClientAppActor pid=720272)[0m 
[K                 Class     Images  Instances      Box(P          R      mAP50  mAP50-95): 67% ━━━━━━━━──── 6/9 3.2it/s 1.6s<0.9s
[36m(ClientAppActor pid=720274)[0m 
[K        3/3      1.46G      3.916      3.083      2.143          8        640: 58% ━━━━━━╸───── 67/115 6.0it/s 12.3s<8.0s[32m [repeated 10x across cluster][0m
[36m(ClientAppActor pid=720272)[0m 
[K                 Class     Images  Instances      Box(P          R      mAP50  mAP50-95): 78% ━━━━━━━━━─── 7/9 3.2it/s 1.9s<0.6s
[36m(ClientAppActor pid=720270)[0m 
[K        3/3      1.45G      3.745       2.74      2.088         30        640: 80% ━━━━━━━━━╸── 95/119 6.5it/s 17.7s<3.7s
[36m(ClientAppActor pid=720272)[0m 
[K                 Class     Images  Instances      Box(P          R      mAP50  mAP50-95): 89% ━━━━━━━━━━╸─ 8/9 3.3it/s 2.2s<0.3s
[36m(ClientAppActor pid=720274)[0m 
[K        3/3      1.46G      3.911       3.09      2.142         21        640: 62% ━━━━━━━───── 71/115 6.4it/s 12.9s<6.9s[32m [repeated 9x across cluster][0m
[36m(ClientAppActor pid=720272)[0m 
[K                 Class     Images  Instances      Box(P          R      mAP50  mAP50-95): 100% ━━━━━━━━━━━━ 9/9 3.8it/s 2.4s
[K                 Class     Images  Instances      Box(P          R      mAP50  mAP50-95): 100% ━━━━━━━━━━━━ 9/9 3.8it/s 2.4s
[36m(ClientAppActor pid=720272)[0m                    all         69        401      0.682      0.599      0.654      0.373
[36m(ClientAppActor pid=720272)[0m 
[36m(ClientAppActor pid=720272)[0m 3 epochs completed in 0.020 hours.
[36m(ClientAppActor pid=720272)[0m Optimizer stripped from /tmp/fl_yolo_runs_720272/train/weights/last.pt, 16.5MB
[36m(ClientAppActor pid=720272)[0m Optimizer stripped from /tmp/fl_yolo_runs_720272/train/weights/best.pt, 16.5MB
[36m(ClientAppActor pid=720272)[0m 
[36m(ClientAppActor pid=720272)[0m Validating /tmp/fl_yolo_runs_720272/train/weights/best.pt...
[36m(ClientAppActor pid=720272)[0m Ultralytics 8.3.234 Python-3.10.19 torch-2.6.0+cu124 CUDA:0 (NVIDIA RTX 5000 Ada Generation, 32220MiB)
[36m(ClientAppActor pid=720274)[0m 
[K        3/3      1.46G      3.914      3.048      2.136         30        640: 83% ━━━━━━━━━━── 96/115 6.7it/s 17.4s<2.8s
[36m(ClientAppActor pid=720269)[0m 
[K        3/3      1.59G      3.533      2.609      2.197         56        640: 38% ━━━━──────── 45/120 5.9it/s 8.4s<12.6s[32m [repeated 11x across cluster][0m
[36m(ClientAppActor pid=720272)[0m YOLOv10s summary (fused): 106 layers, 7,218,387 parameters, 0 gradients, 21.4 GFLOPs
[36m(ClientAppActor pid=720274)[0m 
[K        3/3      1.46G      3.894      3.058      2.137         40        640: 66% ━━━━━━━╸──── 76/115 6.4it/s 13.7s<6.1s[32m [repeated 10x across cluster][0m
[36m(ClientAppActor pid=720272)[0m 
[K                 Class     Images  Instances      Box(P          R      mAP50  mAP50-95): 11% ━─────────── 1/9 2.6it/s 0.1s<3.1s
[36m(ClientAppActor pid=720272)[0m 
[K                 Class     Images  Instances      Box(P          R      mAP50  mAP50-95): 22% ━━╸───────── 2/9 4.3it/s 0.2s<1.6s
[36m(ClientAppActor pid=720270)[0m 
[K        3/3      1.45G      3.741      2.742      2.088         21        640: 88% ━━━━━━━━━━╸─ 105/119 6.9it/s 19.2s<2.0s
[36m(ClientAppActor pid=720272)[0m 
[K                 Class     Images  Instances      Box(P          R      mAP50  mAP50-95): 33% ━━━━──────── 3/9 5.4it/s 0.4s<1.1s
[36m(ClientAppActor pid=720272)[0m 
[K                 Class     Images  Instances      Box(P          R      mAP50  mAP50-95): 44% ━━━━━─────── 4/9 6.2it/s 0.5s<0.8s
[36m(ClientAppActor pid=720274)[0m 
[K        3/3      1.46G      3.895      3.058      2.137         35        640: 70% ━━━━━━━━──── 81/115 6.2it/s 14.5s<5.5s[32m [repeated 14x across cluster][0m
[36m(ClientAppActor pid=720272)[0m 
[K                 Class     Images  Instances      Box(P          R      mAP50  mAP50-95): 56% ━━━━━━╸───── 5/9 6.5it/s 0.6s<0.6s
[36m(ClientAppActor pid=720272)[0m 
[K                 Class     Images  Instances      Box(P          R      mAP50  mAP50-95): 67% ━━━━━━━━──── 6/9 6.7it/s 0.8s<0.5s
[36m(ClientAppActor pid=720272)[0m 
[K                 Class     Images  Instances      Box(P          R      mAP50  mAP50-95): 78% ━━━━━━━━━─── 7/9 6.8it/s 0.9s<0.3s
[36m(ClientAppActor pid=720272)[0m 
[K                 Class     Images  Instances      Box(P          R      mAP50  mAP50-95): 89% ━━━━━━━━━━╸─ 8/9 7.1it/s 1.0s<0.1s
[36m(ClientAppActor pid=720270)[0m 
[K        3/3      1.45G      3.733      2.727      2.086         45        640: 92% ━━━━━━━━━━━─ 110/119 6.7it/s 19.9s<1.3s
[36m(ClientAppActor pid=720269)[0m 
[K        3/3      1.59G       3.54      2.616      2.206         84        640: 41% ━━━━╸─────── 49/120 4.0it/s 9.7s<17.9s[32m [repeated 5x across cluster][0m
[36m(ClientAppActor pid=720269)[0m 
[K        3/3      1.59G      3.547      2.631      2.206         61        640: 46% ━━━━━─────── 55/120 6.2it/s 10.7s<10.4s[32m [repeated 11x across cluster][0m
[36m(ClientAppActor pid=720272)[0m 
[K                 Class     Images  Instances      Box(P          R      mAP50  mAP50-95): 100% ━━━━━━━━━━━━ 9/9 8.3it/s 1.1s
[K                 Class     Images  Instances      Box(P          R      mAP50  mAP50-95): 100% ━━━━━━━━━━━━ 9/9 8.3it/s 1.1s
[36m(ClientAppActor pid=720272)[0m                    all         69        401      0.682      0.599      0.654      0.373
[36m(ClientAppActor pid=720272)[0m Speed: 0.4ms preprocess, 1.3ms inference, 0.0ms loss, 1.5ms postprocess per image
[36m(ClientAppActor pid=720272)[0m [Client 4] Training complete:
[36m(ClientAppActor pid=720272)[0m   mAP50: 0.6535, mAP50-95: 0.3730
[36m(ClientAppActor pid=720272)[0m   Precision: 0.6824, Recall: 0.5985
[36m(ClientAppActor pid=720272)[0m   BN Stats: μ=0.0000, σ=0.0000
[36m(ClientAppActor pid=720274)[0m 
[K        3/3      1.46G      3.906      3.054      2.138         66        640: 75% ━━━━━━━━╸─── 86/115 4.7it/s 16.0s<6.2s[32m [repeated 15x across cluster][0m
[36m(ClientAppActor pid=720269)[0m 
[K        3/3      1.59G      3.529      2.627      2.208         91        640: 49% ━━━━━╸────── 59/120 6.5it/s 11.3s<9.4s[32m [repeated 9x across cluster][0m
[36m(ClientAppActor pid=720274)[0m 
[K        3/3      1.46G       3.92      3.026       2.13         25        640: 97% ━━━━━━━━━━━╸ 111/115 7.1it/s 19.6s<0.6s
[36m(ClientAppActor pid=720274)[0m 
[K        3/3      1.46G      3.926      3.037      2.131         11        640: 99% ━━━━━━━━━━━╸ 114/115 4.2it/s 20.7s<0.2s
[K        3/3      1.46G      3.926      3.037      2.131         11        640: 100% ━━━━━━━━━━━━ 115/115 5.5it/s 20.7s
[K        3/3      1.46G      3.926      3.037      2.131         11        640: 100% ━━━━━━━━━━━━ 115/115 5.5it/s 20.7s
[36m(ClientAppActor pid=720269)[0m 
[K        3/3      1.59G      3.533      2.623      2.204         67        640: 54% ━━━━━━────── 65/120 6.8it/s 12.2s<8.0s[32m [repeated 12x across cluster][0m
[36m(ClientAppActor pid=720283)[0m 
[K        2/3      1.44G      4.147      3.189      2.187         50        640: 79% ━━━━━━━━━─── 143/181 6.6it/s 25.7s<5.8s[32m [repeated 16x across cluster][0m
[36m(ClientAppActor pid=720274)[0m 
[K                 Class     Images  Instances      Box(P          R      mAP50  mAP50-95): 10% ━─────────── 1/10 1.5it/s 0.2s<5.8s
[36m(ClientAppActor pid=720274)[0m 
[K                 Class     Images  Instances      Box(P          R      mAP50  mAP50-95): 20% ━━────────── 2/10 2.5it/s 0.4s<3.1s
[36m(ClientAppActor pid=720270)[0m 
[K                 Class     Images  Instances      Box(P          R      mAP50  mAP50-95): 27% ━━━───────── 3/11 3.4it/s 0.6s<2.4s
[36m(ClientAppActor pid=720274)[0m 
[K                 Class     Images  Instances      Box(P          R      mAP50  mAP50-95): 30% ━━━╸──────── 3/10 3.4it/s 0.6s<2.1s
[36m(ClientAppActor pid=720269)[0m 
[K        3/3      1.59G      3.532      2.625      2.207         93        640: 57% ━━━━━━╸───── 69/120 6.4it/s 12.8s<8.0s[32m [repeated 9x across cluster][0m
[36m(ClientAppActor pid=720270)[0m 
[K                 Class     Images  Instances      Box(P          R      mAP50  mAP50-95): 36% ━━━━──────── 4/11 4.0it/s 0.8s<1.8s
[36m(ClientAppActor pid=720274)[0m 
[K                 Class     Images  Instances      Box(P          R      mAP50  mAP50-95): 40% ━━━━╸─────── 4/10 3.8it/s 0.8s<1.6s
[36m(ClientAppActor pid=720270)[0m 
[K                 Class     Images  Instances      Box(P          R      mAP50  mAP50-95): 45% ━━━━━─────── 5/11 4.2it/s 1.0s<1.4s
[36m(ClientAppActor pid=720274)[0m 
[K                 Class     Images  Instances      Box(P          R      mAP50  mAP50-95): 50% ━━━━━━────── 5/10 4.1it/s 1.0s<1.2s
[36m(ClientAppActor pid=720283)[0m 
[K        2/3      1.44G      4.144      3.186      2.186         31        640: 83% ━━━━━━━━━╸── 150/181 6.9it/s 26.7s<4.5s[32m [repeated 15x across cluster][0m
[36m(ClientAppActor pid=720270)[0m 
[K                 Class     Images  Instances      Box(P          R      mAP50  mAP50-95): 55% ━━━━━━╸───── 6/11 4.4it/s 1.2s<1.1s
[36m(ClientAppActor pid=720274)[0m 
[K                 Class     Images  Instances      Box(P          R      mAP50  mAP50-95): 60% ━━━━━━━───── 6/10 4.4it/s 1.2s<0.9s
[36m(ClientAppActor pid=720269)[0m 
[K        3/3      1.59G      3.542       2.61      2.205         88        640: 62% ━━━━━━━───── 75/120 7.1it/s 13.7s<6.4s[32m [repeated 11x across cluster][0m
[36m(ClientAppActor pid=720270)[0m 
[K                 Class     Images  Instances      Box(P          R      mAP50  mAP50-95): 64% ━━━━━━━╸──── 7/11 4.7it/s 1.4s<0.8s
[36m(ClientAppActor pid=720274)[0m 
[K                 Class     Images  Instances      Box(P          R      mAP50  mAP50-95): 70% ━━━━━━━━──── 7/10 4.6it/s 1.4s<0.6s
[36m(ClientAppActor pid=720270)[0m 
[K                 Class     Images  Instances      Box(P          R      mAP50  mAP50-95): 73% ━━━━━━━━╸─── 8/11 4.8it/s 1.6s<0.6s
[36m(ClientAppActor pid=720283)[0m 
[K        2/3      1.44G      4.136      3.163      2.181         56        640: 100% ━━━━━━━━━━━━ 181/181 5.8it/s 31.2s
[K        2/3      1.44G      4.136      3.163      2.181         56        640: 100% ━━━━━━━━━━━━ 181/181 5.8it/s 31.2s
[36m(ClientAppActor pid=720274)[0m 
[K                 Class     Images  Instances      Box(P          R      mAP50  mAP50-95): 80% ━━━━━━━━━╸── 8/10 4.8it/s 1.6s<0.4s
[36m(ClientAppActor pid=720283)[0m 
[K        2/3      1.44G      4.151      3.184       2.18         46        640: 87% ━━━━━━━━━━── 158/181 6.7it/s 27.9s<3.4s[32m [repeated 17x across cluster][0m
[36m(ClientAppActor pid=720283)[0m 
[K                 Class     Images  Instances      Box(P          R      mAP50  mAP50-95): 6% ╸─────────── 1/17 2.0it/s 0.1s<7.8s
[36m(ClientAppActor pid=720274)[0m 
[K                 Class     Images  Instances      Box(P          R      mAP50  mAP50-95): 90% ━━━━━━━━━━╸─ 9/10 5.5it/s 1.7s<0.2s
[36m(ClientAppActor pid=720274)[0m 
[K                 Class     Images  Instances      Box(P          R      mAP50  mAP50-95): 100% ━━━━━━━━━━━━ 10/10 5.3it/s 1.9s
[K                 Class     Images  Instances      Box(P          R      mAP50  mAP50-95): 100% ━━━━━━━━━━━━ 10/10 5.3it/s 1.9s
[36m(ClientAppActor pid=720274)[0m                    all         80        576      0.746      0.535       0.65      0.342
[36m(ClientAppActor pid=720283)[0m 
[K                 Class     Images  Instances      Box(P          R      mAP50  mAP50-95): 24% ━━╸───────── 4/17 6.0it/s 0.6s<2.2s
[36m(ClientAppActor pid=720274)[0m 
[36m(ClientAppActor pid=720274)[0m 3 epochs completed in 0.021 hours.
[36m(ClientAppActor pid=720269)[0m 
[K        3/3      1.59G       3.54        2.6      2.198        121        640: 66% ━━━━━━━╸──── 79/120 5.2it/s 14.9s<7.9s[32m [repeated 9x across cluster][0m
[36m(ClientAppActor pid=720270)[0m 
[36m(ClientAppActor pid=720274)[0m Optimizer stripped from /tmp/fl_yolo_runs_720274/train/weights/last.pt, 16.5MB
[36m(ClientAppActor pid=720270)[0m 
[36m(ClientAppActor pid=720270)[0m Validating /tmp/fl_yolo_runs_720270/train/weights/best.pt...
[36m(ClientAppActor pid=720270)[0m Ultralytics 8.3.234 Python-3.10.19 torch-2.6.0+cu124 CUDA:0 (NVIDIA RTX 5000 Ada Generation, 32220MiB)
[36m(ClientAppActor pid=720274)[0m 
[36m(ClientAppActor pid=720283)[0m 
[K        2/3      1.44G      4.146      3.178      2.182         39        640: 91% ━━━━━━━━━━╸─ 165/181 4.1it/s 29.6s<3.9s[32m [repeated 16x across cluster][0m
[36m(ClientAppActor pid=720274)[0m YOLOv10s summary (fused): 106 layers, 7,218,387 parameters, 0 gradients, 21.4 GFLOPs
[36m(ClientAppActor pid=720269)[0m 
[K        3/3      1.59G      3.533      2.589      2.194         43        640: 71% ━━━━━━━━──── 85/120 8.8it/s 15.6s<4.0s[32m [repeated 10x across cluster][0m
[36m(ClientAppActor pid=720269)[0m 
[K        3/3      1.59G      3.519      2.565      2.189        113        640: 92% ━━━━━━━━━━━─ 111/120 10.6it/s 18.1s<0.8s[32m [repeated 18x across cluster][0m
[36m(ClientAppActor pid=720270)[0m 
[K                 Class     Images  Instances      Box(P          R      mAP50  mAP50-95): 55% ━━━━━━╸───── 6/11 9.3it/s 0.4s<0.5s
[36m(ClientAppActor pid=720270)[0m 
[K                 Class     Images  Instances      Box(P          R      mAP50  mAP50-95): 73% ━━━━━━━━╸─── 8/11 10.4it/s 0.6s<0.3s
[36m(ClientAppActor pid=720283)[0m 
[K                 Class     Images  Instances      Box(P          R      mAP50  mAP50-95): 76% ━━━━━━━━━─── 13/17 6.7it/s 1.7s<0.6s
[36m(ClientAppActor pid=720274)[0m Speed: 0.2ms preprocess, 0.7ms inference, 0.0ms loss, 0.6ms postprocess per image
[36m(ClientAppActor pid=720274)[0m [Client 6] Training complete:
[36m(ClientAppActor pid=720274)[0m   mAP50: 0.6499, mAP50-95: 0.3423
[36m(ClientAppActor pid=720274)[0m   Precision: 0.7465, Recall: 0.5369
[36m(ClientAppActor pid=720274)[0m   BN Stats: μ=0.0000, σ=0.0000
[36m(ClientAppActor pid=720269)[0m 
[K        3/3      1.59G      3.525      2.578       2.19         83        640: 74% ━━━━━━━━╸─── 89/120 9.1it/s 16.0s<3.4s[32m [repeated 8x across cluster][0m
[36m(ClientAppActor pid=720270)[0m   mAP50: 0.4988, mAP50-95: 0.2651
[36m(ClientAppActor pid=720270)[0m [Client 0] Applying SignFlippingAttack attack...
[36m(ClientAppActor pid=720270)[0m [Client 0] Attack applied
[36m(ClientAppActor pid=720283)[0m 
[36m(ClientAppActor pid=720283)[0m       Epoch    GPU_mem   box_loss   cls_loss   dfl_loss  Instances       Size
[36m(ClientAppActor pid=720269)[0m 
[K        3/3      1.59G      3.513      2.559      2.186         66        640: 98% ━━━━━━━━━━━╸ 117/120 11.8it/s 18.6s<0.3s[32m [repeated 12x across cluster][0m
[36m(ClientAppActor pid=720283)[0m 
[K        3/3      1.44G      4.335      2.904      2.168         53        640: 1% ──────────── 1/181 2.2it/s 0.1s<1:23
[36m(ClientAppActor pid=720269)[0m 
[K                 Class     Images  Instances      Box(P          R      mAP50  mAP50-95): 13% ━╸────────── 2/15 3.6it/s 0.3s<3.6s
[36m(ClientAppActor pid=720283)[0m 
[K        3/3      1.44G      4.207      2.761       2.19         42        640: 2% ──────────── 3/181 2.9it/s 0.6s<1:01
[36m(ClientAppActor pid=720283)[0m 
[K        3/3      1.44G      4.283      2.729      2.139         60        640: 2% ──────────── 4/181 2.8it/s 1.0s<1:04
[36m(ClientAppActor pid=720269)[0m 
[K        3/3      1.59G      3.514      2.567      2.188          3        640: 99% ━━━━━━━━━━━╸ 119/120 12.1it/s 18.7s<0.1s
[K        3/3      1.59G      3.514      2.567      2.188          3        640: 100% ━━━━━━━━━━━━ 120/120 6.4it/s 18.7s
[K        3/3      1.59G      3.514      2.567      2.188          3        640: 100% ━━━━━━━━━━━━ 120/120 6.4it/s 18.7s[32m [repeated 2x across cluster][0m
[36m(ClientAppActor pid=720283)[0m 
[K        3/3      1.44G      4.158      2.696      2.152         41        640: 3% ──────────── 5/181 3.1it/s 1.2s<56.3s
[36m(ClientAppActor pid=720269)[0m 
[K        3/3      1.59G      3.523      2.564      2.183        110        640: 79% ━━━━━━━━━─── 95/120 9.4it/s 16.6s<2.7s[32m [repeated 9x across cluster][0m
[36m(ClientAppActor pid=720283)[0m 
[K                 Class     Images  Instances      Box(P          R      mAP50  mAP50-95): 12% ━─────────── 2/17 3.3it/s 0.3s<4.6s[32m [repeated 2x across cluster][0m
[36m(ClientAppActor pid=720283)[0m 
[K        3/3      1.44G      4.037       2.65      2.123         71        640: 4% ──────────── 7/181 6.7it/s 1.4s<25.8s
[36m(ClientAppActor pid=720283)[0m 
[K        3/3      1.44G      4.108      2.715      2.118         40        640: 5% ╸─────────── 9/181 9.2it/s 1.5s<18.8s
[36m(ClientAppActor pid=720269)[0m 
[K                 Class     Images  Instances      Box(P          R      mAP50  mAP50-95): 20% ━━────────── 3/15 4.0it/s 0.5s<3.0s[32m [repeated 6x across cluster][0m
[36m(ClientAppActor pid=720283)[0m 
[K        3/3      1.44G      4.103      2.883      2.138         44        640: 6% ╸─────────── 11/181 10.8it/s 1.6s<15.8s
[36m(ClientAppActor pid=720277)[0m 
[36m(ClientAppActor pid=720283)[0m 
[K        3/3      1.44G      4.101      2.852       2.12         45        640: 7% ╸─────────── 13/181 12.9it/s 1.7s<13.0s
[36m(ClientAppActor pid=720277)[0m 
[36m(ClientAppActor pid=720269)[0m 
[K                 Class     Images  Instances      Box(P          R      mAP50  mAP50-95): 27% ━━━───────── 4/15 4.0it/s 0.7s<2.7s[32m [repeated 2x across cluster][0m
[36m(ClientAppActor pid=720269)[0m 
[K                 Class     Images  Instances      Box(P          R      mAP50  mAP50-95): 93% ━━━━━━━━━━━─ 14/15 14.0it/s 1.7s<0.1s
[K                 Class     Images  Instances      Box(P          R      mAP50  mAP50-95): 100% ━━━━━━━━━━━━ 15/15 8.9it/s 1.7s
[K                 Class     Images  Instances      Box(P          R      mAP50  mAP50-95): 100% ━━━━━━━━━━━━ 15/15 8.9it/s 1.7s
[36m(ClientAppActor pid=720283)[0m 
[K        3/3      1.44G      4.132      2.839      2.111         79        640: 8% ╸─────────── 15/181 14.5it/s 1.9s<11.4s
[36m(ClientAppActor pid=720283)[0m 
[K        3/3      1.44G      4.077      2.852      2.095         17        640: 9% ━─────────── 17/181 16.1it/s 2.0s<10.2s
[36m(ClientAppActor pid=720269)[0m 
[36m(ClientAppActor pid=720269)[0m 
[K                 Class     Images  Instances      Box(P          R      mAP50  mAP50-95): 33% ━━━━──────── 5/15 4.1it/s 1.0s<2.5s[32m [repeated 4x across cluster][0m
[36m(ClientAppActor pid=720269)[0m 
[K                 Class     Images  Instances      Box(P          R      mAP50  mAP50-95): 40% ━━━━╸─────── 6/15 4.8it/s 1.1s<1.9s[32m [repeated 3x across cluster][0m
[36m(ClientAppActor pid=720283)[0m 
[K        3/3      1.44G      4.025      2.877      2.112         21        640: 10% ━─────────── 19/181 16.7it/s 2.1s<9.7s
[36m(ClientAppActor pid=720277)[0m 
[K                 Class     Images  Instances      Box(P          R      mAP50  mAP50-95): 91% ━━━━━━━━━━╸─ 10/11 21.0it/s 0.2s<0.0s
[K                 Class     Images  Instances      Box(P          R      mAP50  mAP50-95): 100% ━━━━━━━━━━━━ 11/11 43.7it/s 0.3s
[K                 Class     Images  Instances      Box(P          R      mAP50  mAP50-95): 100% ━━━━━━━━━━━━ 11/11 43.7it/s 0.3s
[36m(ClientAppActor pid=720277)[0m 
[K                 Class     Images  Instances      Box(P          R      mAP50  mAP50-95): 45% ━━━━━─────── 5/11 12.4it/s 0.1s<0.5s[32m [repeated 2x across cluster][0m
[36m(ClientAppActor pid=720269)[0m 
[K                 Class     Images  Instances      Box(P          R      mAP50  mAP50-95): 53% ━━━━━━────── 8/15 6.8it/s 1.3s<1.0s[32m [repeated 2x across cluster][0m
[36m(ClientAppActor pid=720283)[0m 
[K        3/3      1.44G      4.055      2.881      2.098         46        640: 12% ━─────────── 21/181 16.9it/s 2.2s<9.5s
[36m(ClientAppActor pid=720269)[0m 
[36m(ClientAppActor pid=720269)[0m 
[K        3/3      1.59G       3.52      2.568      2.184         70        640: 82% ━━━━━━━━━╸── 99/120 10.4it/s 17.0s<2.0s[32m [repeated 5x across cluster][0m
[36m(ClientAppActor pid=720283)[0m 
[K        3/3      1.44G       4.05      2.905      2.088         22        640: 13% ━╸────────── 23/181 16.5it/s 2.3s<9.6s
[36m(ClientAppActor pid=720277)[0m   mAP50: 0.4566, mAP50-95: 0.2170
[36m(ClientAppActor pid=720277)[0m 
[K                 Class     Images  Instances      Box(P          R      mAP50  mAP50-95): 55% ━━━━━━╸───── 6/11 5.1it/s 0.9s<1.0s
[36m(ClientAppActor pid=720274)[0m 
[K                 Class     Images  Instances      Box(P          R      mAP50  mAP50-95): 60% ━━━━━━━───── 6/10 8.8it/s 0.5s<0.5s[32m [repeated 2x across cluster][0m
[36m(ClientAppActor pid=720283)[0m 
[K        3/3      1.44G      4.052      2.926      2.105         50        640: 14% ━╸────────── 26/181 18.0it/s 2.5s<8.6s
[36m(ClientAppActor pid=720283)[0m 
[K        3/3      1.44G      4.065      2.925      2.102         54        640: 15% ━╸────────── 28/181 17.5it/s 2.6s<8.7s
[36m(ClientAppActor pid=720283)[0m 
[K        3/3      1.44G      4.105      2.936      2.099         59        640: 17% ━╸────────── 30/181 17.5it/s 2.7s<8.6s
[36m(ClientAppActor pid=720277)[0m 
[K                 Class     Images  Instances      Box(P          R      mAP50  mAP50-95): 64% ━━━━━━━╸──── 7/11 5.2it/s 1.1s<0.8s[32m [repeated 2x across cluster][0m
[36m(ClientAppActor pid=720269)[0m 
[K                 Class     Images  Instances      Box(P          R      mAP50  mAP50-95): 67% ━━━━━━━━──── 10/15 9.0it/s 1.5s<0.6s[32m [repeated 2x across cluster][0m
[36m(ClientAppActor pid=720269)[0m 
[K                 Class     Images  Instances      Box(P          R      mAP50  mAP50-95): 93% ━━━━━━━━━━━─ 14/15 26.5it/s 0.3s<0.0s
[K                 Class     Images  Instances      Box(P          R      mAP50  mAP50-95): 100% ━━━━━━━━━━━━ 15/15 41.6it/s 0.4s
[K                 Class     Images  Instances      Box(P          R      mAP50  mAP50-95): 100% ━━━━━━━━━━━━ 15/15 41.6it/s 0.4s
[36m(ClientAppActor pid=720277)[0m 
[K                 Class     Images  Instances      Box(P          R      mAP50  mAP50-95): 73% ━━━━━━━━╸─── 8/11 5.1it/s 1.3s<0.6s
[36m(ClientAppActor pid=720277)[0m 
[K        3/3      1.45G      3.958      3.065      2.202         63        640: 100% ━━━━━━━━━━━━ 124/124 6.2it/s 20.1s
[K        3/3      1.45G      3.958      3.065      2.202         63        640: 100% ━━━━━━━━━━━━ 124/124 6.2it/s 20.1s
[36m(ClientAppActor pid=720269)[0m 
[K                 Class     Images  Instances      Box(P          R      mAP50  mAP50-95): 80% ━━━━━━━━━╸── 12/15 12.0it/s 1.6s<0.3s[32m [repeated 4x across cluster][0m
[36m(ClientAppActor pid=720283)[0m 
[K        3/3      1.44G      4.098      2.938      2.107         66        640: 18% ━━────────── 32/181 17.3it/s 2.8s<8.6s
[36m(ClientAppActor pid=720283)[0m 
[K        3/3      1.44G      4.107      2.932      2.108         42        640: 19% ━━────────── 34/181 18.0it/s 2.9s<8.2s
[36m(ClientAppActor pid=720269)[0m 
[K        3/3      1.59G      3.517      2.568      2.187         55        640: 88% ━━━━━━━━━━── 105/120 11.4it/s 17.5s<1.3s[32m [repeated 6x across cluster][0m
[36m(ClientAppActor pid=720269)[0m 
[K                 Class     Images  Instances      Box(P          R      mAP50  mAP50-95): 7% ╸─────────── 1/15 2.8it/s 0.1s<5.0s
[36m(ClientAppActor pid=720277)[0m 
[K                 Class     Images  Instances      Box(P          R      mAP50  mAP50-95): 91% ━━━━━━━━━━╸─ 10/11 7.2it/s 1.4s<0.1s[32m [repeated 4x across cluster][0m
[36m(ClientAppActor pid=720269)[0m   mAP50: 0.5423, mAP50-95: 0.2693
[36m(ClientAppActor pid=720283)[0m 
[K        3/3      1.44G        4.1      2.923       2.12         40        640: 20% ━━────────── 36/181 18.1it/s 3.0s<8.0s
[36m(ClientAppActor pid=720283)[0m 
[K        3/3      1.44G      4.097      2.944      2.136         38        640: 22% ━━╸───────── 39/181 19.3it/s 3.2s<7.4s
[36m(ClientAppActor pid=720277)[0m 
[K                 Class     Images  Instances      Box(P          R      mAP50  mAP50-95): 100% ━━━━━━━━━━━━ 11/11 7.4it/s 1.5s
[K                 Class     Images  Instances      Box(P          R      mAP50  mAP50-95): 100% ━━━━━━━━━━━━ 11/11 7.4it/s 1.5s[32m [repeated 5x across cluster][0m
[36m(ClientAppActor pid=720269)[0m                    all        115       1013      0.618      0.507      0.542      0.269[32m [repeated 8x across cluster][0m
[36m(ClientAppActor pid=720283)[0m 
[K        3/3      1.44G      4.158      2.994      2.139         75        640: 23% ━━╸───────── 42/181 20.3it/s 3.3s<6.9s
[36m(ClientAppActor pid=720283)[0m 
[K        3/3      1.44G      4.149      2.981      2.146         29        640: 25% ━━╸───────── 45/181 20.8it/s 3.4s<6.5s
[36m(ClientAppActor pid=720269)[0m 3 epochs completed in 0.022 hours.[32m [repeated 3x across cluster][0m
[36m(ClientAppActor pid=720269)[0m Optimizer stripped from /tmp/fl_yolo_runs_720269/train/weights/best.pt, 16.5MB[32m [repeated 7x across cluster][0m
[36m(ClientAppActor pid=720283)[0m 
[K        3/3      1.44G      4.142      2.971      2.151         64        640: 26% ━━━───────── 47/181 20.3it/s 3.5s<6.6s
[36m(ClientAppActor pid=720283)[0m 
[K        3/3      1.44G      4.154      2.989      2.156         35        640: 28% ━━━───────── 50/181 21.0it/s 3.7s<6.2s
[36m(ClientAppActor pid=720269)[0m Validating /tmp/fl_yolo_runs_720269/train/weights/best.pt...[32m [repeated 3x across cluster][0m
[36m(ClientAppActor pid=720269)[0m Ultralytics 8.3.234 Python-3.10.19 torch-2.6.0+cu124 CUDA:0 (NVIDIA RTX 5000 Ada Generation, 32220MiB)[32m [repeated 3x across cluster][0m
[36m(ClientAppActor pid=720283)[0m 
[K        3/3      1.44G      4.153      2.997      2.147         40        640: 29% ━━━╸──────── 53/181 21.6it/s 3.8s<5.9s
[36m(ClientAppActor pid=720269)[0m 
[K        3/3      1.59G       3.52      2.566      2.186         69        640: 91% ━━━━━━━━━━╸─ 109/120 10.6it/s 17.9s<1.0s[32m [repeated 5x across cluster][0m
[36m(ClientAppActor pid=720269)[0m YOLOv10s summary (fused): 106 layers, 7,218,387 parameters, 0 gradients, 21.4 GFLOPs[32m [repeated 3x across cluster][0m
[36m(ClientAppActor pid=720283)[0m 
[K        3/3      1.44G       4.15      3.001      2.148         44        640: 31% ━━━╸──────── 56/181 21.9it/s 3.9s<5.7s
[36m(ClientAppActor pid=720283)[0m 
[K        3/3      1.44G       4.13      2.972      2.148         50        640: 33% ━━━╸──────── 59/181 22.2it/s 4.1s<5.5s
[36m(ClientAppActor pid=720283)[0m 
[K        3/3      1.44G      4.124      2.967      2.146         25        640: 34% ━━━━──────── 61/181 21.3it/s 4.2s<5.6s
[36m(ClientAppActor pid=720283)[0m 
[K        3/3      1.44G      4.135      2.991      2.148         38        640: 35% ━━━━──────── 64/181 21.7it/s 4.3s<5.4s
[36m(ClientAppActor pid=720283)[0m 
[K        3/3      1.44G      4.117      2.971      2.154         34        640: 37% ━━━━──────── 67/181 21.9it/s 4.4s<5.2s
[36m(ClientAppActor pid=720269)[0m 
[K        3/3      1.59G      3.517      2.562      2.186         98        640: 96% ━━━━━━━━━━━─ 115/120 11.1it/s 18.4s<0.5s[32m [repeated 3x across cluster][0m
[36m(ClientAppActor pid=720283)[0m 
[K        3/3      1.44G      4.114      2.966      2.148         63        640: 39% ━━━━╸─────── 70/181 22.1it/s 4.6s<5.0s
[36m(ClientAppActor pid=720269)[0m Speed: 0.1ms preprocess, 0.7ms inference, 0.0ms loss, 0.3ms postprocess per image[32m [repeated 3x across cluster][0m
[36m(ClientAppActor pid=720283)[0m 
[K        3/3      1.44G      4.099      2.964      2.154         51        640: 40% ━━━━╸─────── 73/181 21.6it/s 4.7s<5.0s
[36m(ClientAppActor pid=720283)[0m 
[K        3/3      1.44G      4.092      2.957      2.149         60        640: 42% ━━━━━─────── 76/181 22.4it/s 4.8s<4.7s
[36m(ClientAppActor pid=720283)[0m 
[K        3/3      1.44G      4.103      2.952       2.15         68        640: 44% ━━━━━─────── 79/181 24.2it/s 4.9s<4.2s
[36m(ClientAppActor pid=720269)[0m [Client 3] Training complete:[32m [repeated 3x across cluster][0m
[36m(ClientAppActor pid=720269)[0m   Precision: 0.6185, Recall: 0.5073[32m [repeated 3x across cluster][0m
[36m(ClientAppActor pid=720269)[0m   BN Stats: μ=0.0000, σ=0.0000[32m [repeated 3x across cluster][0m
[36m(ClientAppActor pid=720283)[0m 
[K        3/3      1.44G      4.104       2.95      2.154         38        640: 46% ━━━━━╸────── 83/181 26.2it/s 5.1s<3.7s
[36m(ClientAppActor pid=720277)[0m [Client 1] Applying SignFlippingAttack attack...
[36m(ClientAppActor pid=720277)[0m [Client 1] Attack applied
[36m(ClientAppActor pid=720283)[0m 
[K        3/3      1.44G      4.084      2.936      2.156         44        640: 48% ━━━━━╸────── 86/181 26.5it/s 5.2s<3.6s
[36m(ClientAppActor pid=720283)[0m 
[K        3/3      1.44G      4.087      2.941      2.157         86        640: 50% ━━━━━╸────── 90/181 27.8it/s 5.3s<3.3s
[36m(ClientAppActor pid=720283)[0m 
[K        3/3      1.44G      4.065      2.931      2.154         71        640: 52% ━━━━━━────── 94/181 28.6it/s 5.4s<3.0s
[36m(ClientAppActor pid=720283)[0m 
[K        3/3      1.44G      4.054       2.92      2.155         58        640: 54% ━━━━━━────── 98/181 29.1it/s 5.6s<2.8s
[36m(ClientAppActor pid=720283)[0m 
[K        3/3      1.44G      4.048      2.916       2.16         63        640: 56% ━━━━━━╸───── 101/181 28.6it/s 5.7s<2.8s
[36m(ClientAppActor pid=720283)[0m 
[K        3/3      1.44G      4.034      2.899      2.156         46        640: 58% ━━━━━━╸───── 105/181 29.2it/s 5.8s<2.6s
[36m(ClientAppActor pid=720283)[0m 
[K        3/3      1.44G      4.025      2.897      2.156         18        640: 60% ━━━━━━━───── 109/181 29.7it/s 5.9s<2.4s
[36m(ClientAppActor pid=720283)[0m 
[K        3/3      1.44G      4.027      2.914      2.155         16        640: 62% ━━━━━━━───── 113/181 30.1it/s 6.1s<2.3s
[36m(ClientAppActor pid=720283)[0m 
[K        3/3      1.44G      4.036      2.915      2.152         85        640: 64% ━━━━━━━╸──── 116/181 29.2it/s 6.2s<2.2s
[36m(ClientAppActor pid=720283)[0m 
[K        3/3      1.44G      4.031      2.906      2.157         27        640: 66% ━━━━━━━╸──── 120/181 29.7it/s 6.3s<2.1s
[36m(ClientAppActor pid=720283)[0m 
[K        3/3      1.44G      4.026      2.895      2.157         61        640: 69% ━━━━━━━━──── 124/181 29.9it/s 6.4s<1.9s
[36m(ClientAppActor pid=720283)[0m 
[K        3/3      1.44G      4.027      2.891      2.153         71        640: 71% ━━━━━━━━──── 128/181 30.1it/s 6.6s<1.8s
[36m(ClientAppActor pid=720283)[0m 
[K        3/3      1.44G      4.029      2.883       2.15         52        640: 72% ━━━━━━━━╸─── 131/181 29.4it/s 6.7s<1.7s
[36m(ClientAppActor pid=720283)[0m 
[K        3/3      1.44G      4.028      2.889      2.151         31        640: 75% ━━━━━━━━╸─── 135/181 29.8it/s 6.8s<1.5s
[36m(ClientAppActor pid=720283)[0m 
[K        3/3      1.44G      4.025      2.882       2.15         53        640: 77% ━━━━━━━━━─── 139/181 30.1it/s 6.9s<1.4s
[36m(ClientAppActor pid=720269)[0m 
[K                 Class     Images  Instances      Box(P          R      mAP50  mAP50-95): 27% ━━━───────── 4/15 11.6it/s 0.1s<0.9s
[36m(ClientAppActor pid=720283)[0m 
[K        3/3      1.44G      4.021      2.877      2.151         29        640: 79% ━━━━━━━━━─── 143/181 30.3it/s 7.1s<1.3s
[36m(ClientAppActor pid=720283)[0m 
[K        3/3      1.44G      4.029      2.884      2.147         78        640: 83% ━━━━━━━━━╸── 150/181 32.6it/s 7.3s<1.0s[32m [repeated 2x across cluster][0m
[36m(ClientAppActor pid=720269)[0m 
[K                 Class     Images  Instances      Box(P          R      mAP50  mAP50-95): 60% ━━━━━━━───── 9/15 20.3it/s 0.2s<0.3s
[36m(ClientAppActor pid=720283)[0m 
[K        3/3      1.44G      4.021      2.883      2.143         47        640: 87% ━━━━━━━━━━── 157/181 30.0it/s 7.5s<0.8s[32m [repeated 2x across cluster][0m
[36m(ClientAppActor pid=720283)[0m 
[K        3/3      1.49G       4.03      2.896      2.143         40        640: 97% ━━━━━━━━━━━╸ 175/181 26.7it/s 8.2s<0.2s
[36m(ClientAppActor pid=720283)[0m 
[K        3/3      1.49G      4.025      2.891      2.139         28        640: 98% ━━━━━━━━━━━╸ 178/181 26.9it/s 8.3s<0.1s
[K        3/3      1.49G      4.022      2.888      2.138         43        640: 100% ━━━━━━━━━━━━ 181/181 21.6it/s 8.4s
[K        3/3      1.49G      4.022      2.888      2.138         43        640: 100% ━━━━━━━━━━━━ 181/181 21.6it/s 8.4s
[36m(ClientAppActor pid=720283)[0m 
[K                 Class     Images  Instances      Box(P          R      mAP50  mAP50-95): 35% ━━━━──────── 6/17 17.6it/s 0.1s<0.6s
[36m(ClientAppActor pid=720283)[0m 
[K                 Class     Images  Instances      Box(P          R      mAP50  mAP50-95): 65% ━━━━━━━╸──── 11/17 25.9it/s 0.2s<0.2s
[36m(ClientAppActor pid=720283)[0m 
[K                 Class     Images  Instances      Box(P          R      mAP50  mAP50-95): 88% ━━━━━━━━━━╸─ 15/17 30.1it/s 0.3s<0.1s
[K                 Class     Images  Instances      Box(P          R      mAP50  mAP50-95): 100% ━━━━━━━━━━━━ 17/17 47.1it/s 0.4s
[K                 Class     Images  Instances      Box(P          R      mAP50  mAP50-95): 100% ━━━━━━━━━━━━ 17/17 47.1it/s 0.4s
[36m(ClientAppActor pid=720283)[0m                    all        133       1032      0.669      0.461      0.556      0.271
[36m(ClientAppActor pid=720283)[0m 
[36m(ClientAppActor pid=720283)[0m 3 epochs completed in 0.024 hours.
[36m(ClientAppActor pid=720283)[0m 
[K        3/3      1.49G      4.019      2.879      2.144         35        640: 90% ━━━━━━━━━━╸─ 163/181 29.5it/s 7.7s<0.6s[32m [repeated 2x across cluster][0m
[36m(ClientAppActor pid=720283)[0m Optimizer stripped from /tmp/fl_yolo_runs_720283/train/weights/last.pt, 16.5MB
[36m(ClientAppActor pid=720283)[0m Optimizer stripped from /tmp/fl_yolo_runs_720283/train/weights/best.pt, 16.5MB
[36m(ClientAppActor pid=720283)[0m 
[36m(ClientAppActor pid=720283)[0m Validating /tmp/fl_yolo_runs_720283/train/weights/best.pt...
[36m(ClientAppActor pid=720283)[0m Ultralytics 8.3.234 Python-3.10.19 torch-2.6.0+cu124 CUDA:0 (NVIDIA RTX 5000 Ada Generation, 32220MiB)
[36m(ClientAppActor pid=720283)[0m YOLOv10s summary (fused): 106 layers, 7,218,387 parameters, 0 gradients, 21.4 GFLOPs
[36m(ClientAppActor pid=720283)[0m 
[K                 Class     Images  Instances      Box(P          R      mAP50  mAP50-95): 76% ━━━━━━━━━─── 13/17 36.2it/s 0.1s<0.1s
[K                 Class     Images  Instances      Box(P          R      mAP50  mAP50-95): 100% ━━━━━━━━━━━━ 17/17 122.3it/s 0.1s
[K                 Class     Images  Instances      Box(P          R      mAP50  mAP50-95): 100% ━━━━━━━━━━━━ 17/17 122.2it/s 0.1s
[36m(ClientAppActor pid=720283)[0m                    all        133       1032      0.668      0.459      0.554      0.271
[36m(ClientAppActor pid=720283)[0m   mAP50: 0.5540, mAP50-95: 0.2709
[36m(ClientAppActor pid=720283)[0m 
[K        3/3      1.49G       4.04      2.901      2.143         67        640: 95% ━━━━━━━━━━━─ 172/181 27.9it/s 8.1s<0.3s[32m [repeated 3x across cluster][0m
[36m(ClientAppActor pid=720283)[0m Speed: 0.0ms preprocess, 0.5ms inference, 0.0ms loss, 0.0ms postprocess per image
[36m(ClientAppActor pid=720277)[0m 
[36m(ClientAppActor pid=720277)[0m [Client 5] Initializing YOLOv10-S...
[36m(ClientAppActor pid=720283)[0m [Client 5] Training complete:
[36m(ClientAppActor pid=720283)[0m   Precision: 0.6679, Recall: 0.4593
[36m(ClientAppActor pid=720283)[0m   BN Stats: μ=0.0000, σ=0.0000
[36m(ClientAppActor pid=720269)[0m 
[36m(ClientAppActor pid=720270)[0m 
[36m(ClientAppActor pid=720283)[0m 
[36m(ClientAppActor pid=720283)[0m [Client 3] Ready
[36m(ClientAppActor pid=720283)[0m   Data: /ANON/fl_hod/data/yolo/client_configs/client_lyon.yaml
[36m(ClientAppActor pid=720283)[0m   Local epochs: 3
[36m(ClientAppActor pid=720283)[0m   Batch size: 4
[36m(ClientAppActor pid=720283)[0m   FedBN: False
[36m(ClientAppActor pid=720274)[0m 
[36m(ClientAppActor pid=720277)[0m   Data: /ANON/fl_hod/data/yolo/client_configs/client_roma.yaml
[36m(ClientAppActor pid=720269)[0m   Data: /ANON/fl_hod/data/yolo/client_configs/client_koeln.yaml
[36m(ClientAppActor pid=720269)[0m [Client 1] ️  MALICIOUS - Attack: SignFlippingAttack
[36m(ClientAppActor pid=720272)[0m 
[36m(ClientAppActor pid=720272)[0m   Data: /ANON/fl_hod/data/yolo/client_configs/client_leipzig.yaml
[36m(ClientAppActor pid=720284)[0m 
[36m(ClientAppActor pid=720284)[0m   Data: /ANON/fl_hod/data/yolo/client_configs/client_prague.yaml
[36m(ClientAppActor pid=720270)[0m   Data: /ANON/fl_hod/data/yolo/client_configs/client_zagreb.yaml
[36m(ClientAppActor pid=720274)[0m   Data: /ANON/fl_hod/data/yolo/client_configs/client_budapest.yaml
[36m(ClientAppActor pid=720284)[0m [Client 4] Initializing YOLOv10-S...[32m [repeated 6x across cluster][0m
[36m(ClientAppActor pid=720274)[0m [Client 0] Ready[32m [repeated 6x across cluster][0m
[36m(ClientAppActor pid=720274)[0m   Local epochs: 3[32m [repeated 6x across cluster][0m
[36m(ClientAppActor pid=720274)[0m   Batch size: 4[32m [repeated 6x across cluster][0m
[36m(ClientAppActor pid=720274)[0m   FedBN: False[32m [repeated 6x across cluster][0m
[36m(ClientAppActor pid=720274)[0m [Client 0] ️  MALICIOUS - Attack: SignFlippingAttack
[93mWARNING [0m:   DEPRECATED FEATURE: flwr.simulation.start_simulation() is deprecated.
	Instead, use the `flwr run` CLI command to start a local simulation in your Flower app, as shown for example below:

		$ flwr new  # Create a new Flower app from a template

		$ flwr run  # Run the Flower app in Simulation Mode

	Using `start_simulation()` is deprecated.

            This is a deprecated feature. It will be removed
            entirely in future versions of Flower.
        
[92mINFO [0m:      Starting Flower simulation, config: num_rounds=1, no round_timeout
2026-05-03 23:11:06,693	INFO worker.py:2012 -- Started a local Ray instance.
/ANON/miniconda3/envs/federatedlearning/lib/python3.10/site-packages/ray/_private/worker.py:2051: FutureWarning: Tip: In future versions of Ray, Ray will no longer override accelerator visible devices env var if num_gpus=0 or num_gpus=None (default). To enable this behavior and turn off this error message, set RAY_ACCEL_ENV_VAR_OVERRIDE_ON_ZERO=0
  warnings.warn(
[92mINFO [0m:      Flower VCE: Ray initialized with resources: {'node:131.236.54.229': 1.0, 'memory': 83750760039.0, 'CPU': 14.0, 'node:__internal_head__': 1.0, 'GPU': 1.0, 'object_store_memory': 35893182873.0, 'accelerator_type:RTX': 1.0}
[92mINFO [0m:      Optimize your simulation with Flower VCE: https://flower.ai/docs/framework/how-to-run-simulations.html
[92mINFO [0m:      Flower VCE: Resources for each Virtual Client: {'num_cpus': 2, 'num_gpus': 0.14}
[92mINFO [0m:      Flower VCE: Creating VirtualClientEngineActorPool with 7 actors
[92mINFO [0m:      [INIT]
[92mINFO [0m:      Requesting initial parameters from one random client
[36m(ClientAppActor pid=720270)[0m [93mWARNING [0m:   DEPRECATED FEATURE: `client_fn` now expects a signature `def client_fn(context: Context)`.The provided `client_fn` has signature: {'cid': <Parameter "cid: str">}. You can import the `Context` like this: `from flwr.common import Context`
[36m(ClientAppActor pid=720270)[0m 
[36m(ClientAppActor pid=720270)[0m             This is a deprecated feature. It will be removed
[36m(ClientAppActor pid=720270)[0m             entirely in future versions of Flower.
[36m(ClientAppActor pid=720270)[0m         
[92mINFO [0m:      Received initial parameters from one random client
[92mINFO [0m:      Starting evaluation of initial global parameters
[92mINFO [0m:      Evaluation returned no results (`None`)
[92mINFO [0m:      
[92mINFO [0m:      [ROUND 1]
[92mINFO [0m:      configure_fit: strategy sampled 7 clients (out of 7)
[36m(ClientAppActor pid=720270)[0m [93mWARNING [0m:   Deprecation Warning: The `client_fn` function must return an instance of `Client`, but an instance of `NumpyClient` was returned. Please use `NumPyClient.to_client()` method to convert it to `Client`.
[36m(ClientAppActor pid=720270)[0m [93mWARNING [0m:   DEPRECATED FEATURE: `client_fn` now expects a signature `def client_fn(context: Context)`.The provided `client_fn` has signature: {'cid': <Parameter "cid: str">}. You can import the `Context` like this: `from flwr.common import Context`
[36m(ClientAppActor pid=720270)[0m 
[36m(ClientAppActor pid=720270)[0m             This is a deprecated feature. It will be removed
[36m(ClientAppActor pid=720270)[0m             entirely in future versions of Flower.
[36m(ClientAppActor pid=720270)[0m         
[36m(ClientAppActor pid=720270)[0m [93mWARNING [0m:   Deprecation Warning: The `client_fn` function must return an instance of `Client`, but an instance of `NumpyClient` was returned. Please use `NumPyClient.to_client()` method to convert it to `Client`.
[36m(ClientAppActor pid=720274)[0m 
[36m(ClientAppActor pid=720274)[0m         
[36m(ClientAppActor pid=720283)[0m 
[36m(ClientAppActor pid=720283)[0m         
[36m(ClientAppActor pid=720269)[0m 
[36m(ClientAppActor pid=720269)[0m         
[36m(ClientAppActor pid=720272)[0m 
[36m(ClientAppActor pid=720272)[0m         
[36m(ClientAppActor pid=720284)[0m 
[36m(ClientAppActor pid=720284)[0m         
[36m(ClientAppActor pid=720277)[0m 
[36m(ClientAppActor pid=720277)[0m         
[36m(pid=gcs_server)[0m [2026-05-03 23:11:36,307 E 720029 720029] (gcs_server) gcs_server.cc:302: Failed to establish connection to the event+metrics exporter agent. Events and metrics will not be exported. Exporter agent status: RpcError: Running out of retries to initialize the metrics agent. rpc_code: 14
[36m(ClientAppActor pid=720277)[0m [93mWARNING [0m:   DEPRECATED FEATURE: `client_fn` now expects a signature `def client_fn(context: Context)`.The provided `client_fn` has signature: {'cid': <Parameter "cid: str">}. You can import the `Context` like this: `from flwr.common import Context`[32m [repeated 6x across cluster][0m
[36m(ClientAppActor pid=720277)[0m             This is a deprecated feature. It will be removed[32m [repeated 6x across cluster][0m
[36m(ClientAppActor pid=720277)[0m             entirely in future versions of Flower.[32m [repeated 6x across cluster][0m
[36m(ClientAppActor pid=720277)[0m [93mWARNING [0m:   Deprecation Warning: The `client_fn` function must return an instance of `Client`, but an instance of `NumpyClient` was returned. Please use `NumPyClient.to_client()` method to convert it to `Client`.[32m [repeated 6x across cluster][0m
[33m(raylet)[0m [2026-05-03 23:11:36,658 E 720194 720194] (raylet) main.cc:975: Failed to establish connection to the metrics exporter agent. Metrics will not be exported. Exporter agent status: RpcError: Running out of retries to initialize the metrics agent. rpc_code: 14
[2026-05-03 23:11:36,949 E 719970 720268] core_worker_process.cc:825: Failed to establish connection to the metrics exporter agent. Metrics will not be exported. Exporter agent status: RpcError: Running out of retries to initialize the metrics agent. rpc_code: 14
[36m(ClientAppActor pid=720270)[0m [2026-05-03 23:11:36,931 E 720270 720853] core_worker_process.cc:825: Failed to establish connection to the metrics exporter agent. Metrics will not be exported. Exporter agent status: RpcError: Running out of retries to initialize the metrics agent. rpc_code: 14
[92mINFO [0m:      aggregate_fit: received 7 results and 0 failures
[92mINFO [0m:      configure_evaluate: strategy sampled 7 clients (out of 7)
[36m(ClientAppActor pid=720283)[0m 
[36m(ClientAppActor pid=720283)[0m         
[36m(ClientAppActor pid=720283)[0m [93mWARNING [0m:   DEPRECATED FEATURE: `client_fn` now expects a signature `def client_fn(context: Context)`.The provided `client_fn` has signature: {'cid': <Parameter "cid: str">}. You can import the `Context` like this: `from flwr.common import Context`
[36m(ClientAppActor pid=720283)[0m             This is a deprecated feature. It will be removed
[36m(ClientAppActor pid=720283)[0m             entirely in future versions of Flower.
[36m(ClientAppActor pid=720283)[0m [93mWARNING [0m:   Deprecation Warning: The `client_fn` function must return an instance of `Client`, but an instance of `NumpyClient` was returned. Please use `NumPyClient.to_client()` method to convert it to `Client`.
[36m(ClientAppActor pid=720274)[0m [2026-05-03 23:11:37,288 E 720274 720856] core_worker_process.cc:825: Failed to establish connection to the metrics exporter agent. Metrics will not be exported. Exporter agent status: RpcError: Running out of retries to initialize the metrics agent. rpc_code: 14[32m [repeated 6x across cluster][0m
[36m(ClientAppActor pid=720269)[0m [93mWARNING [0m:   DEPRECATED FEATURE: `client_fn` now expects a signature `def client_fn(context: Context)`.The provided `client_fn` has signature: {'cid': <Parameter "cid: str">}. You can import the `Context` like this: `from flwr.common import Context`
[36m(ClientAppActor pid=720269)[0m 
[36m(ClientAppActor pid=720269)[0m             This is a deprecated feature. It will be removed
[36m(ClientAppActor pid=720269)[0m             entirely in future versions of Flower.
[36m(ClientAppActor pid=720269)[0m         
[36m(ClientAppActor pid=720269)[0m [93mWARNING [0m:   Deprecation Warning: The `client_fn` function must return an instance of `Client`, but an instance of `NumpyClient` was returned. Please use `NumPyClient.to_client()` method to convert it to `Client`.
[36m(ClientAppActor pid=720270)[0m 
[36m(ClientAppActor pid=720270)[0m         
[36m(ClientAppActor pid=720277)[0m 
[36m(ClientAppActor pid=720277)[0m         
[36m(ClientAppActor pid=720274)[0m 
[36m(ClientAppActor pid=720274)[0m         
[91mERROR [0m:     Traceback (most recent call last):
  File "/ANON/miniconda3/envs/federatedlearning/lib/python3.10/site-packages/flwr/simulation/ray_transport/ray_client_proxy.py", line 94, in _submit_job
    out_mssg, updated_context = self.actor_pool.get_client_result(
  File "/ANON/miniconda3/envs/federatedlearning/lib/python3.10/site-packages/flwr/simulation/ray_transport/ray_actor.py", line 400, in get_client_result
    return self._fetch_future_result(cid)
  File "/ANON/miniconda3/envs/federatedlearning/lib/python3.10/site-packages/flwr/simulation/ray_transport/ray_actor.py", line 281, in _fetch_future_result
    res_cid, out_mssg, updated_context = ray.get(
  File "/ANON/miniconda3/envs/federatedlearning/lib/python3.10/site-packages/ray/_private/auto_init_hook.py", line 22, in auto_init_wrapper
    return fn(*args, **kwargs)
  File "/ANON/miniconda3/envs/federatedlearning/lib/python3.10/site-packages/ray/_private/client_mode_hook.py", line 104, in wrapper
    return func(*args, **kwargs)
  File "/ANON/miniconda3/envs/federatedlearning/lib/python3.10/site-packages/ray/_private/worker.py", line 2961, in get
    values, debugger_breakpoint = worker.get_objects(
  File "/ANON/miniconda3/envs/federatedlearning/lib/python3.10/site-packages/ray/_private/worker.py", line 1026, in get_objects
    raise value.as_instanceof_cause()
ray.exceptions.RayTaskError(ClientAppException): [36mray::ClientAppActor.run()[39m (pid=720283, ip=131.236.54.229, actor_id=e7133e2e3c76289e70d34cd201000000, repr=<flwr.simulation.ray_transport.ray_actor.ClientAppActor object at 0x72ccf81f9fc0>)
  File "/ANON/miniconda3/envs/federatedlearning/lib/python3.10/site-packages/flwr/clientapp/client_app.py", line 143, in __call__
    return self._call(message, context)
  File "/ANON/miniconda3/envs/federatedlearning/lib/python3.10/site-packages/flwr/clientapp/client_app.py", line 127, in ffn
    out_message = handle_legacy_message_from_msgtype(
  File "/ANON/miniconda3/envs/federatedlearning/lib/python3.10/site-packages/flwr/client/message_handler/message_handler.py", line 135, in handle_legacy_message_from_msgtype
    evaluate_res = maybe_call_evaluate(
  File "/ANON/miniconda3/envs/federatedlearning/lib/python3.10/site-packages/flwr/client/client.py", line 244, in maybe_call_evaluate
    return client.evaluate(evaluate_ins)
  File "/ANON/miniconda3/envs/federatedlearning/lib/python3.10/site-packages/flwr/client/numpy_client.py", line 251, in _evaluate
    results = self.numpy_client.evaluate(parameters, ins.config)  # type: ignore
  File "/ANON/fl_hod/fl/client_yolo10s.py", line 342, in evaluate
    self.set_parameters(parameters)
  File "/ANON/fl_hod/fl/client_yolo10s.py", line 251, in set_parameters
    param_dict[name] = torch.from_numpy(parameters[param_idx]).reshape(param_shape)
RuntimeError: shape '[80, 128, 1, 1]' is invalid for input of size 128

The above exception was the direct cause of the following exception:

[36mray::ClientAppActor.run()[39m (pid=720283, ip=131.236.54.229, actor_id=e7133e2e3c76289e70d34cd201000000, repr=<flwr.simulation.ray_transport.ray_actor.ClientAppActor object at 0x72ccf81f9fc0>)
  File "/ANON/miniconda3/envs/federatedlearning/lib/python3.10/site-packages/flwr/simulation/ray_transport/ray_actor.py", line 65, in run
    raise ClientAppException(str(ex)) from ex
flwr.clientapp.client_app.ClientAppException: 
Exception ClientAppException occurred. Message: shape '[80, 128, 1, 1]' is invalid for input of size 128

[91mERROR [0m:     [36mray::ClientAppActor.run()[39m (pid=720283, ip=131.236.54.229, actor_id=e7133e2e3c76289e70d34cd201000000, repr=<flwr.simulation.ray_transport.ray_actor.ClientAppActor object at 0x72ccf81f9fc0>)
  File "/ANON/miniconda3/envs/federatedlearning/lib/python3.10/site-packages/flwr/clientapp/client_app.py", line 143, in __call__
    return self._call(message, context)
  File "/ANON/miniconda3/envs/federatedlearning/lib/python3.10/site-packages/flwr/clientapp/client_app.py", line 127, in ffn
    out_message = handle_legacy_message_from_msgtype(
  File "/ANON/miniconda3/envs/federatedlearning/lib/python3.10/site-packages/flwr/client/message_handler/message_handler.py", line 135, in handle_legacy_message_from_msgtype
    evaluate_res = maybe_call_evaluate(
  File "/ANON/miniconda3/envs/federatedlearning/lib/python3.10/site-packages/flwr/client/client.py", line 244, in maybe_call_evaluate
    return client.evaluate(evaluate_ins)
  File "/ANON/miniconda3/envs/federatedlearning/lib/python3.10/site-packages/flwr/client/numpy_client.py", line 251, in _evaluate
    results = self.numpy_client.evaluate(parameters, ins.config)  # type: ignore
  File "/ANON/fl_hod/fl/client_yolo10s.py", line 342, in evaluate
    self.set_parameters(parameters)
  File "/ANON/fl_hod/fl/client_yolo10s.py", line 251, in set_parameters
    param_dict[name] = torch.from_numpy(parameters[param_idx]).reshape(param_shape)
RuntimeError: shape '[80, 128, 1, 1]' is invalid for input of size 128

The above exception was the direct cause of the following exception:

[36mray::ClientAppActor.run()[39m (pid=720283, ip=131.236.54.229, actor_id=e7133e2e3c76289e70d34cd201000000, repr=<flwr.simulation.ray_transport.ray_actor.ClientAppActor object at 0x72ccf81f9fc0>)
  File "/ANON/miniconda3/envs/federatedlearning/lib/python3.10/site-packages/flwr/simulation/ray_transport/ray_actor.py", line 65, in run
    raise ClientAppException(str(ex)) from ex
flwr.clientapp.client_app.ClientAppException: 
Exception ClientAppException occurred. Message: shape '[80, 128, 1, 1]' is invalid for input of size 128
[91mERROR [0m:     Traceback (most recent call last):
  File "/ANON/miniconda3/envs/federatedlearning/lib/python3.10/site-packages/flwr/simulation/ray_transport/ray_client_proxy.py", line 94, in _submit_job
    out_mssg, updated_context = self.actor_pool.get_client_result(
  File "/ANON/miniconda3/envs/federatedlearning/lib/python3.10/site-packages/flwr/simulation/ray_transport/ray_actor.py", line 400, in get_client_result
    return self._fetch_future_result(cid)
  File "/ANON/miniconda3/envs/federatedlearning/lib/python3.10/site-packages/flwr/simulation/ray_transport/ray_actor.py", line 281, in _fetch_future_result
    res_cid, out_mssg, updated_context = ray.get(
  File "/ANON/miniconda3/envs/federatedlearning/lib/python3.10/site-packages/ray/_private/auto_init_hook.py", line 22, in auto_init_wrapper
    return fn(*args, **kwargs)
  File "/ANON/miniconda3/envs/federatedlearning/lib/python3.10/site-packages/ray/_private/client_mode_hook.py", line 104, in wrapper
    return func(*args, **kwargs)
  File "/ANON/miniconda3/envs/federatedlearning/lib/python3.10/site-packages/ray/_private/worker.py", line 2961, in get
    values, debugger_breakpoint = worker.get_objects(
  File "/ANON/miniconda3/envs/federatedlearning/lib/python3.10/site-packages/ray/_private/worker.py", line 1026, in get_objects
    raise value.as_instanceof_cause()
ray.exceptions.RayTaskError(ClientAppException): [36mray::ClientAppActor.run()[39m (pid=720269, ip=131.236.54.229, actor_id=a33377821f34649fe926024001000000, repr=<flwr.simulation.ray_transport.ray_actor.ClientAppActor object at 0x7cd6842d9f30>)
  File "/ANON/miniconda3/envs/federatedlearning/lib/python3.10/site-packages/flwr/clientapp/client_app.py", line 143, in __call__
    return self._call(message, context)
  File "/ANON/miniconda3/envs/federatedlearning/lib/python3.10/site-packages/flwr/clientapp/client_app.py", line 127, in ffn
    out_message = handle_legacy_message_from_msgtype(
  File "/ANON/miniconda3/envs/federatedlearning/lib/python3.10/site-packages/flwr/client/message_handler/message_handler.py", line 135, in handle_legacy_message_from_msgtype
    evaluate_res = maybe_call_evaluate(
  File "/ANON/miniconda3/envs/federatedlearning/lib/python3.10/site-packages/flwr/client/client.py", line 244, in maybe_call_evaluate
    return client.evaluate(evaluate_ins)
  File "/ANON/miniconda3/envs/federatedlearning/lib/python3.10/site-packages/flwr/client/numpy_client.py", line 251, in _evaluate
    results = self.numpy_client.evaluate(parameters, ins.config)  # type: ignore
  File "/ANON/fl_hod/fl/client_yolo10s.py", line 342, in evaluate
    self.set_parameters(parameters)
  File "/ANON/fl_hod/fl/client_yolo10s.py", line 251, in set_parameters
    param_dict[name] = torch.from_numpy(parameters[param_idx]).reshape(param_shape)
RuntimeError: shape '[80, 128, 1, 1]' is invalid for input of size 128

The above exception was the direct cause of the following exception:

[36mray::ClientAppActor.run()[39m (pid=720269, ip=131.236.54.229, actor_id=a33377821f34649fe926024001000000, repr=<flwr.simulation.ray_transport.ray_actor.ClientAppActor object at 0x7cd6842d9f30>)
  File "/ANON/miniconda3/envs/federatedlearning/lib/python3.10/site-packages/flwr/simulation/ray_transport/ray_actor.py", line 65, in run
    raise ClientAppException(str(ex)) from ex
flwr.clientapp.client_app.ClientAppException: 
Exception ClientAppException occurred. Message: shape '[80, 128, 1, 1]' is invalid for input of size 128

[91mERROR [0m:     Traceback (most recent call last):
  File "/ANON/miniconda3/envs/federatedlearning/lib/python3.10/site-packages/flwr/simulation/ray_transport/ray_client_proxy.py", line 94, in _submit_job
    out_mssg, updated_context = self.actor_pool.get_client_result(
  File "/ANON/miniconda3/envs/federatedlearning/lib/python3.10/site-packages/flwr/simulation/ray_transport/ray_actor.py", line 400, in get_client_result
    return self._fetch_future_result(cid)
  File "/ANON/miniconda3/envs/federatedlearning/lib/python3.10/site-packages/flwr/simulation/ray_transport/ray_actor.py", line 281, in _fetch_future_result
    res_cid, out_mssg, updated_context = ray.get(
  File "/ANON/miniconda3/envs/federatedlearning/lib/python3.10/site-packages/ray/_private/auto_init_hook.py", line 22, in auto_init_wrapper
    return fn(*args, **kwargs)
  File "/ANON/miniconda3/envs/federatedlearning/lib/python3.10/site-packages/ray/_private/client_mode_hook.py", line 104, in wrapper
    return func(*args, **kwargs)
  File "/ANON/miniconda3/envs/federatedlearning/lib/python3.10/site-packages/ray/_private/worker.py", line 2961, in get
    values, debugger_breakpoint = worker.get_objects(
  File "/ANON/miniconda3/envs/federatedlearning/lib/python3.10/site-packages/ray/_private/worker.py", line 1026, in get_objects
    raise value.as_instanceof_cause()
ray.exceptions.RayTaskError(ClientAppException): [36mray::ClientAppActor.run()[39m (pid=720277, ip=131.236.54.229, actor_id=fb0a980d7480fd6c37fa231c01000000, repr=<flwr.simulation.ray_transport.ray_actor.ClientAppActor object at 0x7fedc8725fc0>)
  File "/ANON/miniconda3/envs/federatedlearning/lib/python3.10/site-packages/flwr/clientapp/client_app.py", line 143, in __call__
    return self._call(message, context)
  File "/ANON/miniconda3/envs/federatedlearning/lib/python3.10/site-packages/flwr/clientapp/client_app.py", line 127, in ffn
    out_message = handle_legacy_message_from_msgtype(
  File "/ANON/miniconda3/envs/federatedlearning/lib/python3.10/site-packages/flwr/client/message_handler/message_handler.py", line 135, in handle_legacy_message_from_msgtype
    evaluate_res = maybe_call_evaluate(
  File "/ANON/miniconda3/envs/federatedlearning/lib/python3.10/site-packages/flwr/client/client.py", line 244, in maybe_call_evaluate
    return client.evaluate(evaluate_ins)
  File "/ANON/miniconda3/envs/federatedlearning/lib/python3.10/site-packages/flwr/client/numpy_client.py", line 251, in _evaluate
    results = self.numpy_client.evaluate(parameters, ins.config)  # type: ignore
  File "/ANON/fl_hod/fl/client_yolo10s.py", line 342, in evaluate
    self.set_parameters(parameters)
  File "/ANON/fl_hod/fl/client_yolo10s.py", line 251, in set_parameters
    param_dict[name] = torch.from_numpy(parameters[param_idx]).reshape(param_shape)
RuntimeError: shape '[80, 128, 1, 1]' is invalid for input of size 128

The above exception was the direct cause of the following exception:

[36mray::ClientAppActor.run()[39m (pid=720277, ip=131.236.54.229, actor_id=fb0a980d7480fd6c37fa231c01000000, repr=<flwr.simulation.ray_transport.ray_actor.ClientAppActor object at 0x7fedc8725fc0>)
  File "/ANON/miniconda3/envs/federatedlearning/lib/python3.10/site-packages/flwr/simulation/ray_transport/ray_actor.py", line 65, in run
    raise ClientAppException(str(ex)) from ex
flwr.clientapp.client_app.ClientAppException: 
Exception ClientAppException occurred. Message: shape '[80, 128, 1, 1]' is invalid for input of size 128

[91mERROR [0m:     [36mray::ClientAppActor.run()[39m (pid=720269, ip=131.236.54.229, actor_id=a33377821f34649fe926024001000000, repr=<flwr.simulation.ray_transport.ray_actor.ClientAppActor object at 0x7cd6842d9f30>)
  File "/ANON/miniconda3/envs/federatedlearning/lib/python3.10/site-packages/flwr/clientapp/client_app.py", line 143, in __call__
    return self._call(message, context)
  File "/ANON/miniconda3/envs/federatedlearning/lib/python3.10/site-packages/flwr/clientapp/client_app.py", line 127, in ffn
    out_message = handle_legacy_message_from_msgtype(
  File "/ANON/miniconda3/envs/federatedlearning/lib/python3.10/site-packages/flwr/client/message_handler/message_handler.py", line 135, in handle_legacy_message_from_msgtype
    evaluate_res = maybe_call_evaluate(
  File "/ANON/miniconda3/envs/federatedlearning/lib/python3.10/site-packages/flwr/client/client.py", line 244, in maybe_call_evaluate
    return client.evaluate(evaluate_ins)
  File "/ANON/miniconda3/envs/federatedlearning/lib/python3.10/site-packages/flwr/client/numpy_client.py", line 251, in _evaluate
    results = self.numpy_client.evaluate(parameters, ins.config)  # type: ignore
  File "/ANON/fl_hod/fl/client_yolo10s.py", line 342, in evaluate
    self.set_parameters(parameters)
  File "/ANON/fl_hod/fl/client_yolo10s.py", line 251, in set_parameters
    param_dict[name] = torch.from_numpy(parameters[param_idx]).reshape(param_shape)
RuntimeError: shape '[80, 128, 1, 1]' is invalid for input of size 128

The above exception was the direct cause of the following exception:

[36mray::ClientAppActor.run()[39m (pid=720269, ip=131.236.54.229, actor_id=a33377821f34649fe926024001000000, repr=<flwr.simulation.ray_transport.ray_actor.ClientAppActor object at 0x7cd6842d9f30>)
  File "/ANON/miniconda3/envs/federatedlearning/lib/python3.10/site-packages/flwr/simulation/ray_transport/ray_actor.py", line 65, in run
    raise ClientAppException(str(ex)) from ex
flwr.clientapp.client_app.ClientAppException: 
Exception ClientAppException occurred. Message: shape '[80, 128, 1, 1]' is invalid for input of size 128
[91mERROR [0m:     [36mray::ClientAppActor.run()[39m (pid=720277, ip=131.236.54.229, actor_id=fb0a980d7480fd6c37fa231c01000000, repr=<flwr.simulation.ray_transport.ray_actor.ClientAppActor object at 0x7fedc8725fc0>)
  File "/ANON/miniconda3/envs/federatedlearning/lib/python3.10/site-packages/flwr/clientapp/client_app.py", line 143, in __call__
    return self._call(message, context)
  File "/ANON/miniconda3/envs/federatedlearning/lib/python3.10/site-packages/flwr/clientapp/client_app.py", line 127, in ffn
    out_message = handle_legacy_message_from_msgtype(
  File "/ANON/miniconda3/envs/federatedlearning/lib/python3.10/site-packages/flwr/client/message_handler/message_handler.py", line 135, in handle_legacy_message_from_msgtype
    evaluate_res = maybe_call_evaluate(
  File "/ANON/miniconda3/envs/federatedlearning/lib/python3.10/site-packages/flwr/client/client.py", line 244, in maybe_call_evaluate
    return client.evaluate(evaluate_ins)
  File "/ANON/miniconda3/envs/federatedlearning/lib/python3.10/site-packages/flwr/client/numpy_client.py", line 251, in _evaluate
    results = self.numpy_client.evaluate(parameters, ins.config)  # type: ignore
  File "/ANON/fl_hod/fl/client_yolo10s.py", line 342, in evaluate
    self.set_parameters(parameters)
  File "/ANON/fl_hod/fl/client_yolo10s.py", line 251, in set_parameters
    param_dict[name] = torch.from_numpy(parameters[param_idx]).reshape(param_shape)
RuntimeError: shape '[80, 128, 1, 1]' is invalid for input of size 128

The above exception was the direct cause of the following exception:

[36mray::ClientAppActor.run()[39m (pid=720277, ip=131.236.54.229, actor_id=fb0a980d7480fd6c37fa231c01000000, repr=<flwr.simulation.ray_transport.ray_actor.ClientAppActor object at 0x7fedc8725fc0>)
  File "/ANON/miniconda3/envs/federatedlearning/lib/python3.10/site-packages/flwr/simulation/ray_transport/ray_actor.py", line 65, in run
    raise ClientAppException(str(ex)) from ex
flwr.clientapp.client_app.ClientAppException: 
Exception ClientAppException occurred. Message: shape '[80, 128, 1, 1]' is invalid for input of size 128
[91mERROR [0m:     Traceback (most recent call last):
  File "/ANON/miniconda3/envs/federatedlearning/lib/python3.10/site-packages/flwr/simulation/ray_transport/ray_client_proxy.py", line 94, in _submit_job
    out_mssg, updated_context = self.actor_pool.get_client_result(
  File "/ANON/miniconda3/envs/federatedlearning/lib/python3.10/site-packages/flwr/simulation/ray_transport/ray_actor.py", line 400, in get_client_result
    return self._fetch_future_result(cid)
  File "/ANON/miniconda3/envs/federatedlearning/lib/python3.10/site-packages/flwr/simulation/ray_transport/ray_actor.py", line 281, in _fetch_future_result
    res_cid, out_mssg, updated_context = ray.get(
  File "/ANON/miniconda3/envs/federatedlearning/lib/python3.10/site-packages/ray/_private/auto_init_hook.py", line 22, in auto_init_wrapper
    return fn(*args, **kwargs)
  File "/ANON/miniconda3/envs/federatedlearning/lib/python3.10/site-packages/ray/_private/client_mode_hook.py", line 104, in wrapper
    return func(*args, **kwargs)
  File "/ANON/miniconda3/envs/federatedlearning/lib/python3.10/site-packages/ray/_private/worker.py", line 2961, in get
    values, debugger_breakpoint = worker.get_objects(
  File "/ANON/miniconda3/envs/federatedlearning/lib/python3.10/site-packages/ray/_private/worker.py", line 1026, in get_objects
    raise value.as_instanceof_cause()
ray.exceptions.RayTaskError(ClientAppException): [36mray::ClientAppActor.run()[39m (pid=720270, ip=131.236.54.229, actor_id=bc0e76739dbfccf6a0779eb401000000, repr=<flwr.simulation.ray_transport.ray_actor.ClientAppActor object at 0x793d2c3d5f60>)
  File "/ANON/miniconda3/envs/federatedlearning/lib/python3.10/site-packages/flwr/clientapp/client_app.py", line 143, in __call__
    return self._call(message, context)
  File "/ANON/miniconda3/envs/federatedlearning/lib/python3.10/site-packages/flwr/clientapp/client_app.py", line 127, in ffn
    out_message = handle_legacy_message_from_msgtype(
  File "/ANON/miniconda3/envs/federatedlearning/lib/python3.10/site-packages/flwr/client/message_handler/message_handler.py", line 135, in handle_legacy_message_from_msgtype
    evaluate_res = maybe_call_evaluate(
  File "/ANON/miniconda3/envs/federatedlearning/lib/python3.10/site-packages/flwr/client/client.py", line 244, in maybe_call_evaluate
    return client.evaluate(evaluate_ins)
  File "/ANON/miniconda3/envs/federatedlearning/lib/python3.10/site-packages/flwr/client/numpy_client.py", line 251, in _evaluate
    results = self.numpy_client.evaluate(parameters, ins.config)  # type: ignore
  File "/ANON/fl_hod/fl/client_yolo10s.py", line 342, in evaluate
    self.set_parameters(parameters)
  File "/ANON/fl_hod/fl/client_yolo10s.py", line 251, in set_parameters
    param_dict[name] = torch.from_numpy(parameters[param_idx]).reshape(param_shape)
RuntimeError: shape '[80, 128, 1, 1]' is invalid for input of size 128

The above exception was the direct cause of the following exception:

[36mray::ClientAppActor.run()[39m (pid=720270, ip=131.236.54.229, actor_id=bc0e76739dbfccf6a0779eb401000000, repr=<flwr.simulation.ray_transport.ray_actor.ClientAppActor object at 0x793d2c3d5f60>)
  File "/ANON/miniconda3/envs/federatedlearning/lib/python3.10/site-packages/flwr/simulation/ray_transport/ray_actor.py", line 65, in run
    raise ClientAppException(str(ex)) from ex
flwr.clientapp.client_app.ClientAppException: 
Exception ClientAppException occurred. Message: shape '[80, 128, 1, 1]' is invalid for input of size 128

[91mERROR [0m:     [36mray::ClientAppActor.run()[39m (pid=720270, ip=131.236.54.229, actor_id=bc0e76739dbfccf6a0779eb401000000, repr=<flwr.simulation.ray_transport.ray_actor.ClientAppActor object at 0x793d2c3d5f60>)
  File "/ANON/miniconda3/envs/federatedlearning/lib/python3.10/site-packages/flwr/clientapp/client_app.py", line 143, in __call__
    return self._call(message, context)
  File "/ANON/miniconda3/envs/federatedlearning/lib/python3.10/site-packages/flwr/clientapp/client_app.py", line 127, in ffn
    out_message = handle_legacy_message_from_msgtype(
  File "/ANON/miniconda3/envs/federatedlearning/lib/python3.10/site-packages/flwr/client/message_handler/message_handler.py", line 135, in handle_legacy_message_from_msgtype
    evaluate_res = maybe_call_evaluate(
  File "/ANON/miniconda3/envs/federatedlearning/lib/python3.10/site-packages/flwr/client/client.py", line 244, in maybe_call_evaluate
    return client.evaluate(evaluate_ins)
  File "/ANON/miniconda3/envs/federatedlearning/lib/python3.10/site-packages/flwr/client/numpy_client.py", line 251, in _evaluate
    results = self.numpy_client.evaluate(parameters, ins.config)  # type: ignore
  File "/ANON/fl_hod/fl/client_yolo10s.py", line 342, in evaluate
    self.set_parameters(parameters)
  File "/ANON/fl_hod/fl/client_yolo10s.py", line 251, in set_parameters
    param_dict[name] = torch.from_numpy(parameters[param_idx]).reshape(param_shape)
RuntimeError: shape '[80, 128, 1, 1]' is invalid for input of size 128

The above exception was the direct cause of the following exception:

[36mray::ClientAppActor.run()[39m (pid=720270, ip=131.236.54.229, actor_id=bc0e76739dbfccf6a0779eb401000000, repr=<flwr.simulation.ray_transport.ray_actor.ClientAppActor object at 0x793d2c3d5f60>)
  File "/ANON/miniconda3/envs/federatedlearning/lib/python3.10/site-packages/flwr/simulation/ray_transport/ray_actor.py", line 65, in run
    raise ClientAppException(str(ex)) from ex
flwr.clientapp.client_app.ClientAppException: 
Exception ClientAppException occurred. Message: shape '[80, 128, 1, 1]' is invalid for input of size 128
[91mERROR [0m:     Traceback (most recent call last):
  File "/ANON/miniconda3/envs/federatedlearning/lib/python3.10/site-packages/flwr/simulation/ray_transport/ray_client_proxy.py", line 94, in _submit_job
    out_mssg, updated_context = self.actor_pool.get_client_result(
  File "/ANON/miniconda3/envs/federatedlearning/lib/python3.10/site-packages/flwr/simulation/ray_transport/ray_actor.py", line 400, in get_client_result
    return self._fetch_future_result(cid)
  File "/ANON/miniconda3/envs/federatedlearning/lib/python3.10/site-packages/flwr/simulation/ray_transport/ray_actor.py", line 281, in _fetch_future_result
    res_cid, out_mssg, updated_context = ray.get(
  File "/ANON/miniconda3/envs/federatedlearning/lib/python3.10/site-packages/ray/_private/auto_init_hook.py", line 22, in auto_init_wrapper
    return fn(*args, **kwargs)
  File "/ANON/miniconda3/envs/federatedlearning/lib/python3.10/site-packages/ray/_private/client_mode_hook.py", line 104, in wrapper
    return func(*args, **kwargs)
  File "/ANON/miniconda3/envs/federatedlearning/lib/python3.10/site-packages/ray/_private/worker.py", line 2961, in get
    values, debugger_breakpoint = worker.get_objects(
  File "/ANON/miniconda3/envs/federatedlearning/lib/python3.10/site-packages/ray/_private/worker.py", line 1026, in get_objects
    raise value.as_instanceof_cause()
ray.exceptions.RayTaskError(ClientAppException): [36mray::ClientAppActor.run()[39m (pid=720274, ip=131.236.54.229, actor_id=f67b8ca55d1a5c815bf2326401000000, repr=<flwr.simulation.ray_transport.ray_actor.ClientAppActor object at 0x70a7483f6050>)
  File "/ANON/miniconda3/envs/federatedlearning/lib/python3.10/site-packages/flwr/clientapp/client_app.py", line 143, in __call__
    return self._call(message, context)
  File "/ANON/miniconda3/envs/federatedlearning/lib/python3.10/site-packages/flwr/clientapp/client_app.py", line 127, in ffn
    out_message = handle_legacy_message_from_msgtype(
  File "/ANON/miniconda3/envs/federatedlearning/lib/python3.10/site-packages/flwr/client/message_handler/message_handler.py", line 135, in handle_legacy_message_from_msgtype
    evaluate_res = maybe_call_evaluate(
  File "/ANON/miniconda3/envs/federatedlearning/lib/python3.10/site-packages/flwr/client/client.py", line 244, in maybe_call_evaluate
    return client.evaluate(evaluate_ins)
  File "/ANON/miniconda3/envs/federatedlearning/lib/python3.10/site-packages/flwr/client/numpy_client.py", line 251, in _evaluate
    results = self.numpy_client.evaluate(parameters, ins.config)  # type: ignore
  File "/ANON/fl_hod/fl/client_yolo10s.py", line 342, in evaluate
    self.set_parameters(parameters)
  File "/ANON/fl_hod/fl/client_yolo10s.py", line 251, in set_parameters
    param_dict[name] = torch.from_numpy(parameters[param_idx]).reshape(param_shape)
RuntimeError: shape '[80, 128, 1, 1]' is invalid for input of size 128

The above exception was the direct cause of the following exception:

[36mray::ClientAppActor.run()[39m (pid=720274, ip=131.236.54.229, actor_id=f67b8ca55d1a5c815bf2326401000000, repr=<flwr.simulation.ray_transport.ray_actor.ClientAppActor object at 0x70a7483f6050>)
  File "/ANON/miniconda3/envs/federatedlearning/lib/python3.10/site-packages/flwr/simulation/ray_transport/ray_actor.py", line 65, in run
    raise ClientAppException(str(ex)) from ex
flwr.clientapp.client_app.ClientAppException: 
Exception ClientAppException occurred. Message: shape '[80, 128, 1, 1]' is invalid for input of size 128

[91mERROR [0m:     [36mray::ClientAppActor.run()[39m (pid=720274, ip=131.236.54.229, actor_id=f67b8ca55d1a5c815bf2326401000000, repr=<flwr.simulation.ray_transport.ray_actor.ClientAppActor object at 0x70a7483f6050>)
  File "/ANON/miniconda3/envs/federatedlearning/lib/python3.10/site-packages/flwr/clientapp/client_app.py", line 143, in __call__
    return self._call(message, context)
  File "/ANON/miniconda3/envs/federatedlearning/lib/python3.10/site-packages/flwr/clientapp/client_app.py", line 127, in ffn
    out_message = handle_legacy_message_from_msgtype(
  File "/ANON/miniconda3/envs/federatedlearning/lib/python3.10/site-packages/flwr/client/message_handler/message_handler.py", line 135, in handle_legacy_message_from_msgtype
    evaluate_res = maybe_call_evaluate(
  File "/ANON/miniconda3/envs/federatedlearning/lib/python3.10/site-packages/flwr/client/client.py", line 244, in maybe_call_evaluate
    return client.evaluate(evaluate_ins)
  File "/ANON/miniconda3/envs/federatedlearning/lib/python3.10/site-packages/flwr/client/numpy_client.py", line 251, in _evaluate
    results = self.numpy_client.evaluate(parameters, ins.config)  # type: ignore
  File "/ANON/fl_hod/fl/client_yolo10s.py", line 342, in evaluate
    self.set_parameters(parameters)
  File "/ANON/fl_hod/fl/client_yolo10s.py", line 251, in set_parameters
    param_dict[name] = torch.from_numpy(parameters[param_idx]).reshape(param_shape)
RuntimeError: shape '[80, 128, 1, 1]' is invalid for input of size 128

The above exception was the direct cause of the following exception:

[36mray::ClientAppActor.run()[39m (pid=720274, ip=131.236.54.229, actor_id=f67b8ca55d1a5c815bf2326401000000, repr=<flwr.simulation.ray_transport.ray_actor.ClientAppActor object at 0x70a7483f6050>)
  File "/ANON/miniconda3/envs/federatedlearning/lib/python3.10/site-packages/flwr/simulation/ray_transport/ray_actor.py", line 65, in run
    raise ClientAppException(str(ex)) from ex
flwr.clientapp.client_app.ClientAppException: 
Exception ClientAppException occurred. Message: shape '[80, 128, 1, 1]' is invalid for input of size 128
[91mERROR [0m:     Traceback (most recent call last):
  File "/ANON/miniconda3/envs/federatedlearning/lib/python3.10/site-packages/flwr/simulation/ray_transport/ray_client_proxy.py", line 94, in _submit_job
    out_mssg, updated_context = self.actor_pool.get_client_result(
  File "/ANON/miniconda3/envs/federatedlearning/lib/python3.10/site-packages/flwr/simulation/ray_transport/ray_actor.py", line 400, in get_client_result
    return self._fetch_future_result(cid)
  File "/ANON/miniconda3/envs/federatedlearning/lib/python3.10/site-packages/flwr/simulation/ray_transport/ray_actor.py", line 281, in _fetch_future_result
    res_cid, out_mssg, updated_context = ray.get(
  File "/ANON/miniconda3/envs/federatedlearning/lib/python3.10/site-packages/ray/_private/auto_init_hook.py", line 22, in auto_init_wrapper
    return fn(*args, **kwargs)
  File "/ANON/miniconda3/envs/federatedlearning/lib/python3.10/site-packages/ray/_private/client_mode_hook.py", line 104, in wrapper
    return func(*args, **kwargs)
  File "/ANON/miniconda3/envs/federatedlearning/lib/python3.10/site-packages/ray/_private/worker.py", line 2961, in get
    values, debugger_breakpoint = worker.get_objects(
  File "/ANON/miniconda3/envs/federatedlearning/lib/python3.10/site-packages/ray/_private/worker.py", line 1026, in get_objects
    raise value.as_instanceof_cause()
ray.exceptions.RayTaskError(ClientAppException): [36mray::ClientAppActor.run()[39m (pid=720272, ip=131.236.54.229, actor_id=15391c8de9d8a25142df1e5a01000000, repr=<flwr.simulation.ray_transport.ray_actor.ClientAppActor object at 0x77aa2c1e5f30>)
  File "/ANON/miniconda3/envs/federatedlearning/lib/python3.10/site-packages/flwr/clientapp/client_app.py", line 143, in __call__
    return self._call(message, context)
  File "/ANON/miniconda3/envs/federatedlearning/lib/python3.10/site-packages/flwr/clientapp/client_app.py", line 127, in ffn
    out_message = handle_legacy_message_from_msgtype(
  File "/ANON/miniconda3/envs/federatedlearning/lib/python3.10/site-packages/flwr/client/message_handler/message_handler.py", line 135, in handle_legacy_message_from_msgtype
    evaluate_res = maybe_call_evaluate(
  File "/ANON/miniconda3/envs/federatedlearning/lib/python3.10/site-packages/flwr/client/client.py", line 244, in maybe_call_evaluate
    return client.evaluate(evaluate_ins)
  File "/ANON/miniconda3/envs/federatedlearning/lib/python3.10/site-packages/flwr/client/numpy_client.py", line 251, in _evaluate
    results = self.numpy_client.evaluate(parameters, ins.config)  # type: ignore
  File "/ANON/fl_hod/fl/client_yolo10s.py", line 342, in evaluate
    self.set_parameters(parameters)
  File "/ANON/fl_hod/fl/client_yolo10s.py", line 251, in set_parameters
    param_dict[name] = torch.from_numpy(parameters[param_idx]).reshape(param_shape)
RuntimeError: shape '[80, 128, 1, 1]' is invalid for input of size 128

The above exception was the direct cause of the following exception:

[36mray::ClientAppActor.run()[39m (pid=720272, ip=131.236.54.229, actor_id=15391c8de9d8a25142df1e5a01000000, repr=<flwr.simulation.ray_transport.ray_actor.ClientAppActor object at 0x77aa2c1e5f30>)
  File "/ANON/miniconda3/envs/federatedlearning/lib/python3.10/site-packages/flwr/simulation/ray_transport/ray_actor.py", line 65, in run
    raise ClientAppException(str(ex)) from ex
flwr.clientapp.client_app.ClientAppException: 
Exception ClientAppException occurred. Message: shape '[80, 128, 1, 1]' is invalid for input of size 128

[91mERROR [0m:     [36mray::ClientAppActor.run()[39m (pid=720272, ip=131.236.54.229, actor_id=15391c8de9d8a25142df1e5a01000000, repr=<flwr.simulation.ray_transport.ray_actor.ClientAppActor object at 0x77aa2c1e5f30>)
  File "/ANON/miniconda3/envs/federatedlearning/lib/python3.10/site-packages/flwr/clientapp/client_app.py", line 143, in __call__
    return self._call(message, context)
  File "/ANON/miniconda3/envs/federatedlearning/lib/python3.10/site-packages/flwr/clientapp/client_app.py", line 127, in ffn
    out_message = handle_legacy_message_from_msgtype(
  File "/ANON/miniconda3/envs/federatedlearning/lib/python3.10/site-packages/flwr/client/message_handler/message_handler.py", line 135, in handle_legacy_message_from_msgtype
    evaluate_res = maybe_call_evaluate(
  File "/ANON/miniconda3/envs/federatedlearning/lib/python3.10/site-packages/flwr/client/client.py", line 244, in maybe_call_evaluate
    return client.evaluate(evaluate_ins)
  File "/ANON/miniconda3/envs/federatedlearning/lib/python3.10/site-packages/flwr/client/numpy_client.py", line 251, in _evaluate
    results = self.numpy_client.evaluate(parameters, ins.config)  # type: ignore
  File "/ANON/fl_hod/fl/client_yolo10s.py", line 342, in evaluate
    self.set_parameters(parameters)
  File "/ANON/fl_hod/fl/client_yolo10s.py", line 251, in set_parameters
    param_dict[name] = torch.from_numpy(parameters[param_idx]).reshape(param_shape)
RuntimeError: shape '[80, 128, 1, 1]' is invalid for input of size 128

The above exception was the direct cause of the following exception:

[36mray::ClientAppActor.run()[39m (pid=720272, ip=131.236.54.229, actor_id=15391c8de9d8a25142df1e5a01000000, repr=<flwr.simulation.ray_transport.ray_actor.ClientAppActor object at 0x77aa2c1e5f30>)
  File "/ANON/miniconda3/envs/federatedlearning/lib/python3.10/site-packages/flwr/simulation/ray_transport/ray_actor.py", line 65, in run
    raise ClientAppException(str(ex)) from ex
flwr.clientapp.client_app.ClientAppException: 
Exception ClientAppException occurred. Message: shape '[80, 128, 1, 1]' is invalid for input of size 128
[91mERROR [0m:     Traceback (most recent call last):
  File "/ANON/miniconda3/envs/federatedlearning/lib/python3.10/site-packages/flwr/simulation/ray_transport/ray_client_proxy.py", line 94, in _submit_job
    out_mssg, updated_context = self.actor_pool.get_client_result(
  File "/ANON/miniconda3/envs/federatedlearning/lib/python3.10/site-packages/flwr/simulation/ray_transport/ray_actor.py", line 400, in get_client_result
    return self._fetch_future_result(cid)
  File "/ANON/miniconda3/envs/federatedlearning/lib/python3.10/site-packages/flwr/simulation/ray_transport/ray_actor.py", line 281, in _fetch_future_result
    res_cid, out_mssg, updated_context = ray.get(
  File "/ANON/miniconda3/envs/federatedlearning/lib/python3.10/site-packages/ray/_private/auto_init_hook.py", line 22, in auto_init_wrapper
    return fn(*args, **kwargs)
  File "/ANON/miniconda3/envs/federatedlearning/lib/python3.10/site-packages/ray/_private/client_mode_hook.py", line 104, in wrapper
    return func(*args, **kwargs)
  File "/ANON/miniconda3/envs/federatedlearning/lib/python3.10/site-packages/ray/_private/worker.py", line 2961, in get
    values, debugger_breakpoint = worker.get_objects(
  File "/ANON/miniconda3/envs/federatedlearning/lib/python3.10/site-packages/ray/_private/worker.py", line 1026, in get_objects
    raise value.as_instanceof_cause()
ray.exceptions.RayTaskError(ClientAppException): [36mray::ClientAppActor.run()[39m (pid=720284, ip=131.236.54.229, actor_id=2a832bac69cb02a7f7bd5f8401000000, repr=<flwr.simulation.ray_transport.ray_actor.ClientAppActor object at 0x7c0c643f1f90>)
  File "/ANON/miniconda3/envs/federatedlearning/lib/python3.10/site-packages/flwr/clientapp/client_app.py", line 143, in __call__
    return self._call(message, context)
  File "/ANON/miniconda3/envs/federatedlearning/lib/python3.10/site-packages/flwr/clientapp/client_app.py", line 127, in ffn
    out_message = handle_legacy_message_from_msgtype(
  File "/ANON/miniconda3/envs/federatedlearning/lib/python3.10/site-packages/flwr/client/message_handler/message_handler.py", line 135, in handle_legacy_message_from_msgtype
    evaluate_res = maybe_call_evaluate(
  File "/ANON/miniconda3/envs/federatedlearning/lib/python3.10/site-packages/flwr/client/client.py", line 244, in maybe_call_evaluate
    return client.evaluate(evaluate_ins)
  File "/ANON/miniconda3/envs/federatedlearning/lib/python3.10/site-packages/flwr/client/numpy_client.py", line 251, in _evaluate
    results = self.numpy_client.evaluate(parameters, ins.config)  # type: ignore
  File "/ANON/fl_hod/fl/client_yolo10s.py", line 342, in evaluate
    self.set_parameters(parameters)
  File "/ANON/fl_hod/fl/client_yolo10s.py", line 251, in set_parameters
    param_dict[name] = torch.from_numpy(parameters[param_idx]).reshape(param_shape)
RuntimeError: shape '[80, 128, 1, 1]' is invalid for input of size 128

The above exception was the direct cause of the following exception:

[36mray::ClientAppActor.run()[39m (pid=720284, ip=131.236.54.229, actor_id=2a832bac69cb02a7f7bd5f8401000000, repr=<flwr.simulation.ray_transport.ray_actor.ClientAppActor object at 0x7c0c643f1f90>)
  File "/ANON/miniconda3/envs/federatedlearning/lib/python3.10/site-packages/flwr/simulation/ray_transport/ray_actor.py", line 65, in run
    raise ClientAppException(str(ex)) from ex
flwr.clientapp.client_app.ClientAppException: 
Exception ClientAppException occurred. Message: shape '[80, 128, 1, 1]' is invalid for input of size 128

[91mERROR [0m:     [36mray::ClientAppActor.run()[39m (pid=720284, ip=131.236.54.229, actor_id=2a832bac69cb02a7f7bd5f8401000000, repr=<flwr.simulation.ray_transport.ray_actor.ClientAppActor object at 0x7c0c643f1f90>)
  File "/ANON/miniconda3/envs/federatedlearning/lib/python3.10/site-packages/flwr/clientapp/client_app.py", line 143, in __call__
    return self._call(message, context)
  File "/ANON/miniconda3/envs/federatedlearning/lib/python3.10/site-packages/flwr/clientapp/client_app.py", line 127, in ffn
    out_message = handle_legacy_message_from_msgtype(
  File "/ANON/miniconda3/envs/federatedlearning/lib/python3.10/site-packages/flwr/client/message_handler/message_handler.py", line 135, in handle_legacy_message_from_msgtype
    evaluate_res = maybe_call_evaluate(
  File "/ANON/miniconda3/envs/federatedlearning/lib/python3.10/site-packages/flwr/client/client.py", line 244, in maybe_call_evaluate
    return client.evaluate(evaluate_ins)
  File "/ANON/miniconda3/envs/federatedlearning/lib/python3.10/site-packages/flwr/client/numpy_client.py", line 251, in _evaluate
    results = self.numpy_client.evaluate(parameters, ins.config)  # type: ignore
  File "/ANON/fl_hod/fl/client_yolo10s.py", line 342, in evaluate
    self.set_parameters(parameters)
  File "/ANON/fl_hod/fl/client_yolo10s.py", line 251, in set_parameters
    param_dict[name] = torch.from_numpy(parameters[param_idx]).reshape(param_shape)
RuntimeError: shape '[80, 128, 1, 1]' is invalid for input of size 128

The above exception was the direct cause of the following exception:

[36mray::ClientAppActor.run()[39m (pid=720284, ip=131.236.54.229, actor_id=2a832bac69cb02a7f7bd5f8401000000, repr=<flwr.simulation.ray_transport.ray_actor.ClientAppActor object at 0x7c0c643f1f90>)
  File "/ANON/miniconda3/envs/federatedlearning/lib/python3.10/site-packages/flwr/simulation/ray_transport/ray_actor.py", line 65, in run
    raise ClientAppException(str(ex)) from ex
flwr.clientapp.client_app.ClientAppException: 
Exception ClientAppException occurred. Message: shape '[80, 128, 1, 1]' is invalid for input of size 128
[92mINFO [0m:      aggregate_evaluate: received 0 results and 7 failures
[92mINFO [0m:      
[92mINFO [0m:      [SUMMARY]
[92mINFO [0m:      Run finished 1 round(s) in 99.72s
[92mINFO [0m:      	History (metrics, distributed, fit):
[92mINFO [0m:      	{'aggregator': [(1, 'median')],
[92mINFO [0m:      	 'avg_map50': [(1, 0.5341512835111143)],
[92mINFO [0m:      	 'avg_map50_95': [(1, 0.27473805302536985)],
[92mINFO [0m:      	 'avg_precision': [(1, 0.6203600695432863)],
[92mINFO [0m:      	 'avg_recall': [(1, 0.47056572111150935)],
[92mINFO [0m:      	 'num_clients': [(1, 7)]}
[92mINFO [0m:      
[36m(ClientAppActor pid=720284)[0m 
[36m(ClientAppActor pid=720284)[0m         
[36m(ClientAppActor pid=720272)[0m 
[36m(ClientAppActor pid=720272)[0m         
[36m(ClientAppActor pid=720272)[0m [93mWARNING [0m:   DEPRECATED FEATURE: `client_fn` now expects a signature `def client_fn(context: Context)`.The provided `client_fn` has signature: {'cid': <Parameter "cid: str">}. You can import the `Context` like this: `from flwr.common import Context`[32m [repeated 5x across cluster][0m
[36m(ClientAppActor pid=720272)[0m             This is a deprecated feature. It will be removed[32m [repeated 5x across cluster][0m
[36m(ClientAppActor pid=720272)[0m             entirely in future versions of Flower.[32m [repeated 5x across cluster][0m
[36m(ClientAppActor pid=720272)[0m [93mWARNING [0m:   Deprecation Warning: The `client_fn` function must return an instance of `Client`, but an instance of `NumpyClient` was returned. Please use `NumPyClient.to_client()` method to convert it to `Client`.[32m [repeated 5x across cluster][0m


