[93mWARNING [0m:   DEPRECATED FEATURE: flwr.simulation.start_simulation() is deprecated.
	Instead, use the `flwr run` CLI command to start a local simulation in your Flower app, as shown for example below:

		$ flwr new  # Create a new Flower app from a template

		$ flwr run  # Run the Flower app in Simulation Mode

	Using `start_simulation()` is deprecated.

            This is a deprecated feature. It will be removed
            entirely in future versions of Flower.
        
[92mINFO [0m:      Starting Flower simulation, config: num_rounds=1, no round_timeout
2026-05-06 15:32:13,840	INFO worker.py:2012 -- Started a local Ray instance.
/ANON/miniconda3/envs/federatedlearning/lib/python3.10/site-packages/ray/_private/worker.py:2051: FutureWarning: Tip: In future versions of Ray, Ray will no longer override accelerator visible devices env var if num_gpus=0 or num_gpus=None (default). To enable this behavior and turn off this error message, set RAY_ACCEL_ENV_VAR_OVERRIDE_ON_ZERO=0
  warnings.warn(
[92mINFO [0m:      Flower VCE: Ray initialized with resources: {'GPU': 1.0, 'node:__internal_head__': 1.0, 'accelerator_type:RTX': 1.0, 'memory': 83803496448.0, 'object_store_memory': 35915784192.0, 'node:ANON_IP': 1.0, 'CPU': 14.0}
[92mINFO [0m:      Optimize your simulation with Flower VCE: https://flower.ai/docs/framework/how-to-run-simulations.html
[92mINFO [0m:      Flower VCE: Resources for each Virtual Client: {'num_cpus': 2, 'num_gpus': 0.14}
[92mINFO [0m:      Flower VCE: Creating VirtualClientEngineActorPool with 7 actors
[92mINFO [0m:      [INIT]
[92mINFO [0m:      Requesting initial parameters from one random client
[36m(ClientAppActor pid=808840)[0m [93mWARNING [0m:   DEPRECATED FEATURE: `client_fn` now expects a signature `def client_fn(context: Context)`.The provided `client_fn` has signature: {'cid': <Parameter "cid: str">}. You can import the `Context` like this: `from flwr.common import Context`
[36m(ClientAppActor pid=808840)[0m 
[36m(ClientAppActor pid=808840)[0m             This is a deprecated feature. It will be removed
[36m(ClientAppActor pid=808840)[0m             entirely in future versions of Flower.
[36m(ClientAppActor pid=808840)[0m         
[36m(ClientAppActor pid=808840)[0m [93mWARNING [0m:   Deprecation Warning: The `client_fn` function must return an instance of `Client`, but an instance of `NumpyClient` was returned. Please use `NumPyClient.to_client()` method to convert it to `Client`.
[92mINFO [0m:      Received initial parameters from one random client
[92mINFO [0m:      Starting evaluation of initial global parameters
[92mINFO [0m:      Evaluation returned no results (`None`)
[92mINFO [0m:      
[92mINFO [0m:      [ROUND 1]
[92mINFO [0m:      configure_fit: strategy sampled 7 clients (out of 7)
[36m(ClientAppActor pid=808840)[0m [93mWARNING [0m:   DEPRECATED FEATURE: `client_fn` now expects a signature `def client_fn(context: Context)`.The provided `client_fn` has signature: {'cid': <Parameter "cid: str">}. You can import the `Context` like this: `from flwr.common import Context`
[36m(ClientAppActor pid=808840)[0m 
[36m(ClientAppActor pid=808840)[0m             This is a deprecated feature. It will be removed
[36m(ClientAppActor pid=808840)[0m             entirely in future versions of Flower.
[36m(ClientAppActor pid=808840)[0m         
[36m(ClientAppActor pid=808840)[0m [93mWARNING [0m:   Deprecation Warning: The `client_fn` function must return an instance of `Client`, but an instance of `NumpyClient` was returned. Please use `NumPyClient.to_client()` method to convert it to `Client`.
[36m(ClientAppActor pid=808841)[0m 
[36m(ClientAppActor pid=808841)[0m         
[36m(ClientAppActor pid=808833)[0m 
[36m(ClientAppActor pid=808833)[0m         
[plan] experiment SMOKE_median: 1 runs
  [run ] SMOKE_median/median_s1
[Client PID=808560] Ultralytics cache patched v3 (utils + dataset modules)
  [atk ] sign_flipping ratio=0.3 -> malicious=[0, 1]
[36m(ClientAppActor pid=808840)[0m [Client PID=808840] Ultralytics cache patched v3 (utils + dataset modules)
[36m(ClientAppActor pid=808840)[0m 
[36m(ClientAppActor pid=808840)[0m [Client 0] Initializing YOLOv10-S...
[36m(ClientAppActor pid=808840)[0m [Client 0] Ready
[36m(ClientAppActor pid=808840)[0m   Data: /ANON/fl_hod/data/yolo/client_configs/client_budapest.yaml
[36m(ClientAppActor pid=808840)[0m   Local epochs: 3
[36m(ClientAppActor pid=808840)[0m   Batch size: 4
[36m(ClientAppActor pid=808840)[0m   FedBN: False
[36m(ClientAppActor pid=808840)[0m [Client 0] ️  MALICIOUS - Attack: SignFlippingAttack
[36m(ClientAppActor pid=808840)[0m 
[36m(ClientAppActor pid=808840)[0m [Client 1] Initializing YOLOv10-S...
[36m(ClientAppActor pid=808840)[0m [Client 1] Ready
[36m(ClientAppActor pid=808840)[0m   Data: /ANON/fl_hod/data/yolo/client_configs/client_koeln.yaml
[36m(ClientAppActor pid=808840)[0m   Local epochs: 3
[36m(ClientAppActor pid=808840)[0m   Batch size: 4
[36m(ClientAppActor pid=808840)[0m   FedBN: False
[36m(ClientAppActor pid=808840)[0m [Client 1] ️  MALICIOUS - Attack: SignFlippingAttack
[36m(ClientAppActor pid=808840)[0m 
[36m(ClientAppActor pid=808840)[0m [Client 1] Starting local training (seed=1001)...
[36m(ClientAppActor pid=808840)[0m New https://pypi.org/project/ultralytics/8.4.46 available Update with 'pip install -U ultralytics'
[36m(ClientAppActor pid=808840)[0m Ultralytics 8.3.234 Python-3.10.19 torch-2.6.0+cu124 CUDA:0 (NVIDIA RTX 5000 Ada Generation, 32220MiB)
[36m(ClientAppActor pid=808840)[0m [34m[1mengine/trainer: [0magnostic_nms=False, amp=True, augment=False, auto_augment=randaugment, batch=4, bgr=0.0, box=7.5, cache=False, cfg=None, classes=None, close_mosaic=10, cls=0.5, compile=False, conf=None, copy_paste=0.0, copy_paste_mode=flip, cos_lr=False, cutmix=0.0, data=/ANON/fl_hod/data/yolo/client_configs/client_koeln.yaml, degrees=0.0, deterministic=True, device=0, dfl=1.5, dnn=False, dropout=0.0, dynamic=False, embed=None, epochs=3, erasing=0.4, exist_ok=False, fliplr=0.5, flipud=0.0, format=torchscript, fraction=1.0, freeze=None, half=False, hsv_h=0.015, hsv_s=0.7, hsv_v=0.4, imgsz=640, int8=False, iou=0.7, keras=False, kobj=1.0, line_width=None, lr0=0.001, lrf=0.01, mask_ratio=4, max_det=300, mixup=0.0, mode=train, model=/tmp/fl_yolo_models/yolov10s_client_1_808840.pt, momentum=0.937, mosaic=1.0, multi_scale=False, name=train, nbs=64, nms=False, opset=None, optimize=False, optimizer=AdamW, overlap_mask=True, patience=100, perspective=0.0, plots=False, pose=12.0, pretrained=True, profile=False, project=/tmp/fl_yolo_runs_808840, rect=False, resume=False, retina_masks=False, save=False, save_conf=False, save_crop=False, save_dir=/tmp/fl_yolo_runs_808840/train, save_frames=False, save_json=False, save_period=-1, save_txt=False, scale=0.5, seed=1001, shear=0.0, show=False, show_boxes=True, show_conf=True, show_labels=True, simplify=True, single_cls=False, source=None, split=val, stream_buffer=False, task=detect, time=None, tracker=botsort.yaml, translate=0.1, val=True, verbose=False, vid_stride=1, visualize=False, warmup_bias_lr=0.1, warmup_epochs=3.0, warmup_momentum=0.8, weight_decay=0.0005, workers=8, workspace=None
[36m(ClientAppActor pid=808840)[0m Overriding model.yaml nc=80 with nc=1
[36m(ClientAppActor pid=808840)[0m 
[36m(ClientAppActor pid=808840)[0m                    from  n    params  module                                       arguments                     
[36m(ClientAppActor pid=808840)[0m   0                  -1  1       928  ultralytics.nn.modules.conv.Conv             [3, 32, 3, 2]                 
[36m(ClientAppActor pid=808840)[0m   1                  -1  1     18560  ultralytics.nn.modules.conv.Conv             [32, 64, 3, 2]                
[36m(ClientAppActor pid=808840)[0m   2                  -1  1     29056  ultralytics.nn.modules.block.C2f             [64, 64, 1, True]             
[36m(ClientAppActor pid=808840)[0m   3                  -1  1     73984  ultralytics.nn.modules.conv.Conv             [64, 128, 3, 2]               
[36m(ClientAppActor pid=808840)[0m   4                  -1  2    197632  ultralytics.nn.modules.block.C2f             [128, 128, 2, True]           
[36m(ClientAppActor pid=808840)[0m   5                  -1  1     36096  ultralytics.nn.modules.block.SCDown          [128, 256, 3, 2]              
[36m(ClientAppActor pid=808840)[0m   6                  -1  2    788480  ultralytics.nn.modules.block.C2f             [256, 256, 2, True]           
[36m(ClientAppActor pid=808840)[0m   7                  -1  1    137728  ultralytics.nn.modules.block.SCDown          [256, 512, 3, 2]              
[36m(ClientAppActor pid=808840)[0m   8                  -1  1    958464  ultralytics.nn.modules.block.C2fCIB          [512, 512, 1, True, True]     
[36m(ClientAppActor pid=808840)[0m   9                  -1  1    656896  ultralytics.nn.modules.block.SPPF            [512, 512, 5]                 
[36m(ClientAppActor pid=808840)[0m  10                  -1  1    990976  ultralytics.nn.modules.block.PSA             [512, 512]                    
[36m(ClientAppActor pid=808840)[0m  11                  -1  1         0  torch.nn.modules.upsampling.Upsample         [None, 2, 'nearest']          
[36m(ClientAppActor pid=808840)[0m  12             [-1, 6]  1         0  ultralytics.nn.modules.conv.Concat           [1]                           
[36m(ClientAppActor pid=808840)[0m  13                  -1  1    591360  ultralytics.nn.modules.block.C2f             [768, 256, 1]                 
[36m(ClientAppActor pid=808840)[0m  14                  -1  1         0  torch.nn.modules.upsampling.Upsample         [None, 2, 'nearest']          
[36m(ClientAppActor pid=808840)[0m  15             [-1, 4]  1         0  ultralytics.nn.modules.conv.Concat           [1]                           
[36m(ClientAppActor pid=808840)[0m  16                  -1  1    148224  ultralytics.nn.modules.block.C2f             [384, 128, 1]                 
[36m(ClientAppActor pid=808840)[0m  17                  -1  1    147712  ultralytics.nn.modules.conv.Conv             [128, 128, 3, 2]              
[36m(ClientAppActor pid=808840)[0m  18            [-1, 13]  1         0  ultralytics.nn.modules.conv.Concat           [1]                           
[36m(ClientAppActor pid=808840)[0m  19                  -1  1    493056  ultralytics.nn.modules.block.C2f             [384, 256, 1]                 
[36m(ClientAppActor pid=808840)[0m  20                  -1  1     68864  ultralytics.nn.modules.block.SCDown          [256, 256, 3, 2]              
[36m(ClientAppActor pid=808840)[0m  21            [-1, 10]  1         0  ultralytics.nn.modules.conv.Concat           [1]                           
[36m(ClientAppActor pid=808840)[0m  22                  -1  1   1089536  ultralytics.nn.modules.block.C2fCIB          [768, 512, 1, True, True]     
[36m(ClientAppActor pid=808840)[0m  23        [16, 19, 22]  1   1639574  ultralytics.nn.modules.head.v10Detect        [1, [128, 256, 512]]          
[36m(ClientAppActor pid=808840)[0m YOLOv10s summary: 234 layers, 8,067,126 parameters, 8,067,110 gradients, 24.8 GFLOPs
[36m(ClientAppActor pid=808840)[0m 
[36m(ClientAppActor pid=808840)[0m Transferred 607/619 items from pretrained weights
[36m(ClientAppActor pid=808841)[0m 
[36m(ClientAppActor pid=808833)[0m 
[36m(ClientAppActor pid=808833)[0m   Data: /ANON/fl_hod/data/yolo/client_configs/client_lyon.yaml
[36m(ClientAppActor pid=808840)[0m Freezing layer 'model.23.dfl.conv.weight'
[36m(ClientAppActor pid=808840)[0m [34m[1mAMP: [0mrunning Automatic Mixed Precision (AMP) checks...
[36m(ClientAppActor pid=808844)[0m 
[36m(ClientAppActor pid=808844)[0m 
[36m(ClientAppActor pid=808844)[0m         
[36m(ClientAppActor pid=808836)[0m 
[36m(ClientAppActor pid=808836)[0m         
[36m(ClientAppActor pid=808845)[0m 
[36m(ClientAppActor pid=808845)[0m         
[36m(ClientAppActor pid=808837)[0m 
[36m(ClientAppActor pid=808837)[0m         
[36m(ClientAppActor pid=808844)[0m   Data: /ANON/fl_hod/data/yolo/client_configs/client_leipzig.yaml
[36m(ClientAppActor pid=808833)[0m 
[36m(ClientAppActor pid=808836)[0m 
[36m(ClientAppActor pid=808844)[0m 
[36m(ClientAppActor pid=808845)[0m 
[36m(ClientAppActor pid=808845)[0m   Data: /ANON/fl_hod/data/yolo/client_configs/client_roma.yaml
[36m(ClientAppActor pid=808841)[0m 
[36m(ClientAppActor pid=808833)[0m [34m[1mengine/trainer: [0magnostic_nms=False, amp=True, augment=False, auto_augment=randaugment, batch=4, bgr=0.0, box=7.5, cache=False, cfg=None, classes=None, close_mosaic=10, cls=0.5, compile=False, conf=None, copy_paste=0.0, copy_paste_mode=flip, cos_lr=False, cutmix=0.0, data=/ANON/fl_hod/data/yolo/client_configs/client_lyon.yaml, degrees=0.0, deterministic=True, device=0, dfl=1.5, dnn=False, dropout=0.0, dynamic=False, embed=None, epochs=3, erasing=0.4, exist_ok=False, fliplr=0.5, flipud=0.0, format=torchscript, fraction=1.0, freeze=None, half=False, hsv_h=0.015, hsv_s=0.7, hsv_v=0.4, imgsz=640, int8=False, iou=0.7, keras=False, kobj=1.0, line_width=None, lr0=0.001, lrf=0.01, mask_ratio=4, max_det=300, mixup=0.0, mode=train, model=/tmp/fl_yolo_models/yolov10s_client_3_808833.pt, momentum=0.937, mosaic=1.0, multi_scale=False, name=train, nbs=64, nms=False, opset=None, optimize=False, optimizer=AdamW, overlap_mask=True, patience=100, perspective=0.0, plots=False, pose=12.0, pretrained=True, profile=False, project=/tmp/fl_yolo_runs_808833, rect=False, resume=False, retina_masks=False, save=False, save_conf=False, save_crop=False, save_dir=/tmp/fl_yolo_runs_808833/train, save_frames=False, save_json=False, save_period=-1, save_txt=False, scale=0.5, seed=1003, shear=0.0, show=False, show_boxes=True, show_conf=True, show_labels=True, simplify=True, single_cls=False, source=None, split=val, stream_buffer=False, task=detect, time=None, tracker=botsort.yaml, translate=0.1, val=True, verbose=False, vid_stride=1, visualize=False, warmup_bias_lr=0.1, warmup_epochs=3.0, warmup_momentum=0.8, weight_decay=0.0005, workers=8, workspace=None
[36m(ClientAppActor pid=808837)[0m 
[36m(ClientAppActor pid=808837)[0m   Data: /ANON/fl_hod/data/yolo/client_configs/client_zagreb.yaml
[36m(ClientAppActor pid=808836)[0m   Data: /ANON/fl_hod/data/yolo/client_configs/client_prague.yaml
[36m(ClientAppActor pid=808844)[0m [34m[1mengine/trainer: [0magnostic_nms=False, amp=True, augment=False, auto_augment=randaugment, batch=4, bgr=0.0, box=7.5, cache=False, cfg=None, classes=None, close_mosaic=10, cls=0.5, compile=False, conf=None, copy_paste=0.0, copy_paste_mode=flip, cos_lr=False, cutmix=0.0, data=/ANON/fl_hod/data/yolo/client_configs/client_leipzig.yaml, degrees=0.0, deterministic=True, device=0, dfl=1.5, dnn=False, dropout=0.0, dynamic=False, embed=None, epochs=3, erasing=0.4, exist_ok=False, fliplr=0.5, flipud=0.0, format=torchscript, fraction=1.0, freeze=None, half=False, hsv_h=0.015, hsv_s=0.7, hsv_v=0.4, imgsz=640, int8=False, iou=0.7, keras=False, kobj=1.0, line_width=None, lr0=0.001, lrf=0.01, mask_ratio=4, max_det=300, mixup=0.0, mode=train, model=/tmp/fl_yolo_models/yolov10s_client_2_808844.pt, momentum=0.937, mosaic=1.0, multi_scale=False, name=train, nbs=64, nms=False, opset=None, optimize=False, optimizer=AdamW, overlap_mask=True, patience=100, perspective=0.0, plots=False, pose=12.0, pretrained=True, profile=False, project=/tmp/fl_yolo_runs_808844, rect=False, resume=False, retina_masks=False, save=False, save_conf=False, save_crop=False, save_dir=/tmp/fl_yolo_runs_808844/train, save_frames=False, save_json=False, save_period=-1, save_txt=False, scale=0.5, seed=1002, shear=0.0, show=False, show_boxes=True, show_conf=True, show_labels=True, simplify=True, single_cls=False, source=None, split=val, stream_buffer=False, task=detect, time=None, tracker=botsort.yaml, translate=0.1, val=True, verbose=False, vid_stride=1, visualize=False, warmup_bias_lr=0.1, warmup_epochs=3.0, warmup_momentum=0.8, weight_decay=0.0005, workers=8, workspace=None
[36m(ClientAppActor pid=808841)[0m [34m[1mengine/trainer: [0magnostic_nms=False, amp=True, augment=False, auto_augment=randaugment, batch=4, bgr=0.0, box=7.5, cache=False, cfg=None, classes=None, close_mosaic=10, cls=0.5, compile=False, conf=None, copy_paste=0.0, copy_paste_mode=flip, cos_lr=False, cutmix=0.0, data=/ANON/fl_hod/data/yolo/client_configs/client_budapest.yaml, degrees=0.0, deterministic=True, device=0, dfl=1.5, dnn=False, dropout=0.0, dynamic=False, embed=None, epochs=3, erasing=0.4, exist_ok=False, fliplr=0.5, flipud=0.0, format=torchscript, fraction=1.0, freeze=None, half=False, hsv_h=0.015, hsv_s=0.7, hsv_v=0.4, imgsz=640, int8=False, iou=0.7, keras=False, kobj=1.0, line_width=None, lr0=0.001, lrf=0.01, mask_ratio=4, max_det=300, mixup=0.0, mode=train, model=/tmp/fl_yolo_models/yolov10s_client_0_808841.pt, momentum=0.937, mosaic=1.0, multi_scale=False, name=train, nbs=64, nms=False, opset=None, optimize=False, optimizer=AdamW, overlap_mask=True, patience=100, perspective=0.0, plots=False, pose=12.0, pretrained=True, profile=False, project=/tmp/fl_yolo_runs_808841, rect=False, resume=False, retina_masks=False, save=False, save_conf=False, save_crop=False, save_dir=/tmp/fl_yolo_runs_808841/train, save_frames=False, save_json=False, save_period=-1, save_txt=False, scale=0.5, seed=1000, shear=0.0, show=False, show_boxes=True, show_conf=True, show_labels=True, simplify=True, single_cls=False, source=None, split=val, stream_buffer=False, task=detect, time=None, tracker=botsort.yaml, translate=0.1, val=True, verbose=False, vid_stride=1, visualize=False, warmup_bias_lr=0.1, warmup_epochs=3.0, warmup_momentum=0.8, weight_decay=0.0005, workers=8, workspace=None
[36m(ClientAppActor pid=808845)[0m 
[36m(ClientAppActor pid=808833)[0m 
[36m(ClientAppActor pid=808833)[0m  13                  -1  1    591360  ultralytics.nn.modules.block.C2f             [768, 256, 1]                 
[36m(ClientAppActor pid=808833)[0m  16                  -1  1    148224  ultralytics.nn.modules.block.C2f             [384, 128, 1]                 
[36m(ClientAppActor pid=808833)[0m  19                  -1  1    493056  ultralytics.nn.modules.block.C2f             [384, 256, 1]                 
[36m(ClientAppActor pid=808837)[0m 
[36m(ClientAppActor pid=808836)[0m 
[36m(ClientAppActor pid=808836)[0m [34m[1mengine/trainer: [0magnostic_nms=False, amp=True, augment=False, auto_augment=randaugment, batch=4, bgr=0.0, box=7.5, cache=False, cfg=None, classes=None, close_mosaic=10, cls=0.5, compile=False, conf=None, copy_paste=0.0, copy_paste_mode=flip, cos_lr=False, cutmix=0.0, data=/ANON/fl_hod/data/yolo/client_configs/client_prague.yaml, degrees=0.0, deterministic=True, device=0, dfl=1.5, dnn=False, dropout=0.0, dynamic=False, embed=None, epochs=3, erasing=0.4, exist_ok=False, fliplr=0.5, flipud=0.0, format=torchscript, fraction=1.0, freeze=None, half=False, hsv_h=0.015, hsv_s=0.7, hsv_v=0.4, imgsz=640, int8=False, iou=0.7, keras=False, kobj=1.0, line_width=None, lr0=0.001, lrf=0.01, mask_ratio=4, max_det=300, mixup=0.0, mode=train, model=/tmp/fl_yolo_models/yolov10s_client_4_808836.pt, momentum=0.937, mosaic=1.0, multi_scale=False, name=train, nbs=64, nms=False, opset=None, optimize=False, optimizer=AdamW, overlap_mask=True, patience=100, perspective=0.0, plots=False, pose=12.0, pretrained=True, profile=False, project=/tmp/fl_yolo_runs_808836, rect=False, resume=False, retina_masks=False, save=False, save_conf=False, save_crop=False, save_dir=/tmp/fl_yolo_runs_808836/train, save_frames=False, save_json=False, save_period=-1, save_txt=False, scale=0.5, seed=1004, shear=0.0, show=False, show_boxes=True, show_conf=True, show_labels=True, simplify=True, single_cls=False, source=None, split=val, stream_buffer=False, task=detect, time=None, tracker=botsort.yaml, translate=0.1, val=True, verbose=False, vid_stride=1, visualize=False, warmup_bias_lr=0.1, warmup_epochs=3.0, warmup_momentum=0.8, weight_decay=0.0005, workers=8, workspace=None
[36m(ClientAppActor pid=808844)[0m 
[36m(ClientAppActor pid=808844)[0m  13                  -1  1    591360  ultralytics.nn.modules.block.C2f             [768, 256, 1]                 
[36m(ClientAppActor pid=808844)[0m  16                  -1  1    148224  ultralytics.nn.modules.block.C2f             [384, 128, 1]                 
[36m(ClientAppActor pid=808844)[0m  19                  -1  1    493056  ultralytics.nn.modules.block.C2f             [384, 256, 1]                 
[36m(ClientAppActor pid=808845)[0m [34m[1mengine/trainer: [0magnostic_nms=False, amp=True, augment=False, auto_augment=randaugment, batch=4, bgr=0.0, box=7.5, cache=False, cfg=None, classes=None, close_mosaic=10, cls=0.5, compile=False, conf=None, copy_paste=0.0, copy_paste_mode=flip, cos_lr=False, cutmix=0.0, data=/ANON/fl_hod/data/yolo/client_configs/client_roma.yaml, degrees=0.0, deterministic=True, device=0, dfl=1.5, dnn=False, dropout=0.0, dynamic=False, embed=None, epochs=3, erasing=0.4, exist_ok=False, fliplr=0.5, flipud=0.0, format=torchscript, fraction=1.0, freeze=None, half=False, hsv_h=0.015, hsv_s=0.7, hsv_v=0.4, imgsz=640, int8=False, iou=0.7, keras=False, kobj=1.0, line_width=None, lr0=0.001, lrf=0.01, mask_ratio=4, max_det=300, mixup=0.0, mode=train, model=/tmp/fl_yolo_models/yolov10s_client_5_808845.pt, momentum=0.937, mosaic=1.0, multi_scale=False, name=train, nbs=64, nms=False, opset=None, optimize=False, optimizer=AdamW, overlap_mask=True, patience=100, perspective=0.0, plots=False, pose=12.0, pretrained=True, profile=False, project=/tmp/fl_yolo_runs_808845, rect=False, resume=False, retina_masks=False, save=False, save_conf=False, save_crop=False, save_dir=/tmp/fl_yolo_runs_808845/train, save_frames=False, save_json=False, save_period=-1, save_txt=False, scale=0.5, seed=1005, shear=0.0, show=False, show_boxes=True, show_conf=True, show_labels=True, simplify=True, single_cls=False, source=None, split=val, stream_buffer=False, task=detect, time=None, tracker=botsort.yaml, translate=0.1, val=True, verbose=False, vid_stride=1, visualize=False, warmup_bias_lr=0.1, warmup_epochs=3.0, warmup_momentum=0.8, weight_decay=0.0005, workers=8, workspace=None
[36m(ClientAppActor pid=808833)[0m  23        [16, 19, 22]  1   1639574  ultralytics.nn.modules.head.v10Detect        [1, [128, 256, 512]]          
[36m(ClientAppActor pid=808841)[0m 
[36m(ClientAppActor pid=808841)[0m  13                  -1  1    591360  ultralytics.nn.modules.block.C2f             [768, 256, 1]                 
[36m(ClientAppActor pid=808841)[0m  16                  -1  1    148224  ultralytics.nn.modules.block.C2f             [384, 128, 1]                 
[36m(ClientAppActor pid=808841)[0m  19                  -1  1    493056  ultralytics.nn.modules.block.C2f             [384, 256, 1]                 
[36m(ClientAppActor pid=808841)[0m  23        [16, 19, 22]  1   1639574  ultralytics.nn.modules.head.v10Detect        [1, [128, 256, 512]]          
[36m(ClientAppActor pid=808837)[0m [34m[1mengine/trainer: [0magnostic_nms=False, amp=True, augment=False, auto_augment=randaugment, batch=4, bgr=0.0, box=7.5, cache=False, cfg=None, classes=None, close_mosaic=10, cls=0.5, compile=False, conf=None, copy_paste=0.0, copy_paste_mode=flip, cos_lr=False, cutmix=0.0, data=/ANON/fl_hod/data/yolo/client_configs/client_zagreb.yaml, degrees=0.0, deterministic=True, device=0, dfl=1.5, dnn=False, dropout=0.0, dynamic=False, embed=None, epochs=3, erasing=0.4, exist_ok=False, fliplr=0.5, flipud=0.0, format=torchscript, fraction=1.0, freeze=None, half=False, hsv_h=0.015, hsv_s=0.7, hsv_v=0.4, imgsz=640, int8=False, iou=0.7, keras=False, kobj=1.0, line_width=None, lr0=0.001, lrf=0.01, mask_ratio=4, max_det=300, mixup=0.0, mode=train, model=/tmp/fl_yolo_models/yolov10s_client_6_808837.pt, momentum=0.937, mosaic=1.0, multi_scale=False, name=train, nbs=64, nms=False, opset=None, optimize=False, optimizer=AdamW, overlap_mask=True, patience=100, perspective=0.0, plots=False, pose=12.0, pretrained=True, profile=False, project=/tmp/fl_yolo_runs_808837, rect=False, resume=False, retina_masks=False, save=False, save_conf=False, save_crop=False, save_dir=/tmp/fl_yolo_runs_808837/train, save_frames=False, save_json=False, save_period=-1, save_txt=False, scale=0.5, seed=1006, shear=0.0, show=False, show_boxes=True, show_conf=True, show_labels=True, simplify=True, single_cls=False, source=None, split=val, stream_buffer=False, task=detect, time=None, tracker=botsort.yaml, translate=0.1, val=True, verbose=False, vid_stride=1, visualize=False, warmup_bias_lr=0.1, warmup_epochs=3.0, warmup_momentum=0.8, weight_decay=0.0005, workers=8, workspace=None
[36m(ClientAppActor pid=808836)[0m 
[36m(ClientAppActor pid=808844)[0m  23        [16, 19, 22]  1   1639574  ultralytics.nn.modules.head.v10Detect        [1, [128, 256, 512]]          
[36m(ClientAppActor pid=808845)[0m 
[36m(ClientAppActor pid=808833)[0m 
[36m(ClientAppActor pid=808837)[0m 
[36m(ClientAppActor pid=808837)[0m  13                  -1  1    591360  ultralytics.nn.modules.block.C2f             [768, 256, 1]                 
[36m(ClientAppActor pid=808837)[0m  16                  -1  1    148224  ultralytics.nn.modules.block.C2f             [384, 128, 1]                 
[36m(ClientAppActor pid=808837)[0m  19                  -1  1    493056  ultralytics.nn.modules.block.C2f             [384, 256, 1]                 
[36m(ClientAppActor pid=808837)[0m  23        [16, 19, 22]  1   1639574  ultralytics.nn.modules.head.v10Detect        [1, [128, 256, 512]]          
[36m(ClientAppActor pid=808836)[0m  13                  -1  1    591360  ultralytics.nn.modules.block.C2f             [768, 256, 1]                 
[36m(ClientAppActor pid=808836)[0m  16                  -1  1    148224  ultralytics.nn.modules.block.C2f             [384, 128, 1]                 
[36m(ClientAppActor pid=808836)[0m  19                  -1  1    493056  ultralytics.nn.modules.block.C2f             [384, 256, 1]                 
[36m(ClientAppActor pid=808836)[0m  23        [16, 19, 22]  1   1639574  ultralytics.nn.modules.head.v10Detect        [1, [128, 256, 512]]          
[36m(ClientAppActor pid=808845)[0m  13                  -1  1    591360  ultralytics.nn.modules.block.C2f             [768, 256, 1]                 
[36m(ClientAppActor pid=808845)[0m  16                  -1  1    148224  ultralytics.nn.modules.block.C2f             [384, 128, 1]                 
[36m(ClientAppActor pid=808845)[0m  19                  -1  1    493056  ultralytics.nn.modules.block.C2f             [384, 256, 1]                 
[36m(ClientAppActor pid=808845)[0m  23        [16, 19, 22]  1   1639574  ultralytics.nn.modules.head.v10Detect        [1, [128, 256, 512]]          
[36m(ClientAppActor pid=808841)[0m 
[36m(ClientAppActor pid=808844)[0m 
[36m(ClientAppActor pid=808837)[0m 
[36m(ClientAppActor pid=808840)[0m [34m[1mAMP: [0mchecks passed [36m(ClientAppActor pid=808840)[0m [34m[1mtrain: [0mFast image access (ping: 0.0±0.0 ms, read: 6913.8±693.1 MB/s, size: 2257.2 KB)
[36m(ClientAppActor pid=808836)[0m 
[36m(ClientAppActor pid=808845)[0m 
[36m(ClientAppActor pid=808840)[0m 
[K[34m[1mtrain: [0mScanning /ANON/fl_hod/data/yolo/labels/ecp/train... 88 images, 0 backgrounds, 0 corrupt: 18% ━━────────── 88/496 263.6it/s 0.1s<1.5s
[36m(ClientAppActor pid=808840)[0m 
[K[34m[1mtrain: [0mScanning /ANON/fl_hod/data/yolo/labels/ecp/train... 183 images, 0 backgrounds, 0 corrupt: 37% ━━━━──────── 183/496 463.1it/s 0.2s<0.7s
[36m(ClientAppActor pid=808840)[0m 
[K[34m[1mtrain: [0mScanning /ANON/fl_hod/data/yolo/labels/ecp/train... 283 images, 0 backgrounds, 0 corrupt: 57% ━━━━━━╸───── 283/496 623.3it/s 0.3s<0.3s
[36m(ClientAppActor pid=808840)[0m 
[K[34m[1mtrain: [0mScanning /ANON/fl_hod/data/yolo/labels/ecp/train... 367 images, 0 backgrounds, 0 corrupt: 74% ━━━━━━━━╸─── 367/496 686.5it/s 0.4s<0.2s
[36m(ClientAppActor pid=808840)[0m 
[K[34m[1mtrain: [0mScanning /ANON/fl_hod/data/yolo/labels/ecp/train... 449 images, 0 backgrounds, 0 corrupt: 91% ━━━━━━━━━━╸─ 449/496 724.9it/s 0.5s<0.1s
[36m(ClientAppActor pid=808840)[0m 
[K[34m[1mtrain: [0mScanning /ANON/fl_hod/data/yolo/labels/ecp/train... 496 images, 0 backgrounds, 0 corrupt: 100% ━━━━━━━━━━━━ 496/496 889.6it/s 0.6s
[K[34m[1mtrain: [0mScanning /ANON/fl_hod/data/yolo/labels/ecp/train... 496 images, 0 backgrounds, 0 corrupt: 100% ━━━━━━━━━━━━ 496/496 889.5it/s 0.6s
[36m(ClientAppActor pid=808840)[0m [34m[1mval: [0mFast image access (ping: 0.0±0.0 ms, read: 3690.6±2007.8 MB/s, size: 2412.9 KB)
[36m(ClientAppActor pid=808840)[0m 
[K[34m[1mval: [0mScanning /ANON/fl_hod/data/yolo/labels/ecp/val... 59 images, 0 backgrounds, 0 corrupt: 72% ━━━━━━━━╸─── 59/82 170.4it/s 0.1s<0.1s
[36m(ClientAppActor pid=808840)[0m 
[K[34m[1mval: [0mScanning /ANON/fl_hod/data/yolo/labels/ecp/val... 82 images, 0 backgrounds, 0 corrupt: 100% ━━━━━━━━━━━━ 82/82 584.7it/s 0.1s
[K[34m[1mval: [0mScanning /ANON/fl_hod/data/yolo/labels/ecp/val... 82 images, 0 backgrounds, 0 corrupt: 100% ━━━━━━━━━━━━ 82/82 584.3it/s 0.1s
[36m(ClientAppActor pid=808833)[0m 
[K[34m[1mtrain: [0mScanning /ANON/fl_hod/data/yolo/labels/ecp/train... 65 images, 0 backgrounds, 0 corrupt: 14% ━╸────────── 65/477 190.3it/s 0.1s<2.2s
[36m(ClientAppActor pid=808833)[0m 
[K[34m[1mtrain: [0mScanning /ANON/fl_hod/data/yolo/labels/ecp/train... 137 images, 0 backgrounds, 0 corrupt: 29% ━━━───────── 137/477 341.1it/s 0.2s<1.0s
[36m(ClientAppActor pid=808841)[0m 
[K[34m[1mtrain: [0mScanning /ANON/fl_hod/data/yolo/labels/ecp/train... 51 images, 0 backgrounds, 0 corrupt: 11% ━─────────── 51/475 150.9it/s 0.1s<2.8s
[36m(ClientAppActor pid=808833)[0m 
[K[34m[1mtrain: [0mScanning /ANON/fl_hod/data/yolo/labels/ecp/train... 189 images, 0 backgrounds, 0 corrupt: 40% ━━━━╸─────── 189/477 391.4it/s 0.3s<0.7s
[36m(ClientAppActor pid=808844)[0m 
[K[34m[1mtrain: [0mScanning /ANON/fl_hod/data/yolo/labels/ecp/train... 110 images, 0 backgrounds, 0 corrupt: 65% ━━━━━━━╸──── 110/170 270.0it/s 0.2s<0.2s
[36m(ClientAppActor pid=808845)[0m 
[K[34m[1mtrain: [0mScanning /ANON/fl_hod/data/yolo/labels/ecp/train... 42 images, 0 backgrounds, 0 corrupt: 6% ╸─────────── 42/724 122.0it/s 0.1s<5.6s
[36m(ClientAppActor pid=808833)[0m 
[K[34m[1mtrain: [0mScanning /ANON/fl_hod/data/yolo/labels/ecp/train... 231 images, 0 backgrounds, 0 corrupt: 48% ━━━━━╸────── 231/477 397.6it/s 0.4s<0.6s
[36m(ClientAppActor pid=808844)[0m 
[K[34m[1mtrain: [0mScanning /ANON/fl_hod/data/yolo/labels/ecp/train... 157 images, 0 backgrounds, 0 corrupt: 92% ━━━━━━━━━━━─ 157/170 328.1it/s 0.3s<0.0s
[K[34m[1mtrain: [0mScanning /ANON/fl_hod/data/yolo/labels/ecp/train... 170 images, 0 backgrounds, 0 corrupt: 100% ━━━━━━━━━━━━ 170/170 531.0it/s 0.3s
[K[34m[1mtrain: [0mScanning /ANON/fl_hod/data/yolo/labels/ecp/train... 170 images, 0 backgrounds, 0 corrupt: 100% ━━━━━━━━━━━━ 170/170 530.7it/s 0.3s
[36m(ClientAppActor pid=808836)[0m 
[K[34m[1mtrain: [0mScanning /ANON/fl_hod/data/yolo/labels/ecp/train... 93 images, 0 backgrounds, 0 corrupt: 22% ━━╸───────── 93/422 231.5it/s 0.2s<1.4s
[36m(ClientAppActor pid=808841)[0m 
[K[34m[1mtrain: [0mScanning /ANON/fl_hod/data/yolo/labels/ecp/train... 145 images, 0 backgrounds, 0 corrupt: 31% ━━━╸──────── 145/475 309.6it/s 0.3s<1.1s
[36m(ClientAppActor pid=808833)[0m 
[K[34m[1mtrain: [0mScanning /ANON/fl_hod/data/yolo/labels/ecp/train... 286 images, 0 backgrounds, 0 corrupt: 60% ━━━━━━━───── 286/477 437.6it/s 0.5s<0.4s
[36m(ClientAppActor pid=808833)[0m 
[K[34m[1mtrain: [0mScanning /ANON/fl_hod/data/yolo/labels/ecp/train... 332 images, 0 backgrounds, 0 corrupt: 70% ━━━━━━━━──── 332/477 433.1it/s 0.6s<0.3s
[36m(ClientAppActor pid=808841)[0m 
[K[34m[1mtrain: [0mScanning /ANON/fl_hod/data/yolo/labels/ecp/train... 245 images, 0 backgrounds, 0 corrupt: 52% ━━━━━━────── 245/475 412.8it/s 0.5s<0.6s
[36m(ClientAppActor pid=808833)[0m 
[K[34m[1mtrain: [0mScanning /ANON/fl_hod/data/yolo/labels/ecp/train... 412 images, 0 backgrounds, 0 corrupt: 86% ━━━━━━━━━━── 412/477 524.7it/s 0.7s<0.1s
[36m(ClientAppActor pid=808836)[0m 
[K[34m[1mtrain: [0mScanning /ANON/fl_hod/data/yolo/labels/ecp/train... 342 images, 0 backgrounds, 0 corrupt: 81% ━━━━━━━━━╸── 342/422 537.4it/s 0.6s<0.1s
[K[34m[1mtrain: [0mScanning /ANON/fl_hod/data/yolo/labels/ecp/train... 406 images, 0 backgrounds, 0 corrupt: 96% ━━━━━━━━━━━╸ 406/422 563.6it/s 0.7s<0.0s
[36m(ClientAppActor pid=808833)[0m 
[K[34m[1mval: [0mScanning /ANON/fl_hod/data/yolo/labels/ecp/val... 46 images, 0 backgrounds, 0 corrupt: 40% ━━━━╸─────── 46/115 119.1it/s 0.1s<0.6s
[36m(ClientAppActor pid=808845)[0m 
[K[34m[1mtrain: [0mScanning /ANON/fl_hod/data/yolo/labels/ecp/train... 521 images, 0 backgrounds, 0 corrupt: 72% ━━━━━━━━╸─── 521/724 475.1it/s 1.1s<0.4s
[K[34m[1mtrain: [0mScanning /ANON/fl_hod/data/yolo/labels/ecp/train... 570 images, 0 backgrounds, 0 corrupt: 79% ━━━━━━━━━─── 570/724 474.2it/s 1.2s<0.3s
[36m(ClientAppActor pid=808845)[0m 
[K[34m[1mtrain: [0mScanning /ANON/fl_hod/data/yolo/labels/ecp/train... 664 images, 0 backgrounds, 0 corrupt: 92% ━━━━━━━━━━━─ 664/724 453.9it/s 1.4s<0.1s
[36m(ClientAppActor pid=808841)[0m 
[K[34m[1mval: [0mScanning /ANON/fl_hod/data/yolo/labels/ecp/val... 35 images, 0 backgrounds, 0 corrupt: 41% ━━━━╸─────── 35/86 90.8it/s 0.1s<0.6s
[K[34m[1mval: [0mScanning /ANON/fl_hod/data/yolo/labels/ecp/val... 86 images, 0 backgrounds, 0 corrupt: 100% ━━━━━━━━━━━━ 86/86 483.6it/s 0.2s
[K[34m[1mval: [0mScanning /ANON/fl_hod/data/yolo/labels/ecp/val... 86 images, 0 backgrounds, 0 corrupt: 100% ━━━━━━━━━━━━ 86/86 483.4it/s 0.2s
[36m(ClientAppActor pid=808836)[0m 
[K[34m[1mval: [0mScanning /ANON/fl_hod/data/yolo/labels/ecp/val... 33 images, 0 backgrounds, 0 corrupt: 48% ━━━━━╸────── 33/69 97.0it/s 0.1s<0.4s
[K[34m[1mval: [0mScanning /ANON/fl_hod/data/yolo/labels/ecp/val... 69 images, 0 backgrounds, 0 corrupt: 100% ━━━━━━━━━━━━ 69/69 536.9it/s 0.1s
[K[34m[1mval: [0mScanning /ANON/fl_hod/data/yolo/labels/ecp/val... 69 images, 0 backgrounds, 0 corrupt: 100% ━━━━━━━━━━━━ 69/69 536.6it/s 0.1s
[36m(ClientAppActor pid=808837)[0m 
[K[34m[1mval: [0mScanning /ANON/fl_hod/data/yolo/labels/ecp/val... 25 images, 0 backgrounds, 0 corrupt: 31% ━━━╸──────── 25/80 66.1it/s 0.1s<0.8s
[36m(ClientAppActor pid=808837)[0m [Client PID=808837] Ultralytics cache patched v3 (utils + dataset modules)[32m [repeated 6x across cluster] (Ray deduplicates logs by default. Set RAY_DEDUP_LOGS=0 to disable log deduplication, or see https://docs.ray.io/en/master/ray-observability/user-guides/configure-logging.html#log-deduplication for more options.)[0m
[36m(ClientAppActor pid=808837)[0m [Client 6] Initializing YOLOv10-S...[32m [repeated 6x across cluster][0m
[36m(ClientAppActor pid=808836)[0m [Client 4] Ready[32m [repeated 6x across cluster][0m
[36m(ClientAppActor pid=808841)[0m   Data: /ANON/fl_hod/data/yolo/client_configs/client_budapest.yaml
[36m(ClientAppActor pid=808836)[0m   Local epochs: 3[32m [repeated 6x across cluster][0m
[36m(ClientAppActor pid=808836)[0m   Batch size: 4[32m [repeated 6x across cluster][0m
[36m(ClientAppActor pid=808836)[0m   FedBN: False[32m [repeated 6x across cluster][0m
[36m(ClientAppActor pid=808841)[0m [Client 0] ️  MALICIOUS - Attack: SignFlippingAttack
[36m(ClientAppActor pid=808845)[0m 
[K[34m[1mval: [0mScanning /ANON/fl_hod/data/yolo/labels/ecp/val... 19 images, 0 backgrounds, 0 corrupt: 14% ━╸────────── 19/133 45.6it/s 0.1s<2.5s
[36m(ClientAppActor pid=808836)[0m [Client 4] Starting local training (seed=1004)...[32m [repeated 6x across cluster][0m
[36m(ClientAppActor pid=808837)[0m New https://pypi.org/project/ultralytics/8.4.46 available Update with 'pip install -U ultralytics'[32m [repeated 6x across cluster][0m
[36m(ClientAppActor pid=808837)[0m Ultralytics 8.3.234 Python-3.10.19 torch-2.6.0+cu124 CUDA:0 (NVIDIA RTX 5000 Ada Generation, 32220MiB)[32m [repeated 6x across cluster][0m
[36m(ClientAppActor pid=808845)[0m 
[K[34m[1mval: [0mScanning /ANON/fl_hod/data/yolo/labels/ecp/val... 89 images, 0 backgrounds, 0 corrupt: 67% ━━━━━━━━──── 89/133 222.9it/s 0.2s<0.2s
[36m(ClientAppActor pid=808837)[0m Overriding model.yaml nc=80 with nc=1[32m [repeated 6x across cluster][0m
[36m(ClientAppActor pid=808837)[0m                    from  n    params  module                                       arguments                     [32m [repeated 6x across cluster][0m
[36m(ClientAppActor pid=808845)[0m  17                  -1  1    147712  ultralytics.nn.modules.conv.Conv             [128, 128, 3, 2]              [32m [repeated 24x across cluster][0m
[36m(ClientAppActor pid=808836)[0m   6                  -1  2    788480  ultralytics.nn.modules.block.C2f             [256, 256, 2, True]           [32m [repeated 18x across cluster][0m
[36m(ClientAppActor pid=808845)[0m  20                  -1  1     68864  ultralytics.nn.modules.block.SCDown          [256, 256, 3, 2]              [32m [repeated 18x across cluster][0m
[36m(ClientAppActor pid=808845)[0m  22                  -1  1   1089536  ultralytics.nn.modules.block.C2fCIB          [768, 512, 1, True, True]     [32m [repeated 12x across cluster][0m
[36m(ClientAppActor pid=808836)[0m   9                  -1  1    656896  ultralytics.nn.modules.block.SPPF            [512, 512, 5]                 [32m [repeated 6x across cluster][0m
[36m(ClientAppActor pid=808840)[0m [34m[1moptimizer:[0m AdamW(lr=0.001, momentum=0.937) with parameter groups 99 weight(decay=0.0), 112 weight(decay=0.0005), 111 bias(decay=0.0)
[36m(ClientAppActor pid=808840)[0m Image sizes 640 train, 640 val
[36m(ClientAppActor pid=808840)[0m Using 8 dataloader workers
[36m(ClientAppActor pid=808840)[0m Logging results to [1m/tmp/fl_yolo_runs_808840/train[0m
[36m(ClientAppActor pid=808840)[0m Starting training for 3 epochs...
[36m(ClientAppActor pid=808840)[0m 
[36m(ClientAppActor pid=808840)[0m       Epoch    GPU_mem   box_loss   cls_loss   dfl_loss  Instances       Size
[36m(ClientAppActor pid=808836)[0m  10                  -1  1    990976  ultralytics.nn.modules.block.PSA             [512, 512]                    [32m [repeated 6x across cluster][0m
[36m(ClientAppActor pid=808845)[0m  14                  -1  1         0  torch.nn.modules.upsampling.Upsample         [None, 2, 'nearest']          [32m [repeated 12x across cluster][0m
[36m(ClientAppActor pid=808845)[0m  21            [-1, 10]  1         0  ultralytics.nn.modules.conv.Concat           [1]                           [32m [repeated 24x across cluster][0m
[36m(ClientAppActor pid=808845)[0m YOLOv10s summary: 234 layers, 8,067,126 parameters, 8,067,110 gradients, 24.8 GFLOPs[32m [repeated 6x across cluster][0m
[36m(ClientAppActor pid=808845)[0m Transferred 607/619 items from pretrained weights[32m [repeated 6x across cluster][0m
[36m(ClientAppActor pid=808845)[0m Freezing layer 'model.23.dfl.conv.weight'[32m [repeated 6x across cluster][0m
[36m(ClientAppActor pid=808845)[0m [34m[1mAMP: [0mrunning Automatic Mixed Precision (AMP) checks...[32m [repeated 6x across cluster][0m
[36m(ClientAppActor pid=808844)[0m 
[36m(ClientAppActor pid=808837)[0m [34m[1mAMP: [0mchecks passed [32m [repeated 6x across cluster][0m
[36m(ClientAppActor pid=808845)[0m [34m[1mval: [0mFast image access (ping: 0.0±0.0 ms, read: 3966.1±2756.0 MB/s, size: 2299.0 KB)[32m [repeated 12x across cluster][0m
[36m(ClientAppActor pid=808845)[0m 
[K[34m[1mtrain: [0mScanning /ANON/fl_hod/data/yolo/labels/ecp/train... 138 images, 0 backgrounds, 0 corrupt: 19% ━━────────── 138/724 302.2it/s 0.3s<1.9s[32m [repeated 3x across cluster][0m
[36m(ClientAppActor pid=808844)[0m 
[K[34m[1mtrain: [0mScanning /ANON/fl_hod/data/yolo/labels/ecp/train... 62 images, 0 backgrounds, 0 corrupt: 36% ━━━━──────── 62/170 184.2it/s 0.1s<0.6s
[36m(ClientAppActor pid=808845)[0m 
[K[34m[1mtrain: [0mScanning /ANON/fl_hod/data/yolo/labels/ecp/train... 394 images, 0 backgrounds, 0 corrupt: 54% ━━━━━━╸───── 394/724 469.5it/s 0.8s<0.7s[32m [repeated 2x across cluster][0m
[36m(ClientAppActor pid=808841)[0m 
[K[34m[1mtrain: [0mScanning /ANON/fl_hod/data/yolo/labels/ecp/train... 342 images, 0 backgrounds, 0 corrupt: 72% ━━━━━━━━╸─── 342/475 425.2it/s 0.7s<0.3s
[36m(ClientAppActor pid=808845)[0m 
[K[34m[1mtrain: [0mScanning /ANON/fl_hod/data/yolo/labels/ecp/train... 724 images, 0 backgrounds, 0 corrupt: 100% ━━━━━━━━━━━━ 724/724 492.1it/s 1.5s
[K[34m[1mtrain: [0mScanning /ANON/fl_hod/data/yolo/labels/ecp/train... 724 images, 0 backgrounds, 0 corrupt: 100% ━━━━━━━━━━━━ 724/724 492.1it/s 1.5s[32m [repeated 3x across cluster][0m
[36m(ClientAppActor pid=808845)[0m 
[K[34m[1mval: [0mScanning /ANON/fl_hod/data/yolo/labels/ecp/val... 133 images, 0 backgrounds, 0 corrupt: 100% ━━━━━━━━━━━━ 133/133 431.6it/s 0.3s
[K[34m[1mval: [0mScanning /ANON/fl_hod/data/yolo/labels/ecp/val... 133 images, 0 backgrounds, 0 corrupt: 100% ━━━━━━━━━━━━ 133/133 431.5it/s 0.3s[32m [repeated 4x across cluster][0m
[36m(ClientAppActor pid=808845)[0m 
[K[34m[1mtrain: [0mScanning /ANON/fl_hod/data/yolo/labels/ecp/train... 196 images, 0 backgrounds, 0 corrupt: 27% ━━━───────── 196/724 384.2it/s 0.4s<1.4s[32m [repeated 2x across cluster][0m
[36m(ClientAppActor pid=808845)[0m 
[K[34m[1mtrain: [0mScanning /ANON/fl_hod/data/yolo/labels/ecp/train... 89 images, 0 backgrounds, 0 corrupt: 12% ━─────────── 89/724 224.5it/s 0.2s<2.8s[32m [repeated 3x across cluster][0m
[36m(ClientAppActor pid=808845)[0m 
[K[34m[1mtrain: [0mScanning /ANON/fl_hod/data/yolo/labels/ecp/train... 299 images, 0 backgrounds, 0 corrupt: 41% ━━━━╸─────── 299/724 466.6it/s 0.6s<0.9s[32m [repeated 3x across cluster][0m
[36m(ClientAppActor pid=808845)[0m 
[K[34m[1mtrain: [0mScanning /ANON/fl_hod/data/yolo/labels/ecp/train... 464 images, 0 backgrounds, 0 corrupt: 64% ━━━━━━━╸──── 464/724 534.0it/s 0.9s<0.5s[32m [repeated 3x across cluster][0m
[36m(ClientAppActor pid=808845)[0m 
[K[34m[1mtrain: [0mScanning /ANON/fl_hod/data/yolo/labels/ecp/train... 344 images, 0 backgrounds, 0 corrupt: 48% ━━━━━╸────── 344/724 458.9it/s 0.7s<0.8s[32m [repeated 2x across cluster][0m
[36m(ClientAppActor pid=808837)[0m 
[K[34m[1mtrain: [0mScanning /ANON/fl_hod/data/yolo/labels/ecp/train... 436 images, 0 backgrounds, 0 corrupt: 95% ━━━━━━━━━━━─ 436/457 530.2it/s 0.8s<0.0s
[K[34m[1mtrain: [0mScanning /ANON/fl_hod/data/yolo/labels/ecp/train... 457 images, 0 backgrounds, 0 corrupt: 100% ━━━━━━━━━━━━ 457/457 550.5it/s 0.8s
[K[34m[1mtrain: [0mScanning /ANON/fl_hod/data/yolo/labels/ecp/train... 457 images, 0 backgrounds, 0 corrupt: 100% ━━━━━━━━━━━━ 457/457 550.5it/s 0.8s[32m [repeated 2x across cluster][0m
[36m(ClientAppActor pid=808845)[0m 
[K[34m[1mtrain: [0mScanning /ANON/fl_hod/data/yolo/labels/ecp/train... 225 images, 0 backgrounds, 0 corrupt: 31% ━━━╸──────── 225/724 353.7it/s 0.5s<1.4s[32m [repeated 2x across cluster][0m
[36m(ClientAppActor pid=808837)[0m 
[K[34m[1mtrain: [0mScanning /ANON/fl_hod/data/yolo/labels/ecp/train... 307 images, 0 backgrounds, 0 corrupt: 67% ━━━━━━━━──── 307/457 470.6it/s 0.6s<0.3s
[36m(ClientAppActor pid=808845)[0m 
[K[34m[1mtrain: [0mScanning /ANON/fl_hod/data/yolo/labels/ecp/train... 605 images, 0 backgrounds, 0 corrupt: 84% ━━━━━━━━━━── 605/724 430.7it/s 1.3s<0.3s[32m [repeated 3x across cluster][0m
[36m(ClientAppActor pid=808833)[0m 
[36m(ClientAppActor pid=808841)[0m 
[36m(ClientAppActor pid=808840)[0m 
[K        1/3      1.35G      4.386      17.22      2.627         45        640: 0% ──────────── 0/124  3.7s
[36m(ClientAppActor pid=808836)[0m 
[36m(ClientAppActor pid=808845)[0m 
[36m(ClientAppActor pid=808840)[0m 
[K        1/3      1.35G      4.106       26.1       2.45         18        640: 1% ──────────── 1/124 1.3s/it 4.1s<2:36
[36m(ClientAppActor pid=808845)[0m [34m[1moptimizer:[0m AdamW(lr=0.001, momentum=0.937) with parameter groups 99 weight(decay=0.0), 112 weight(decay=0.0005), 111 bias(decay=0.0)[32m [repeated 5x across cluster][0m
[36m(ClientAppActor pid=808845)[0m Image sizes 640 train, 640 val[32m [repeated 5x across cluster][0m
[36m(ClientAppActor pid=808845)[0m Using 8 dataloader workers[32m [repeated 5x across cluster][0m
[36m(ClientAppActor pid=808845)[0m Logging results to [1m/tmp/fl_yolo_runs_808845/train[0m[32m [repeated 5x across cluster][0m
[36m(ClientAppActor pid=808845)[0m Starting training for 3 epochs...[32m [repeated 5x across cluster][0m
[36m(ClientAppActor pid=808845)[0m       Epoch    GPU_mem   box_loss   cls_loss   dfl_loss  Instances       Size[32m [repeated 5x across cluster][0m
[36m(ClientAppActor pid=808844)[0m 
[K        1/3      1.36G      4.175      23.54      2.123         14        640: 5% ╸─────────── 2/43 1.8it/s 2.9s<23.0s
[36m(ClientAppActor pid=808837)[0m 
[36m(ClientAppActor pid=808844)[0m 
[K        1/3      1.36G      5.317      24.81      2.454         24        640: 7% ╸─────────── 3/43 3.4it/s 3.1s<11.9s
[36m(ClientAppActor pid=808844)[0m 
[K        1/3      1.36G      5.118      23.76      2.429         16        640: 12% ━─────────── 5/43 5.1it/s 3.3s<7.5s
[36m(ClientAppActor pid=808844)[0m 
[K        1/3      1.38G      4.986      23.52      2.477         15        640: 14% ━╸────────── 6/43 5.7it/s 3.4s<6.5s
[36m(ClientAppActor pid=808844)[0m 
[K        1/3      1.38G      5.012      23.12      2.524         29        640: 19% ━━────────── 8/43 4.5it/s 4.6s<7.8s
[36m(ClientAppActor pid=808844)[0m 
[K        1/3      1.38G      4.985      22.65      2.496         21        640: 21% ━━╸───────── 9/43 5.0it/s 4.7s<6.8s
[36m(ClientAppActor pid=808844)[0m 
[K        1/3      1.38G      5.058      23.56      2.554         15        640: 23% ━━╸───────── 10/43 4.7it/s 5.0s<7.0s
[36m(ClientAppActor pid=808844)[0m 
[K        1/3      1.38G       5.18      24.17      2.564         14        640: 26% ━━━───────── 11/43 5.8it/s 5.1s<5.5s
[36m(ClientAppActor pid=808844)[0m 
[K        1/3      1.38G      5.061      23.51      2.561         21        640: 28% ━━━───────── 12/43 5.5it/s 5.3s<5.7s
[36m(ClientAppActor pid=808844)[0m 
[K        1/3       1.4G       5.07      22.69      2.546         18        640: 30% ━━━╸──────── 13/43 5.4it/s 5.5s<5.6s
[36m(ClientAppActor pid=808844)[0m 
[K        1/3      1.42G      4.964      22.04      2.515         13        640: 33% ━━━╸──────── 14/43 5.4it/s 5.7s<5.4s
[36m(ClientAppActor pid=808844)[0m 
[K        1/3      1.42G      5.123      21.55      2.532         32        640: 35% ━━━━──────── 15/43 5.3it/s 5.9s<5.3s
[36m(ClientAppActor pid=808844)[0m 
[K        1/3      1.42G      5.058      20.77      2.527         17        640: 37% ━━━━──────── 16/43 5.1it/s 6.1s<5.3s
[36m(ClientAppActor pid=808844)[0m 
[K        1/3      1.42G      5.069       20.2      2.555         13        640: 40% ━━━━╸─────── 17/43 5.1it/s 6.3s<5.1s
[36m(ClientAppActor pid=808844)[0m 
[K        1/3      1.42G      5.171       19.8      2.621         11        640: 42% ━━━━━─────── 18/43 4.9it/s 6.5s<5.1s
[36m(ClientAppActor pid=808837)[0m 
[K        1/3      1.34G      4.134      33.76      2.531         26        640: 3% ──────────── 4/115 3.5it/s 3.5s<31.3s[32m [repeated 33x across cluster][0m
[36m(ClientAppActor pid=808844)[0m 
[K        1/3      1.42G      5.208      19.22      2.617         17        640: 44% ━━━━━─────── 19/43 5.0it/s 6.7s<4.8s
[36m(ClientAppActor pid=808844)[0m 
[K        1/3      1.42G      5.251      18.82      2.659          8        640: 47% ━━━━━╸────── 20/43 5.1it/s 6.9s<4.5s
[36m(ClientAppActor pid=808844)[0m 
[K        1/3      1.42G      5.335      18.47      2.683         11        640: 49% ━━━━━╸────── 21/43 5.0it/s 7.1s<4.4s
[36m(ClientAppActor pid=808844)[0m 
[K        1/3      1.42G      5.377      18.05      2.689         10        640: 51% ━━━━━━────── 22/43 5.1it/s 7.3s<4.1s
[36m(ClientAppActor pid=808844)[0m 
[K        1/3      1.42G      5.391      17.57      2.678         26        640: 53% ━━━━━━────── 23/43 5.0it/s 7.5s<4.0s
[36m(ClientAppActor pid=808844)[0m 
[K        1/3      1.42G      5.378      17.07      2.673         35        640: 56% ━━━━━━╸───── 24/43 4.9it/s 7.7s<3.9s
[36m(ClientAppActor pid=808837)[0m [34m[1moptimizer:[0m AdamW(lr=0.001, momentum=0.937) with parameter groups 99 weight(decay=0.0), 112 weight(decay=0.0005), 111 bias(decay=0.0)
[36m(ClientAppActor pid=808837)[0m Image sizes 640 train, 640 val
[36m(ClientAppActor pid=808837)[0m Using 8 dataloader workers
[36m(ClientAppActor pid=808837)[0m Logging results to [1m/tmp/fl_yolo_runs_808837/train[0m
[36m(ClientAppActor pid=808837)[0m Starting training for 3 epochs...
[36m(ClientAppActor pid=808837)[0m       Epoch    GPU_mem   box_loss   cls_loss   dfl_loss  Instances       Size
[36m(ClientAppActor pid=808837)[0m 
[K        1/3      1.39G      4.164      30.83      2.424         14        640: 8% ╸─────────── 9/115 4.2it/s 4.6s<25.0s[32m [repeated 31x across cluster][0m
[36m(ClientAppActor pid=808844)[0m 
[K        1/3      1.42G      5.382      16.64      2.662         27        640: 58% ━━━━━━╸───── 25/43 4.7it/s 8.0s<3.8s
[36m(ClientAppActor pid=808844)[0m 
[K        1/3      1.42G      5.386      16.25      2.678         26        640: 60% ━━━━━━━───── 26/43 4.8it/s 8.2s<3.5s
[36m(ClientAppActor pid=808837)[0m 
[K        1/3      1.39G      4.233      25.58      2.438         26        640: 10% ━─────────── 12/115 4.6it/s 5.2s<22.2s[32m [repeated 28x across cluster][0m
[36m(ClientAppActor pid=808844)[0m 
[K        1/3      1.42G      5.346      15.84      2.657         15        640: 63% ━━━━━━━╸──── 27/43 4.9it/s 8.4s<3.3s
[36m(ClientAppActor pid=808836)[0m 
[K        1/3      1.43G      4.565      17.03      2.367         17        640: 16% ━╸────────── 17/106 5.0it/s 6.5s<17.7s[32m [repeated 18x across cluster][0m
[36m(ClientAppActor pid=808844)[0m 
[K        1/3      1.42G      5.317      15.45      2.661         15        640: 65% ━━━━━━━╸──── 28/43 4.9it/s 8.6s<3.1s
[36m(ClientAppActor pid=808844)[0m 
[K        1/3      1.42G      5.309       15.1      2.661         13        640: 67% ━━━━━━━━──── 29/43 4.9it/s 8.8s<2.9s
[36m(ClientAppActor pid=808844)[0m 
[K        1/3      1.42G      5.271      14.76      2.671         17        640: 70% ━━━━━━━━──── 30/43 5.0it/s 9.0s<2.6s
[36m(ClientAppActor pid=808844)[0m 
[K        1/3      1.42G      5.229      14.43      2.652         15        640: 72% ━━━━━━━━╸─── 31/43 5.9it/s 9.1s<2.0s
[36m(ClientAppActor pid=808844)[0m 
[K        1/3      1.42G      5.214      14.14      2.643         30        640: 74% ━━━━━━━━╸─── 32/43 5.6it/s 9.3s<2.0s
[36m(ClientAppActor pid=808844)[0m 
[K        1/3      1.42G      5.166      13.84      2.625         10        640: 77% ━━━━━━━━━─── 33/43 5.9it/s 9.4s<1.7s
[36m(ClientAppActor pid=808833)[0m 
[K        1/3      1.44G      4.396      6.246      2.524         58        640: 21% ━━────────── 25/120 4.7it/s 8.3s<20.2s[32m [repeated 21x across cluster][0m
[36m(ClientAppActor pid=808841)[0m 
[K        1/3      1.45G      4.437      7.823       2.37         52        640: 22% ━━╸───────── 26/119 4.5it/s 8.3s<20.8s[32m [repeated 9x across cluster][0m
[36m(ClientAppActor pid=808844)[0m 
[K        1/3      1.42G      5.205      13.61      2.647         36        640: 79% ━━━━━━━━━─── 34/43 4.8it/s 9.9s<1.9s
[36m(ClientAppActor pid=808840)[0m 
[K        1/3      1.41G      4.365      7.765      2.431         36        640: 25% ━━━───────── 31/124 4.0it/s 12.2s<23.3s
[36m(ClientAppActor pid=808844)[0m 
[K        1/3      1.42G      5.183      13.35      2.636         33        640: 81% ━━━━━━━━━╸── 35/43 4.1it/s 10.3s<2.0s
[36m(ClientAppActor pid=808840)[0m 
[K        1/3      1.41G      4.351       7.63      2.433         65        640: 26% ━━━───────── 32/124 3.4it/s 12.7s<27.4s
[36m(ClientAppActor pid=808844)[0m 
[K        1/3      1.42G      5.164       13.1      2.638         24        640: 84% ━━━━━━━━━━── 36/43 3.8it/s 10.6s<1.9s
[36m(ClientAppActor pid=808840)[0m 
[K        1/3      1.41G       4.34      7.505      2.433         63        640: 27% ━━━───────── 33/124 4.1it/s 12.9s<22.3s
[36m(ClientAppActor pid=808844)[0m 
[K        1/3      1.42G      5.183      12.91      2.642         36        640: 86% ━━━━━━━━━━── 37/43 4.0it/s 10.8s<1.5s
[36m(ClientAppActor pid=808844)[0m 
[K        1/3      1.42G      5.169       12.7      2.634         27        640: 88% ━━━━━━━━━━╸─ 38/43 4.3it/s 11.0s<1.2s
[36m(ClientAppActor pid=808844)[0m 
[K        1/3      1.42G      5.139       12.5      2.631          9        640: 91% ━━━━━━━━━━╸─ 39/43 4.5it/s 11.3s<0.9s
[36m(ClientAppActor pid=808840)[0m 
[K        1/3      1.41G      4.349      7.059      2.415         48        640: 30% ━━━╸──────── 37/124 5.0it/s 13.6s<17.4s
[36m(ClientAppActor pid=808844)[0m 
[K        1/3      1.42G      5.139       12.3      2.625         35        640: 93% ━━━━━━━━━━━─ 40/43 4.1it/s 11.6s<0.7s
[36m(ClientAppActor pid=808844)[0m 
[K        1/3      1.42G      5.126      12.09      2.624         33        640: 95% ━━━━━━━━━━━─ 41/43 4.3it/s 11.8s<0.5s
[36m(ClientAppActor pid=808844)[0m 
[K        1/3      1.47G      5.109      11.96      2.623          8        640: 98% ━━━━━━━━━━━╸ 42/43 4.1it/s 12.0s<0.2s
[K        1/3      1.47G      5.109      11.96      2.623          8        640: 100% ━━━━━━━━━━━━ 43/43 3.6it/s 12.0s
[K        1/3      1.47G      5.109      11.96      2.623          8        640: 100% ━━━━━━━━━━━━ 43/43 3.6it/s 12.0s
[36m(ClientAppActor pid=808840)[0m 
[K        1/3      1.41G      4.377      6.663      2.424         90        640: 34% ━━━━──────── 42/124 5.4it/s 14.6s<15.2s
[36m(ClientAppActor pid=808844)[0m 
[K                 Class     Images  Instances      Box(P          R      mAP50  mAP50-95): 50% ━━━━━━────── 1/2 1.4s/it 0.4s<1.4s
[36m(ClientAppActor pid=808844)[0m 
[K                 Class     Images  Instances      Box(P          R      mAP50  mAP50-95): 100% ━━━━━━━━━━━━ 2/2 2.6it/s 0.8s
[K                 Class     Images  Instances      Box(P          R      mAP50  mAP50-95): 100% ━━━━━━━━━━━━ 2/2 2.6it/s 0.8s
[36m(ClientAppActor pid=808844)[0m                    all         15         83      0.287      0.337      0.234       0.11
[36m(ClientAppActor pid=808844)[0m 
[36m(ClientAppActor pid=808844)[0m       Epoch    GPU_mem   box_loss   cls_loss   dfl_loss  Instances       Size
[36m(ClientAppActor pid=808844)[0m 
[K        2/3      1.47G      4.891      3.941      2.247         35        640: 0% ──────────── 0/43  0.2s
[36m(ClientAppActor pid=808836)[0m 
[K        1/3      1.43G      4.508      9.852      2.283         52        640: 38% ━━━━╸─────── 40/106 5.5it/s 11.5s<12.0s
[36m(ClientAppActor pid=808844)[0m 
[K        2/3      1.47G      4.128      3.461      2.118         29        640: 2% ──────────── 1/43 1.5it/s 0.4s<27.5s
[36m(ClientAppActor pid=808836)[0m 
[K        1/3      1.43G      4.494      9.702      2.279         28        640: 39% ━━━━╸─────── 41/106 5.4it/s 11.6s<11.9s
[36m(ClientAppActor pid=808845)[0m 
[K        1/3      1.41G      4.364      13.66      2.524         20        640: 12% ━─────────── 22/181 5.1it/s 6.9s<31.1s[32m [repeated 5x across cluster][0m
[36m(ClientAppActor pid=808844)[0m 
[K        2/3      1.47G      3.986      3.671      2.161         25        640: 5% ╸─────────── 2/43 2.6it/s 0.6s<15.7s
[36m(ClientAppActor pid=808845)[0m 
[K        1/3      1.41G      4.335      11.09      2.473         24        640: 17% ━╸────────── 30/181 3.9it/s 9.1s<38.5s[32m [repeated 13x across cluster][0m
[36m(ClientAppActor pid=808844)[0m 
[K        2/3      1.47G      4.332      4.236      2.232         14        640: 7% ╸─────────── 3/43 3.3it/s 0.8s<12.3s
[36m(pid=gcs_server)[0m [2026-05-06 15:32:43,439 E 808605 808605] (gcs_server) gcs_server.cc:302: Failed to establish connection to the event+metrics exporter agent. Events and metrics will not be exported. Exporter agent status: RpcError: Running out of retries to initialize the metrics agent. rpc_code: 14
[36m(ClientAppActor pid=808837)[0m [93mWARNING [0m:   DEPRECATED FEATURE: `client_fn` now expects a signature `def client_fn(context: Context)`.The provided `client_fn` has signature: {'cid': <Parameter "cid: str">}. You can import the `Context` like this: `from flwr.common import Context`[32m [repeated 6x across cluster][0m
[36m(ClientAppActor pid=808837)[0m             This is a deprecated feature. It will be removed[32m [repeated 6x across cluster][0m
[36m(ClientAppActor pid=808837)[0m             entirely in future versions of Flower.[32m [repeated 6x across cluster][0m
[36m(ClientAppActor pid=808837)[0m [93mWARNING [0m:   Deprecation Warning: The `client_fn` function must return an instance of `Client`, but an instance of `NumpyClient` was returned. Please use `NumPyClient.to_client()` method to convert it to `Client`.[32m [repeated 6x across cluster][0m
[33m(raylet)[0m [2026-05-06 15:32:43,772 E 808758 808758] (raylet) main.cc:975: Failed to establish connection to the metrics exporter agent. Metrics will not be exported. Exporter agent status: RpcError: Running out of retries to initialize the metrics agent. rpc_code: 14
[36m(ClientAppActor pid=808836)[0m [2026-05-06 15:32:44,151 E 808836 809253] core_worker_process.cc:825: Failed to establish connection to the metrics exporter agent. Metrics will not be exported. Exporter agent status: RpcError: Running out of retries to initialize the metrics agent. rpc_code: 14
[2026-05-06 15:32:44,254 E 808560 808832] core_worker_process.cc:825: Failed to establish connection to the metrics exporter agent. Metrics will not be exported. Exporter agent status: RpcError: Running out of retries to initialize the metrics agent. rpc_code: 14
[36m(ClientAppActor pid=808836)[0m 
[K        1/3      1.43G      4.469      9.157      2.258         45        640: 42% ━━━━━─────── 45/106 5.1it/s 12.4s<12.0s
[36m(ClientAppActor pid=808836)[0m 
[K        1/3      1.43G      4.457      9.037      2.255         32        640: 43% ━━━━━─────── 46/106 5.2it/s 12.6s<11.6s
[36m(ClientAppActor pid=808845)[0m 
[K        1/3      1.41G       4.37       9.82      2.454         57        640: 20% ━━────────── 37/181 5.2it/s 10.4s<27.8s[32m [repeated 11x across cluster][0m
[36m(ClientAppActor pid=808845)[0m 
[K        1/3      1.41G      4.403      8.726      2.398         45        640: 25% ━━╸───────── 45/181 5.0it/s 12.1s<27.3s[32m [repeated 22x across cluster][0m
[36m(ClientAppActor pid=808836)[0m 
[K        1/3      1.43G      4.497      8.739      2.255         46        640: 46% ━━━━━╸────── 49/106 4.7it/s 13.3s<12.1s
[36m(ClientAppActor pid=808836)[0m 
[K        1/3      1.43G      4.489      8.631      2.255         52        640: 47% ━━━━━╸────── 50/106 4.8it/s 13.5s<11.7s
[36m(ClientAppActor pid=808844)[0m 
[K        2/3      1.47G      4.341      4.113      2.394         18        640: 28% ━━━───────── 12/43 5.0it/s 2.6s<6.2s[32m [repeated 32x across cluster][0m
[36m(ClientAppActor pid=808836)[0m 
[K        1/3      1.43G      4.476      8.327      2.246         36        640: 50% ━━━━━━────── 53/106 4.7it/s 14.1s<11.3s
[36m(ClientAppActor pid=808836)[0m 
[K        1/3      1.43G      4.461      8.226      2.249         23        640: 51% ━━━━━━────── 54/106 4.8it/s 14.3s<10.7s
[36m(ClientAppActor pid=808836)[0m 
[K        1/3      1.43G      4.469      8.146      2.261         27        640: 52% ━━━━━━────── 55/106 4.7it/s 14.6s<10.8s
[36m(ClientAppActor pid=808845)[0m 
[K        1/3      1.44G      4.412      7.656      2.369         22        640: 32% ━━━╸──────── 58/181 4.9it/s 14.7s<24.9s[32m [repeated 31x across cluster][0m
[36m(ClientAppActor pid=808836)[0m 
[K        1/3      1.43G      4.497      7.932      2.264         60        640: 55% ━━━━━━╸───── 58/106 5.0it/s 15.1s<9.5s
[36m(ClientAppActor pid=808836)[0m 
[K        1/3      1.43G      4.485       7.85      2.262         34        640: 56% ━━━━━━╸───── 59/106 4.9it/s 15.3s<9.5s
[36m(ClientAppActor pid=808836)[0m 
[K        1/3      1.43G      4.495      7.785      2.257         28        640: 57% ━━━━━━╸───── 60/106 5.1it/s 15.5s<9.0s
[36m(ClientAppActor pid=808836)[0m 
[K        1/3      1.43G        4.5       7.72      2.252         54        640: 58% ━━━━━━╸───── 61/106 5.2it/s 15.7s<8.7s
[36m(ClientAppActor pid=808845)[0m 
[K        1/3      1.44G      4.423      7.403      2.359         17        640: 34% ━━━━──────── 62/181 4.9it/s 15.5s<24.5s[32m [repeated 28x across cluster][0m
[36m(ClientAppActor pid=808836)[0m 
[K        1/3      1.43G      4.496      7.674      2.267          8        640: 58% ━━━━━━━───── 62/106 5.9it/s 15.9s<7.5s
[36m(ClientAppActor pid=808836)[0m 
[K        1/3      1.43G      4.495      7.633      2.271          9        640: 59% ━━━━━━━───── 63/106 5.4it/s 16.1s<7.9s
[36m(ClientAppActor pid=808836)[0m 
[K        1/3      1.43G      4.506      7.578       2.27         28        640: 60% ━━━━━━━───── 64/106 5.3it/s 16.3s<7.9s
[36m(ClientAppActor pid=808844)[0m 
[K        2/3      1.47G      4.442      4.211      2.356         35        640: 40% ━━━━╸─────── 17/43 5.3it/s 3.5s<4.9s[32m [repeated 22x across cluster][0m
[36m(ClientAppActor pid=808836)[0m 
[K        1/3      1.43G      4.497       7.51      2.265         38        640: 61% ━━━━━━━───── 65/106 5.3it/s 16.5s<7.8s
[36m(ClientAppActor pid=808844)[0m 
[K        2/3      1.47G      4.523       4.25      2.415         19        640: 63% ━━━━━━━╸──── 27/43 5.2it/s 5.5s<3.1s
[36m(ClientAppActor pid=808844)[0m 
[K        2/3      1.47G       4.52      4.329      2.349         27        640: 12% ━─────────── 5/43 4.0it/s 1.2s<9.4s[32m [repeated 2x across cluster][0m
[36m(ClientAppActor pid=808844)[0m 
[K        2/3      1.47G      4.418      4.247      2.409         16        640: 16% ━╸────────── 7/43 4.3it/s 1.7s<8.4s[32m [repeated 2x across cluster][0m
[36m(ClientAppActor pid=808844)[0m 
[K        2/3      1.47G      4.511      4.225      2.429         20        640: 67% ━━━━━━━━──── 29/43 5.1it/s 5.9s<2.7s
[36m(ClientAppActor pid=808844)[0m 
[K        2/3      1.47G      4.493      4.195       2.42         28        640: 70% ━━━━━━━━──── 30/43 5.1it/s 6.1s<2.5s
[36m(ClientAppActor pid=808844)[0m 
[K        2/3      1.47G      4.467      4.262       2.34          6        640: 44% ━━━━━─────── 19/43 5.3it/s 3.9s<4.5s[32m [repeated 25x across cluster][0m
[36m(ClientAppActor pid=808844)[0m 
[K        2/3      1.47G      4.462      4.176      2.414         15        640: 72% ━━━━━━━━╸─── 31/43 5.2it/s 6.3s<2.3s
[36m(ClientAppActor pid=808844)[0m 
[K        2/3      1.47G      4.482      4.189        2.4         18        640: 74% ━━━━━━━━╸─── 32/43 5.2it/s 6.5s<2.1s
[36m(ClientAppActor pid=808844)[0m 
[K        2/3      1.47G      4.461      4.173      2.395         21        640: 77% ━━━━━━━━━─── 33/43 5.0it/s 6.7s<2.0s
[36m(ClientAppActor pid=808844)[0m 
[K        2/3      1.47G      4.342      4.207      2.375         16        640: 19% ━━────────── 8/43 4.6it/s 1.8s<7.6s
[36m(ClientAppActor pid=808844)[0m 
[K        2/3      1.47G      4.457      4.174      2.389         15        640: 79% ━━━━━━━━━─── 34/43 4.5it/s 7.0s<2.0s
[36m(ClientAppActor pid=808844)[0m 
[K        2/3      1.47G      4.327      4.087      2.389         13        640: 23% ━━╸───────── 10/43 4.8it/s 2.2s<6.8s[32m [repeated 2x across cluster][0m
[36m(ClientAppActor pid=808837)[0m 
[K        1/3      1.41G      4.247      9.016      2.296         19        640: 50% ━━━━━╸────── 57/115 5.1it/s 14.7s<11.4s[32m [repeated 23x across cluster][0m
[36m(ClientAppActor pid=808844)[0m 
[K        2/3      1.47G      4.432      4.159       2.38         18        640: 81% ━━━━━━━━━╸── 35/43 3.8it/s 7.4s<2.1s
[36m(ClientAppActor pid=808844)[0m 
[K        2/3      1.47G      4.441      4.158      2.385         32        640: 84% ━━━━━━━━━━── 36/43 3.5it/s 7.8s<2.0s
[36m(ClientAppActor pid=808837)[0m 
[K        1/3      1.41G      4.233      8.649      2.303         12        640: 54% ━━━━━━────── 62/115 5.1it/s 15.7s<10.4s[32m [repeated 26x across cluster][0m
[36m(ClientAppActor pid=808844)[0m 
[K        2/3      1.47G      4.419      4.147      2.389         12        640: 86% ━━━━━━━━━━── 37/43 3.9it/s 8.0s<1.5s
[36m(ClientAppActor pid=808844)[0m 
[K        2/3      1.47G      4.398      4.113      2.377         24        640: 88% ━━━━━━━━━━╸─ 38/43 4.3it/s 8.2s<1.2s
[36m(ClientAppActor pid=808844)[0m 
[K        2/3      1.47G      4.399        4.1      2.385         20        640: 91% ━━━━━━━━━━╸─ 39/43 4.6it/s 8.4s<0.9s
[36m(ClientAppActor pid=808844)[0m 
[K        2/3      1.47G      4.414      4.099      2.381         26        640: 93% ━━━━━━━━━━━─ 40/43 4.8it/s 8.6s<0.6s
[36m(ClientAppActor pid=808845)[0m 
[K        1/3      1.44G      4.435      7.534      2.364         49        640: 33% ━━━╸──────── 60/181 4.8it/s 15.1s<25.3s[32m [repeated 2x across cluster][0m
[36m(ClientAppActor pid=808844)[0m 
[K        2/3      1.47G      4.423      4.119      2.379         23        640: 95% ━━━━━━━━━━━─ 41/43 5.0it/s 8.8s<0.4s
[36m(ClientAppActor pid=808844)[0m 
[K        2/3      1.47G      4.434      4.149      2.375         20        640: 98% ━━━━━━━━━━━╸ 42/43 6.0it/s 8.9s<0.2s
[K        2/3      1.47G      4.434      4.149      2.375         20        640: 100% ━━━━━━━━━━━━ 43/43 4.8it/s 8.9s
[K        2/3      1.47G      4.434      4.149      2.375         20        640: 100% ━━━━━━━━━━━━ 43/43 4.8it/s 8.9s
[36m(ClientAppActor pid=808837)[0m 
[K        1/3      1.41G      4.206      8.269      2.288         32        640: 58% ━━━━━━╸───── 67/115 4.6it/s 16.8s<10.4s[32m [repeated 21x across cluster][0m
[36m(ClientAppActor pid=808844)[0m 
[K                 Class     Images  Instances      Box(P          R      mAP50  mAP50-95): 50% ━━━━━━────── 1/2 1.3s/it 0.4s<1.3s
[36m(ClientAppActor pid=808844)[0m 
[K                 Class     Images  Instances      Box(P          R      mAP50  mAP50-95): 100% ━━━━━━━━━━━━ 2/2 3.0it/s 0.7s
[K                 Class     Images  Instances      Box(P          R      mAP50  mAP50-95): 100% ━━━━━━━━━━━━ 2/2 3.0it/s 0.7s
[36m(ClientAppActor pid=808844)[0m                    all         15         83      0.367       0.41      0.327      0.155
[36m(ClientAppActor pid=808844)[0m 
[36m(ClientAppActor pid=808844)[0m       Epoch    GPU_mem   box_loss   cls_loss   dfl_loss  Instances       Size
[36m(ClientAppActor pid=808845)[0m 
[K        1/3      1.44G      4.368      7.105      2.364         27        640: 37% ━━━━──────── 67/181 5.0it/s 16.5s<22.8s[32m [repeated 5x across cluster][0m
[36m(ClientAppActor pid=808837)[0m 
[K        1/3      1.41G      4.191      7.997      2.276         29        640: 62% ━━━━━━━───── 71/115 4.4it/s 18.0s<9.9s[32m [repeated 22x across cluster][0m
[36m(ClientAppActor pid=808844)[0m 
[K        3/3      1.47G      4.646      14.45       1.97          3        640: 0% ──────────── 0/43  0.2s
[36m(ClientAppActor pid=808844)[0m 
[K        3/3      1.47G      4.726      9.067      2.555         36        640: 2% ──────────── 1/43 1.4it/s 0.4s<29.5s
[36m(ClientAppActor pid=808844)[0m 
[K        3/3      1.47G      4.619      7.181      2.427         25        640: 5% ╸─────────── 2/43 2.4it/s 0.6s<16.9s
[36m(ClientAppActor pid=808845)[0m 
[K        1/3      1.44G      4.371       6.71      2.349         33        640: 41% ━━━━╸─────── 75/181 3.7it/s 18.6s<28.6s[32m [repeated 8x across cluster][0m
[36m(ClientAppActor pid=808844)[0m 
[K        3/3      1.47G      4.255       6.23      2.376         10        640: 7% ╸─────────── 3/43 4.0it/s 0.7s<10.1s
[36m(ClientAppActor pid=808837)[0m 
[K        1/3      1.41G       4.21      7.725      2.275         33        640: 66% ━━━━━━━╸──── 76/115 5.1it/s 19.0s<7.7s[32m [repeated 24x across cluster][0m
[36m(ClientAppActor pid=808844)[0m 
[K        3/3      1.47G      4.681      6.448      2.405         16        640: 9% ━─────────── 4/43 4.4it/s 0.9s<8.9s
[36m(ClientAppActor pid=808844)[0m 
[K        3/3      1.47G      4.483      5.878      2.362         23        640: 12% ━─────────── 5/43 4.6it/s 1.1s<8.3s
[36m(ClientAppActor pid=808837)[0m 
[K        1/3      1.41G      4.228      7.483      2.277         23        640: 70% ━━━━━━━━──── 81/115 5.0it/s 20.0s<6.8s[32m [repeated 26x across cluster][0m
[36m(ClientAppActor pid=808844)[0m 
[K        3/3      1.47G       4.32      5.798      2.423          6        640: 14% ━╸────────── 6/43 4.7it/s 1.3s<7.8s
[36m(ClientAppActor pid=808844)[0m 
[K        3/3      1.47G       4.45      5.738      2.482         15        640: 16% ━╸────────── 7/43 4.8it/s 1.5s<7.5s
[36m(ClientAppActor pid=808844)[0m 
[K        3/3      1.47G       4.46      5.472      2.464         38        640: 19% ━━────────── 8/43 4.8it/s 1.7s<7.3s
[36m(ClientAppActor pid=808845)[0m 
[K        1/3      1.44G      4.368      6.437      2.339         35        640: 45% ━━━━━─────── 82/181 5.0it/s 20.1s<19.9s[32m [repeated 7x across cluster][0m
[36m(ClientAppActor pid=808837)[0m 
[K        1/3      1.41G      4.201      7.254      2.271         19        640: 75% ━━━━━━━━╸─── 86/115 5.2it/s 21.0s<5.6s[32m [repeated 23x across cluster][0m
[36m(ClientAppActor pid=808837)[0m 
[K        1/3      1.41G      4.209      7.168      2.273         57        640: 77% ━━━━━━━━━─── 88/115 5.2it/s 21.3s<5.2s[32m [repeated 23x across cluster][0m
[36m(ClientAppActor pid=808844)[0m 
[K        3/3      1.47G      4.355      5.032      2.402         25        640: 26% ━━━───────── 11/43 4.4it/s 2.5s<7.3s
[36m(ClientAppActor pid=808844)[0m 
[K        3/3      1.47G      4.383      5.163      2.418          9        640: 23% ━━╸───────── 10/43 5.0it/s 2.1s<6.7s[32m [repeated 2x across cluster][0m
[36m(ClientAppActor pid=808845)[0m 
[K        1/3      1.44G      4.378      6.161      2.327         45        640: 50% ━━━━━╸────── 90/181 4.8it/s 21.7s<19.1s[32m [repeated 8x across cluster][0m
[36m(ClientAppActor pid=808833)[0m 
[K        1/3      1.48G      4.048      3.814      2.345         93        640: 81% ━━━━━━━━━╸── 97/120 3.7it/s 24.3s<6.3s[32m [repeated 15x across cluster][0m
[36m(ClientAppActor pid=808844)[0m 
[K        3/3      1.47G      4.383      5.079      2.419         12        640: 28% ━━━───────── 12/43 3.9it/s 2.8s<8.0s
[36m(ClientAppActor pid=808836)[0m 
[K        1/3      1.43G      4.484      6.388      2.233         14        640: 87% ━━━━━━━━━━── 92/106 5.6it/s 22.1s<2.5s[32m [repeated 4x across cluster][0m
[36m(ClientAppActor pid=808845)[0m 
[K        1/3      1.44G       4.37      5.934      2.323         82        640: 54% ━━━━━━────── 98/181 3.6it/s 23.8s<23.1s[32m [repeated 8x across cluster][0m
[36m(ClientAppActor pid=808836)[0m 
[K        1/3      1.43G      4.484      6.251      2.243         15        640: 92% ━━━━━━━━━━╸─ 97/106 4.2it/s 23.4s<2.1s[32m [repeated 5x across cluster][0m
[36m(ClientAppActor pid=808836)[0m 
[K        1/3      1.43G      4.466      6.132      2.238         36        640: 95% ━━━━━━━━━━━─ 101/106 4.4it/s 24.6s<1.1s[32m [repeated 4x across cluster][0m
[36m(ClientAppActor pid=808836)[0m 
[K        1/3      1.43G      4.461      6.118      2.234         12        640: 96% ━━━━━━━━━━━╸ 102/106 4.8it/s 24.8s<0.8s
[36m(ClientAppActor pid=808844)[0m 
[K        3/3      1.47G      4.436      4.883      2.428         15        640: 33% ━━━╸──────── 14/43 4.3it/s 3.4s<6.7s[32m [repeated 2x across cluster][0m
[36m(ClientAppActor pid=808836)[0m 
[K        1/3      1.43G      4.461      6.091      2.234         46        640: 97% ━━━━━━━━━━━╸ 103/106 4.8it/s 25.0s<0.6s
[36m(ClientAppActor pid=808845)[0m 
[K        1/3      1.44G      4.361      5.804      2.322         55        640: 57% ━━━━━━╸───── 103/181 4.8it/s 24.8s<16.2s[32m [repeated 5x across cluster][0m
[36m(ClientAppActor pid=808836)[0m 
[K        1/3      1.43G      4.463      6.067      2.232         56        640: 98% ━━━━━━━━━━━╸ 104/106 4.9it/s 25.2s<0.4s
[36m(ClientAppActor pid=808836)[0m 
[K        1/3      1.47G      4.467      6.052      2.229         19        640: 99% ━━━━━━━━━━━╸ 105/106 4.6it/s 25.4s<0.2s
[K        1/3      1.47G      4.467      6.052      2.229         19        640: 100% ━━━━━━━━━━━━ 106/106 4.2it/s 25.4s
[K        1/3      1.47G      4.467      6.052      2.229         19        640: 100% ━━━━━━━━━━━━ 106/106 4.2it/s 25.4s
[36m(ClientAppActor pid=808844)[0m 
[K        3/3      1.47G      4.376      4.807      2.411         17        640: 37% ━━━━──────── 16/43 4.9it/s 3.8s<5.5s[32m [repeated 2x across cluster][0m
[36m(ClientAppActor pid=808845)[0m 
[K        1/3      1.44G      4.362      5.716      2.318         50        640: 59% ━━━━━━━───── 107/181 5.5it/s 25.5s<13.6s[32m [repeated 2x across cluster][0m
[36m(ClientAppActor pid=808836)[0m 
[K                 Class     Images  Instances      Box(P          R      mAP50  mAP50-95): 11% ━─────────── 1/9 1.5s/it 0.5s<12.0s
[36m(ClientAppActor pid=808836)[0m 
[K                 Class     Images  Instances      Box(P          R      mAP50  mAP50-95): 22% ━━╸───────── 2/9 1.3it/s 0.8s<5.4s
[36m(ClientAppActor pid=808844)[0m 
[K        3/3      1.47G      4.473      4.817      2.472         18        640: 40% ━━━━╸─────── 17/43 5.0it/s 4.0s<5.2s
[36m(ClientAppActor pid=808836)[0m 
[K                 Class     Images  Instances      Box(P          R      mAP50  mAP50-95): 33% ━━━━──────── 3/9 1.8it/s 1.2s<3.4s
[36m(ClientAppActor pid=808844)[0m 
[K        3/3      1.47G      4.507      4.446       2.42         24        640: 63% ━━━━━━━╸──── 27/43 5.6it/s 5.8s<2.8s
[36m(ClientAppActor pid=808844)[0m 
[K        3/3      1.47G      4.502      4.403      2.424         22        640: 65% ━━━━━━━╸──── 28/43 5.7it/s 6.0s<2.7s
[36m(ClientAppActor pid=808836)[0m 
[K                 Class     Images  Instances      Box(P          R      mAP50  mAP50-95): 44% ━━━━━─────── 4/9 2.1it/s 1.5s<2.4s
[36m(ClientAppActor pid=808844)[0m 
[K        3/3      1.47G      4.526      4.439      2.417          7        640: 70% ━━━━━━━━──── 30/43 5.8it/s 6.3s<2.2s[32m [repeated 2x across cluster][0m
[36m(ClientAppActor pid=808836)[0m 
[K                 Class     Images  Instances      Box(P          R      mAP50  mAP50-95): 56% ━━━━━━╸───── 5/9 2.3it/s 1.9s<1.7s
[36m(ClientAppActor pid=808844)[0m 
[K        3/3      1.47G      4.478       4.67      2.451         33        640: 44% ━━━━━─────── 19/43 5.0it/s 4.4s<4.8s[32m [repeated 2x across cluster][0m
[36m(ClientAppActor pid=808844)[0m 
[K        3/3      1.47G        4.5      4.418      2.414         29        640: 74% ━━━━━━━━╸─── 32/43 5.8it/s 6.7s<1.9s[32m [repeated 2x across cluster][0m
[36m(ClientAppActor pid=808836)[0m 
[K                 Class     Images  Instances      Box(P          R      mAP50  mAP50-95): 67% ━━━━━━━━──── 6/9 2.6it/s 2.2s<1.2s
[36m(ClientAppActor pid=808836)[0m 
[K                 Class     Images  Instances      Box(P          R      mAP50  mAP50-95): 78% ━━━━━━━━━─── 7/9 3.0it/s 2.4s<0.7s
[36m(ClientAppActor pid=808844)[0m 
[K        3/3      1.47G      4.496      4.423      2.399         30        640: 79% ━━━━━━━━━─── 34/43 6.2it/s 7.0s<1.4s[32m [repeated 5x across cluster][0m
[36m(ClientAppActor pid=808840)[0m 
[K                 Class     Images  Instances      Box(P          R      mAP50  mAP50-95): 18% ━━────────── 2/11 1.9it/s 0.6s<4.7s
[36m(ClientAppActor pid=808836)[0m 
[K                 Class     Images  Instances      Box(P          R      mAP50  mAP50-95): 89% ━━━━━━━━━━╸─ 8/9 3.7it/s 2.6s<0.3s
[36m(ClientAppActor pid=808841)[0m 
[K                 Class     Images  Instances      Box(P          R      mAP50  mAP50-95): 27% ━━━───────── 3/11 2.8it/s 0.8s<2.8s
[36m(ClientAppActor pid=808844)[0m 
[K        3/3      1.47G      4.491      4.665      2.434         26        640: 49% ━━━━━╸────── 21/43 5.2it/s 4.7s<4.2s[32m [repeated 2x across cluster][0m
[36m(ClientAppActor pid=808836)[0m 
[K                 Class     Images  Instances      Box(P          R      mAP50  mAP50-95): 100% ━━━━━━━━━━━━ 9/9 2.9it/s 3.2s
[K                 Class     Images  Instances      Box(P          R      mAP50  mAP50-95): 100% ━━━━━━━━━━━━ 9/9 2.9it/s 3.2s
[36m(ClientAppActor pid=808844)[0m 
[K        3/3      1.47G      4.485      4.383      2.391         32        640: 81% ━━━━━━━━━╸── 35/43 6.7it/s 7.1s<1.2s[32m [repeated 9x across cluster][0m
[36m(ClientAppActor pid=808833)[0m 
[K                 Class     Images  Instances      Box(P          R      mAP50  mAP50-95): 7% ╸─────────── 1/15 2.4s/it 0.7s<34.3s
[36m(ClientAppActor pid=808836)[0m                    all         69        401      0.578      0.471      0.532      0.286
[36m(ClientAppActor pid=808836)[0m 
[36m(ClientAppActor pid=808836)[0m       Epoch    GPU_mem   box_loss   cls_loss   dfl_loss  Instances       Size
[36m(ClientAppActor pid=808833)[0m 
[K                 Class     Images  Instances      Box(P          R      mAP50  mAP50-95): 13% ━╸────────── 2/15 1.7it/s 0.9s<7.4s
[36m(ClientAppActor pid=808844)[0m 
[K        3/3      1.47G      4.528      4.368      2.385         34        640: 86% ━━━━━━━━━━── 37/43 6.1it/s 7.5s<1.0s[32m [repeated 23x across cluster][0m
[36m(ClientAppActor pid=808836)[0m 
[K        2/3      1.47G       3.92      3.199      1.922         55        640: 0% ──────────── 0/106  0.3s
[36m(ClientAppActor pid=808836)[0m 
[K        2/3      1.47G      4.376      3.578      2.075         37        640: 1% ──────────── 1/106 1.5it/s 0.5s<1:10
[36m(ClientAppActor pid=808841)[0m 
[K                 Class     Images  Instances      Box(P          R      mAP50  mAP50-95): 64% ━━━━━━━╸──── 7/11 3.9it/s 1.8s<1.0s
[36m(ClientAppActor pid=808844)[0m 
[K        3/3      1.47G      4.504      4.564      2.425         31        640: 53% ━━━━━━────── 23/43 5.6it/s 5.1s<3.6s[32m [repeated 2x across cluster][0m
[36m(ClientAppActor pid=808844)[0m 
[K        3/3      1.47G      4.503      4.302      2.376         22        640: 95% ━━━━━━━━━━━─ 41/43 6.4it/s 8.4s<0.3s
[K        3/3      1.47G      4.487      4.269      2.365          8        640: 98% ━━━━━━━━━━━╸ 42/43 7.5it/s 8.5s<0.1s
[K        3/3      1.47G      4.487      4.269      2.365          8        640: 100% ━━━━━━━━━━━━ 43/43 5.0it/s 8.5s
[K        3/3      1.47G      4.487      4.269      2.365          8        640: 100% ━━━━━━━━━━━━ 43/43 5.0it/s 8.5s
[36m(ClientAppActor pid=808836)[0m 
[K        2/3      1.47G      3.992      3.202      2.013         39        640: 2% ──────────── 2/106 3.0it/s 0.6s<35.0s
[36m(ClientAppActor pid=808841)[0m 
[K                 Class     Images  Instances      Box(P          R      mAP50  mAP50-95): 73% ━━━━━━━━╸─── 8/11 4.1it/s 2.0s<0.7s
[36m(ClientAppActor pid=808844)[0m 
[K        3/3      1.47G      4.561      4.359      2.391         17        640: 91% ━━━━━━━━━━╸─ 39/43 4.4it/s 8.3s<0.9s[32m [repeated 21x across cluster][0m
[36m(ClientAppActor pid=808836)[0m 
[K        2/3      1.47G      4.119      3.232      2.015         37        640: 3% ──────────── 3/106 4.3it/s 0.8s<24.0s
[36m(ClientAppActor pid=808844)[0m 
[K                 Class     Images  Instances      Box(P          R      mAP50  mAP50-95): 50% ━━━━━━────── 1/2 1.5it/s 0.2s<0.7s
[36m(ClientAppActor pid=808837)[0m 
[K                 Class     Images  Instances      Box(P          R      mAP50  mAP50-95): 30% ━━━╸──────── 3/10 3.0it/s 0.7s<2.3s
[36m(ClientAppActor pid=808836)[0m 
[K        2/3      1.47G       3.99       3.35      2.029         15        640: 4% ──────────── 4/106 5.6it/s 0.9s<18.1s
[36m(ClientAppActor pid=808841)[0m 
[K                 Class     Images  Instances      Box(P          R      mAP50  mAP50-95): 82% ━━━━━━━━━╸── 9/11 4.4it/s 2.2s<0.5s
[36m(ClientAppActor pid=808837)[0m 
[K                 Class     Images  Instances      Box(P          R      mAP50  mAP50-95): 40% ━━━━╸─────── 4/10 3.6it/s 0.9s<1.7s
[36m(ClientAppActor pid=808837)[0m 
[K        1/3      1.41G      4.202      6.448      2.289         29        640: 96% ━━━━━━━━━━━─ 110/115 5.9it/s 26.0s<0.9s[32m [repeated 21x across cluster][0m
[36m(ClientAppActor pid=808837)[0m 
[K        1/3      1.41G      4.217      6.368      2.286         38        640: 98% ━━━━━━━━━━━╸ 113/115 6.6it/s 26.5s<0.3s[32m [repeated 13x across cluster][0m
[36m(ClientAppActor pid=808836)[0m 
[K        2/3      1.47G      4.024      3.471      2.067         29        640: 5% ╸─────────── 5/106 6.5it/s 1.0s<15.6s
[36m(ClientAppActor pid=808836)[0m 
[K        2/3      1.47G       4.09      3.603      2.089         22        640: 6% ╸─────────── 6/106 7.4it/s 1.1s<13.6s
[36m(ClientAppActor pid=808844)[0m 
[36m(ClientAppActor pid=808844)[0m 3 epochs completed in 0.009 hours.
[36m(ClientAppActor pid=808833)[0m 
[K                 Class     Images  Instances      Box(P          R      mAP50  mAP50-95): 47% ━━━━━╸────── 7/15 4.5it/s 2.0s<1.8s
[36m(ClientAppActor pid=808840)[0m 
[36m(ClientAppActor pid=808836)[0m 
[K        2/3      1.47G      4.139      3.563      2.094         51        640: 7% ╸─────────── 7/106 8.0it/s 1.2s<12.4s
[36m(ClientAppActor pid=808844)[0m Optimizer stripped from /tmp/fl_yolo_runs_808844/train/weights/last.pt, 16.5MB
[36m(ClientAppActor pid=808841)[0m 
[36m(ClientAppActor pid=808836)[0m 
[K        2/3      1.47G      4.153      3.541      2.075         50        640: 8% ╸─────────── 8/106 8.1it/s 1.3s<12.0s
[36m(ClientAppActor pid=808844)[0m Optimizer stripped from /tmp/fl_yolo_runs_808844/train/weights/best.pt, 16.5MB
[36m(ClientAppActor pid=808844)[0m 
[36m(ClientAppActor pid=808844)[0m Validating /tmp/fl_yolo_runs_808844/train/weights/best.pt...
[36m(ClientAppActor pid=808844)[0m Ultralytics 8.3.234 Python-3.10.19 torch-2.6.0+cu124 CUDA:0 (NVIDIA RTX 5000 Ada Generation, 32220MiB)
[36m(ClientAppActor pid=808837)[0m 
[K                 Class     Images  Instances      Box(P          R      mAP50  mAP50-95): 60% ━━━━━━━───── 6/10 4.6it/s 1.3s<0.9s
[36m(ClientAppActor pid=808844)[0m 
[K        3/3      1.47G      4.536      4.502      2.432         21        640: 58% ━━━━━━╸───── 25/43 5.6it/s 5.4s<3.2s[32m [repeated 4x across cluster][0m
[36m(ClientAppActor pid=808836)[0m 
[K        2/3      1.47G      4.134      3.495      2.076         27        640: 8% ━─────────── 9/106 7.9it/s 1.5s<12.2s
[36m(ClientAppActor pid=808844)[0m YOLOv10s summary (fused): 106 layers, 7,218,387 parameters, 0 gradients, 21.4 GFLOPs
[36m(ClientAppActor pid=808836)[0m 
[K        2/3      1.47G      4.081      3.498      2.062         15        640: 9% ━─────────── 10/106 7.8it/s 1.6s<12.3s
[36m(ClientAppActor pid=808837)[0m 
[K        1/3      1.46G      4.235      6.341      2.285         12        640: 99% ━━━━━━━━━━━╸ 114/115 4.9it/s 27.4s<0.2s
[K        1/3      1.46G      4.235      6.341      2.285         12        640: 100% ━━━━━━━━━━━━ 115/115 4.2it/s 27.4s
[K        1/3      1.46G      4.235      6.341      2.285         12        640: 100% ━━━━━━━━━━━━ 115/115 4.2it/s 27.4s[32m [repeated 4x across cluster][0m
[36m(ClientAppActor pid=808836)[0m 
[K        2/3      1.47G       4.04      3.498      2.049         15        640: 10% ━─────────── 11/106 7.6it/s 1.7s<12.5s
[36m(ClientAppActor pid=808836)[0m 
[K        2/3      1.47G      4.077      3.531      2.053         23        640: 11% ━─────────── 12/106 7.2it/s 1.9s<13.0s
[36m(ClientAppActor pid=808836)[0m 
[K        2/3      1.47G      4.157      3.534      2.058         65        640: 12% ━─────────── 13/106 7.1it/s 2.0s<13.0s
[36m(ClientAppActor pid=808844)[0m Speed: 0.3ms preprocess, 2.6ms inference, 0.0ms loss, 3.3ms postprocess per image
[36m(ClientAppActor pid=808845)[0m 
[K        1/3      1.44G      4.377      5.591      2.312         85        640: 62% ━━━━━━━───── 113/181 5.7it/s 26.5s<11.9s[32m [repeated 7x across cluster][0m
[36m(ClientAppActor pid=808837)[0m 
[K                 Class     Images  Instances      Box(P          R      mAP50  mAP50-95): 10% ━─────────── 1/10 1.0it/s 0.3s<8.8s[32m [repeated 3x across cluster][0m
[36m(ClientAppActor pid=808836)[0m 
[K        2/3      1.47G       4.23      3.536      2.067         63        640: 13% ━╸────────── 14/106 7.2it/s 2.2s<12.7s
[36m(ClientAppActor pid=808844)[0m [Client 2] Training complete:
[36m(ClientAppActor pid=808844)[0m   mAP50: 0.3678, mAP50-95: 0.1779
[36m(ClientAppActor pid=808844)[0m   Precision: 0.5331, Recall: 0.3614
[36m(ClientAppActor pid=808844)[0m   BN Stats: μ=0.0000, σ=0.0000
[36m(ClientAppActor pid=808836)[0m 
[K        2/3      1.47G       4.27      3.593      2.063         23        640: 14% ━╸────────── 15/106 7.4it/s 2.3s<12.4s
[36m(ClientAppActor pid=808836)[0m 
[K        2/3      1.47G      4.245      3.552       2.08         62        640: 15% ━╸────────── 16/106 7.1it/s 2.5s<12.6s
[36m(ClientAppActor pid=808837)[0m 
[36m(ClientAppActor pid=808836)[0m 
[K        2/3      1.47G      4.287      3.581      2.084         36        640: 16% ━╸────────── 17/106 7.2it/s 2.6s<12.4s
[36m(ClientAppActor pid=808836)[0m 
[K        2/3      1.47G      4.346      3.596      2.082         40        640: 17% ━━────────── 18/106 7.0it/s 2.8s<12.7s
[36m(ClientAppActor pid=808833)[0m 
[K                 Class     Images  Instances      Box(P          R      mAP50  mAP50-95): 87% ━━━━━━━━━━── 13/15 3.9it/s 3.6s<0.5s
[36m(ClientAppActor pid=808833)[0m 
[K                 Class     Images  Instances      Box(P          R      mAP50  mAP50-95): 33% ━━━━──────── 5/15 3.5it/s 1.6s<2.8s[32m [repeated 3x across cluster][0m
[36m(ClientAppActor pid=808836)[0m 
[K        2/3      1.47G      4.323      3.574      2.077         22        640: 18% ━━────────── 19/106 7.0it/s 2.9s<12.4s
[36m(ClientAppActor pid=808845)[0m 
[K        1/3      1.44G      4.353      5.462       2.31         81        640: 66% ━━━━━━━╸──── 120/181 6.8it/s 27.7s<9.0s[32m [repeated 7x across cluster][0m
[36m(ClientAppActor pid=808836)[0m 
[K        2/3      1.47G       4.32      3.552      2.085         41        640: 19% ━━────────── 20/106 6.9it/s 3.0s<12.4s
[36m(ClientAppActor pid=808833)[0m 
[K                 Class     Images  Instances      Box(P          R      mAP50  mAP50-95): 93% ━━━━━━━━━━━─ 14/15 3.8it/s 3.8s<0.3s
[36m(ClientAppActor pid=808836)[0m 
[K        2/3      1.47G        4.3      3.566      2.095         27        640: 20% ━━────────── 21/106 6.9it/s 3.2s<12.3s
[36m(ClientAppActor pid=808840)[0m 
[K                 Class     Images  Instances      Box(P          R      mAP50  mAP50-95): 45% ━━━━━─────── 5/11 3.5it/s 1.3s<1.7s[32m [repeated 2x across cluster][0m
[36m(ClientAppActor pid=808836)[0m 
[K        2/3      1.47G      4.318      3.581        2.1         28        640: 21% ━━────────── 22/106 6.9it/s 3.3s<12.2s
[36m(ClientAppActor pid=808833)[0m 
[36m(ClientAppActor pid=808845)[0m 
[K        1/3      1.44G      4.363      5.348      2.309         47        640: 71% ━━━━━━━━──── 128/181 7.3it/s 29.5s<7.2s[32m [repeated 8x across cluster][0m
[36m(ClientAppActor pid=808836)[0m 
[K        2/3      1.47G      4.327      3.565      2.103         37        640: 22% ━━╸───────── 23/106 6.7it/s 3.5s<12.5s
[36m(ClientAppActor pid=808841)[0m 
[K                 Class     Images  Instances      Box(P          R      mAP50  mAP50-95): 55% ━━━━━━╸───── 6/11 3.4it/s 1.6s<1.5s[32m [repeated 2x across cluster][0m
[36m(ClientAppActor pid=808836)[0m 
[K        2/3      1.47G      4.295      3.537       2.09         17        640: 23% ━━╸───────── 24/106 6.5it/s 3.7s<12.7s
[36m(ClientAppActor pid=808836)[0m 
[K        2/3      1.47G      4.288      3.532      2.096         45        640: 24% ━━╸───────── 25/106 6.3it/s 3.8s<12.8s
[36m(ClientAppActor pid=808845)[0m 
[K        1/3      1.44G      4.345       5.23      2.297         53        640: 75% ━━━━━━━━╸─── 135/181 7.5it/s 30.4s<6.1s[32m [repeated 7x across cluster][0m
[36m(ClientAppActor pid=808833)[0m 
[K                 Class     Images  Instances      Box(P          R      mAP50  mAP50-95): 67% ━━━━━━━━──── 10/15 4.2it/s 2.8s<1.2s[32m [repeated 2x across cluster][0m
[36m(ClientAppActor pid=808836)[0m 
[K        2/3      1.47G       4.27       3.51      2.095         29        640: 25% ━━╸───────── 26/106 6.2it/s 4.0s<12.8s
[36m(ClientAppActor pid=808845)[0m 
[K        1/3      1.44G      4.331      5.125      2.293         94        640: 79% ━━━━━━━━━─── 143/181 7.0it/s 31.5s<5.4s[32m [repeated 8x across cluster][0m
[36m(ClientAppActor pid=808836)[0m 
[K        2/3      1.47G      4.237      3.484      2.087         25        640: 25% ━━━───────── 27/106 6.2it/s 4.2s<12.8s
[36m(ClientAppActor pid=808837)[0m 
[K                 Class     Images  Instances      Box(P          R      mAP50  mAP50-95): 20% ━━────────── 2/10 2.1it/s 0.5s<3.9s[32m [repeated 3x across cluster][0m
[36m(ClientAppActor pid=808836)[0m 
[K        2/3      1.47G      4.245      3.482      2.092         35        640: 26% ━━━───────── 28/106 5.2it/s 4.5s<15.0s
[36m(ClientAppActor pid=808837)[0m 
[K                 Class     Images  Instances      Box(P          R      mAP50  mAP50-95): 90% ━━━━━━━━━━╸─ 9/10 4.0it/s 2.1s<0.2s[32m [repeated 3x across cluster][0m
[36m(ClientAppActor pid=808833)[0m 
[K                 Class     Images  Instances      Box(P          R      mAP50  mAP50-95): 27% ━━━───────── 4/15 3.0it/s 1.4s<3.6s[32m [repeated 2x across cluster][0m
[36m(ClientAppActor pid=808836)[0m 
[K        2/3      1.47G      4.254      3.477      2.084         64        640: 27% ━━━───────── 29/106 4.4it/s 4.9s<17.4s
[36m(ClientAppActor pid=808833)[0m 
[K                 Class     Images  Instances      Box(P          R      mAP50  mAP50-95): 100% ━━━━━━━━━━━━ 15/15 3.7it/s 4.1s
[K                 Class     Images  Instances      Box(P          R      mAP50  mAP50-95): 100% ━━━━━━━━━━━━ 15/15 3.7it/s 4.1s[32m [repeated 6x across cluster][0m
[36m(ClientAppActor pid=808845)[0m 
[K        1/3      1.44G      4.314      5.041      2.291         23        640: 83% ━━━━━━━━━╸── 150/181 6.2it/s 32.6s<5.0s[32m [repeated 7x across cluster][0m
[36m(ClientAppActor pid=808833)[0m                    all        115       1013      0.537      0.476      0.471      0.221[32m [repeated 6x across cluster][0m
[36m(ClientAppActor pid=808833)[0m       Epoch    GPU_mem   box_loss   cls_loss   dfl_loss  Instances       Size[32m [repeated 4x across cluster][0m
[36m(ClientAppActor pid=808836)[0m 
[K        2/3      1.47G        4.3      3.504      2.107         26        640: 28% ━━━───────── 30/106 3.8it/s 5.3s<20.1s
[36m(ClientAppActor pid=808845)[0m 
[K        1/3      1.44G      4.306      5.002      2.288         57        640: 85% ━━━━━━━━━━── 153/181 4.3it/s 33.5s<6.5s[32m [repeated 3x across cluster][0m
[36m(ClientAppActor pid=808833)[0m 
[K        2/3      1.54G      3.908      2.619      2.167         85        640: 4% ──────────── 5/120 3.8it/s 1.3s<30.5s[32m [repeated 22x across cluster][0m
[36m(ClientAppActor pid=808836)[0m 
[K        2/3      1.47G      4.285      3.484      2.105         39        640: 29% ━━━╸──────── 31/106 4.4it/s 5.5s<17.1s
[36m(ClientAppActor pid=808840)[0m 
[K                 Class     Images  Instances      Box(P          R      mAP50  mAP50-95): 64% ━━━━━━━╸──── 7/11 3.5it/s 1.8s<1.1s
[36m(ClientAppActor pid=808836)[0m 
[K        2/3      1.47G      4.282      3.472      2.101         36        640: 30% ━━━╸──────── 32/106 4.8it/s 5.7s<15.3s
[36m(ClientAppActor pid=808836)[0m 
[K        2/3      1.47G      4.292      3.459      2.107         35        640: 31% ━━━╸──────── 33/106 5.2it/s 5.8s<14.0s
[36m(ClientAppActor pid=808833)[0m 
[K                 Class     Images  Instances      Box(P          R      mAP50  mAP50-95): 73% ━━━━━━━━╸─── 11/15 4.1it/s 3.0s<1.0s[32m [repeated 2x across cluster][0m
[36m(ClientAppActor pid=808844)[0m 
[K                 Class     Images  Instances      Box(P          R      mAP50  mAP50-95): 50% ━━━━━━────── 1/2 2.6it/s 0.1s<0.4s[32m [repeated 3x across cluster][0m
[36m(ClientAppActor pid=808836)[0m 
[K        2/3      1.47G      4.284      3.458      2.109         27        640: 32% ━━━╸──────── 34/106 5.5it/s 6.0s<13.2s
[36m(ClientAppActor pid=808833)[0m 
[K                 Class     Images  Instances      Box(P          R      mAP50  mAP50-95): 80% ━━━━━━━━━╸── 12/15 4.2it/s 3.3s<0.7s[32m [repeated 3x across cluster][0m
[36m(ClientAppActor pid=808833)[0m 
[K                 Class     Images  Instances      Box(P          R      mAP50  mAP50-95): 40% ━━━━╸─────── 6/15 4.1it/s 1.8s<2.2s
[36m(ClientAppActor pid=808833)[0m 
[K        2/3      1.54G      3.747      2.548      2.212        100        640: 8% ╸─────────── 9/120 4.8it/s 2.4s<23.3s[32m [repeated 19x across cluster][0m
[36m(ClientAppActor pid=808836)[0m 
[K        2/3      1.47G      4.274      3.448       2.12         18        640: 33% ━━━╸──────── 35/106 5.6it/s 6.2s<12.7s
[36m(ClientAppActor pid=808845)[0m 
[K        1/3      1.44G      4.297      4.934      2.284         26        640: 88% ━━━━━━━━━━╸─ 159/181 5.7it/s 34.7s<3.9s
[36m(ClientAppActor pid=808836)[0m 
[K        2/3      1.47G      4.258      3.434      2.116         29        640: 34% ━━━━──────── 36/106 5.7it/s 6.3s<12.3s
[36m(ClientAppActor pid=808845)[0m 
[K        1/3      1.44G      4.294       4.92      2.282         58        640: 88% ━━━━━━━━━━╸─ 160/181 5.7it/s 34.9s<3.7s
[36m(ClientAppActor pid=808836)[0m 
[K        2/3      1.47G      4.244      3.415      2.111         75        640: 35% ━━━━──────── 37/106 5.8it/s 6.5s<11.9s
[36m(ClientAppActor pid=808833)[0m 
[K                 Class     Images  Instances      Box(P          R      mAP50  mAP50-95): 60% ━━━━━━━───── 9/15 4.1it/s 2.5s<1.4s
[36m(ClientAppActor pid=808833)[0m 
[K        2/3      1.54G      3.691      2.552      2.188        119        640: 11% ━─────────── 13/120 5.8it/s 3.0s<18.5s[32m [repeated 19x across cluster][0m
[36m(ClientAppActor pid=808845)[0m 
[K        1/3      1.44G      4.291      4.909      2.282         44        640: 89% ━━━━━━━━━━╸─ 161/181 5.6it/s 35.1s<3.6s
[36m(ClientAppActor pid=808836)[0m 
[K        2/3      1.47G      4.246      3.409      2.105         61        640: 36% ━━━━──────── 38/106 5.6it/s 6.7s<12.1s
[36m(ClientAppActor pid=808845)[0m 
[K        1/3      1.44G      4.297      4.906      2.284         29        640: 90% ━━━━━━━━━━╸─ 162/181 5.7it/s 35.2s<3.3s
[36m(ClientAppActor pid=808836)[0m 
[K        2/3      1.47G      4.247      3.428      2.108         14        640: 37% ━━━━──────── 39/106 5.7it/s 6.9s<11.8s
[36m(ClientAppActor pid=808845)[0m 
[K        1/3      1.44G      4.297      4.894      2.282         37        640: 90% ━━━━━━━━━━╸─ 163/181 5.7it/s 35.4s<3.2s
[36m(ClientAppActor pid=808836)[0m 
[K        2/3      1.47G      4.221      3.404      2.109         24        640: 38% ━━━━╸─────── 40/106 5.7it/s 7.0s<11.6s
[36m(ClientAppActor pid=808845)[0m 
[K        1/3      1.44G      4.296      4.882      2.281         33        640: 91% ━━━━━━━━━━╸─ 164/181 5.7it/s 35.6s<3.0s
[36m(ClientAppActor pid=808836)[0m 
[K        2/3      1.47G      4.194      3.387      2.112         20        640: 39% ━━━━╸─────── 41/106 5.8it/s 7.2s<11.2s
[36m(ClientAppActor pid=808845)[0m 
[K        1/3      1.44G      4.292      4.869       2.28         52        640: 91% ━━━━━━━━━━╸─ 165/181 5.8it/s 35.7s<2.8s
[36m(ClientAppActor pid=808833)[0m 
[K        2/3      1.54G       3.66      2.511      2.193         98        640: 14% ━╸────────── 17/120 5.8it/s 3.7s<17.8s[32m [repeated 17x across cluster][0m
[36m(ClientAppActor pid=808836)[0m 
[K        2/3      1.47G       4.18      3.379       2.11         30        640: 40% ━━━━╸─────── 42/106 6.0it/s 7.4s<10.8s
[36m(ClientAppActor pid=808845)[0m 
[K        1/3      1.44G      4.289      4.862      2.281         16        640: 92% ━━━━━━━━━━━─ 166/181 6.0it/s 35.9s<2.5s
[36m(ClientAppActor pid=808836)[0m 
[K        2/3      1.47G      4.175      3.379      2.114         16        640: 41% ━━━━╸─────── 43/106 6.1it/s 7.5s<10.3s
[36m(ClientAppActor pid=808845)[0m 
[K        1/3      1.44G      4.287      4.851       2.28         53        640: 92% ━━━━━━━━━━━─ 167/181 5.9it/s 36.1s<2.4s
[36m(ClientAppActor pid=808836)[0m 
[K        2/3      1.47G      4.188      3.378      2.115         33        640: 42% ━━━━╸─────── 44/106 6.2it/s 7.7s<10.1s
[36m(ClientAppActor pid=808845)[0m 
[K        1/3      1.44G      4.288      4.839      2.279         39        640: 93% ━━━━━━━━━━━─ 168/181 6.1it/s 36.2s<2.1s
[36m(ClientAppActor pid=808833)[0m 
[K        2/3      1.54G      3.677      2.526      2.196        115        640: 17% ━━────────── 20/120 5.8it/s 4.2s<17.3s[32m [repeated 15x across cluster][0m
[36m(ClientAppActor pid=808836)[0m 
[K        2/3      1.47G      4.185      3.374      2.112         43        640: 42% ━━━━━─────── 45/106 6.1it/s 7.8s<9.9s
[36m(ClientAppActor pid=808845)[0m 
[K        1/3      1.44G      4.283      4.831      2.279         38        640: 93% ━━━━━━━━━━━─ 169/181 6.1it/s 36.4s<2.0s
[36m(ClientAppActor pid=808836)[0m 
[K        2/3      1.47G      4.182      3.364      2.108         43        640: 43% ━━━━━─────── 46/106 6.0it/s 8.0s<10.0s
[36m(ClientAppActor pid=808845)[0m 
[K        1/3      1.44G      4.284      4.824      2.278         43        640: 94% ━━━━━━━━━━━─ 170/181 6.1it/s 36.6s<1.8s
[36m(ClientAppActor pid=808836)[0m 
[K        2/3      1.47G       4.19      3.395      2.123         11        640: 44% ━━━━━─────── 47/106 6.2it/s 8.2s<9.5s
[36m(ClientAppActor pid=808845)[0m 
[K        1/3      1.44G      4.284      4.812      2.277         67        640: 94% ━━━━━━━━━━━─ 171/181 6.0it/s 36.7s<1.7s
[36m(ClientAppActor pid=808836)[0m 
[K        2/3      1.47G      4.214      3.389      2.121         55        640: 45% ━━━━━─────── 48/106 6.2it/s 8.3s<9.3s
[36m(ClientAppActor pid=808845)[0m 
[K        1/3      1.44G      4.278      4.796      2.275         34        640: 95% ━━━━━━━━━━━─ 172/181 5.9it/s 36.9s<1.5s
[36m(ClientAppActor pid=808836)[0m 
[K        2/3      1.47G      4.203      3.389      2.124         30        640: 46% ━━━━━╸────── 49/106 6.3it/s 8.5s<9.1s
[36m(ClientAppActor pid=808845)[0m 
[K        1/3      1.44G      4.275      4.792      2.276         21        640: 96% ━━━━━━━━━━━─ 173/181 5.7it/s 37.1s<1.4s
[36m(ClientAppActor pid=808837)[0m 
[K        2/3      1.46G      4.166      3.342      2.253         36        640: 24% ━━╸───────── 28/115 5.8it/s 5.4s<14.9s[32m [repeated 15x across cluster][0m
[36m(ClientAppActor pid=808836)[0m 
[K        2/3      1.47G      4.196      3.395      2.125         14        640: 47% ━━━━━╸────── 50/106 6.2it/s 8.6s<9.0s
[36m(ClientAppActor pid=808845)[0m 
[K        1/3      1.44G      4.277      4.787      2.276         50        640: 96% ━━━━━━━━━━━╸ 174/181 5.7it/s 37.3s<1.2s
[36m(ClientAppActor pid=808836)[0m 
[K        2/3      1.47G      4.208      3.392      2.128         34        640: 48% ━━━━━╸────── 51/106 6.2it/s 8.8s<8.9s
[36m(ClientAppActor pid=808845)[0m 
[K        1/3      1.44G      4.275      4.778      2.278         68        640: 97% ━━━━━━━━━━━╸ 175/181 5.7it/s 37.4s<1.1s
[36m(ClientAppActor pid=808836)[0m 
[K        2/3      1.47G       4.19      3.381      2.123         28        640: 49% ━━━━━╸────── 52/106 6.2it/s 9.0s<8.7s
[36m(ClientAppActor pid=808845)[0m 
[K        1/3      1.44G      4.272      4.765      2.278         60        640: 97% ━━━━━━━━━━━╸ 176/181 5.5it/s 37.6s<0.9s
[36m(ClientAppActor pid=808836)[0m 
[K        2/3      1.47G      4.178      3.386      2.126         16        640: 50% ━━━━━━────── 53/106 6.1it/s 9.1s<8.7s
[36m(ClientAppActor pid=808837)[0m 
[K        2/3      1.46G      4.173      3.355      2.276         28        640: 29% ━━━───────── 33/115 5.7it/s 6.3s<14.4s[32m [repeated 16x across cluster][0m
[36m(ClientAppActor pid=808836)[0m 
[K        2/3      1.47G       4.18      3.378      2.125         40        640: 51% ━━━━━━────── 54/106 6.2it/s 9.3s<8.4s
[36m(ClientAppActor pid=808845)[0m 
[K        1/3      1.44G      4.269      4.753      2.278         29        640: 98% ━━━━━━━━━━━╸ 177/181 5.5it/s 37.8s<0.7s
[36m(ClientAppActor pid=808836)[0m 
[K        2/3      1.47G      4.165      3.363      2.126         25        640: 52% ━━━━━━────── 55/106 6.1it/s 9.5s<8.4s
[36m(ClientAppActor pid=808845)[0m 
[K        1/3      1.44G      4.271      4.751       2.28         38        640: 98% ━━━━━━━━━━━╸ 178/181 5.6it/s 38.0s<0.5s
[36m(ClientAppActor pid=808836)[0m 
[K        2/3      1.47G      4.181      3.373      2.131         40        640: 53% ━━━━━━────── 56/106 6.3it/s 9.6s<7.9s
[36m(ClientAppActor pid=808845)[0m 
[K        1/3      1.44G      4.271      4.744      2.279         76        640: 99% ━━━━━━━━━━━╸ 179/181 5.4it/s 38.2s<0.4s
[36m(ClientAppActor pid=808836)[0m 
[K        2/3      1.47G      4.191      3.382      2.139         24        640: 54% ━━━━━━────── 57/106 6.1it/s 9.8s<8.0s
[36m(ClientAppActor pid=808845)[0m 
[K        1/3      1.44G      4.268      4.734       2.28        113        640: 99% ━━━━━━━━━━━╸ 180/181 5.9it/s 38.3s<0.2s
[K        1/3      1.44G      4.268      4.734       2.28        113        640: 100% ━━━━━━━━━━━━ 181/181 4.7it/s 38.3s
[K        1/3      1.44G      4.268      4.734       2.28        113        640: 100% ━━━━━━━━━━━━ 181/181 4.7it/s 38.3s
[36m(ClientAppActor pid=808836)[0m 
[K        2/3      1.47G      4.181      3.375      2.147         30        640: 55% ━━━━━━╸───── 58/106 6.3it/s 9.9s<7.6s
[36m(ClientAppActor pid=808836)[0m 
[K        2/3      1.47G        4.2      3.382      2.145         41        640: 56% ━━━━━━╸───── 59/106 6.4it/s 10.1s<7.3s
[36m(ClientAppActor pid=808836)[0m 
[K        2/3      1.47G      4.192      3.376      2.143         20        640: 57% ━━━━━━╸───── 60/106 6.7it/s 10.2s<6.9s
[36m(ClientAppActor pid=808845)[0m 
[K                 Class     Images  Instances      Box(P          R      mAP50  mAP50-95): 6% ╸─────────── 1/17 1.3s/it 0.4s<20.2s
[36m(ClientAppActor pid=808845)[0m 
[K                 Class     Images  Instances      Box(P          R      mAP50  mAP50-95): 12% ━─────────── 2/17 1.8it/s 0.6s<8.4s
[36m(ClientAppActor pid=808845)[0m 
[K        1/3      1.44G      4.297      4.944      2.283         40        640: 87% ━━━━━━━━━━── 158/181 5.5it/s 34.5s<4.2s[32m [repeated 5x across cluster][0m
[36m(ClientAppActor pid=808833)[0m 
[K        2/3      1.54G      3.641      2.588       2.25         51        640: 30% ━━━╸──────── 36/120 6.2it/s 6.9s<13.5s[32m [repeated 16x across cluster][0m
[36m(ClientAppActor pid=808836)[0m 
[K        2/3      1.47G      4.184      3.366      2.144         33        640: 58% ━━━━━━╸───── 61/106 5.6it/s 10.6s<8.1s
[36m(ClientAppActor pid=808845)[0m 
[K                 Class     Images  Instances      Box(P          R      mAP50  mAP50-95): 18% ━━────────── 3/17 2.5it/s 0.9s<5.6s
[36m(ClientAppActor pid=808836)[0m 
[K        2/3      1.47G       4.19      3.364      2.141         26        640: 58% ━━━━━━━───── 62/106 4.7it/s 10.9s<9.3s
[36m(ClientAppActor pid=808845)[0m 
[K                 Class     Images  Instances      Box(P          R      mAP50  mAP50-95): 24% ━━╸───────── 4/17 2.9it/s 1.1s<4.4s
[36m(ClientAppActor pid=808845)[0m 
[K                 Class     Images  Instances      Box(P          R      mAP50  mAP50-95): 29% ━━━╸──────── 5/17 3.6it/s 1.3s<3.3s
[36m(ClientAppActor pid=808836)[0m 
[K        2/3      1.47G      4.178      3.356      2.144         20        640: 59% ━━━━━━━───── 63/106 4.1it/s 11.3s<10.6s
[36m(ClientAppActor pid=808845)[0m 
[K                 Class     Images  Instances      Box(P          R      mAP50  mAP50-95): 35% ━━━━──────── 6/17 3.8it/s 1.5s<2.9s
[36m(ClientAppActor pid=808837)[0m 
[K        2/3      1.46G      4.117      3.387      2.277         20        640: 37% ━━━━──────── 43/115 5.6it/s 8.1s<12.8s[32m [repeated 15x across cluster][0m
[36m(ClientAppActor pid=808836)[0m 
[K        2/3      1.47G      4.174       3.35      2.144         38        640: 60% ━━━━━━━───── 64/106 4.7it/s 11.5s<8.9s
[36m(ClientAppActor pid=808833)[0m 
[K        2/3      1.54G      3.638        2.5      2.195         87        640: 12% ━─────────── 15/120 5.7it/s 3.4s<18.4s[32m [repeated 2x across cluster][0m
[36m(ClientAppActor pid=808836)[0m 
[K        2/3      1.47G      4.175      3.356      2.147         27        640: 61% ━━━━━━━───── 65/106 5.2it/s 11.6s<7.9s
[36m(ClientAppActor pid=808845)[0m 
[K                 Class     Images  Instances      Box(P          R      mAP50  mAP50-95): 41% ━━━━╸─────── 7/17 3.8it/s 1.8s<2.6s
[36m(ClientAppActor pid=808836)[0m 
[K        2/3      1.47G       4.15      3.341      2.144         13        640: 62% ━━━━━━━───── 66/106 5.7it/s 11.8s<7.1s
[36m(ClientAppActor pid=808845)[0m 
[K                 Class     Images  Instances      Box(P          R      mAP50  mAP50-95): 47% ━━━━━╸────── 8/17 3.7it/s 2.1s<2.4s
[36m(ClientAppActor pid=808836)[0m 
[K        2/3      1.47G      4.139      3.333      2.144         28        640: 63% ━━━━━━━╸──── 67/106 5.8it/s 11.9s<6.7s
[36m(ClientAppActor pid=808837)[0m 
[K        2/3      1.46G      4.115      3.381      2.279         47        640: 41% ━━━━╸─────── 47/115 5.3it/s 9.2s<12.7s[32m [repeated 14x across cluster][0m
[36m(ClientAppActor pid=808836)[0m 
[K        2/3      1.47G      4.131      3.317      2.144         18        640: 64% ━━━━━━━╸──── 68/106 5.9it/s 12.1s<6.4s
[36m(ClientAppActor pid=808845)[0m 
[K                 Class     Images  Instances      Box(P          R      mAP50  mAP50-95): 53% ━━━━━━────── 9/17 3.6it/s 2.4s<2.2s
[36m(ClientAppActor pid=808836)[0m 
[K        2/3      1.47G      4.117      3.304      2.142         28        640: 65% ━━━━━━━╸──── 69/106 6.0it/s 12.3s<6.1s
[36m(ClientAppActor pid=808833)[0m 
[K        2/3      1.54G      3.667       2.53      2.197         75        640: 16% ━╸────────── 19/120 5.8it/s 4.1s<17.4s[32m [repeated 2x across cluster][0m
[36m(ClientAppActor pid=808836)[0m 
[K        2/3      1.47G      4.113      3.308       2.14         25        640: 66% ━━━━━━━╸──── 70/106 6.1it/s 12.4s<5.9s
[36m(ClientAppActor pid=808845)[0m 
[K                 Class     Images  Instances      Box(P          R      mAP50  mAP50-95): 59% ━━━━━━━───── 10/17 3.6it/s 2.7s<1.9s
[36m(ClientAppActor pid=808836)[0m 
[K        2/3      1.47G      4.116      3.311       2.14         56        640: 67% ━━━━━━━━──── 71/106 6.2it/s 12.6s<5.6s
[36m(ClientAppActor pid=808836)[0m 
[K        2/3      1.47G      4.119      3.308      2.143         19        640: 68% ━━━━━━━━──── 72/106 6.4it/s 12.7s<5.3s
[36m(ClientAppActor pid=808845)[0m 
[K                 Class     Images  Instances      Box(P          R      mAP50  mAP50-95): 65% ━━━━━━━╸──── 11/17 3.6it/s 2.9s<1.7s
[36m(ClientAppActor pid=808833)[0m 
[K        2/3      1.54G      3.644      2.521      2.189         43        640: 21% ━━────────── 25/120 6.1it/s 5.1s<15.5s[32m [repeated 5x across cluster][0m
[36m(ClientAppActor pid=808837)[0m 
[K        2/3      1.46G      4.102       3.38      2.264         23        640: 45% ━━━━━─────── 52/115 6.7it/s 9.9s<9.4s[32m [repeated 15x across cluster][0m
[36m(ClientAppActor pid=808836)[0m 
[K        2/3      1.47G      4.114      3.301      2.142         22        640: 69% ━━━━━━━━──── 73/106 6.3it/s 12.9s<5.2s
[36m(ClientAppActor pid=808836)[0m 
[K        2/3      1.47G      4.115      3.307      2.143         41        640: 70% ━━━━━━━━──── 74/106 6.3it/s 13.0s<5.0s
[36m(ClientAppActor pid=808845)[0m 
[K                 Class     Images  Instances      Box(P          R      mAP50  mAP50-95): 71% ━━━━━━━━──── 12/17 3.5it/s 3.2s<1.4s
[36m(ClientAppActor pid=808836)[0m 
[K        2/3      1.47G      4.119      3.308      2.143         37        640: 71% ━━━━━━━━──── 75/106 6.4it/s 13.2s<4.8s
[36m(ClientAppActor pid=808836)[0m 
[K        2/3      1.47G      4.127      3.314      2.146         19        640: 72% ━━━━━━━━╸─── 76/106 6.3it/s 13.4s<4.7s
[36m(ClientAppActor pid=808845)[0m 
[K                 Class     Images  Instances      Box(P          R      mAP50  mAP50-95): 76% ━━━━━━━━━─── 13/17 3.6it/s 3.5s<1.1s
[36m(ClientAppActor pid=808837)[0m 
[K        2/3      1.46G      4.077      3.385      2.261         15        640: 50% ━━━━━╸────── 57/115 6.9it/s 10.6s<8.4s[32m [repeated 15x across cluster][0m
[36m(ClientAppActor pid=808836)[0m 
[K        2/3      1.47G      4.132       3.32      2.149         34        640: 73% ━━━━━━━━╸─── 77/106 6.4it/s 13.5s<4.6s
[36m(ClientAppActor pid=808833)[0m 
[K        2/3      1.54G      3.629      2.563      2.209         87        640: 24% ━━╸───────── 29/120 6.0it/s 5.7s<15.2s[32m [repeated 4x across cluster][0m
[36m(ClientAppActor pid=808836)[0m 
[K        2/3      1.47G      4.126       3.31      2.147         27        640: 74% ━━━━━━━━╸─── 78/106 6.2it/s 13.7s<4.5s
[36m(ClientAppActor pid=808845)[0m 
[K                 Class     Images  Instances      Box(P          R      mAP50  mAP50-95): 82% ━━━━━━━━━╸── 14/17 3.6it/s 3.8s<0.8s
[36m(ClientAppActor pid=808836)[0m 
[K        2/3      1.47G      4.127      3.307       2.15         24        640: 75% ━━━━━━━━╸─── 79/106 6.2it/s 13.8s<4.3s
[36m(ClientAppActor pid=808845)[0m 
[K                 Class     Images  Instances      Box(P          R      mAP50  mAP50-95): 88% ━━━━━━━━━━╸─ 15/17 3.5it/s 4.1s<0.6s
[36m(ClientAppActor pid=808836)[0m 
[K        2/3      1.47G      4.123      3.296      2.147         46        640: 75% ━━━━━━━━━─── 80/106 6.3it/s 14.0s<4.1s
[36m(ClientAppActor pid=808836)[0m 
[K        2/3      1.47G       4.12      3.298      2.146         32        640: 76% ━━━━━━━━━─── 81/106 6.6it/s 14.1s<3.8s
[36m(ClientAppActor pid=808845)[0m 
[K                 Class     Images  Instances      Box(P          R      mAP50  mAP50-95): 94% ━━━━━━━━━━━─ 16/17 3.5it/s 4.4s<0.3s
[36m(ClientAppActor pid=808837)[0m 
[K        2/3      1.46G      4.065      3.362      2.255         28        640: 54% ━━━━━━────── 62/115 7.0it/s 11.3s<7.6s[32m [repeated 16x across cluster][0m
[36m(ClientAppActor pid=808836)[0m 
[K        2/3      1.47G      4.112      3.287      2.147         37        640: 77% ━━━━━━━━━─── 82/106 6.7it/s 14.3s<3.6s
[36m(ClientAppActor pid=808833)[0m 
[K        2/3      1.54G      3.655      2.604      2.254         70        640: 29% ━━━───────── 35/120 6.1it/s 6.7s<13.9s[32m [repeated 6x across cluster][0m
[36m(ClientAppActor pid=808836)[0m 
[K        2/3      1.47G       4.11      3.287      2.147         32        640: 78% ━━━━━━━━━─── 83/106 6.5it/s 14.4s<3.6s
[36m(ClientAppActor pid=808845)[0m 
[K                 Class     Images  Instances      Box(P          R      mAP50  mAP50-95): 100% ━━━━━━━━━━━━ 17/17 3.6it/s 4.7s
[K                 Class     Images  Instances      Box(P          R      mAP50  mAP50-95): 100% ━━━━━━━━━━━━ 17/17 3.6it/s 4.7s
[36m(ClientAppActor pid=808845)[0m                    all        133       1032       0.64      0.403      0.484      0.227
[36m(ClientAppActor pid=808845)[0m 
[36m(ClientAppActor pid=808845)[0m       Epoch    GPU_mem   box_loss   cls_loss   dfl_loss  Instances       Size
[36m(ClientAppActor pid=808836)[0m 
[K        2/3      1.47G      4.105       3.29      2.149         23        640: 79% ━━━━━━━━━╸── 84/106 6.7it/s 14.6s<3.3s
[36m(ClientAppActor pid=808836)[0m 
[K        2/3      1.47G      4.118       3.33      2.153         15        640: 80% ━━━━━━━━━╸── 85/106 6.8it/s 14.7s<3.1s
[36m(ClientAppActor pid=808845)[0m 
[K        2/3      1.44G      4.833      4.168      2.557         41        640: 0% ──────────── 0/181  0.2s
[36m(ClientAppActor pid=808836)[0m 
[K        2/3      1.47G      4.111      3.331      2.153         19        640: 81% ━━━━━━━━━╸── 86/106 6.6it/s 14.9s<3.0s
[36m(ClientAppActor pid=808845)[0m 
[K        2/3      1.44G      4.532      3.809      2.331         58        640: 1% ──────────── 1/181 1.6it/s 0.4s<1:52
[36m(ClientAppActor pid=808837)[0m 
[K        2/3      1.46G      4.076      3.377      2.249         31        640: 58% ━━━━━━╸───── 67/115 6.9it/s 12.1s<7.0s[32m [repeated 15x across cluster][0m
[36m(ClientAppActor pid=808836)[0m 
[K        2/3      1.47G      4.115      3.333      2.154         41        640: 82% ━━━━━━━━━╸── 87/106 6.5it/s 15.1s<2.9s
[36m(ClientAppActor pid=808845)[0m 
[K        2/3      1.44G      4.398      3.716      2.212         56        640: 1% ──────────── 2/181 2.9it/s 0.5s<1:02
[36m(ClientAppActor pid=808836)[0m 
[K        2/3      1.47G      4.113      3.333       2.15         35        640: 83% ━━━━━━━━━╸── 88/106 6.4it/s 15.2s<2.8s
[36m(ClientAppActor pid=808845)[0m 
[K        2/3      1.44G      4.262      3.557      2.284         45        640: 2% ──────────── 3/181 3.8it/s 0.7s<46.9s
[36m(ClientAppActor pid=808836)[0m 
[K        2/3      1.47G      4.106      3.337       2.15         20        640: 84% ━━━━━━━━━━── 89/106 5.5it/s 15.5s<3.1s
[36m(ClientAppActor pid=808845)[0m 
[K        2/3      1.44G      4.518      3.798       2.26         20        640: 2% ──────────── 4/181 3.3it/s 1.2s<53.7s
[36m(ClientAppActor pid=808833)[0m 
[K        2/3      1.54G      3.658      2.592      2.251         40        640: 32% ━━━╸──────── 39/120 3.8it/s 8.1s<21.4s[32m [repeated 3x across cluster][0m
[36m(ClientAppActor pid=808837)[0m 
[K        2/3      1.46G       4.06      3.372      2.239         37        640: 62% ━━━━━━━───── 71/115 6.4it/s 12.7s<6.9s[32m [repeated 14x across cluster][0m
[36m(ClientAppActor pid=808836)[0m 
[K        2/3      1.47G      4.094      3.345      2.158          8        640: 85% ━━━━━━━━━━── 90/106 4.5it/s 15.9s<3.5s
[36m(ClientAppActor pid=808845)[0m 
[K        2/3      1.44G      4.678      3.915      2.262         42        640: 3% ──────────── 5/181 3.0it/s 1.6s<58.3s
[36m(ClientAppActor pid=808836)[0m 
[K        2/3      1.47G      4.089      3.344      2.157         24        640: 86% ━━━━━━━━━━── 91/106 3.9it/s 16.3s<3.8s
[36m(ClientAppActor pid=808845)[0m 
[K        2/3      1.44G      4.661      3.854      2.239         88        640: 3% ──────────── 6/181 3.0it/s 2.0s<59.3s
[36m(ClientAppActor pid=808836)[0m 
[K        2/3      1.47G       4.09      3.341      2.156         62        640: 87% ━━━━━━━━━━── 92/106 4.8it/s 16.5s<2.9s
[36m(ClientAppActor pid=808833)[0m 
[K        2/3      1.54G      3.676      2.596      2.263        134        640: 38% ━━━━──────── 45/120 6.2it/s 9.0s<12.2s[32m [repeated 6x across cluster][0m
[36m(ClientAppActor pid=808836)[0m 
[K        2/3      1.47G      4.083      3.336      2.157         23        640: 88% ━━━━━━━━━━╸─ 93/106 4.9it/s 16.7s<2.6s
[36m(ClientAppActor pid=808845)[0m 
[K        2/3      1.44G      4.723       3.87      2.222         39        640: 4% ──────────── 7/181 3.8it/s 2.1s<45.4s
[36m(ClientAppActor pid=808836)[0m 
[K        2/3      1.47G      4.074      3.342      2.155         13        640: 89% ━━━━━━━━━━╸─ 94/106 5.2it/s 16.8s<2.3s
[36m(ClientAppActor pid=808845)[0m 
[K        2/3      1.44G      4.711      3.859      2.218         39        640: 4% ╸─────────── 8/181 4.6it/s 2.3s<37.9s
[36m(ClientAppActor pid=808845)[0m 
[K        2/3      1.44G      4.695       3.82      2.188         20        640: 5% ╸─────────── 9/181 5.2it/s 2.4s<33.3s
[36m(ClientAppActor pid=808837)[0m 
[K        2/3      1.46G      4.089      3.374       2.24         57        640: 66% ━━━━━━━╸──── 76/115 5.4it/s 14.1s<7.2s[32m [repeated 15x across cluster][0m
[36m(ClientAppActor pid=808836)[0m 
[K        2/3      1.47G      4.076       3.35      2.156         25        640: 90% ━━━━━━━━━━╸─ 95/106 5.4it/s 17.0s<2.0s
[36m(ClientAppActor pid=808833)[0m 
[K        2/3      1.54G      3.653      2.582      2.258         94        640: 41% ━━━━╸─────── 49/120 6.5it/s 9.6s<10.9s[32m [repeated 4x across cluster][0m
[36m(ClientAppActor pid=808836)[0m 
[K        2/3      1.47G       4.07      3.351      2.154         23        640: 91% ━━━━━━━━━━╸─ 96/106 5.5it/s 17.2s<1.8s
[36m(ClientAppActor pid=808845)[0m 
[K        2/3      1.44G      4.677      3.814      2.198         30        640: 6% ╸─────────── 10/181 5.4it/s 2.6s<31.6s
[36m(ClientAppActor pid=808845)[0m 
[K        2/3      1.44G      4.599       3.74      2.257         42        640: 6% ╸─────────── 11/181 5.7it/s 2.8s<29.8s
[36m(ClientAppActor pid=808836)[0m 
[K        2/3      1.47G      4.073       3.35      2.154         31        640: 92% ━━━━━━━━━━╸─ 97/106 5.6it/s 17.4s<1.6s
[36m(ClientAppActor pid=808845)[0m 
[K        2/3      1.44G      4.548      3.697      2.244         43        640: 7% ╸─────────── 12/181 5.9it/s 2.9s<28.9s
[36m(ClientAppActor pid=808836)[0m 
[K        2/3      1.47G      4.072       3.34      2.153         56        640: 92% ━━━━━━━━━━━─ 98/106 5.7it/s 17.5s<1.4s
[36m(ClientAppActor pid=808845)[0m 
[K        2/3      1.44G      4.519      3.679      2.242         54        640: 7% ╸─────────── 13/181 6.0it/s 3.1s<28.2s
[36m(ClientAppActor pid=808837)[0m 
[K        2/3      1.46G      4.074      3.334      2.239         12        640: 70% ━━━━━━━━──── 81/115 6.2it/s 14.9s<5.5s[32m [repeated 15x across cluster][0m
[36m(ClientAppActor pid=808836)[0m 
[K        2/3      1.47G      4.079      3.351      2.152         34        640: 93% ━━━━━━━━━━━─ 99/106 5.8it/s 17.7s<1.2s
[36m(ClientAppActor pid=808845)[0m 
[K        2/3      1.44G      4.478       3.63      2.238         37        640: 8% ╸─────────── 14/181 6.0it/s 3.2s<27.6s
[36m(ClientAppActor pid=808836)[0m 
[K        2/3      1.47G      4.078      3.355       2.15         17        640: 94% ━━━━━━━━━━━─ 100/106 5.8it/s 17.9s<1.0s
[36m(ClientAppActor pid=808845)[0m 
[K        2/3      1.44G      4.444      3.577       2.24         35        640: 8% ╸─────────── 15/181 6.1it/s 3.4s<27.1s
[36m(ClientAppActor pid=808833)[0m 
[K        2/3      1.54G      3.635      2.566      2.243         86        640: 46% ━━━━━─────── 55/120 6.9it/s 10.4s<9.4s[32m [repeated 6x across cluster][0m
[36m(ClientAppActor pid=808836)[0m 
[K        2/3      1.47G      4.086      3.369       2.15         19        640: 95% ━━━━━━━━━━━─ 101/106 5.6it/s 18.1s<0.9s
[36m(ClientAppActor pid=808845)[0m 
[K        2/3      1.44G      4.409      3.509       2.24         44        640: 9% ━─────────── 16/181 6.0it/s 3.6s<27.5s
[36m(ClientAppActor pid=808836)[0m 
[K        2/3      1.47G      4.094      3.371       2.15         44        640: 96% ━━━━━━━━━━━╸ 102/106 5.7it/s 18.2s<0.7s
[36m(ClientAppActor pid=808845)[0m 
[K        2/3      1.44G      4.371      3.469      2.218         30        640: 9% ━─────────── 17/181 6.2it/s 3.7s<26.5s
[36m(ClientAppActor pid=808837)[0m 
[K        2/3      1.46G      4.062      3.326      2.242         29        640: 75% ━━━━━━━━╸─── 86/115 6.2it/s 15.7s<4.7s[32m [repeated 15x across cluster][0m
[36m(ClientAppActor pid=808836)[0m 
[K        2/3      1.47G        4.1      3.375       2.15         41        640: 97% ━━━━━━━━━━━╸ 103/106 5.9it/s 18.4s<0.5s
[36m(ClientAppActor pid=808845)[0m 
[K        2/3      1.44G      4.361      3.454      2.205         48        640: 10% ━─────────── 18/181 6.2it/s 3.9s<26.3s
[36m(ClientAppActor pid=808845)[0m 
[K        2/3      1.44G      4.325      3.442      2.229         15        640: 10% ━─────────── 19/181 6.4it/s 4.0s<25.5s
[36m(ClientAppActor pid=808833)[0m 
[K        2/3      1.54G      3.634      2.574      2.246         82        640: 49% ━━━━━╸────── 59/120 6.6it/s 11.0s<9.2s[32m [repeated 4x across cluster][0m
[36m(ClientAppActor pid=808836)[0m 
[K        2/3      1.47G        4.1      3.368      2.149         55        640: 98% ━━━━━━━━━━━╸ 104/106 5.7it/s 18.6s<0.3s
[36m(ClientAppActor pid=808836)[0m 
[K        2/3      1.47G      4.085      3.361      2.148          6        640: 100% ━━━━━━━━━━━━ 106/106 5.7it/s 18.7s
[K        2/3      1.47G      4.085      3.361      2.148          6        640: 100% ━━━━━━━━━━━━ 106/106 5.7it/s 18.7s
[36m(ClientAppActor pid=808845)[0m 
[K        2/3      1.44G      4.397      3.505      2.221         37        640: 11% ━─────────── 20/181 6.2it/s 4.2s<26.1s
[36m(ClientAppActor pid=808845)[0m 
[K        2/3      1.44G      4.397      3.494      2.213         23        640: 12% ━─────────── 21/181 6.3it/s 4.4s<25.5s
[36m(ClientAppActor pid=808837)[0m 
[K        2/3      1.46G      4.059      3.301      2.242         32        640: 78% ━━━━━━━━━─── 90/115 6.3it/s 16.4s<4.0s[32m [repeated 15x across cluster][0m
[36m(ClientAppActor pid=808836)[0m 
[K                 Class     Images  Instances      Box(P          R      mAP50  mAP50-95): 11% ━─────────── 1/9 1.0s/it 0.3s<8.2s
[36m(ClientAppActor pid=808845)[0m 
[K        2/3      1.44G        4.4      3.476      2.199         46        640: 12% ━─────────── 22/181 6.7it/s 4.5s<23.8s
[36m(ClientAppActor pid=808836)[0m 
[K                 Class     Images  Instances      Box(P          R      mAP50  mAP50-95): 22% ━━╸───────── 2/9 1.8it/s 0.6s<3.9s
[36m(ClientAppActor pid=808845)[0m 
[K        2/3      1.44G      4.362      3.429      2.199         43        640: 13% ━╸────────── 23/181 6.2it/s 4.7s<25.3s
[36m(ClientAppActor pid=808833)[0m 
[K        2/3      1.54G      3.651      2.575      2.236         53        640: 54% ━━━━━━────── 65/120 5.2it/s 12.2s<10.6s[32m [repeated 6x across cluster][0m
[36m(ClientAppActor pid=808845)[0m 
[K        2/3      1.44G      4.354      3.402      2.193         44        640: 13% ━╸────────── 24/181 6.4it/s 4.8s<24.4s
[36m(ClientAppActor pid=808845)[0m 
[K        2/3      1.44G      4.318      3.376      2.185         20        640: 14% ━╸────────── 25/181 6.7it/s 5.0s<23.2s
[36m(ClientAppActor pid=808836)[0m 
[K                 Class     Images  Instances      Box(P          R      mAP50  mAP50-95): 33% ━━━━──────── 3/9 2.3it/s 0.9s<2.7s
[36m(ClientAppActor pid=808837)[0m 
[K        2/3      1.46G      4.043      3.285      2.239         30        640: 82% ━━━━━━━━━╸── 94/115 6.4it/s 17.0s<3.3s[32m [repeated 13x across cluster][0m
[36m(ClientAppActor pid=808845)[0m 
[K        2/3      1.44G      4.286      3.345      2.184         49        640: 14% ━╸────────── 26/181 6.7it/s 5.1s<23.0s
[36m(ClientAppActor pid=808845)[0m 
[K        2/3      1.44G      4.257      3.329      2.197         70        640: 15% ━╸────────── 27/181 6.8it/s 5.3s<22.7s
[36m(ClientAppActor pid=808836)[0m 
[K                 Class     Images  Instances      Box(P          R      mAP50  mAP50-95): 44% ━━━━━─────── 4/9 2.6it/s 1.2s<1.9s
[36m(ClientAppActor pid=808845)[0m 
[K        2/3      1.44G      4.256      3.322      2.197         45        640: 15% ━╸────────── 28/181 6.8it/s 5.4s<22.5s
[36m(ClientAppActor pid=808845)[0m 
[K        2/3      1.44G       4.24      3.321       2.19         49        640: 16% ━╸────────── 29/181 6.9it/s 5.6s<22.1s
[36m(ClientAppActor pid=808833)[0m 
[K        2/3      1.54G      3.657      2.575      2.228         85        640: 57% ━━━━━━╸───── 69/120 4.8it/s 13.3s<10.6s[32m [repeated 4x across cluster][0m
[36m(ClientAppActor pid=808836)[0m 
[K                 Class     Images  Instances      Box(P          R      mAP50  mAP50-95): 56% ━━━━━━╸───── 5/9 2.8it/s 1.5s<1.4s
[36m(ClientAppActor pid=808845)[0m 
[K        2/3      1.44G      4.221      3.322      2.202         58        640: 17% ━╸────────── 30/181 6.5it/s 5.7s<23.2s
[36m(ClientAppActor pid=808836)[0m 
[K                 Class     Images  Instances      Box(P          R      mAP50  mAP50-95): 67% ━━━━━━━━──── 6/9 3.2it/s 1.7s<0.9s
[36m(ClientAppActor pid=808845)[0m 
[K        2/3      1.44G      4.219      3.319      2.201         29        640: 17% ━━────────── 31/181 5.9it/s 5.9s<25.2s
[36m(ClientAppActor pid=808836)[0m 
[K                 Class     Images  Instances      Box(P          R      mAP50  mAP50-95): 78% ━━━━━━━━━─── 7/9 3.6it/s 1.9s<0.6s
[36m(ClientAppActor pid=808837)[0m 
[K        2/3      1.46G      4.045      3.273      2.241         40        640: 87% ━━━━━━━━━━── 100/115 6.0it/s 18.0s<2.5s[32m [repeated 15x across cluster][0m
[36m(ClientAppActor pid=808836)[0m 
[K                 Class     Images  Instances      Box(P          R      mAP50  mAP50-95): 89% ━━━━━━━━━━╸─ 8/9 3.8it/s 2.2s<0.3s
[36m(ClientAppActor pid=808845)[0m 
[K        2/3      1.44G      4.217        3.3      2.201         67        640: 18% ━━────────── 32/181 4.9it/s 6.4s<30.6s
[36m(ClientAppActor pid=808836)[0m 
[K                 Class     Images  Instances      Box(P          R      mAP50  mAP50-95): 100% ━━━━━━━━━━━━ 9/9 3.8it/s 2.4s
[K                 Class     Images  Instances      Box(P          R      mAP50  mAP50-95): 100% ━━━━━━━━━━━━ 9/9 3.8it/s 2.4s
[36m(ClientAppActor pid=808836)[0m                    all         69        401      0.573      0.536      0.544      0.279
[36m(ClientAppActor pid=808833)[0m 
[K        2/3      1.54G      3.668       2.58      2.224         95        640: 62% ━━━━━━━───── 75/120 5.8it/s 14.3s<7.7s[32m [repeated 6x across cluster][0m
[36m(ClientAppActor pid=808836)[0m 
[36m(ClientAppActor pid=808836)[0m       Epoch    GPU_mem   box_loss   cls_loss   dfl_loss  Instances       Size
[36m(ClientAppActor pid=808845)[0m 
[K        2/3      1.44G      4.224      3.312      2.202         34        640: 18% ━━────────── 33/181 4.0it/s 6.9s<36.8s
[36m(ClientAppActor pid=808836)[0m 
[K        3/3      1.47G      3.541      2.287      1.965         44        640: 0% ──────────── 0/106  0.3s
[36m(ClientAppActor pid=808840)[0m 
[K        2/3      1.45G      4.157      3.331      2.257         69        640: 91% ━━━━━━━━━━╸─ 113/124 4.8it/s 20.3s<2.3s[32m [repeated 13x across cluster][0m
[36m(ClientAppActor pid=808836)[0m 
[K        3/3      1.47G      3.658       2.43      1.941         63        640: 1% ──────────── 1/106 1.8it/s 0.4s<59.1s
[36m(ClientAppActor pid=808845)[0m 
[K        2/3      1.44G      4.213      3.304      2.199         48        640: 19% ━━────────── 34/181 4.1it/s 7.1s<35.7s
[36m(ClientAppActor pid=808845)[0m 
[K        2/3      1.44G      4.209      3.295      2.213         80        640: 19% ━━────────── 35/181 4.6it/s 7.3s<31.9s
[36m(ClientAppActor pid=808836)[0m 
[K        3/3      1.47G      3.904      2.997      2.138         18        640: 2% ──────────── 2/106 3.0it/s 0.6s<34.2s
[36m(ClientAppActor pid=808836)[0m 
[K        3/3      1.47G      4.197      3.346      2.193         18        640: 3% ──────────── 3/106 3.9it/s 0.8s<26.5s
[36m(ClientAppActor pid=808845)[0m 
[K        2/3      1.44G      4.193      3.281      2.221         47        640: 20% ━━────────── 36/181 4.9it/s 7.4s<29.9s
[36m(ClientAppActor pid=808833)[0m 
[K        2/3      1.54G      3.675      2.577      2.222         97        640: 66% ━━━━━━━╸──── 79/120 6.0it/s 15.0s<6.8s[32m [repeated 4x across cluster][0m
[36m(ClientAppActor pid=808836)[0m 
[K        3/3      1.47G      4.237      3.392      2.215         50        640: 4% ──────────── 4/106 4.6it/s 0.9s<22.4s
[36m(ClientAppActor pid=808845)[0m 
[K        2/3      1.44G      4.202      3.292      2.221         35        640: 20% ━━────────── 37/181 5.1it/s 7.6s<28.1s
[36m(ClientAppActor pid=808836)[0m 
[K        3/3      1.47G      4.387      3.442      2.228         41        640: 5% ╸─────────── 5/106 5.0it/s 1.1s<20.1s
[36m(ClientAppActor pid=808845)[0m 
[K        2/3      1.44G      4.198      3.321      2.221         19        640: 21% ━━╸───────── 38/181 5.5it/s 7.8s<25.9s
[36m(ClientAppActor pid=808836)[0m 
[K        3/3      1.47G      4.322      3.346      2.255         32        640: 6% ╸─────────── 6/106 5.4it/s 1.3s<18.5s
[36m(ClientAppActor pid=808845)[0m 
[K        2/3      1.44G      4.176      3.319      2.221         21        640: 22% ━━╸───────── 39/181 5.5it/s 8.0s<25.6s
[36m(ClientAppActor pid=808837)[0m 
[K        2/3      1.46G      4.056      3.268      2.238         42        640: 94% ━━━━━━━━━━━─ 108/115 5.4it/s 20.0s<1.3s[32m [repeated 13x across cluster][0m
[36m(ClientAppActor pid=808833)[0m 
[K        2/3      1.59G        3.7      2.588      2.223         60        640: 71% ━━━━━━━━──── 85/120 6.7it/s 15.9s<5.2s[32m [repeated 6x across cluster][0m
[36m(ClientAppActor pid=808836)[0m 
[K        3/3      1.47G      4.263      3.372      2.232         15        640: 7% ╸─────────── 7/106 5.7it/s 1.4s<17.5s
[36m(ClientAppActor pid=808845)[0m 
[K        2/3      1.44G      4.175      3.312       2.23         34        640: 22% ━━╸───────── 40/181 5.8it/s 8.1s<24.4s
[36m(ClientAppActor pid=808836)[0m 
[K        3/3      1.47G      4.181      3.439      2.234         19        640: 8% ╸─────────── 8/106 5.8it/s 1.6s<16.8s
[36m(ClientAppActor pid=808845)[0m 
[K        2/3      1.44G      4.168      3.305      2.228         39        640: 23% ━━╸───────── 41/181 5.9it/s 8.3s<23.7s
[36m(ClientAppActor pid=808841)[0m 
[K        2/3      1.45G      3.929      2.905      2.154         46        640: 99% ━━━━━━━━━━━╸ 118/119 5.8it/s 21.6s<0.2s
[K        2/3      1.45G      3.929      2.905      2.154         46        640: 100% ━━━━━━━━━━━━ 119/119 5.5it/s 21.6s
[K        2/3      1.45G      3.929      2.905      2.154         46        640: 100% ━━━━━━━━━━━━ 119/119 5.5it/s 21.6s
[36m(ClientAppActor pid=808845)[0m 
[K        2/3      1.44G      4.166      3.309      2.226         35        640: 23% ━━╸───────── 42/181 5.9it/s 8.4s<23.4s
[36m(ClientAppActor pid=808836)[0m 
[K        3/3      1.47G      4.233      3.457      2.204         38        640: 8% ━─────────── 9/106 5.7it/s 1.8s<16.9s
[36m(ClientAppActor pid=808836)[0m 
[K        3/3      1.47G      4.257      3.485      2.211         51        640: 9% ━─────────── 10/106 6.0it/s 1.9s<16.0s
[36m(ClientAppActor pid=808845)[0m 
[K        2/3      1.44G      4.151      3.305      2.228         25        640: 24% ━━╸───────── 43/181 6.0it/s 8.6s<23.1s
[36m(ClientAppActor pid=808837)[0m 
[K        2/3      1.46G      4.063      3.275      2.239         21        640: 97% ━━━━━━━━━━━╸ 112/115 5.9it/s 20.6s<0.5s[32m [repeated 9x across cluster][0m
[36m(ClientAppActor pid=808836)[0m 
[K        3/3      1.47G      4.185      3.419      2.193         40        640: 10% ━─────────── 11/106 6.4it/s 2.0s<14.7s
[36m(ClientAppActor pid=808845)[0m 
[K        2/3      1.44G      4.161      3.315      2.227         46        640: 24% ━━╸───────── 44/181 6.1it/s 8.8s<22.4s
[36m(ClientAppActor pid=808833)[0m 
[K        2/3      1.59G      3.688      2.578      2.226        108        640: 74% ━━━━━━━━╸─── 89/120 6.7it/s 16.5s<4.6s[32m [repeated 4x across cluster][0m
[36m(ClientAppActor pid=808836)[0m 
[K        3/3      1.47G       4.17      3.382       2.18         17        640: 11% ━─────────── 12/106 6.9it/s 2.2s<13.7s
[36m(ClientAppActor pid=808845)[0m 
[K        2/3      1.44G      4.158      3.324      2.229         26        640: 25% ━━╸───────── 45/181 6.9it/s 8.9s<19.6s
[36m(ClientAppActor pid=808841)[0m 
[K                 Class     Images  Instances      Box(P          R      mAP50  mAP50-95): 18% ━━────────── 2/11 2.0it/s 0.5s<4.5s
[36m(ClientAppActor pid=808836)[0m 
[K        3/3      1.47G      4.181      3.385      2.182         53        640: 12% ━─────────── 13/106 7.3it/s 2.3s<12.7s
[36m(ClientAppActor pid=808845)[0m 
[K        2/3      1.44G      4.149      3.311      2.232         28        640: 25% ━━━───────── 46/181 7.4it/s 9.0s<18.2s
[36m(ClientAppActor pid=808845)[0m 
[K        2/3      1.44G      4.146      3.308      2.226         35        640: 26% ━━━───────── 47/181 7.9it/s 9.1s<16.9s
[36m(ClientAppActor pid=808845)[0m 
[K        2/3      1.44G      4.148      3.299      2.223         73        640: 27% ━━━───────── 48/181 8.1it/s 9.2s<16.5s
[36m(ClientAppActor pid=808841)[0m 
[K                 Class     Images  Instances      Box(P          R      mAP50  mAP50-95): 27% ━━━───────── 3/11 2.7it/s 0.7s<2.9s
[36m(ClientAppActor pid=808845)[0m 
[K        2/3      1.44G      4.158      3.308      2.222         32        640: 27% ━━━───────── 49/181 8.2it/s 9.3s<16.1s
[36m(ClientAppActor pid=808845)[0m 
[K        2/3      1.44G       4.15      3.299      2.221         32        640: 28% ━━━───────── 50/181 8.5it/s 9.4s<15.4s
[36m(ClientAppActor pid=808833)[0m 
[K        2/3      1.59G      3.693      2.595      2.228         89        640: 79% ━━━━━━━━━─── 95/120 5.2it/s 18.1s<4.8s[32m [repeated 7x across cluster][0m
[36m(ClientAppActor pid=808837)[0m 
[K                 Class     Images  Instances      Box(P          R      mAP50  mAP50-95): 10% ━─────────── 1/10 1.3it/s 0.2s<6.8s[32m [repeated 3x across cluster][0m
[36m(ClientAppActor pid=808837)[0m 
[K                 Class     Images  Instances      Box(P          R      mAP50  mAP50-95): 30% ━━━╸──────── 3/10 2.9it/s 0.7s<2.4s
[36m(ClientAppActor pid=808845)[0m 
[K        2/3      1.44G      4.137      3.285      2.219         44        640: 28% ━━━───────── 51/181 8.1it/s 9.6s<16.0s
[36m(ClientAppActor pid=808836)[0m 
[K        3/3      1.47G      4.074      3.346      2.172         47        640: 16% ━╸────────── 17/106 8.5it/s 2.8s<10.5s[32m [repeated 4x across cluster][0m
[36m(ClientAppActor pid=808837)[0m 
[K                 Class     Images  Instances      Box(P          R      mAP50  mAP50-95): 40% ━━━━╸─────── 4/10 3.4it/s 0.9s<1.8s
[36m(ClientAppActor pid=808845)[0m 
[K        2/3      1.44G      4.143      3.296      2.223         46        640: 29% ━━━───────── 52/181 8.2it/s 9.7s<15.7s
[36m(ClientAppActor pid=808845)[0m 
[K        2/3      1.44G      4.133       3.29      2.221         45        640: 29% ━━━╸──────── 53/181 8.0it/s 9.8s<15.9s
[36m(ClientAppActor pid=808837)[0m 
[K                 Class     Images  Instances      Box(P          R      mAP50  mAP50-95): 50% ━━━━━━────── 5/10 3.7it/s 1.1s<1.3s
[36m(ClientAppActor pid=808845)[0m 
[K        2/3      1.44G      4.118      3.281      2.214         22        640: 30% ━━━╸──────── 54/181 8.1it/s 10.0s<15.6s
[36m(ClientAppActor pid=808840)[0m 
[K                 Class     Images  Instances      Box(P          R      mAP50  mAP50-95): 36% ━━━━──────── 4/11 3.4it/s 0.9s<2.0s[32m [repeated 2x across cluster][0m
[36m(ClientAppActor pid=808845)[0m 
[K        2/3      1.44G       4.11      3.286      2.208         18        640: 30% ━━━╸──────── 55/181 8.3it/s 10.1s<15.3s
[36m(ClientAppActor pid=808841)[0m 
[K                 Class     Images  Instances      Box(P          R      mAP50  mAP50-95): 64% ━━━━━━━╸──── 7/11 4.1it/s 1.6s<1.0s
[36m(ClientAppActor pid=808833)[0m 
[K        2/3      1.59G       3.69      2.592      2.226         80        640: 82% ━━━━━━━━━╸── 99/120 5.9it/s 18.8s<3.6s[32m [repeated 5x across cluster][0m
[36m(ClientAppActor pid=808837)[0m 
[K                 Class     Images  Instances      Box(P          R      mAP50  mAP50-95): 60% ━━━━━━━───── 6/10 4.0it/s 1.3s<1.0s
[36m(ClientAppActor pid=808845)[0m 
[K        2/3      1.44G      4.118      3.295      2.208         46        640: 31% ━━━╸──────── 56/181 8.2it/s 10.2s<15.3s
[36m(ClientAppActor pid=808841)[0m 
[K                 Class     Images  Instances      Box(P          R      mAP50  mAP50-95): 73% ━━━━━━━━╸─── 8/11 4.5it/s 1.8s<0.7s
[36m(ClientAppActor pid=808840)[0m 
[K                 Class     Images  Instances      Box(P          R      mAP50  mAP50-95): 45% ━━━━━─────── 5/11 3.7it/s 1.1s<1.6s[32m [repeated 2x across cluster][0m
[36m(ClientAppActor pid=808845)[0m 
[K        2/3      1.44G      4.127      3.294      2.207         36        640: 31% ━━━╸──────── 57/181 8.4it/s 10.3s<14.8s
[36m(ClientAppActor pid=808841)[0m 
[K                 Class     Images  Instances      Box(P          R      mAP50  mAP50-95): 82% ━━━━━━━━━╸── 9/11 4.9it/s 2.0s<0.4s
[36m(ClientAppActor pid=808833)[0m 
[K                 Class     Images  Instances      Box(P          R      mAP50  mAP50-95): 7% ╸─────────── 1/15 1.6it/s 0.2s<8.6s
[36m(ClientAppActor pid=808845)[0m 
[K        2/3      1.44G      4.126      3.294      2.201         36        640: 32% ━━━╸──────── 58/181 8.6it/s 10.4s<14.3s
[36m(ClientAppActor pid=808833)[0m 
[K                 Class     Images  Instances      Box(P          R      mAP50  mAP50-95): 13% ━╸────────── 2/15 2.9it/s 0.4s<4.5s
[36m(ClientAppActor pid=808845)[0m 
[K        2/3      1.44G      4.122      3.289      2.198         51        640: 33% ━━━╸──────── 59/181 8.5it/s 10.5s<14.3s
[36m(ClientAppActor pid=808840)[0m 
[K                 Class     Images  Instances      Box(P          R      mAP50  mAP50-95): 55% ━━━━━━╸───── 6/11 3.9it/s 1.4s<1.3s[32m [repeated 2x across cluster][0m
[36m(ClientAppActor pid=808845)[0m 
[K        2/3      1.44G      4.114      3.279      2.196         29        640: 33% ━━━╸──────── 60/181 8.9it/s 10.6s<13.6s
[36m(ClientAppActor pid=808845)[0m 
[K        2/3      1.44G      4.116      3.281      2.193         45        640: 34% ━━━━──────── 61/181 9.0it/s 10.7s<13.3s
[36m(ClientAppActor pid=808841)[0m 
[36m(ClientAppActor pid=808837)[0m 
[K                 Class     Images  Instances      Box(P          R      mAP50  mAP50-95): 70% ━━━━━━━━──── 7/10 4.4it/s 1.5s<0.7s
[36m(ClientAppActor pid=808837)[0m 
[36m(ClientAppActor pid=808840)[0m 
[36m(ClientAppActor pid=808845)[0m 
[K        2/3      1.44G      4.129      3.291      2.192         43        640: 34% ━━━━──────── 62/181 7.4it/s 11.0s<16.2s
[36m(ClientAppActor pid=808836)[0m 
[K        3/3      1.47G      4.055      3.293       2.15         39        640: 21% ━━────────── 22/106 8.4it/s 3.3s<10.0s[32m [repeated 5x across cluster][0m
[36m(ClientAppActor pid=808833)[0m 
[K        2/3      1.59G      3.691      2.599      2.225        117        640: 88% ━━━━━━━━━━── 105/120 6.2it/s 19.7s<2.4s[32m [repeated 6x across cluster][0m
[36m(ClientAppActor pid=808840)[0m 
[K                 Class     Images  Instances      Box(P          R      mAP50  mAP50-95): 91% ━━━━━━━━━━╸─ 10/11 5.2it/s 2.1s<0.2s[32m [repeated 3x across cluster][0m
[36m(ClientAppActor pid=808845)[0m 
[K        2/3      1.44G      4.129      3.285      2.187         50        640: 35% ━━━━──────── 63/181 5.9it/s 11.5s<20.2s
[36m(ClientAppActor pid=808837)[0m 
[K                 Class     Images  Instances      Box(P          R      mAP50  mAP50-95): 100% ━━━━━━━━━━━━ 10/10 4.9it/s 2.0s
[K                 Class     Images  Instances      Box(P          R      mAP50  mAP50-95): 100% ━━━━━━━━━━━━ 10/10 4.9it/s 2.0s[32m [repeated 3x across cluster][0m
[36m(ClientAppActor pid=808837)[0m                    all         80        576      0.685      0.479       0.56      0.293[32m [repeated 3x across cluster][0m
[36m(ClientAppActor pid=808840)[0m       Epoch    GPU_mem   box_loss   cls_loss   dfl_loss  Instances       Size[32m [repeated 3x across cluster][0m
[36m(ClientAppActor pid=808833)[0m 
[K                 Class     Images  Instances      Box(P          R      mAP50  mAP50-95): 47% ━━━━━╸────── 7/15 3.6it/s 1.6s<2.2s
[36m(ClientAppActor pid=808845)[0m 
[K        2/3      1.44G      4.125      3.277       2.19         32        640: 35% ━━━━──────── 64/181 4.8it/s 11.9s<24.2s
[36m(ClientAppActor pid=808841)[0m 
[K        3/3      1.45G       3.98      2.887      2.193         46        640: 2% ──────────── 2/119 2.2it/s 1.1s<52.2s[32m [repeated 7x across cluster][0m
[36m(ClientAppActor pid=808845)[0m 
[K        2/3      1.44G      4.112       3.27      2.186         33        640: 36% ━━━━──────── 66/181 6.0it/s 12.1s<19.0s
[36m(ClientAppActor pid=808833)[0m 
[K        2/3      1.59G      3.688      2.593      2.223         68        640: 91% ━━━━━━━━━━╸─ 109/120 7.9it/s 20.2s<1.4s[32m [repeated 6x across cluster][0m
[36m(ClientAppActor pid=808845)[0m 
[K        2/3      1.44G      4.106      3.263      2.184         51        640: 37% ━━━━──────── 67/181 6.0it/s 12.3s<19.0s
[36m(ClientAppActor pid=808845)[0m 
[K        2/3      1.44G      4.101      3.259      2.192         39        640: 38% ━━━━╸─────── 68/181 6.1it/s 12.4s<18.4s
[36m(ClientAppActor pid=808845)[0m 
[K        2/3      1.44G      4.104      3.277      2.204         43        640: 38% ━━━━╸─────── 69/181 6.2it/s 12.6s<18.0s
[36m(ClientAppActor pid=808833)[0m 
[K                 Class     Images  Instances      Box(P          R      mAP50  mAP50-95): 67% ━━━━━━━━──── 10/15 3.7it/s 2.5s<1.4s
[36m(ClientAppActor pid=808845)[0m 
[K        2/3      1.44G      4.108      3.273        2.2         57        640: 39% ━━━━╸─────── 70/181 6.4it/s 12.7s<17.4s
[36m(ClientAppActor pid=808837)[0m 
[K        3/3      1.46G       3.89      2.987      2.274         25        640: 6% ╸─────────── 7/115 5.8it/s 1.9s<18.6s[32m [repeated 8x across cluster][0m
[36m(ClientAppActor pid=808836)[0m 
[K        3/3      1.47G      4.024      3.284      2.131         33        640: 25% ━━╸───────── 26/106 9.0it/s 3.8s<8.9s[32m [repeated 3x across cluster][0m
[36m(ClientAppActor pid=808845)[0m 
[K        2/3      1.44G      4.113      3.277      2.198         41        640: 39% ━━━━╸─────── 71/181 6.6it/s 12.9s<16.6s
[36m(ClientAppActor pid=808845)[0m 
[K        2/3      1.44G       4.12      3.289        2.2         35        640: 40% ━━━━╸─────── 72/181 6.9it/s 13.0s<15.9s
[36m(ClientAppActor pid=808845)[0m 
[K        2/3      1.44G       4.12      3.286      2.199         34        640: 40% ━━━━╸─────── 73/181 6.8it/s 13.1s<15.8s
[36m(ClientAppActor pid=808833)[0m 
[K        2/3      1.59G      3.695      2.604      2.225         20        640: 96% ━━━━━━━━━━━─ 115/120 8.8it/s 20.9s<0.6s[32m [repeated 8x across cluster][0m
[36m(ClientAppActor pid=808833)[0m 
[K        2/3      1.59G      3.702      2.603      2.225         18        640: 99% ━━━━━━━━━━━╸ 119/120 8.9it/s 21.3s<0.1s
[K        2/3      1.59G      3.702      2.603      2.225         18        640: 100% ━━━━━━━━━━━━ 120/120 5.6it/s 21.3s
[K        2/3      1.59G      3.702      2.603      2.225         18        640: 100% ━━━━━━━━━━━━ 120/120 5.6it/s 21.3s[32m [repeated 3x across cluster][0m
[36m(ClientAppActor pid=808833)[0m 
[K                 Class     Images  Instances      Box(P          R      mAP50  mAP50-95): 87% ━━━━━━━━━━── 13/15 3.5it/s 3.3s<0.6s
[36m(ClientAppActor pid=808841)[0m 
[K        3/3      1.45G      3.797      2.642      2.071         42        640: 11% ━─────────── 13/119 6.2it/s 2.7s<17.0s[32m [repeated 10x across cluster][0m
[36m(ClientAppActor pid=808845)[0m 
[K        2/3      1.44G      4.132      3.293      2.201         26        640: 42% ━━━━━─────── 76/181 6.7it/s 13.6s<15.8s
[36m(ClientAppActor pid=808845)[0m 
[K        2/3      1.44G      4.121      3.284        2.2         48        640: 43% ━━━━━─────── 77/181 6.5it/s 13.8s<15.9s
[36m(ClientAppActor pid=808833)[0m 
[K        2/3      1.59G      3.704      2.605      2.225        110        640: 98% ━━━━━━━━━━━╸ 118/120 8.5it/s 21.2s<0.2s[32m [repeated 3x across cluster][0m
[36m(ClientAppActor pid=808833)[0m 
[K                 Class     Images  Instances      Box(P          R      mAP50  mAP50-95): 93% ━━━━━━━━━━━─ 14/15 3.5it/s 3.6s<0.3s
[36m(ClientAppActor pid=808833)[0m 
[36m(ClientAppActor pid=808833)[0m 
[K                 Class     Images  Instances      Box(P          R      mAP50  mAP50-95): 20% ━━────────── 3/15 3.8it/s 0.5s<3.2s[32m [repeated 3x across cluster][0m
[36m(ClientAppActor pid=808836)[0m 
[K        3/3      1.47G      4.029       3.29       2.12         47        640: 28% ━━━───────── 30/106 7.4it/s 4.4s<10.3s[32m [repeated 4x across cluster][0m
[36m(ClientAppActor pid=808833)[0m 
[K                 Class     Images  Instances      Box(P          R      mAP50  mAP50-95): 27% ━━━───────── 4/15 4.4it/s 0.7s<2.5s[32m [repeated 2x across cluster][0m
[36m(ClientAppActor pid=808836)[0m 
[K        3/3      1.47G      4.011      3.227      2.115         19        640: 46% ━━━━━╸────── 49/106 6.4it/s 7.9s<8.9s
[36m(ClientAppActor pid=808840)[0m 
[K        3/3      1.45G      3.893      3.078      2.194         36        640: 16% ━╸────────── 20/124 6.0it/s 3.9s<17.5s[32m [repeated 15x across cluster][0m
[36m(ClientAppActor pid=808833)[0m 
[K                 Class     Images  Instances      Box(P          R      mAP50  mAP50-95): 40% ━━━━╸─────── 6/15 4.2it/s 1.2s<2.1s
[36m(ClientAppActor pid=808836)[0m 
[K        3/3      1.47G      3.998      3.224      2.111         22        640: 33% ━━━╸──────── 35/106 5.9it/s 5.8s<12.1s[32m [repeated 5x across cluster][0m
[36m(ClientAppActor pid=808833)[0m 
[K                 Class     Images  Instances      Box(P          R      mAP50  mAP50-95): 53% ━━━━━━────── 8/15 3.6it/s 1.9s<1.9s
[36m(ClientAppActor pid=808833)[0m 
[K                 Class     Images  Instances      Box(P          R      mAP50  mAP50-95): 33% ━━━━──────── 5/15 4.4it/s 0.9s<2.3s
[36m(ClientAppActor pid=808840)[0m 
[K                 Class     Images  Instances      Box(P          R      mAP50  mAP50-95): 64% ━━━━━━━╸──── 7/11 4.2it/s 1.6s<1.0s
[36m(ClientAppActor pid=808833)[0m 
[K                 Class     Images  Instances      Box(P          R      mAP50  mAP50-95): 60% ━━━━━━━───── 9/15 3.7it/s 2.2s<1.6s
[36m(ClientAppActor pid=808836)[0m 
[K        3/3      1.47G      3.999      3.212      2.116         15        640: 50% ━━━━━━────── 53/106 6.4it/s 8.5s<8.3s
[36m(ClientAppActor pid=808836)[0m 
[K        3/3      1.47G      4.002      3.205      2.113         44        640: 51% ━━━━━━────── 54/106 6.8it/s 8.7s<7.7s
[36m(ClientAppActor pid=808833)[0m 
[K                 Class     Images  Instances      Box(P          R      mAP50  mAP50-95): 73% ━━━━━━━━╸─── 11/15 3.6it/s 2.7s<1.1s[32m [repeated 2x across cluster][0m
[36m(ClientAppActor pid=808833)[0m 
[K                 Class     Images  Instances      Box(P          R      mAP50  mAP50-95): 80% ━━━━━━━━━╸── 12/15 3.5it/s 3.0s<0.8s[32m [repeated 3x across cluster][0m
[36m(ClientAppActor pid=808836)[0m 
[K        3/3      1.47G      3.995      3.197      2.108         15        640: 52% ━━━━━━────── 55/106 6.8it/s 8.8s<7.5s
[36m(ClientAppActor pid=808836)[0m 
[K        3/3      1.47G      3.985      3.199      2.113         20        640: 53% ━━━━━━────── 56/106 6.4it/s 9.0s<7.9s
[36m(ClientAppActor pid=808836)[0m 
[K        3/3      1.47G      4.045      3.226      2.115         58        640: 37% ━━━━──────── 39/106 6.3it/s 6.4s<10.7s[32m [repeated 4x across cluster][0m
[36m(ClientAppActor pid=808836)[0m 
[K        3/3      1.47G      3.986      3.186      2.111         22        640: 54% ━━━━━━────── 57/106 6.3it/s 9.2s<7.8s
[36m(ClientAppActor pid=808840)[0m 
[K        3/3      1.45G      3.997      3.163      2.209         42        640: 20% ━━────────── 25/124 5.9it/s 4.7s<16.6s[32m [repeated 14x across cluster][0m
[36m(ClientAppActor pid=808836)[0m 
[K        3/3      1.47G      3.977      3.187       2.11         22        640: 55% ━━━━━━╸───── 58/106 5.2it/s 9.6s<9.3s
[36m(ClientAppActor pid=808836)[0m 
[K        3/3      1.47G      3.984      3.187      2.111         13        640: 56% ━━━━━━╸───── 59/106 4.3it/s 10.0s<11.0s
[36m(ClientAppActor pid=808833)[0m 
[K                 Class     Images  Instances      Box(P          R      mAP50  mAP50-95): 100% ━━━━━━━━━━━━ 15/15 4.0it/s 3.8s
[K                 Class     Images  Instances      Box(P          R      mAP50  mAP50-95): 100% ━━━━━━━━━━━━ 15/15 4.0it/s 3.8s
[36m(ClientAppActor pid=808833)[0m                    all        115       1013      0.663      0.459      0.506      0.236
[36m(ClientAppActor pid=808833)[0m       Epoch    GPU_mem   box_loss   cls_loss   dfl_loss  Instances       Size
[36m(ClientAppActor pid=808833)[0m 
[K        3/3      1.59G       3.87      2.612      2.176         66        640: 4% ──────────── 5/120 4.9it/s 1.0s<23.5s[32m [repeated 15x across cluster][0m
[36m(ClientAppActor pid=808836)[0m 
[K        3/3      1.47G      3.987      3.182      2.114         14        640: 57% ━━━━━━╸───── 60/106 4.0it/s 10.3s<11.6s
[36m(ClientAppActor pid=808836)[0m 
[K        3/3      1.47G      3.997      3.191      2.113         32        640: 58% ━━━━━━╸───── 61/106 4.4it/s 10.5s<10.3s
[36m(ClientAppActor pid=808836)[0m 
[K        3/3      1.47G      4.041      3.248      2.123         32        640: 42% ━━━━╸─────── 44/106 6.9it/s 7.1s<9.0s[32m [repeated 7x across cluster][0m
[36m(ClientAppActor pid=808836)[0m 
[K        3/3      1.47G      3.993      3.183       2.11         41        640: 58% ━━━━━━━───── 62/106 4.8it/s 10.7s<9.2s
[36m(ClientAppActor pid=808836)[0m 
[K        3/3      1.47G      3.985      3.167      2.108         43        640: 59% ━━━━━━━───── 63/106 5.1it/s 10.9s<8.4s
[36m(ClientAppActor pid=808836)[0m 
[K        3/3      1.47G       3.98      3.164      2.107         26        640: 60% ━━━━━━━───── 64/106 5.2it/s 11.0s<8.0s
[36m(ClientAppActor pid=808833)[0m 
[K        3/3      1.59G      3.825       2.57      2.189        112        640: 8% ╸─────────── 9/120 5.6it/s 1.7s<19.8s[32m [repeated 11x across cluster][0m
[36m(ClientAppActor pid=808840)[0m 
[K        3/3      1.45G      4.003      3.154      2.197         29        640: 24% ━━╸───────── 30/124 4.2it/s 6.1s<22.5s[32m [repeated 15x across cluster][0m
[36m(ClientAppActor pid=808836)[0m 
[K        3/3      1.47G      3.989       3.16      2.105         59        640: 61% ━━━━━━━───── 65/106 5.5it/s 11.2s<7.5s
[36m(ClientAppActor pid=808836)[0m 
[K        3/3      1.47G      3.985       3.16      2.107         19        640: 62% ━━━━━━━───── 66/106 5.5it/s 11.4s<7.2s
[36m(ClientAppActor pid=808836)[0m 
[K        3/3      1.47G      3.992      3.158      2.107         41        640: 63% ━━━━━━━╸──── 67/106 5.7it/s 11.5s<6.9s
[36m(ClientAppActor pid=808836)[0m 
[K        3/3      1.47G      4.001      3.152      2.106         42        640: 64% ━━━━━━━╸──── 68/106 5.6it/s 11.7s<6.8s
[36m(ClientAppActor pid=808836)[0m 
[K        3/3      1.47G       3.99      3.142      2.106         25        640: 65% ━━━━━━━╸──── 69/106 5.7it/s 11.9s<6.5s
[36m(ClientAppActor pid=808833)[0m 
[K        3/3      1.59G      3.802       2.62      2.205         89        640: 12% ━─────────── 15/120 5.5it/s 3.3s<19.0s[32m [repeated 11x across cluster][0m
[36m(ClientAppActor pid=808845)[0m 
[K        2/3      1.44G      4.124      3.284      2.201         24        640: 45% ━━━━━─────── 82/181 6.3it/s 14.6s<15.8s[32m [repeated 9x across cluster][0m
[36m(ClientAppActor pid=808836)[0m 
[K        3/3      1.47G      3.994       3.14      2.104         20        640: 66% ━━━━━━━╸──── 70/106 5.8it/s 12.1s<6.2s
[36m(ClientAppActor pid=808836)[0m 
[K        3/3      1.47G      3.996      3.136      2.105         47        640: 67% ━━━━━━━━──── 71/106 5.8it/s 12.2s<6.0s
[36m(ClientAppActor pid=808840)[0m 
[K        3/3      1.45G      3.997      3.152      2.226         50        640: 29% ━━━───────── 36/124 5.9it/s 7.1s<14.8s[32m [repeated 16x across cluster][0m
[36m(ClientAppActor pid=808836)[0m 
[K        3/3      1.47G      4.009       3.14      2.105         37        640: 68% ━━━━━━━━──── 72/106 5.9it/s 12.4s<5.8s
[36m(ClientAppActor pid=808836)[0m 
[K        3/3      1.47G      4.014      3.133        2.1         56        640: 69% ━━━━━━━━──── 73/106 5.9it/s 12.6s<5.6s
[36m(ClientAppActor pid=808836)[0m 
[K        3/3      1.47G      4.008      3.134        2.1         13        640: 70% ━━━━━━━━──── 74/106 6.0it/s 12.7s<5.3s
[36m(ClientAppActor pid=808845)[0m 
[K        2/3      1.44G      4.101      3.317      2.194         11        640: 50% ━━━━━╸────── 90/181 6.4it/s 15.9s<14.2s[32m [repeated 11x across cluster][0m
[36m(ClientAppActor pid=808836)[0m 
[K        3/3      1.47G      4.015      3.136      2.102         53        640: 71% ━━━━━━━━──── 75/106 6.0it/s 12.9s<5.1s
[36m(ClientAppActor pid=808833)[0m 
[K        3/3      1.59G      3.747      2.628      2.226        100        640: 16% ━╸────────── 19/120 6.0it/s 3.9s<16.9s[32m [repeated 4x across cluster][0m
[36m(ClientAppActor pid=808836)[0m 
[K        3/3      1.47G       4.01      3.128      2.102         27        640: 72% ━━━━━━━━╸─── 76/106 5.9it/s 13.1s<5.1s
[36m(ClientAppActor pid=808840)[0m 
[K        3/3      1.45G      4.001      3.123      2.219         66        640: 33% ━━━╸──────── 41/124 6.2it/s 7.9s<13.3s[32m [repeated 15x across cluster][0m
[36m(ClientAppActor pid=808836)[0m 
[K        3/3      1.47G      4.008      3.139        2.1         15        640: 73% ━━━━━━━━╸─── 77/106 6.1it/s 13.2s<4.7s
[36m(ClientAppActor pid=808836)[0m 
[K        3/3      1.47G      3.994      3.135      2.098         23        640: 74% ━━━━━━━━╸─── 78/106 6.1it/s 13.4s<4.6s
[36m(ClientAppActor pid=808836)[0m 
[K        3/3      1.47G      3.999      3.129      2.098         31        640: 75% ━━━━━━━━╸─── 79/106 6.1it/s 13.6s<4.4s
[36m(ClientAppActor pid=808845)[0m 
[K        2/3      1.44G      4.109      3.284      2.192         27        640: 54% ━━━━━━────── 98/181 6.3it/s 17.7s<13.1s[32m [repeated 8x across cluster][0m
[36m(ClientAppActor pid=808836)[0m 
[K        3/3      1.47G      3.994      3.134      2.103         14        640: 75% ━━━━━━━━━─── 80/106 6.1it/s 13.7s<4.3s
[36m(ClientAppActor pid=808836)[0m 
[K        3/3      1.47G      3.994      3.132      2.104         51        640: 76% ━━━━━━━━━─── 81/106 6.1it/s 13.9s<4.1s
[36m(ClientAppActor pid=808836)[0m 
[K        3/3      1.47G      3.983      3.125      2.102         18        640: 77% ━━━━━━━━━─── 82/106 6.2it/s 14.0s<3.9s
[36m(ClientAppActor pid=808840)[0m 
[K        3/3      1.45G      3.965        3.1      2.219         60        640: 37% ━━━━──────── 46/124 6.2it/s 8.7s<12.6s[32m [repeated 15x across cluster][0m
[36m(ClientAppActor pid=808836)[0m 
[K        3/3      1.47G      3.988      3.131      2.107         24        640: 78% ━━━━━━━━━─── 83/106 6.1it/s 14.2s<3.8s
[36m(ClientAppActor pid=808836)[0m 
[K        3/3      1.47G       3.99      3.127      2.105         36        640: 79% ━━━━━━━━━╸── 84/106 6.0it/s 14.4s<3.7s
[36m(ClientAppActor pid=808833)[0m 
[K        3/3      1.59G        3.7      2.593      2.204         85        640: 21% ━━────────── 25/120 6.1it/s 4.9s<15.6s[32m [repeated 6x across cluster][0m
[36m(ClientAppActor pid=808845)[0m 
[K        2/3      1.44G      4.123      3.274      2.187         18        640: 58% ━━━━━━╸───── 105/181 5.9it/s 18.9s<12.9s[32m [repeated 7x across cluster][0m
[36m(ClientAppActor pid=808836)[0m 
[K        3/3      1.47G      4.006      3.134      2.105         14        640: 80% ━━━━━━━━━╸── 85/106 6.4it/s 14.5s<3.3s
[36m(ClientAppActor pid=808836)[0m 
[K        3/3      1.47G      4.009      3.143      2.104         15        640: 81% ━━━━━━━━━╸── 86/106 6.0it/s 14.7s<3.3s
[36m(ClientAppActor pid=808836)[0m 
[K        3/3      1.47G      4.004      3.137      2.101         49        640: 82% ━━━━━━━━━╸── 87/106 6.1it/s 14.9s<3.1s
[36m(ClientAppActor pid=808836)[0m 
[K        3/3      1.47G      4.012      3.143      2.106         18        640: 83% ━━━━━━━━━╸── 88/106 6.1it/s 15.0s<3.0s
[36m(ClientAppActor pid=808836)[0m 
[K        3/3      1.47G      4.015      3.146      2.104         76        640: 84% ━━━━━━━━━━── 89/106 6.1it/s 15.2s<2.8s
[36m(ClientAppActor pid=808836)[0m 
[K        3/3      1.47G      4.012      3.152      2.103         14        640: 85% ━━━━━━━━━━── 90/106 5.1it/s 15.6s<3.1s
[36m(ClientAppActor pid=808840)[0m 
[K        3/3      1.45G      3.964      3.095      2.222         40        640: 41% ━━━━╸─────── 51/124 6.1it/s 9.6s<11.9s[32m [repeated 14x across cluster][0m
[36m(ClientAppActor pid=808845)[0m 
[K        2/3      1.44G      4.108      3.273      2.188         19        640: 62% ━━━━━━━───── 113/181 6.1it/s 20.3s<11.1s[32m [repeated 8x across cluster][0m
[36m(ClientAppActor pid=808833)[0m 
[K        3/3      1.59G      3.653      2.604      2.213         48        640: 24% ━━╸───────── 29/120 6.1it/s 5.5s<14.9s[32m [repeated 4x across cluster][0m
[36m(ClientAppActor pid=808836)[0m 
[K        3/3      1.47G      4.006      3.148      2.102         26        640: 86% ━━━━━━━━━━── 91/106 4.1it/s 16.2s<3.7s
[36m(ClientAppActor pid=808836)[0m 
[K        3/3      1.47G      3.997      3.143        2.1         17        640: 87% ━━━━━━━━━━── 92/106 4.7it/s 16.3s<3.0s
[36m(ClientAppActor pid=808836)[0m 
[K        3/3      1.47G      3.999      3.139      2.098         23        640: 88% ━━━━━━━━━━╸─ 93/106 5.5it/s 16.5s<2.4s
[36m(ClientAppActor pid=808845)[0m 
[K        2/3      1.44G      4.111       3.28      2.189         59        640: 66% ━━━━━━━╸──── 120/181 6.0it/s 21.4s<10.1s[32m [repeated 7x across cluster][0m
[36m(ClientAppActor pid=808836)[0m 
[K        3/3      1.47G      3.994      3.129      2.096         30        640: 89% ━━━━━━━━━━╸─ 94/106 5.7it/s 16.6s<2.1s
[36m(ClientAppActor pid=808836)[0m 
[K        3/3      1.47G      3.999      3.124      2.094         46        640: 90% ━━━━━━━━━━╸─ 95/106 5.7it/s 16.8s<1.9s
[36m(ClientAppActor pid=808836)[0m 
[K        3/3      1.47G      3.995      3.123      2.099         19        640: 91% ━━━━━━━━━━╸─ 96/106 5.8it/s 17.0s<1.7s
[36m(ClientAppActor pid=808833)[0m 
[K        3/3      1.59G      3.624      2.565      2.224        123        640: 42% ━━━━━─────── 50/120 5.8it/s 9.6s<12.1s[32m [repeated 16x across cluster][0m
[36m(ClientAppActor pid=808836)[0m 
[K        3/3      1.47G      4.002      3.127      2.098         50        640: 92% ━━━━━━━━━━╸─ 97/106 5.8it/s 17.1s<1.6s
[36m(ClientAppActor pid=808845)[0m 
[K        2/3      1.44G      4.115      3.276      2.189         50        640: 71% ━━━━━━━━──── 128/181 5.1it/s 23.3s<10.4s[32m [repeated 8x across cluster][0m
[36m(ClientAppActor pid=808836)[0m 
[K        3/3      1.47G          4      3.121        2.1         37        640: 92% ━━━━━━━━━━━─ 98/106 5.9it/s 17.3s<1.4s
[36m(ClientAppActor pid=808833)[0m 
[K        3/3      1.59G      3.656      2.608      2.221        112        640: 29% ━━━───────── 35/120 6.1it/s 6.5s<13.9s[32m [repeated 6x across cluster][0m
[36m(ClientAppActor pid=808836)[0m 
[K        3/3      1.47G      4.012      3.126      2.101         27        640: 93% ━━━━━━━━━━━─ 99/106 5.9it/s 17.5s<1.2s
[36m(ClientAppActor pid=808836)[0m 
[K        3/3      1.47G      4.008      3.122      2.098         31        640: 94% ━━━━━━━━━━━─ 100/106 6.0it/s 17.6s<1.0s
[36m(ClientAppActor pid=808836)[0m 
[K        3/3      1.47G      4.006      3.117      2.096         43        640: 95% ━━━━━━━━━━━─ 101/106 6.0it/s 17.8s<0.8s
[36m(ClientAppActor pid=808840)[0m 
[K        3/3      1.45G      3.952      3.059      2.215         48        640: 49% ━━━━━╸────── 61/124 5.0it/s 11.5s<12.6s[32m [repeated 15x across cluster][0m
[36m(ClientAppActor pid=808836)[0m 
[K        3/3      1.47G      4.001       3.12      2.099         15        640: 96% ━━━━━━━━━━━╸ 102/106 6.1it/s 18.0s<0.7s
[36m(ClientAppActor pid=808845)[0m 
[K        2/3      1.44G      4.106      3.258      2.185         49        640: 75% ━━━━━━━━╸─── 135/181 6.0it/s 24.5s<7.6s[32m [repeated 7x across cluster][0m
[36m(ClientAppActor pid=808836)[0m 
[K        3/3      1.47G      4.004       3.12      2.097         66        640: 97% ━━━━━━━━━━━╸ 103/106 6.0it/s 18.1s<0.5s
[36m(ClientAppActor pid=808833)[0m 
[K        3/3      1.59G      3.641        2.6       2.22         35        640: 32% ━━━╸──────── 39/120 6.0it/s 7.2s<13.5s[32m [repeated 4x across cluster][0m
[36m(ClientAppActor pid=808836)[0m 
[K        3/3      1.47G      4.005      3.115      2.095         55        640: 98% ━━━━━━━━━━━╸ 104/106 6.1it/s 18.3s<0.3s
[36m(ClientAppActor pid=808836)[0m 
[K        3/3      1.47G      4.004      3.107      2.093         15        640: 99% ━━━━━━━━━━━╸ 105/106 7.2it/s 18.4s<0.1s
[K        3/3      1.47G      4.004      3.107      2.093         15        640: 100% ━━━━━━━━━━━━ 106/106 5.8it/s 18.4s
[K        3/3      1.47G      4.004      3.107      2.093         15        640: 100% ━━━━━━━━━━━━ 106/106 5.8it/s 18.4s
[36m(ClientAppActor pid=808840)[0m 
[K        3/3      1.45G      3.953      3.059       2.21         35        640: 54% ━━━━━━────── 67/124 5.6it/s 12.8s<10.2s[32m [repeated 16x across cluster][0m
[36m(ClientAppActor pid=808836)[0m 
[K                 Class     Images  Instances      Box(P          R      mAP50  mAP50-95): 11% ━─────────── 1/9 1.0s/it 0.3s<8.2s
[36m(ClientAppActor pid=808845)[0m 
[K        2/3      1.44G      4.105      3.255      2.185         63        640: 77% ━━━━━━━━━─── 140/181 6.2it/s 25.3s<6.6s[32m [repeated 5x across cluster][0m
[36m(ClientAppActor pid=808836)[0m 
[K                 Class     Images  Instances      Box(P          R      mAP50  mAP50-95): 22% ━━╸───────── 2/9 1.7it/s 0.6s<4.0s
[36m(ClientAppActor pid=808833)[0m 
[K        3/3      1.59G       3.63      2.572      2.217         56        640: 38% ━━━━──────── 45/120 4.0it/s 8.8s<18.9s[32m [repeated 6x across cluster][0m
[36m(ClientAppActor pid=808836)[0m 
[K                 Class     Images  Instances      Box(P          R      mAP50  mAP50-95): 33% ━━━━──────── 3/9 2.2it/s 0.9s<2.7s
[36m(ClientAppActor pid=808845)[0m 
[K        2/3      1.44G      4.097      3.253       2.18         50        640: 80% ━━━━━━━━━╸── 145/181 6.6it/s 26.1s<5.4s[32m [repeated 2x across cluster][0m
[36m(ClientAppActor pid=808833)[0m 
[K        3/3      1.59G      3.598      2.576      2.215         53        640: 55% ━━━━━━╸───── 66/120 6.8it/s 12.1s<7.9s[32m [repeated 16x across cluster][0m
[36m(ClientAppActor pid=808836)[0m 
[K                 Class     Images  Instances      Box(P          R      mAP50  mAP50-95): 44% ━━━━━─────── 4/9 2.6it/s 1.2s<1.9s
[36m(ClientAppActor pid=808836)[0m 
[K                 Class     Images  Instances      Box(P          R      mAP50  mAP50-95): 56% ━━━━━━╸───── 5/9 2.8it/s 1.5s<1.4s
[36m(ClientAppActor pid=808836)[0m 
[K                 Class     Images  Instances      Box(P          R      mAP50  mAP50-95): 67% ━━━━━━━━──── 6/9 3.0it/s 1.8s<1.0s
[36m(ClientAppActor pid=808845)[0m 
[K        2/3      1.44G      4.104      3.253      2.177         76        640: 83% ━━━━━━━━━━── 151/181 5.8it/s 27.1s<5.2s
[36m(ClientAppActor pid=808836)[0m 
[K                 Class     Images  Instances      Box(P          R      mAP50  mAP50-95): 78% ━━━━━━━━━─── 7/9 3.2it/s 2.0s<0.6s
[36m(ClientAppActor pid=808836)[0m 
[K                 Class     Images  Instances      Box(P          R      mAP50  mAP50-95): 89% ━━━━━━━━━━╸─ 8/9 3.5it/s 2.3s<0.3s
[36m(ClientAppActor pid=808845)[0m 
[K        2/3      1.44G      4.113      3.259      2.177         53        640: 84% ━━━━━━━━━━── 152/181 4.8it/s 27.5s<6.1s
[36m(ClientAppActor pid=808836)[0m 
[K                 Class     Images  Instances      Box(P          R      mAP50  mAP50-95): 100% ━━━━━━━━━━━━ 9/9 3.6it/s 2.5s
[K                 Class     Images  Instances      Box(P          R      mAP50  mAP50-95): 100% ━━━━━━━━━━━━ 9/9 3.6it/s 2.5s
[36m(ClientAppActor pid=808836)[0m                    all         69        401      0.661       0.56      0.605       0.33
[36m(ClientAppActor pid=808833)[0m 
[K        3/3      1.59G      3.626      2.569      2.225         84        640: 41% ━━━━╸─────── 49/120 5.7it/s 9.5s<12.5s[32m [repeated 4x across cluster][0m
[36m(ClientAppActor pid=808833)[0m 
[K        3/3      1.59G      3.587      2.559      2.206         72        640: 60% ━━━━━━━───── 72/120 4.8it/s 13.4s<10.1s[32m [repeated 17x across cluster][0m
[36m(ClientAppActor pid=808845)[0m 
[K        2/3      1.44G      4.113      3.258      2.177         54        640: 85% ━━━━━━━━━━── 153/181 4.0it/s 27.9s<6.9s
[36m(ClientAppActor pid=808836)[0m 
[36m(ClientAppActor pid=808836)[0m 3 epochs completed in 0.020 hours.
[36m(ClientAppActor pid=808845)[0m 
[K        2/3      1.44G      4.108      3.259      2.176         17        640: 85% ━━━━━━━━━━── 154/181 4.7it/s 28.1s<5.7s
[36m(ClientAppActor pid=808836)[0m Optimizer stripped from /tmp/fl_yolo_runs_808836/train/weights/last.pt, 16.5MB
[36m(ClientAppActor pid=808836)[0m Optimizer stripped from /tmp/fl_yolo_runs_808836/train/weights/best.pt, 16.5MB
[36m(ClientAppActor pid=808836)[0m 
[36m(ClientAppActor pid=808836)[0m Validating /tmp/fl_yolo_runs_808836/train/weights/best.pt...
[36m(ClientAppActor pid=808836)[0m Ultralytics 8.3.234 Python-3.10.19 torch-2.6.0+cu124 CUDA:0 (NVIDIA RTX 5000 Ada Generation, 32220MiB)
[36m(ClientAppActor pid=808845)[0m 
[K        2/3      1.44G       4.11       3.26      2.175         47        640: 86% ━━━━━━━━━━── 155/181 5.4it/s 28.2s<4.8s
[36m(ClientAppActor pid=808833)[0m 
[K        3/3      1.59G      3.589      2.551      2.203        127        640: 63% ━━━━━━━╸──── 76/120 6.5it/s 14.3s<6.8s[32m [repeated 16x across cluster][0m
[36m(ClientAppActor pid=808845)[0m 
[K        2/3      1.44G      4.105      3.259      2.175         38        640: 86% ━━━━━━━━━━── 156/181 5.9it/s 28.4s<4.2s
[36m(ClientAppActor pid=808836)[0m YOLOv10s summary (fused): 106 layers, 7,218,387 parameters, 0 gradients, 21.4 GFLOPs
[36m(ClientAppActor pid=808845)[0m 
[K        2/3      1.44G      4.111      3.259      2.175         48        640: 87% ━━━━━━━━━━── 157/181 6.3it/s 28.5s<3.8s
[36m(ClientAppActor pid=808845)[0m 
[K        2/3      1.44G      4.107      3.252      2.174         46        640: 87% ━━━━━━━━━━── 158/181 6.4it/s 28.7s<3.6s
[36m(ClientAppActor pid=808833)[0m 
[K        3/3      1.59G      3.613      2.572      2.218         61        640: 46% ━━━━━─────── 55/120 6.1it/s 10.4s<10.7s[32m [repeated 5x across cluster][0m
[36m(ClientAppActor pid=808845)[0m 
[K        2/3      1.44G      4.106       3.25      2.172         25        640: 88% ━━━━━━━━━━╸─ 159/181 6.4it/s 28.8s<3.5s
[36m(ClientAppActor pid=808836)[0m 
[K                 Class     Images  Instances      Box(P          R      mAP50  mAP50-95): 11% ━─────────── 1/9 2.5it/s 0.1s<3.2s
[36m(ClientAppActor pid=808845)[0m 
[K        2/3      1.44G      4.105      3.249      2.173         97        640: 88% ━━━━━━━━━━╸─ 160/181 6.4it/s 29.0s<3.3s
[36m(ClientAppActor pid=808833)[0m 
[K        3/3      1.59G      3.571      2.531      2.194        139        640: 68% ━━━━━━━━──── 81/120 6.8it/s 15.0s<5.7s[32m [repeated 17x across cluster][0m
[36m(ClientAppActor pid=808836)[0m 
[K                 Class     Images  Instances      Box(P          R      mAP50  mAP50-95): 22% ━━╸───────── 2/9 4.2it/s 0.2s<1.7s
[36m(ClientAppActor pid=808845)[0m 
[K        2/3      1.44G      4.104      3.248      2.173         41        640: 89% ━━━━━━━━━━╸─ 161/181 6.4it/s 29.1s<3.1s
[36m(ClientAppActor pid=808836)[0m 
[K                 Class     Images  Instances      Box(P          R      mAP50  mAP50-95): 33% ━━━━──────── 3/9 5.1it/s 0.4s<1.2s
[36m(ClientAppActor pid=808836)[0m 
[K                 Class     Images  Instances      Box(P          R      mAP50  mAP50-95): 44% ━━━━━─────── 4/9 6.3it/s 0.5s<0.8s
[36m(ClientAppActor pid=808845)[0m 
[K        2/3      1.44G      4.099      3.247      2.174         31        640: 90% ━━━━━━━━━━╸─ 162/181 6.4it/s 29.3s<3.0s
[36m(ClientAppActor pid=808836)[0m 
[K                 Class     Images  Instances      Box(P          R      mAP50  mAP50-95): 56% ━━━━━━╸───── 5/9 6.9it/s 0.6s<0.6s
[36m(ClientAppActor pid=808845)[0m 
[K        2/3      1.44G      4.097      3.247      2.175         45        640: 90% ━━━━━━━━━━╸─ 163/181 6.4it/s 29.4s<2.8s
[36m(ClientAppActor pid=808836)[0m 
[K                 Class     Images  Instances      Box(P          R      mAP50  mAP50-95): 67% ━━━━━━━━──── 6/9 7.4it/s 0.7s<0.4s
[36m(ClientAppActor pid=808836)[0m 
[K                 Class     Images  Instances      Box(P          R      mAP50  mAP50-95): 78% ━━━━━━━━━─── 7/9 7.6it/s 0.8s<0.3s
[36m(ClientAppActor pid=808845)[0m 
[K        2/3      1.44G        4.1      3.248      2.175         41        640: 91% ━━━━━━━━━━╸─ 164/181 6.5it/s 29.6s<2.6s
[36m(ClientAppActor pid=808833)[0m 
[K        3/3      1.59G      3.595      2.571      2.219         91        640: 49% ━━━━━╸────── 59/120 5.8it/s 11.1s<10.5s[32m [repeated 4x across cluster][0m
[36m(ClientAppActor pid=808836)[0m 
[K                 Class     Images  Instances      Box(P          R      mAP50  mAP50-95): 89% ━━━━━━━━━━╸─ 8/9 7.5it/s 1.0s<0.1s
[36m(ClientAppActor pid=808845)[0m 
[K        2/3      1.44G      4.095      3.244      2.174         57        640: 92% ━━━━━━━━━━━─ 166/181 6.7it/s 29.9s<2.2s
[36m(ClientAppActor pid=808833)[0m 
[K        3/3      1.59G      3.567      2.527       2.19         88        640: 72% ━━━━━━━━╸─── 86/120 6.8it/s 15.7s<5.0s[32m [repeated 16x across cluster][0m
[36m(ClientAppActor pid=808836)[0m 
[K                 Class     Images  Instances      Box(P          R      mAP50  mAP50-95): 100% ━━━━━━━━━━━━ 9/9 8.2it/s 1.1s
[K                 Class     Images  Instances      Box(P          R      mAP50  mAP50-95): 100% ━━━━━━━━━━━━ 9/9 8.2it/s 1.1s
[36m(ClientAppActor pid=808836)[0m                    all         69        401      0.658      0.561      0.605       0.33
[36m(ClientAppActor pid=808836)[0m Speed: 0.4ms preprocess, 1.2ms inference, 0.0ms loss, 1.9ms postprocess per image
[36m(ClientAppActor pid=808836)[0m [Client 4] Training complete:
[36m(ClientAppActor pid=808836)[0m   mAP50: 0.6047, mAP50-95: 0.3297
[36m(ClientAppActor pid=808836)[0m   Precision: 0.6580, Recall: 0.5611
[36m(ClientAppActor pid=808836)[0m   BN Stats: μ=0.0000, σ=0.0000
[36m(ClientAppActor pid=808845)[0m 
[K        2/3      1.44G      4.093      3.242      2.173         36        640: 92% ━━━━━━━━━━━─ 167/181 6.9it/s 30.0s<2.0s
[36m(ClientAppActor pid=808845)[0m 
[K        2/3      1.44G      4.092      3.244      2.176         34        640: 93% ━━━━━━━━━━━─ 168/181 7.1it/s 30.2s<1.8s
[36m(ClientAppActor pid=808845)[0m 
[K        2/3      1.44G      4.089      3.239      2.175        110        640: 93% ━━━━━━━━━━━─ 169/181 7.2it/s 30.3s<1.7s
[36m(ClientAppActor pid=808833)[0m 
[K        3/3      1.59G      3.595      2.576      2.213         67        640: 54% ━━━━━━────── 65/120 6.7it/s 12.0s<8.2s[32m [repeated 6x across cluster][0m
[36m(ClientAppActor pid=808833)[0m 
[K        3/3      1.59G      3.548      2.513      2.186         58        640: 76% ━━━━━━━━━─── 91/120 7.1it/s 16.4s<4.1s[32m [repeated 21x across cluster][0m
[36m(ClientAppActor pid=808845)[0m 
[K        2/3      1.44G      4.086       3.24      2.175         33        640: 96% ━━━━━━━━━━━╸ 174/181 7.3it/s 31.0s<1.0s
[36m(ClientAppActor pid=808840)[0m 
[K        3/3      1.45G      3.937       3.02      2.216         79        640: 83% ━━━━━━━━━╸── 103/124 6.7it/s 19.0s<3.1s[32m [repeated 19x across cluster][0m
[36m(ClientAppActor pid=808833)[0m 
[K        3/3      1.59G      3.585      2.568      2.211         93        640: 57% ━━━━━━╸───── 69/120 6.6it/s 12.6s<7.7s[32m [repeated 3x across cluster][0m
[36m(ClientAppActor pid=808837)[0m 
[K        3/3      1.46G      3.887      2.992      2.152         11        640: 100% ━━━━━━━━━━━━ 115/115 5.6it/s 20.5s
[K        3/3      1.46G      3.887      2.992      2.152         11        640: 100% ━━━━━━━━━━━━ 115/115 5.6it/s 20.5s
[36m(ClientAppActor pid=808837)[0m 
[K                 Class     Images  Instances      Box(P          R      mAP50  mAP50-95): 10% ━─────────── 1/10 1.4it/s 0.2s<6.4s
[36m(ClientAppActor pid=808845)[0m 
[K        2/3      1.44G      4.084      3.236      2.173         56        640: 99% ━━━━━━━━━━━╸ 180/181 7.8it/s 31.8s<0.1s
[K        2/3      1.44G      4.084      3.236      2.173         56        640: 100% ━━━━━━━━━━━━ 181/181 5.7it/s 31.8s
[K        2/3      1.44G      4.084      3.236      2.173         56        640: 100% ━━━━━━━━━━━━ 181/181 5.7it/s 31.8s
[36m(ClientAppActor pid=808837)[0m 
[K                 Class     Images  Instances      Box(P          R      mAP50  mAP50-95): 20% ━━────────── 2/10 2.4it/s 0.4s<3.3s
[36m(ClientAppActor pid=808845)[0m 
[K                 Class     Images  Instances      Box(P          R      mAP50  mAP50-95): 6% ╸─────────── 1/17 1.8it/s 0.2s<9.0s
[36m(ClientAppActor pid=808833)[0m 
[K        3/3      1.59G      3.554       2.52      2.179        110        640: 84% ━━━━━━━━━━── 101/120 7.6it/s 17.8s<2.5s[32m [repeated 17x across cluster][0m
[36m(ClientAppActor pid=808837)[0m 
[K                 Class     Images  Instances      Box(P          R      mAP50  mAP50-95): 30% ━━━╸──────── 3/10 3.1it/s 0.6s<2.2s
[36m(ClientAppActor pid=808837)[0m 
[K                 Class     Images  Instances      Box(P          R      mAP50  mAP50-95): 40% ━━━━╸─────── 4/10 3.6it/s 0.8s<1.7s
[36m(ClientAppActor pid=808837)[0m 
[K                 Class     Images  Instances      Box(P          R      mAP50  mAP50-95): 50% ━━━━━━────── 5/10 4.0it/s 1.1s<1.3s
[36m(ClientAppActor pid=808845)[0m 
[K                 Class     Images  Instances      Box(P          R      mAP50  mAP50-95): 24% ━━╸───────── 4/17 3.7it/s 0.8s<3.5s
[36m(ClientAppActor pid=808837)[0m 
[K                 Class     Images  Instances      Box(P          R      mAP50  mAP50-95): 60% ━━━━━━━───── 6/10 4.2it/s 1.3s<0.9s
[36m(ClientAppActor pid=808841)[0m 
[K                 Class     Images  Instances      Box(P          R      mAP50  mAP50-95): 27% ━━━───────── 3/11 2.7it/s 0.8s<3.0s
[36m(ClientAppActor pid=808833)[0m 
[K        3/3      1.59G      3.587      2.553      2.205         88        640: 62% ━━━━━━━───── 75/120 6.1it/s 14.1s<7.3s[32m [repeated 3x across cluster][0m
[36m(ClientAppActor pid=808837)[0m 
[K                 Class     Images  Instances      Box(P          R      mAP50  mAP50-95): 70% ━━━━━━━━──── 7/10 4.7it/s 1.4s<0.6s
[36m(ClientAppActor pid=808845)[0m 
[K                 Class     Images  Instances      Box(P          R      mAP50  mAP50-95): 35% ━━━━──────── 6/17 4.6it/s 1.2s<2.4s
[36m(ClientAppActor pid=808837)[0m 
[K                 Class     Images  Instances      Box(P          R      mAP50  mAP50-95): 80% ━━━━━━━━━╸── 8/10 5.2it/s 1.6s<0.4s
[36m(ClientAppActor pid=808841)[0m 
[K                 Class     Images  Instances      Box(P          R      mAP50  mAP50-95): 45% ━━━━━─────── 5/11 4.6it/s 1.1s<1.3s
[36m(ClientAppActor pid=808837)[0m 
[K                 Class     Images  Instances      Box(P          R      mAP50  mAP50-95): 90% ━━━━━━━━━━╸─ 9/10 5.7it/s 1.7s<0.2s
[36m(ClientAppActor pid=808845)[0m 
[K                 Class     Images  Instances      Box(P          R      mAP50  mAP50-95): 47% ━━━━━╸────── 8/17 5.3it/s 1.5s<1.7s
[36m(ClientAppActor pid=808841)[0m 
[K                 Class     Images  Instances      Box(P          R      mAP50  mAP50-95): 55% ━━━━━━╸───── 6/11 5.7it/s 1.2s<0.9s
[36m(ClientAppActor pid=808837)[0m 
[K                 Class     Images  Instances      Box(P          R      mAP50  mAP50-95): 100% ━━━━━━━━━━━━ 10/10 5.3it/s 1.9s
[K                 Class     Images  Instances      Box(P          R      mAP50  mAP50-95): 100% ━━━━━━━━━━━━ 10/10 5.3it/s 1.9s
[36m(ClientAppActor pid=808837)[0m                    all         80        576      0.682      0.512      0.594      0.324
[36m(ClientAppActor pid=808841)[0m 
[K                 Class     Images  Instances      Box(P          R      mAP50  mAP50-95): 64% ━━━━━━━╸──── 7/11 6.5it/s 1.3s<0.6s
[36m(ClientAppActor pid=808833)[0m 
[K        3/3      1.59G      3.578      2.539      2.197        121        640: 66% ━━━━━━━╸──── 79/120 7.0it/s 14.7s<5.9s[32m [repeated 3x across cluster][0m
[36m(ClientAppActor pid=808837)[0m 
[36m(ClientAppActor pid=808837)[0m 3 epochs completed in 0.021 hours.
[36m(ClientAppActor pid=808837)[0m Optimizer stripped from /tmp/fl_yolo_runs_808837/train/weights/last.pt, 16.5MB
[36m(ClientAppActor pid=808837)[0m Optimizer stripped from /tmp/fl_yolo_runs_808837/train/weights/best.pt, 16.5MB
[36m(ClientAppActor pid=808837)[0m 
[36m(ClientAppActor pid=808837)[0m Validating /tmp/fl_yolo_runs_808837/train/weights/best.pt...
[36m(ClientAppActor pid=808837)[0m Ultralytics 8.3.234 Python-3.10.19 torch-2.6.0+cu124 CUDA:0 (NVIDIA RTX 5000 Ada Generation, 32220MiB)
[36m(ClientAppActor pid=808833)[0m 
[K        3/3      1.59G      3.545      2.512      2.182         67        640: 90% ━━━━━━━━━━╸─ 108/120 8.6it/s 19.3s<1.4s[32m [repeated 18x across cluster][0m
[36m(ClientAppActor pid=808837)[0m YOLOv10s summary (fused): 106 layers, 7,218,387 parameters, 0 gradients, 21.4 GFLOPs
[36m(ClientAppActor pid=808841)[0m 
[36m(ClientAppActor pid=808845)[0m 
[K                 Class     Images  Instances      Box(P          R      mAP50  mAP50-95): 94% ━━━━━━━━━━━─ 16/17 9.5it/s 2.4s<0.1s
[36m(ClientAppActor pid=808833)[0m 
[K        3/3      1.59G      3.567      2.528      2.192         43        640: 71% ━━━━━━━━──── 85/120 6.8it/s 15.6s<5.2s[32m [repeated 4x across cluster][0m
[36m(ClientAppActor pid=808845)[0m 
[36m(ClientAppActor pid=808845)[0m       Epoch    GPU_mem   box_loss   cls_loss   dfl_loss  Instances       Size
[36m(ClientAppActor pid=808841)[0m 
[36m(ClientAppActor pid=808833)[0m 
[K                 Class     Images  Instances      Box(P          R      mAP50  mAP50-95): 13% ━╸────────── 2/15 3.2it/s 0.2s<4.1s
[36m(ClientAppActor pid=808845)[0m 
[K        3/3      1.44G        4.6       3.13      2.198         53        640: 1% ──────────── 1/181 1.9it/s 0.2s<1:37
[36m(ClientAppActor pid=808837)[0m 
[K                 Class     Images  Instances      Box(P          R      mAP50  mAP50-95): 90% ━━━━━━━━━━╸─ 9/10 16.9it/s 0.4s<0.1s
[K                 Class     Images  Instances      Box(P          R      mAP50  mAP50-95): 100% ━━━━━━━━━━━━ 10/10 25.9it/s 0.4s
[K                 Class     Images  Instances      Box(P          R      mAP50  mAP50-95): 100% ━━━━━━━━━━━━ 10/10 25.9it/s 0.4s
[36m(ClientAppActor pid=808840)[0m 
[36m(ClientAppActor pid=808845)[0m 
[K        3/3      1.44G      4.277      2.892      2.173         42        640: 2% ──────────── 3/181 5.5it/s 0.3s<32.4s
[36m(ClientAppActor pid=808845)[0m 
[K        3/3      1.44G      4.174      2.783      2.141         41        640: 3% ──────────── 5/181 8.3it/s 0.4s<21.2s
[36m(ClientAppActor pid=808837)[0m   mAP50: 0.5936, mAP50-95: 0.3232
[36m(ClientAppActor pid=808840)[0m 
[36m(ClientAppActor pid=808845)[0m 
[K        3/3      1.44G       4.05      2.662      2.128         71        640: 4% ──────────── 7/181 10.1it/s 0.6s<17.2s
[36m(ClientAppActor pid=808833)[0m 
[K        3/3      1.59G      3.537      2.511       2.18         62        640: 95% ━━━━━━━━━━━─ 114/120 11.6it/s 19.8s<0.5s[32m [repeated 22x across cluster][0m
[36m(ClientAppActor pid=808845)[0m 
[K        3/3      1.44G      4.122      2.733      2.136         40        640: 5% ╸─────────── 9/181 11.5it/s 0.7s<15.0s
[36m(ClientAppActor pid=808833)[0m 
[K        3/3      1.59G      3.557      2.517      2.188         83        640: 74% ━━━━━━━━╸─── 89/120 7.0it/s 16.2s<4.4s[32m [repeated 3x across cluster][0m
[36m(ClientAppActor pid=808841)[0m Speed: 0.1ms preprocess, 0.8ms inference, 0.0ms loss, 0.5ms postprocess per image[32m [repeated 2x across cluster][0m
[36m(ClientAppActor pid=808837)[0m [Client 6] Training complete:
[36m(ClientAppActor pid=808837)[0m   Precision: 0.6833, Recall: 0.5133
[36m(ClientAppActor pid=808837)[0m   BN Stats: μ=0.0000, σ=0.0000
[36m(ClientAppActor pid=808845)[0m 
[K        3/3      1.44G      4.088      2.899      2.159         44        640: 6% ╸─────────── 11/181 12.0it/s 0.9s<14.1s
[36m(ClientAppActor pid=808841)[0m [Client 0] Training complete:
[36m(ClientAppActor pid=808841)[0m   mAP50: 0.5651, mAP50-95: 0.2777
[36m(ClientAppActor pid=808841)[0m   Precision: 0.5836, Recall: 0.5331
[36m(ClientAppActor pid=808841)[0m   BN Stats: μ=0.0000, σ=0.0000
[36m(ClientAppActor pid=808841)[0m [Client 0] Applying SignFlippingAttack attack...
[36m(ClientAppActor pid=808841)[0m [Client 0] Attack applied
[36m(ClientAppActor pid=808845)[0m 
[K        3/3      1.44G      4.068      2.866      2.132         45        640: 7% ╸─────────── 13/181 12.7it/s 1.0s<13.2s
[36m(ClientAppActor pid=808845)[0m 
[K        3/3      1.44G      4.086      2.861       2.12         79        640: 8% ╸─────────── 15/181 13.5it/s 1.1s<12.3s
[36m(ClientAppActor pid=808845)[0m 
[K        3/3      1.44G      4.022      2.861      2.109         17        640: 9% ━─────────── 17/181 14.5it/s 1.3s<11.3s
[36m(ClientAppActor pid=808833)[0m 
[36m(ClientAppActor pid=808833)[0m 
[K        3/3      1.59G      3.554      2.503      2.181        110        640: 79% ━━━━━━━━━─── 95/120 7.1it/s 17.0s<3.5s[32m [repeated 4x across cluster][0m
[36m(ClientAppActor pid=808840)[0m   mAP50: 0.4905, mAP50-95: 0.2292
[36m(ClientAppActor pid=808845)[0m 
[K        3/3      1.44G      3.976      2.858      2.117         66        640: 11% ━─────────── 20/181 16.4it/s 1.4s<9.8s
[36m(ClientAppActor pid=808845)[0m 
[K        3/3      1.44G      4.014      2.914      2.102         22        640: 13% ━╸────────── 23/181 17.2it/s 1.6s<9.2s
[36m(ClientAppActor pid=808833)[0m 
[36m(ClientAppActor pid=808845)[0m 
[K        3/3      1.44G      4.041       2.95       2.13         50        640: 14% ━╸────────── 26/181 18.7it/s 1.7s<8.3s
[36m(ClientAppActor pid=808833)[0m 
[K        3/3      1.59G      3.528        2.5      2.182         80        640: 98% ━━━━━━━━━━━╸ 118/120 12.7it/s 20.0s<0.2s[32m [repeated 16x across cluster][0m
[36m(ClientAppActor pid=808845)[0m 
[K        3/3      1.44G      4.073      2.976      2.121         47        640: 16% ━╸────────── 29/181 18.8it/s 1.8s<8.1s
[36m(ClientAppActor pid=808845)[0m 
[K        3/3      1.44G      4.084      2.996      2.124         23        640: 17% ━━────────── 31/181 18.4it/s 2.0s<8.2s
[36m(ClientAppActor pid=808833)[0m 
[K        3/3      1.59G      3.552      2.509       2.18         70        640: 82% ━━━━━━━━━╸── 99/120 7.2it/s 17.6s<2.9s[32m [repeated 4x across cluster][0m
[36m(ClientAppActor pid=808845)[0m 
[K        3/3      1.44G      4.077      2.985      2.128         49        640: 18% ━━────────── 33/181 18.1it/s 2.1s<8.2s
[36m(ClientAppActor pid=808845)[0m 
[K        3/3      1.44G      4.079      2.978      2.124         30        640: 19% ━━────────── 35/181 17.6it/s 2.2s<8.3s
[36m(ClientAppActor pid=808833)[0m   mAP50: 0.5694, mAP50-95: 0.2818
[36m(ClientAppActor pid=808833)[0m 
[K        3/3      1.59G      3.531      2.507      2.181          3        640: 100% ━━━━━━━━━━━━ 120/120 6.0it/s 20.1s
[K        3/3      1.59G      3.531      2.507      2.181          3        640: 100% ━━━━━━━━━━━━ 120/120 6.0it/s 20.1s
[36m(ClientAppActor pid=808845)[0m 
[K        3/3      1.44G      4.072      2.974      2.144         48        640: 21% ━━╸───────── 38/181 18.7it/s 2.3s<7.6s
[36m(ClientAppActor pid=808845)[0m 
[K        3/3      1.44G      4.114      3.016      2.152         34        640: 23% ━━╸───────── 41/181 19.7it/s 2.5s<7.1s
[36m(ClientAppActor pid=808845)[0m 
[K        3/3      1.44G      4.115      3.022      2.152         79        640: 24% ━━╸───────── 44/181 20.5it/s 2.6s<6.7s
[36m(ClientAppActor pid=808840)[0m 
[K                 Class     Images  Instances      Box(P          R      mAP50  mAP50-95): 9% ━─────────── 1/11 2.3it/s 0.1s<4.3s[32m [repeated 3x across cluster][0m
[36m(ClientAppActor pid=808840)[0m 
[K        3/3      1.45G      3.924       2.99        2.2         63        640: 99% ━━━━━━━━━━━╸ 123/124 7.6it/s 22.3s<0.1s
[K        3/3      1.45G      3.924       2.99        2.2         63        640: 100% ━━━━━━━━━━━━ 124/124 5.6it/s 22.3s
[K        3/3      1.45G      3.924       2.99        2.2         63        640: 100% ━━━━━━━━━━━━ 124/124 5.6it/s 22.3s[32m [repeated 2x across cluster][0m
[36m(ClientAppActor pid=808845)[0m 
[K        3/3      1.44G      4.106      2.997      2.155         64        640: 26% ━━━───────── 47/181 20.3it/s 2.8s<6.6s
[36m(ClientAppActor pid=808840)[0m 
[K                 Class     Images  Instances      Box(P          R      mAP50  mAP50-95): 18% ━━────────── 2/11 3.8it/s 0.3s<2.4s[32m [repeated 3x across cluster][0m
[36m(ClientAppActor pid=808845)[0m 
[K        3/3      1.44G      4.116      3.019      2.158         35        640: 28% ━━━───────── 50/181 21.0it/s 2.9s<6.2s
[36m(ClientAppActor pid=808845)[0m 
[K        3/3      1.44G       4.12      3.026      2.151         40        640: 29% ━━━╸──────── 53/181 21.4it/s 3.0s<6.0s
[36m(ClientAppActor pid=808833)[0m 
[K        3/3      1.59G      3.543      2.514      2.184         55        640: 88% ━━━━━━━━━━── 105/120 6.4it/s 19.0s<2.4s[32m [repeated 4x across cluster][0m
[36m(ClientAppActor pid=808837)[0m 
[K                 Class     Images  Instances      Box(P          R      mAP50  mAP50-95): 30% ━━━╸──────── 3/10 7.9it/s 0.1s<0.9s[32m [repeated 2x across cluster][0m
[36m(ClientAppActor pid=808845)[0m 
[K        3/3      1.44G      4.117      3.031      2.151         44        640: 31% ━━━╸──────── 56/181 21.7it/s 3.2s<5.8s
[36m(ClientAppActor pid=808833)[0m 
[K                 Class     Images  Instances      Box(P          R      mAP50  mAP50-95): 40% ━━━━╸─────── 6/15 8.4it/s 0.5s<1.1s[32m [repeated 2x across cluster][0m
[36m(ClientAppActor pid=808845)[0m 
[K        3/3      1.44G      4.094      3.005      2.148         50        640: 33% ━━━╸──────── 59/181 21.9it/s 3.3s<5.6s
[36m(ClientAppActor pid=808845)[0m 
[K        3/3      1.44G      4.088      2.998      2.145         25        640: 34% ━━━━──────── 61/181 21.0it/s 3.4s<5.7s
[36m(ClientAppActor pid=808833)[0m 
[K                 Class     Images  Instances      Box(P          R      mAP50  mAP50-95): 53% ━━━━━━────── 8/15 19.7it/s 0.2s<0.4s[32m [repeated 3x across cluster][0m
[36m(ClientAppActor pid=808845)[0m 
[K        3/3      1.44G      4.091      3.012      2.143         38        640: 35% ━━━━──────── 64/181 21.5it/s 3.5s<5.4s
[36m(ClientAppActor pid=808837)[0m 
[K                 Class     Images  Instances      Box(P          R      mAP50  mAP50-95): 60% ━━━━━━━───── 6/10 12.3it/s 0.2s<0.3s[32m [repeated 2x across cluster][0m
[36m(ClientAppActor pid=808845)[0m 
[K        3/3      1.44G      4.059      2.985      2.145         34        640: 37% ━━━━──────── 67/181 21.8it/s 3.7s<5.2s
[36m(ClientAppActor pid=808845)[0m 
[K        3/3      1.44G      4.056      2.981      2.138         63        640: 39% ━━━━╸─────── 70/181 22.0it/s 3.8s<5.0s
[36m(ClientAppActor pid=808833)[0m 
[K                 Class     Images  Instances      Box(P          R      mAP50  mAP50-95): 27% ━━━───────── 4/15 11.2it/s 0.1s<1.0s[32m [repeated 4x across cluster][0m
[36m(ClientAppActor pid=808833)[0m 
[K                 Class     Images  Instances      Box(P          R      mAP50  mAP50-95): 67% ━━━━━━━━──── 10/15 10.5it/s 0.8s<0.5s[32m [repeated 2x across cluster][0m
[36m(ClientAppActor pid=808841)[0m 
[K                 Class     Images  Instances      Box(P          R      mAP50  mAP50-95): 36% ━━━━──────── 4/11 8.8it/s 0.1s<0.8s[32m [repeated 3x across cluster][0m
[36m(ClientAppActor pid=808845)[0m 
[K        3/3      1.44G      4.035      2.976      2.142         51        640: 40% ━━━━╸─────── 73/181 21.5it/s 4.0s<5.0s
[36m(ClientAppActor pid=808833)[0m 
[K                 Class     Images  Instances      Box(P          R      mAP50  mAP50-95): 80% ━━━━━━━━━╸── 12/15 25.3it/s 0.3s<0.1s[32m [repeated 5x across cluster][0m
[36m(ClientAppActor pid=808845)[0m 
[K        3/3      1.44G      4.031      2.973      2.137         60        640: 42% ━━━━━─────── 76/181 21.8it/s 4.1s<4.8s
[36m(ClientAppActor pid=808840)[0m 
[K                 Class     Images  Instances      Box(P          R      mAP50  mAP50-95): 45% ━━━━━─────── 5/11 7.6it/s 0.6s<0.8s
[36m(ClientAppActor pid=808841)[0m 
[K                 Class     Images  Instances      Box(P          R      mAP50  mAP50-95): 91% ━━━━━━━━━━╸─ 10/11 18.2it/s 0.4s<0.1s[32m [repeated 2x across cluster][0m
[36m(ClientAppActor pid=808845)[0m 
[K        3/3      1.44G       4.04      2.965      2.136         68        640: 44% ━━━━━─────── 79/181 22.0it/s 4.2s<4.6s
[36m(ClientAppActor pid=808833)[0m 
[K                 Class     Images  Instances      Box(P          R      mAP50  mAP50-95): 100% ━━━━━━━━━━━━ 15/15 39.9it/s 0.4s
[K                 Class     Images  Instances      Box(P          R      mAP50  mAP50-95): 100% ━━━━━━━━━━━━ 15/15 39.9it/s 0.4s[32m [repeated 7x across cluster][0m
[36m(ClientAppActor pid=808833)[0m                    all        115       1013      0.662      0.512      0.569      0.282[32m [repeated 8x across cluster][0m
[36m(ClientAppActor pid=808845)[0m 
[K        3/3      1.44G      4.042      2.965       2.14         25        640: 45% ━━━━━─────── 82/181 22.0it/s 4.4s<4.5s
[36m(ClientAppActor pid=808840)[0m 
[K                 Class     Images  Instances      Box(P          R      mAP50  mAP50-95): 64% ━━━━━━━╸──── 7/11 14.7it/s 0.2s<0.3s[32m [repeated 4x across cluster][0m
[36m(ClientAppActor pid=808833)[0m 3 epochs completed in 0.022 hours.[32m [repeated 3x across cluster][0m
[36m(ClientAppActor pid=808845)[0m 
[K        3/3      1.44G       4.03      2.962      2.142         37        640: 47% ━━━━━╸────── 85/181 22.2it/s 4.5s<4.3s
[36m(ClientAppActor pid=808833)[0m Optimizer stripped from /tmp/fl_yolo_runs_808833/train/weights/best.pt, 16.5MB[32m [repeated 6x across cluster][0m
[36m(ClientAppActor pid=808845)[0m 
[K        3/3      1.44G      4.031      2.965      2.144         34        640: 48% ━━━━━╸────── 87/181 21.3it/s 4.6s<4.4s
[36m(ClientAppActor pid=808833)[0m Validating /tmp/fl_yolo_runs_808833/train/weights/best.pt...[32m [repeated 3x across cluster][0m
[36m(ClientAppActor pid=808833)[0m Ultralytics 8.3.234 Python-3.10.19 torch-2.6.0+cu124 CUDA:0 (NVIDIA RTX 5000 Ada Generation, 32220MiB)[32m [repeated 3x across cluster][0m
[36m(ClientAppActor pid=808845)[0m 
[K        3/3      1.44G       4.03      2.963      2.142         86        640: 50% ━━━━━╸────── 90/181 21.6it/s 4.7s<4.2s
[36m(ClientAppActor pid=808845)[0m 
[K        3/3      1.44G      4.008      2.958      2.143         27        640: 51% ━━━━━━────── 93/181 21.9it/s 4.9s<4.0s
[36m(ClientAppActor pid=808833)[0m YOLOv10s summary (fused): 106 layers, 7,218,387 parameters, 0 gradients, 21.4 GFLOPs[32m [repeated 3x across cluster][0m
[36m(ClientAppActor pid=808833)[0m 
[K                 Class     Images  Instances      Box(P          R      mAP50  mAP50-95): 93% ━━━━━━━━━━━─ 14/15 12.0it/s 1.1s<0.1s
[36m(ClientAppActor pid=808845)[0m 
[K        3/3      1.44G       4.01      2.966      2.146         21        640: 53% ━━━━━━────── 96/181 22.0it/s 5.0s<3.9s
[36m(ClientAppActor pid=808845)[0m 
[K        3/3      1.44G      4.009      2.955      2.149         47        640: 55% ━━━━━━╸───── 99/181 22.1it/s 5.1s<3.7s
[36m(ClientAppActor pid=808845)[0m 
[K        3/3      1.44G      4.005      2.948      2.147         63        640: 56% ━━━━━━╸───── 101/181 21.2it/s 5.2s<3.8s
[36m(ClientAppActor pid=808845)[0m 
[K        3/3      1.44G          4       2.94      2.146         58        640: 57% ━━━━━━╸───── 104/181 21.5it/s 5.4s<3.6s
[36m(ClientAppActor pid=808845)[0m 
[K        3/3      1.44G      3.995      2.934      2.142         41        640: 59% ━━━━━━━───── 107/181 21.8it/s 5.5s<3.4s
[36m(ClientAppActor pid=808845)[0m 
[K        3/3      1.44G      4.002      2.945      2.146         67        640: 61% ━━━━━━━───── 110/181 22.1it/s 5.6s<3.2s
[36m(ClientAppActor pid=808845)[0m 
[K        3/3      1.44G      3.998      2.959      2.146         16        640: 62% ━━━━━━━───── 113/181 22.1it/s 5.8s<3.1s
[92mINFO [0m:      aggregate_fit: received 7 results and 0 failures
[92mINFO [0m:      configure_evaluate: strategy sampled 7 clients (out of 7)
[36m(ClientAppActor pid=808845)[0m 
[36m(ClientAppActor pid=808845)[0m         
[36m(ClientAppActor pid=808845)[0m [93mWARNING [0m:   DEPRECATED FEATURE: `client_fn` now expects a signature `def client_fn(context: Context)`.The provided `client_fn` has signature: {'cid': <Parameter "cid: str">}. You can import the `Context` like this: `from flwr.common import Context`
[36m(ClientAppActor pid=808845)[0m             This is a deprecated feature. It will be removed
[36m(ClientAppActor pid=808845)[0m             entirely in future versions of Flower.
[36m(ClientAppActor pid=808845)[0m [93mWARNING [0m:   Deprecation Warning: The `client_fn` function must return an instance of `Client`, but an instance of `NumpyClient` was returned. Please use `NumPyClient.to_client()` method to convert it to `Client`.
[36m(ClientAppActor pid=808845)[0m [2026-05-06 15:32:44,500 E 808845 809360] core_worker_process.cc:825: Failed to establish connection to the metrics exporter agent. Metrics will not be exported. Exporter agent status: RpcError: Running out of retries to initialize the metrics agent. rpc_code: 14[32m [repeated 6x across cluster][0m
[36m(ClientAppActor pid=808833)[0m [93mWARNING [0m:   DEPRECATED FEATURE: `client_fn` now expects a signature `def client_fn(context: Context)`.The provided `client_fn` has signature: {'cid': <Parameter "cid: str">}. You can import the `Context` like this: `from flwr.common import Context`
[36m(ClientAppActor pid=808833)[0m 
[36m(ClientAppActor pid=808833)[0m             This is a deprecated feature. It will be removed
[36m(ClientAppActor pid=808833)[0m             entirely in future versions of Flower.
[36m(ClientAppActor pid=808833)[0m         
[36m(ClientAppActor pid=808840)[0m 
[36m(ClientAppActor pid=808840)[0m         
[36m(ClientAppActor pid=808833)[0m Speed: 0.1ms preprocess, 0.8ms inference, 0.0ms loss, 0.2ms postprocess per image[32m [repeated 2x across cluster][0m
[36m(ClientAppActor pid=808845)[0m 
[K        3/3      1.44G      4.013      2.962      2.146         76        640: 64% ━━━━━━━╸──── 115/181 21.2it/s 5.9s<3.1s
[36m(ClientAppActor pid=808845)[0m 
[K        3/3      1.44G      4.015      2.958       2.15         69        640: 65% ━━━━━━━╸──── 118/181 21.5it/s 6.0s<2.9s
[36m(ClientAppActor pid=808833)[0m [Client 3] Training complete:[32m [repeated 2x across cluster][0m
[36m(ClientAppActor pid=808833)[0m   Precision: 0.6617, Recall: 0.5123[32m [repeated 2x across cluster][0m
[36m(ClientAppActor pid=808833)[0m   BN Stats: μ=0.0000, σ=0.0000[32m [repeated 2x across cluster][0m
[36m(ClientAppActor pid=808840)[0m [Client 1] Applying SignFlippingAttack attack...
[36m(ClientAppActor pid=808840)[0m [Client 1] Attack applied
[36m(ClientAppActor pid=808845)[0m 
[K        3/3      1.44G      4.008      2.948      2.146         51        640: 67% ━━━━━━━━──── 121/181 21.8it/s 6.1s<2.7s
[36m(ClientAppActor pid=808845)[0m 
[K        3/3      1.44G      4.009      2.944      2.151         61        640: 69% ━━━━━━━━──── 124/181 22.0it/s 6.3s<2.6s
[36m(ClientAppActor pid=808845)[0m 
[K        3/3      1.44G      4.008      2.944       2.15         33        640: 70% ━━━━━━━━──── 127/181 22.1it/s 6.4s<2.4s
[36m(ClientAppActor pid=808845)[0m 
[K        3/3      1.44G      4.011      2.939      2.148         60        640: 71% ━━━━━━━━╸─── 129/181 21.3it/s 6.5s<2.4s
[36m(ClientAppActor pid=808845)[0m 
[K        3/3      1.44G      4.016      2.938      2.145         59        640: 73% ━━━━━━━━╸─── 132/181 21.7it/s 6.6s<2.3s
[36m(ClientAppActor pid=808845)[0m 
[K        3/3      1.44G      4.008      2.939      2.145         31        640: 75% ━━━━━━━━╸─── 135/181 22.0it/s 6.8s<2.1s
[36m(ClientAppActor pid=808845)[0m 
[K        3/3      1.44G      4.003      2.939      2.143         49        640: 76% ━━━━━━━━━─── 138/181 22.2it/s 6.9s<1.9s
[36m(ClientAppActor pid=808845)[0m 
[K        3/3      1.44G      4.001      2.935      2.144         96        640: 78% ━━━━━━━━━─── 141/181 22.3it/s 7.0s<1.8s
[36m(ClientAppActor pid=808845)[0m 
[K        3/3      1.44G      3.994      2.929      2.142         51        640: 80% ━━━━━━━━━╸── 144/181 21.6it/s 7.2s<1.7s
[36m(ClientAppActor pid=808845)[0m 
[K        3/3      1.44G      3.995      2.926       2.14         63        640: 81% ━━━━━━━━━╸── 147/181 21.9it/s 7.3s<1.5s
[36m(ClientAppActor pid=808845)[0m 
[K        3/3      1.44G      3.995      2.931      2.137         55        640: 83% ━━━━━━━━━╸── 150/181 21.9it/s 7.5s<1.4s
[36m(ClientAppActor pid=808845)[0m 
[K        3/3      1.44G      3.987      2.932      2.133         68        640: 88% ━━━━━━━━━━╸─ 159/181 21.6it/s 7.9s<1.0s
[36m(ClientAppActor pid=808845)[0m 
[K        3/3      1.49G      3.981      2.929      2.133        115        640: 90% ━━━━━━━━━━╸─ 162/181 21.8it/s 8.0s<0.9s
[36m(ClientAppActor pid=808845)[0m 
[K        3/3      1.49G      3.981      2.932      2.132         46        640: 91% ━━━━━━━━━━╸─ 165/181 22.1it/s 8.1s<0.7s
[36m(ClientAppActor pid=808845)[0m 
[K        3/3      1.44G      3.987      2.934      2.133         31        640: 86% ━━━━━━━━━━── 156/181 22.2it/s 7.7s<1.1s[32m [repeated 2x across cluster][0m
[36m(ClientAppActor pid=808845)[0m 
[K        3/3      1.49G      3.988       2.94      2.135         20        640: 93% ━━━━━━━━━━━─ 168/181 22.3it/s 8.3s<0.6s
[36m(ClientAppActor pid=808845)[0m 
[K        3/3      1.49G      3.997      2.953      2.134         54        640: 94% ━━━━━━━━━━━─ 171/181 22.4it/s 8.4s<0.4s
[36m(ClientAppActor pid=808845)[0m 
[K        3/3      1.49G      3.994      2.951      2.133         26        640: 96% ━━━━━━━━━━━╸ 174/181 22.4it/s 8.5s<0.3s
[36m(ClientAppActor pid=808845)[0m 
[K        3/3      1.49G      3.994      2.951      2.133         90        640: 97% ━━━━━━━━━━━╸ 176/181 21.5it/s 8.6s<0.2s
[36m(ClientAppActor pid=808845)[0m 
[K        3/3      1.49G      3.988       2.95       2.13         51        640: 99% ━━━━━━━━━━━╸ 179/181 21.7it/s 8.8s<0.1s
[36m(ClientAppActor pid=808845)[0m 
[K        3/3      1.49G      3.984      2.947      2.129         43        640: 100% ━━━━━━━━━━━━ 181/181 20.5it/s 8.8s
[K        3/3      1.49G      3.984      2.947      2.129         43        640: 100% ━━━━━━━━━━━━ 181/181 20.5it/s 8.8s
[36m(ClientAppActor pid=808845)[0m 
[K                 Class     Images  Instances      Box(P          R      mAP50  mAP50-95): 35% ━━━━──────── 6/17 15.5it/s 0.1s<0.7s
[36m(ClientAppActor pid=808845)[0m 
[K                 Class     Images  Instances      Box(P          R      mAP50  mAP50-95): 71% ━━━━━━━━──── 12/17 28.3it/s 0.2s<0.2s
[36m(ClientAppActor pid=808845)[0m 
[36m(ClientAppActor pid=808845)[0m 
[K                 Class     Images  Instances      Box(P          R      mAP50  mAP50-95): 100% ━━━━━━━━━━━━ 17/17 50.8it/s 0.3s
[K                 Class     Images  Instances      Box(P          R      mAP50  mAP50-95): 100% ━━━━━━━━━━━━ 17/17 50.8it/s 0.3s
[36m(ClientAppActor pid=808845)[0m                    all        133       1032       0.65      0.433      0.528      0.258
[36m(ClientAppActor pid=808845)[0m 3 epochs completed in 0.024 hours.
[36m(ClientAppActor pid=808845)[0m 
[36m(ClientAppActor pid=808845)[0m Optimizer stripped from /tmp/fl_yolo_runs_808845/train/weights/best.pt, 16.5MB[32m [repeated 2x across cluster][0m
[36m(ClientAppActor pid=808845)[0m Validating /tmp/fl_yolo_runs_808845/train/weights/best.pt...
[36m(ClientAppActor pid=808845)[0m Ultralytics 8.3.234 Python-3.10.19 torch-2.6.0+cu124 CUDA:0 (NVIDIA RTX 5000 Ada Generation, 32220MiB)
[36m(ClientAppActor pid=808845)[0m 
[K                 Class     Images  Instances      Box(P          R      mAP50  mAP50-95): 76% ━━━━━━━━━─── 13/17 36.3it/s 0.1s<0.1s
[36m(ClientAppActor pid=808845)[0m 
[K                 Class     Images  Instances      Box(P          R      mAP50  mAP50-95): 100% ━━━━━━━━━━━━ 17/17 122.7it/s 0.1s
[K                 Class     Images  Instances      Box(P          R      mAP50  mAP50-95): 100% ━━━━━━━━━━━━ 17/17 122.6it/s 0.1s
[36m(ClientAppActor pid=808845)[0m                    all        133       1032      0.652      0.435      0.529      0.257
[36m(ClientAppActor pid=808845)[0m YOLOv10s summary (fused): 106 layers, 7,218,387 parameters, 0 gradients, 21.4 GFLOPs
[36m(ClientAppActor pid=808845)[0m   mAP50: 0.5289, mAP50-95: 0.2565
[36m(ClientAppActor pid=808833)[0m 
[36m(ClientAppActor pid=808833)[0m [Client 3] Initializing YOLOv10-S...
[36m(ClientAppActor pid=808845)[0m Speed: 0.0ms preprocess, 0.5ms inference, 0.0ms loss, 0.0ms postprocess per image
[36m(ClientAppActor pid=808840)[0m 
[36m(ClientAppActor pid=808845)[0m 
[36m(ClientAppActor pid=808845)[0m [Client 5] Ready
[36m(ClientAppActor pid=808845)[0m   Data: /ANON/fl_hod/data/yolo/client_configs/client_roma.yaml
[36m(ClientAppActor pid=808845)[0m   Local epochs: 3
[36m(ClientAppActor pid=808845)[0m   Batch size: 4
[36m(ClientAppActor pid=808845)[0m   FedBN: False
[36m(ClientAppActor pid=808845)[0m   set_parameters: kept local copies of 12 layer(s) with shape mismatch
[36m(ClientAppActor pid=808836)[0m 
[36m(ClientAppActor pid=808836)[0m         
[36m(ClientAppActor pid=808836)[0m [93mWARNING [0m:   Deprecation Warning: The `client_fn` function must return an instance of `Client`, but an instance of `NumpyClient` was returned. Please use `NumPyClient.to_client()` method to convert it to `Client`.
[36m(ClientAppActor pid=808841)[0m 
[36m(ClientAppActor pid=808841)[0m         
[36m(ClientAppActor pid=808837)[0m 
[36m(ClientAppActor pid=808837)[0m         
[36m(ClientAppActor pid=808844)[0m 
[36m(ClientAppActor pid=808844)[0m         
[36m(ClientAppActor pid=808841)[0m 
[36m(ClientAppActor pid=808841)[0m   Data: /ANON/fl_hod/data/yolo/client_configs/client_zagreb.yaml
[36m(ClientAppActor pid=808841)[0m Ultralytics 8.3.234 Python-3.10.19 torch-2.6.0+cu124 CUDA:0 (NVIDIA RTX 5000 Ada Generation, 32220MiB)
[36m(ClientAppActor pid=808833)[0m   Data: /ANON/fl_hod/data/yolo/client_configs/client_lyon.yaml
[36m(ClientAppActor pid=808837)[0m 
[36m(ClientAppActor pid=808837)[0m   Data: /ANON/fl_hod/data/yolo/client_configs/client_leipzig.yaml
[36m(ClientAppActor pid=808840)[0m   Data: /ANON/fl_hod/data/yolo/client_configs/client_prague.yaml
[36m(ClientAppActor pid=808836)[0m 
[36m(ClientAppActor pid=808836)[0m   Data: /ANON/fl_hod/data/yolo/client_configs/client_koeln.yaml
[36m(ClientAppActor pid=808836)[0m [Client 1] ️  MALICIOUS - Attack: SignFlippingAttack
[36m(ClientAppActor pid=808844)[0m 
[36m(ClientAppActor pid=808844)[0m   Data: /ANON/fl_hod/data/yolo/client_configs/client_budapest.yaml
[36m(ClientAppActor pid=808845)[0m YOLOv10s summary (fused): 106 layers, 7,248,960 parameters, 0 gradients, 21.6 GFLOPs
[36m(ClientAppActor pid=808841)[0m [34m[1mval: [0mFast image access (ping: 0.0±0.0 ms, read: 5341.3±2410.4 MB/s, size: 2458.1 KB)
[36m(ClientAppActor pid=808845)[0m [Client 5] Training complete:
[36m(ClientAppActor pid=808845)[0m   Precision: 0.6515, Recall: 0.4348
[36m(ClientAppActor pid=808845)[0m   BN Stats: μ=0.0000, σ=0.0000
[36m(ClientAppActor pid=808833)[0m 
[K[34m[1mval: [0mScanning /ANON/fl_hod/data/yolo/labels/ecp/val.cache... 115 images, 0 backgrounds, 0 corrupt: 100% ━━━━━━━━━━━━ 115/115 25.4Mit/s 0.0s
[K[34m[1mval: [0mScanning /ANON/fl_hod/data/yolo/labels/ecp/val.cache... 115 images, 0 backgrounds, 0 corrupt: 100% ━━━━━━━━━━━━ 115/115 3.4Mit/s 0.0s
[36m(ClientAppActor pid=808841)[0m 
[K[34m[1mval: [0mScanning /ANON/fl_hod/data/yolo/labels/ecp/val... 72 images, 0 backgrounds, 0 corrupt: 90% ━━━━━━━━━━╸─ 72/80 211.0it/s 0.1s<0.0s
[K[34m[1mval: [0mScanning /ANON/fl_hod/data/yolo/labels/ecp/val... 80 images, 0 backgrounds, 0 corrupt: 100% ━━━━━━━━━━━━ 80/80 748.9it/s 0.1s
[K[34m[1mval: [0mScanning /ANON/fl_hod/data/yolo/labels/ecp/val... 80 images, 0 backgrounds, 0 corrupt: 100% ━━━━━━━━━━━━ 80/80 748.3it/s 0.1s
[36m(ClientAppActor pid=808837)[0m 
[K[34m[1mval: [0mScanning /ANON/fl_hod/data/yolo/labels/ecp/val... 15 images, 0 backgrounds, 0 corrupt: 100% ━━━━━━━━━━━━ 15/15 821.3it/s 0.0s
[K[34m[1mval: [0mScanning /ANON/fl_hod/data/yolo/labels/ecp/val... 15 images, 0 backgrounds, 0 corrupt: 100% ━━━━━━━━━━━━ 15/15 817.0it/s 0.0s
[36m(ClientAppActor pid=808836)[0m 
[K[34m[1mval: [0mScanning /ANON/fl_hod/data/yolo/labels/ecp/val... 81 images, 0 backgrounds, 0 corrupt: 99% ━━━━━━━━━━━╸ 81/82 242.1it/s 0.1s<0.0s
[K[34m[1mval: [0mScanning /ANON/fl_hod/data/yolo/labels/ecp/val... 82 images, 0 backgrounds, 0 corrupt: 100% ━━━━━━━━━━━━ 82/82 812.8it/s 0.1s
[K[34m[1mval: [0mScanning /ANON/fl_hod/data/yolo/labels/ecp/val... 82 images, 0 backgrounds, 0 corrupt: 100% ━━━━━━━━━━━━ 82/82 812.1it/s 0.1s
[36m(ClientAppActor pid=808845)[0m 
[K                 Class     Images  Instances      Box(P          R      mAP50  mAP50-95): 3% ──────────── 1/34 1.1s/it 0.3s<35.0s
[36m(ClientAppActor pid=808837)[0m 
[K                 Class     Images  Instances      Box(P          R      mAP50  mAP50-95): 25% ━━━───────── 1/4 1.3it/s 0.2s<2.3s
[36m(ClientAppActor pid=808833)[0m 
[K                 Class     Images  Instances      Box(P          R      mAP50  mAP50-95): 7% ╸─────────── 2/29 3.1it/s 0.4s<8.6s
[36m(ClientAppActor pid=808837)[0m 
[K                 Class     Images  Instances      Box(P          R      mAP50  mAP50-95): 50% ━━━━━━────── 2/4 3.6it/s 0.3s<0.6s
[36m(ClientAppActor pid=808833)[0m 
[K                 Class     Images  Instances      Box(P          R      mAP50  mAP50-95): 10% ━─────────── 3/29 3.9it/s 0.6s<6.7s
[36m(ClientAppActor pid=808833)[0m 
[K                 Class     Images  Instances      Box(P          R      mAP50  mAP50-95): 14% ━╸────────── 4/29 5.5it/s 0.7s<4.5s
[36m(ClientAppActor pid=808833)[0m 
[K                 Class     Images  Instances      Box(P          R      mAP50  mAP50-95): 24% ━━╸───────── 7/29 12.2it/s 0.8s<1.8s
[36m(ClientAppActor pid=808833)[0m 
[K                 Class     Images  Instances      Box(P          R      mAP50  mAP50-95): 31% ━━━╸──────── 9/29 13.5it/s 1.0s<1.5s
[36m(ClientAppActor pid=808845)[0m 
[K                 Class     Images  Instances      Box(P          R      mAP50  mAP50-95): 18% ━━────────── 6/34 6.4it/s 1.0s<4.4s
[36m(ClientAppActor pid=808833)[0m 
[K                 Class     Images  Instances      Box(P          R      mAP50  mAP50-95): 38% ━━━━╸─────── 11/29 14.8it/s 1.1s<1.2s
[36m(ClientAppActor pid=808845)[0m 
[K                 Class     Images  Instances      Box(P          R      mAP50  mAP50-95): 21% ━━────────── 7/34 6.6it/s 1.1s<4.1s
[36m(ClientAppActor pid=808833)[0m 
[K                 Class     Images  Instances      Box(P          R      mAP50  mAP50-95): 48% ━━━━━╸────── 14/29 17.7it/s 1.2s<0.8s
[36m(ClientAppActor pid=808833)[0m 
[K                 Class     Images  Instances      Box(P          R      mAP50  mAP50-95): 62% ━━━━━━━───── 18/29 22.9it/s 1.3s<0.5s
[36m(ClientAppActor pid=808833)[0m 
[K                 Class     Images  Instances      Box(P          R      mAP50  mAP50-95): 72% ━━━━━━━━╸─── 21/29 23.9it/s 1.4s<0.3s
[36m(ClientAppActor pid=808833)[0m 
[K                 Class     Images  Instances      Box(P          R      mAP50  mAP50-95): 90% ━━━━━━━━━━╸─ 26/29 30.3it/s 1.5s<0.1s
[36m(ClientAppActor pid=808841)[0m 
[K                 Class     Images  Instances      Box(P          R      mAP50  mAP50-95): 45% ━━━━━─────── 9/20 8.5it/s 1.4s<1.3s
[36m(ClientAppActor pid=808840)[0m 
[K                 Class     Images  Instances      Box(P          R      mAP50  mAP50-95): 56% ━━━━━━╸───── 10/18 13.7it/s 1.4s<0.6s
[36m(ClientAppActor pid=808833)[0m 
[K                 Class     Images  Instances      Box(P          R      mAP50  mAP50-95): 93% ━━━━━━━━━━━─ 27/29 21.9it/s 2.0s<0.1s
[36m(ClientAppActor pid=808841)[0m 
[K                 Class     Images  Instances      Box(P          R      mAP50  mAP50-95): 65% ━━━━━━━╸──── 13/20 12.2it/s 1.7s<0.6s
[36m(ClientAppActor pid=808841)[0m 
[K                 Class     Images  Instances      Box(P          R      mAP50  mAP50-95): 80% ━━━━━━━━━╸── 16/20 11.4it/s 2.0s<0.4s
[36m(ClientAppActor pid=808841)[0m 
[K                 Class     Images  Instances      Box(P          R      mAP50  mAP50-95): 85% ━━━━━━━━━━── 17/20 9.0it/s 2.3s<0.3s
[36m(ClientAppActor pid=808844)[0m 
[K                 Class     Images  Instances      Box(P          R      mAP50  mAP50-95): 36% ━━━━──────── 8/22 9.8it/s 1.1s<1.4s[32m [repeated 3x across cluster][0m
[36m(ClientAppActor pid=808845)[0m 
[K                 Class     Images  Instances      Box(P          R      mAP50  mAP50-95): 71% ━━━━━━━━──── 24/34 15.5it/s 2.4s<0.6s[32m [repeated 2x across cluster][0m
[36m(ClientAppActor pid=808837)[0m /ANON/fl_hod/fl/client_yolo10s.py:386: DeprecationWarning: Conversion of an array with ndim > 0 to a scalar is deprecated, and will error in future. Ensure you extract a single element from your array before performing this operation. (Deprecated NumPy 1.25.)
[36m(ClientAppActor pid=808837)[0m   'precision': float(results.box.p),
[36m(ClientAppActor pid=808844)[0m [93mWARNING [0m:   DEPRECATED FEATURE: `client_fn` now expects a signature `def client_fn(context: Context)`.The provided `client_fn` has signature: {'cid': <Parameter "cid: str">}. You can import the `Context` like this: `from flwr.common import Context`[32m [repeated 5x across cluster][0m
[36m(ClientAppActor pid=808844)[0m             This is a deprecated feature. It will be removed[32m [repeated 5x across cluster][0m
[36m(ClientAppActor pid=808844)[0m             entirely in future versions of Flower.[32m [repeated 5x across cluster][0m
[36m(ClientAppActor pid=808844)[0m [93mWARNING [0m:   Deprecation Warning: The `client_fn` function must return an instance of `Client`, but an instance of `NumpyClient` was returned. Please use `NumPyClient.to_client()` method to convert it to `Client`.[32m [repeated 5x across cluster][0m
[92mINFO [0m:      aggregate_evaluate: received 7 results and 0 failures
[93mWARNING [0m:   No evaluate_metrics_aggregation_fn provided
[92mINFO [0m:      
[92mINFO [0m:      [SUMMARY]
[92mINFO [0m:      Run finished 1 round(s) in 104.12s
[92mINFO [0m:      	History (loss, distributed):
[92mINFO [0m:      		round 1: 0.7443509995198979
[92mINFO [0m:      	History (metrics, distributed, fit):
[92mINFO [0m:      	{'aggregator': [(1, 'median')],
[92mINFO [0m:      	 'avg_map50': [(1, 0.5314371566431817)],
[92mINFO [0m:      	 'avg_map50_95': [(1, 0.26801438354094537)],
[92mINFO [0m:      	 'avg_precision': [(1, 0.6175696549345334)],
[92mINFO [0m:      	 'avg_recall': [(1, 0.4830719002603163)],
[92mINFO [0m:      	 'num_clients': [(1, 7)]}
[92mINFO [0m:      
[36m(ClientAppActor pid=808845)[0m 
[K                 Class     Images  Instances      Box(P          R      mAP50  mAP50-95): 97% ━━━━━━━━━━━╸ 33/34 15.8it/s 3.4s<0.1s
[36m(ClientAppActor pid=808845)[0m 
[K                 Class     Images  Instances      Box(P          R      mAP50  mAP50-95): 76% ━━━━━━━━━─── 26/34 13.1it/s 2.6s<0.6s[32m [repeated 6x across cluster][0m
[36m(ClientAppActor pid=808837)[0m Speed: 1.9ms preprocess, 23.9ms inference, 0.0ms loss, 0.2ms postprocess per image
[36m(ClientAppActor pid=808837)[0m Results saved to [1m/ANON/fl_hod/runs/detect/val9998[0m
[36m(ClientAppActor pid=808845)[0m 
[K                 Class     Images  Instances      Box(P          R      mAP50  mAP50-95): 100% ━━━━━━━━━━━━ 34/34 9.7it/s 3.5s
[K                 Class     Images  Instances      Box(P          R      mAP50  mAP50-95): 100% ━━━━━━━━━━━━ 34/34 9.7it/s 3.5s[32m [repeated 7x across cluster][0m
[36m(ClientAppActor pid=808837)[0m                    all         15         83      0.306      0.415       0.27       0.12
[36m(ClientAppActor pid=808833)[0m                    all        115       1013      0.429      0.322      0.272      0.109
[36m(ClientAppActor pid=808844)[0m [Client 0] Initializing YOLOv10-S...[32m [repeated 6x across cluster][0m
[36m(ClientAppActor pid=808844)[0m [Client 0] Ready[32m [repeated 6x across cluster][0m
[36m(ClientAppActor pid=808844)[0m   Local epochs: 3[32m [repeated 6x across cluster][0m
[36m(ClientAppActor pid=808844)[0m   Batch size: 4[32m [repeated 6x across cluster][0m
[36m(ClientAppActor pid=808844)[0m   FedBN: False[32m [repeated 6x across cluster][0m
[36m(ClientAppActor pid=808844)[0m   set_parameters: kept local copies of 12 layer(s) with shape mismatch[32m [repeated 6x across cluster][0m
[36m(ClientAppActor pid=808844)[0m Ultralytics 8.3.234 Python-3.10.19 torch-2.6.0+cu124 CUDA:0 (NVIDIA RTX 5000 Ada Generation, 32220MiB)[32m [repeated 6x across cluster][0m
[36m(ClientAppActor pid=808844)[0m [Client 0] ️  MALICIOUS - Attack: SignFlippingAttack
[36m(ClientAppActor pid=808844)[0m YOLOv10s summary (fused): 106 layers, 7,248,960 parameters, 0 gradients, 21.6 GFLOPs[32m [repeated 6x across cluster][0m
[36m(ClientAppActor pid=808844)[0m [34m[1mval: [0mFast image access (ping: 0.0±0.0 ms, read: 6338.7±1026.4 MB/s, size: 2397.1 KB)[32m [repeated 6x across cluster][0m
[36m(ClientAppActor pid=808845)[0m 
[K[34m[1mval: [0mScanning /ANON/fl_hod/data/yolo/labels/ecp/val.cache... 133 images, 0 backgrounds, 0 corrupt: 100% ━━━━━━━━━━━━ 133/133 31.0Mit/s 0.0s
[K[34m[1mval: [0mScanning /ANON/fl_hod/data/yolo/labels/ecp/val.cache... 133 images, 0 backgrounds, 0 corrupt: 100% ━━━━━━━━━━━━ 133/133 3.4Mit/s 0.0s
[36m(ClientAppActor pid=808844)[0m 
[K[34m[1mval: [0mScanning /ANON/fl_hod/data/yolo/labels/ecp/val... 78 images, 0 backgrounds, 0 corrupt: 91% ━━━━━━━━━━╸─ 78/86 232.3it/s 0.1s<0.0s
[K[34m[1mval: [0mScanning /ANON/fl_hod/data/yolo/labels/ecp/val... 86 images, 0 backgrounds, 0 corrupt: 100% ━━━━━━━━━━━━ 86/86 807.8it/s 0.1s
[K[34m[1mval: [0mScanning /ANON/fl_hod/data/yolo/labels/ecp/val... 86 images, 0 backgrounds, 0 corrupt: 100% ━━━━━━━━━━━━ 86/86 807.6it/s 0.1s
[36m(ClientAppActor pid=808840)[0m 
[K[34m[1mval: [0mScanning /ANON/fl_hod/data/yolo/labels/ecp/val... 69 images, 0 backgrounds, 0 corrupt: 100% ━━━━━━━━━━━━ 69/69 762.1it/s 0.1s
[K[34m[1mval: [0mScanning /ANON/fl_hod/data/yolo/labels/ecp/val... 69 images, 0 backgrounds, 0 corrupt: 100% ━━━━━━━━━━━━ 69/69 760.9it/s 0.1s
[36m(ClientAppActor pid=808840)[0m /ANON/fl_hod/fl/client_yolo10s.py:386: DeprecationWarning: Conversion of an array with ndim > 0 to a scalar is deprecated, and will error in future. Ensure you extract a single element from your array before performing this operation. (Deprecated NumPy 1.25.)[32m [repeated 6x across cluster][0m
[36m(ClientAppActor pid=808840)[0m   'precision': float(results.box.p),[32m [repeated 6x across cluster][0m
[36m(ClientAppActor pid=808833)[0m 
[K                 Class     Images  Instances      Box(P          R      mAP50  mAP50-95): 3% ──────────── 1/29 1.1s/it 0.3s<30.6s
[36m(ClientAppActor pid=808844)[0m 
[K                 Class     Images  Instances      Box(P          R      mAP50  mAP50-95): 27% ━━━───────── 6/22 7.4it/s 0.9s<2.1s[32m [repeated 2x across cluster][0m
[36m(ClientAppActor pid=808836)[0m 
[K                 Class     Images  Instances      Box(P          R      mAP50  mAP50-95): 5% ╸─────────── 1/21 2.7s/it 0.8s<54.8s[32m [repeated 5x across cluster][0m
[36m(ClientAppActor pid=808845)[0m 
[K                 Class     Images  Instances      Box(P          R      mAP50  mAP50-95): 50% ━━━━━━────── 17/34 11.2it/s 2.0s<1.5s[32m [repeated 3x across cluster][0m
[36m(ClientAppActor pid=808844)[0m 
[K                 Class     Images  Instances      Box(P          R      mAP50  mAP50-95): 9% ━─────────── 2/22 3.1it/s 0.6s<6.4s[32m [repeated 3x across cluster][0m
[36m(ClientAppActor pid=808836)[0m 
[K                 Class     Images  Instances      Box(P          R      mAP50  mAP50-95): 14% ━╸────────── 3/21 3.5it/s 1.0s<5.1s[32m [repeated 3x across cluster][0m
[36m(ClientAppActor pid=808840)[0m 
[K                 Class     Images  Instances      Box(P          R      mAP50  mAP50-95): 22% ━━╸───────── 4/18 4.7it/s 1.1s<3.0s[32m [repeated 2x across cluster][0m
[36m(ClientAppActor pid=808845)[0m 
[K                 Class     Images  Instances      Box(P          R      mAP50  mAP50-95): 29% ━━━╸──────── 10/34 9.4it/s 1.4s<2.5s
[36m(ClientAppActor pid=808844)[0m 
[K                 Class     Images  Instances      Box(P          R      mAP50  mAP50-95): 18% ━━────────── 4/22 5.8it/s 0.8s<3.1s[32m [repeated 3x across cluster][0m
[36m(ClientAppActor pid=808836)[0m 
[K                 Class     Images  Instances      Box(P          R      mAP50  mAP50-95): 38% ━━━━╸─────── 8/21 15.9it/s 1.1s<0.8s[32m [repeated 3x across cluster][0m
[36m(ClientAppActor pid=808844)[0m 
[K                 Class     Images  Instances      Box(P          R      mAP50  mAP50-95): 59% ━━━━━━━───── 13/22 10.1it/s 1.5s<0.9s[32m [repeated 3x across cluster][0m
[36m(ClientAppActor pid=808844)[0m 
[K                 Class     Images  Instances      Box(P          R      mAP50  mAP50-95): 91% ━━━━━━━━━━╸─ 20/22 10.2it/s 2.2s<0.2s[32m [repeated 2x across cluster][0m
[36m(ClientAppActor pid=808844)[0m 
[K                 Class     Images  Instances      Box(P          R      mAP50  mAP50-95): 45% ━━━━━─────── 10/22 11.5it/s 1.2s<1.0s[32m [repeated 2x across cluster][0m
[36m(ClientAppActor pid=808844)[0m 
[K                 Class     Images  Instances      Box(P          R      mAP50  mAP50-95): 55% ━━━━━━╸───── 12/22 11.5it/s 1.4s<0.9s[32m [repeated 2x across cluster][0m
[36m(ClientAppActor pid=808841)[0m 
[K                 Class     Images  Instances      Box(P          R      mAP50  mAP50-95): 95% ━━━━━━━━━━━─ 19/20 6.3it/s 2.8s<0.2s[32m [repeated 3x across cluster][0m
[36m(ClientAppActor pid=808845)[0m 
[K                 Class     Images  Instances      Box(P          R      mAP50  mAP50-95): 65% ━━━━━━━╸──── 22/34 17.1it/s 2.2s<0.7s
[36m(ClientAppActor pid=808845)[0m 
[K                 Class     Images  Instances      Box(P          R      mAP50  mAP50-95): 82% ━━━━━━━━━╸── 28/34 9.0it/s 3.2s<0.7s[32m [repeated 3x across cluster][0m
[36m(ClientAppActor pid=808836)[0m 
[K                 Class     Images  Instances      Box(P          R      mAP50  mAP50-95): 86% ━━━━━━━━━━── 18/21 15.3it/s 2.6s<0.2s[32m [repeated 3x across cluster][0m
[36m(ClientAppActor pid=808845)[0m Speed: 1.3ms preprocess, 7.7ms inference, 0.0ms loss, 1.4ms postprocess per image[32m [repeated 6x across cluster][0m
[36m(ClientAppActor pid=808845)[0m Results saved to [1m/ANON/fl_hod/runs/detect/val9998[0m[32m [repeated 6x across cluster][0m
[36m(ClientAppActor pid=808845)[0m                    all        133       1032      0.266      0.316       0.18     0.0692[32m [repeated 5x across cluster][0m
