=== 2026-05-06T15:34:22+10:00 SUPPLEMENTARY_FINAL chain begin ===
=== 2026-05-06T15:34:22+10:00 START threshold_sensitivity_fast ===
[92mINFO [0m:      	                (27, np.float64(0.4780460910906555)),
INFO:flwr:	                (27, np.float64(0.4780460910906555)),
[92mINFO [0m:      	                (28, np.float64(0.4586763453377397)),
INFO:flwr:	                (28, np.float64(0.4586763453377397)),
[92mINFO [0m:      	                (29, np.float64(0.48452002101495)),
INFO:flwr:	                (29, np.float64(0.48452002101495)),
[92mINFO [0m:      	                (30, np.float64(0.48552829687351123))],
INFO:flwr:	                (30, np.float64(0.48552829687351123))],
[92mINFO [0m:      	 'num_clients': [(1, 7),
INFO:flwr:	 'num_clients': [(1, 7),
[92mINFO [0m:      	                 (2, 7),
INFO:flwr:	                 (2, 7),
[92mINFO [0m:      	                 (3, 7),
INFO:flwr:	                 (3, 7),
[92mINFO [0m:      	                 (4, 7),
INFO:flwr:	                 (4, 7),
[92mINFO [0m:      	                 (5, 7),
INFO:flwr:	                 (5, 7),
[92mINFO [0m:      	                 (6, 7),
INFO:flwr:	                 (6, 7),
[92mINFO [0m:      	                 (7, 7),
INFO:flwr:	                 (7, 7),
[92mINFO [0m:      	                 (8, 7),
INFO:flwr:	                 (8, 7),
[92mINFO [0m:      	                 (9, 7),
INFO:flwr:	                 (9, 7),
[92mINFO [0m:      	                 (10, 7),
INFO:flwr:	                 (10, 7),
[92mINFO [0m:      	                 (11, 7),
INFO:flwr:	                 (11, 7),
[92mINFO [0m:      	                 (12, 7),
INFO:flwr:	                 (12, 7),
[92mINFO [0m:      	                 (13, 7),
INFO:flwr:	                 (13, 7),
[92mINFO [0m:      	                 (14, 7),
INFO:flwr:	                 (14, 7),
[92mINFO [0m:      	                 (15, 7),
INFO:flwr:	                 (15, 7),
[92mINFO [0m:      	                 (16, 7),
INFO:flwr:	                 (16, 7),
[92mINFO [0m:      	                 (17, 7),
INFO:flwr:	                 (17, 7),
[92mINFO [0m:      	                 (18, 7),
INFO:flwr:	                 (18, 7),
[92mINFO [0m:      	                 (19, 7),
INFO:flwr:	                 (19, 7),
[92mINFO [0m:      	                 (20, 7),
INFO:flwr:	                 (20, 7),
[92mINFO [0m:      	                 (21, 7),
INFO:flwr:	                 (21, 7),
[92mINFO [0m:      	                 (22, 7),
INFO:flwr:	                 (22, 7),
[92mINFO [0m:      	                 (23, 7),
INFO:flwr:	                 (23, 7),
[92mINFO [0m:      	                 (24, 7),
INFO:flwr:	                 (24, 7),
[92mINFO [0m:      	                 (25, 7),
INFO:flwr:	                 (25, 7),
[92mINFO [0m:      	                 (26, 7),
INFO:flwr:	                 (26, 7),
[92mINFO [0m:      	                 (27, 7),
INFO:flwr:	                 (27, 7),
[92mINFO [0m:      	                 (28, 7),
INFO:flwr:	                 (28, 7),
[92mINFO [0m:      	                 (29, 7),
INFO:flwr:	                 (29, 7),
[92mINFO [0m:      	                 (30, 7)],
INFO:flwr:	                 (30, 7)],
[92mINFO [0m:      	 'num_filtered': [(1, 2),
INFO:flwr:	 'num_filtered': [(1, 2),
[92mINFO [0m:      	                  (2, 2),
INFO:flwr:	                  (2, 2),
[92mINFO [0m:      	                  (3, 2),
INFO:flwr:	                  (3, 2),
[92mINFO [0m:      	                  (4, 2),
INFO:flwr:	                  (4, 2),
[92mINFO [0m:      	                  (5, 2),
INFO:flwr:	                  (5, 2),
[92mINFO [0m:      	                  (6, 2),
INFO:flwr:	                  (6, 2),
[92mINFO [0m:      	                  (7, 2),
INFO:flwr:	                  (7, 2),
[92mINFO [0m:      	                  (8, 2),
INFO:flwr:	                  (8, 2),
[92mINFO [0m:      	                  (9, 2),
INFO:flwr:	                  (9, 2),
[92mINFO [0m:      	                  (10, 2),
INFO:flwr:	                  (10, 2),
[92mINFO [0m:      	                  (11, 2),
INFO:flwr:	                  (11, 2),
[92mINFO [0m:      	                  (12, 2),
INFO:flwr:	                  (12, 2),
[92mINFO [0m:      	                  (13, 2),
INFO:flwr:	                  (13, 2),
[92mINFO [0m:      	                  (14, 2),
INFO:flwr:	                  (14, 2),
[92mINFO [0m:      	                  (15, 2),
INFO:flwr:	                  (15, 2),
[92mINFO [0m:      	                  (16, 3),
INFO:flwr:	                  (16, 3),
[92mINFO [0m:      	                  (17, 2),
INFO:flwr:	                  (17, 2),
[92mINFO [0m:      	                  (18, 2),
INFO:flwr:	                  (18, 2),
[92mINFO [0m:      	                  (19, 2),
INFO:flwr:	                  (19, 2),
[92mINFO [0m:      	                  (20, 2),
INFO:flwr:	                  (20, 2),
[92mINFO [0m:      	                  (21, 2),
INFO:flwr:	                  (21, 2),
[92mINFO [0m:      	                  (22, 2),
INFO:flwr:	                  (22, 2),
[92mINFO [0m:      	                  (23, 2),
INFO:flwr:	                  (23, 2),
[92mINFO [0m:      	                  (24, 2),
INFO:flwr:	                  (24, 2),
[92mINFO [0m:      	                  (25, 2),
INFO:flwr:	                  (25, 2),
[92mINFO [0m:      	                  (26, 2),
INFO:flwr:	                  (26, 2),
[92mINFO [0m:      	                  (27, 2),
INFO:flwr:	                  (27, 2),
[92mINFO [0m:      	                  (28, 2),
INFO:flwr:	                  (28, 2),
[92mINFO [0m:      	                  (29, 2),
INFO:flwr:	                  (29, 2),
[92mINFO [0m:      	                  (30, 2)]}
INFO:flwr:	                  (30, 2)]}
[92mINFO [0m:      
INFO:flwr:
[36m(ClientAppActor pid=1244195)[0m YOLOv10s summary (fused): 106 layers, 7,248,960 parameters, 0 gradients, 21.6 GFLOPs[32m [repeated 8x across cluster][0m
[36m(ClientAppActor pid=1244189)[0m 
[K                 Class     Images  Instances      Box(P          R      mAP50  mAP50-95): 50% ━━━━━━────── 2/4 2.7it/s 0.4s<0.7s
[36m(ClientAppActor pid=1244196)[0m 
[K                 Class     Images  Instances      Box(P          R      mAP50  mAP50-95): 5% ╸─────────── 1/20 1.1it/s 0.3s<17.1s
[36m(ClientAppActor pid=1244189)[0m 
[K                 Class     Images  Instances      Box(P          R      mAP50  mAP50-95): 100% ━━━━━━━━━━━━ 4/4 7.3it/s 0.5s
[K                 Class     Images  Instances      Box(P          R      mAP50  mAP50-95): 100% ━━━━━━━━━━━━ 4/4 7.3it/s 0.5s
[36m(ClientAppActor pid=1244190)[0m 
[K                 Class     Images  Instances      Box(P          R      mAP50  mAP50-95): 3% ──────────── 1/29 1.5s/it 0.5s<42.4s
[36m(ClientAppActor pid=1244190)[0m Speed: 0.0ms preprocess, 0.5ms inference, 0.0ms loss, 0.1ms postprocess per image
[36m(ClientAppActor pid=1244196)[0m 
[K                 Class     Images  Instances      Box(P          R      mAP50  mAP50-95): 10% ━─────────── 2/20 2.1it/s 0.5s<8.5s
[36m(ClientAppActor pid=1244196)[0m 
[K                 Class     Images  Instances      Box(P          R      mAP50  mAP50-95): 15% ━╸────────── 3/20 3.7it/s 0.6s<4.6s
[36m(ClientAppActor pid=1244190)[0m [Client 5] Training complete:
[36m(ClientAppActor pid=1244190)[0m   Precision: 0.6335, Recall: 0.4826
[36m(ClientAppActor pid=1244190)[0m   BN Stats: μ=0.2622, σ=0.1962
[36m(ClientAppActor pid=1244195)[0m 
[K                 Class     Images  Instances      Box(P          R      mAP50  mAP50-95): 17% ━━────────── 3/18 3.3it/s 0.8s<4.5s
[36m(ClientAppActor pid=1244195)[0m 
[K                 Class     Images  Instances      Box(P          R      mAP50  mAP50-95): 22% ━━╸───────── 4/18 5.2it/s 0.9s<2.7s
[36m(ClientAppActor pid=1244196)[0m 
[K                 Class     Images  Instances      Box(P          R      mAP50  mAP50-95): 70% ━━━━━━━━──── 14/20 20.1it/s 1.2s<0.3s
[36m(ClientAppActor pid=1244195)[0m 
[K                 Class     Images  Instances      Box(P          R      mAP50  mAP50-95): 39% ━━━━╸─────── 7/18 8.7it/s 1.1s<1.3s
[36m(ClientAppActor pid=1244190)[0m 
[K                 Class     Images  Instances      Box(P          R      mAP50  mAP50-95): 31% ━━━╸──────── 9/29 9.8it/s 1.3s<2.0s
[36m(ClientAppActor pid=1244196)[0m 
[K                 Class     Images  Instances      Box(P          R      mAP50  mAP50-95): 80% ━━━━━━━━━╸── 16/20 18.2it/s 1.3s<0.2s
[36m(ClientAppActor pid=1244198)[0m 
[K                 Class     Images  Instances      Box(P          R      mAP50  mAP50-95): 43% ━━━━━─────── 9/21 10.7it/s 1.4s<1.1s
[36m(ClientAppActor pid=1244195)[0m 
[K                 Class     Images  Instances      Box(P          R      mAP50  mAP50-95): 61% ━━━━━━━───── 11/18 9.6it/s 1.5s<0.7s
[36m(ClientAppActor pid=1244196)[0m 
[K                 Class     Images  Instances      Box(P          R      mAP50  mAP50-95): 85% ━━━━━━━━━━── 17/20 14.0it/s 1.5s<0.2s
[36m(ClientAppActor pid=1244198)[0m 
[K                 Class     Images  Instances      Box(P          R      mAP50  mAP50-95): 71% ━━━━━━━━╸─── 15/21 18.6it/s 1.6s<0.3s
[36m(ClientAppActor pid=1244197)[0m 
[K                 Class     Images  Instances      Box(P          R      mAP50  mAP50-95): 64% ━━━━━━━╸──── 14/22 17.3it/s 1.8s<0.5s
[36m(ClientAppActor pid=1244197)[0m 
[K                 Class     Images  Instances      Box(P          R      mAP50  mAP50-95): 77% ━━━━━━━━━─── 17/22 19.0it/s 1.9s<0.3s
[36m(ClientAppActor pid=1244198)[0m 
[K                 Class     Images  Instances      Box(P          R      mAP50  mAP50-95): 95% ━━━━━━━━━━━─ 20/21 17.6it/s 1.9s<0.1s
[36m(ClientAppActor pid=1244197)[0m 
[K                 Class     Images  Instances      Box(P          R      mAP50  mAP50-95): 91% ━━━━━━━━━━╸─ 20/22 21.3it/s 2.0s<0.1s
[K                 Class     Images  Instances      Box(P          R      mAP50  mAP50-95): 100% ━━━━━━━━━━━━ 22/22 10.8it/s 2.0s
[K                 Class     Images  Instances      Box(P          R      mAP50  mAP50-95): 100% ━━━━━━━━━━━━ 22/22 10.8it/s 2.0s
[36m(ClientAppActor pid=1244189)[0m Speed: 1.6ms preprocess, 8.4ms inference, 0.0ms loss, 1.1ms postprocess per image
[36m(ClientAppActor pid=1244189)[0m Results saved to [1m/ANON/fl_hod/runs/detect/val33[0m
[36m(ClientAppActor pid=1244190)[0m 
[K                 Class     Images  Instances      Box(P          R      mAP50  mAP50-95): 86% ━━━━━━━━━━── 25/29 14.9it/s 2.5s<0.3s
[K                 Class     Images  Instances      Box(P          R      mAP50  mAP50-95): 100% ━━━━━━━━━━━━ 29/29 11.3it/s 2.6s
[K                 Class     Images  Instances      Box(P          R      mAP50  mAP50-95): 100% ━━━━━━━━━━━━ 29/29 11.3it/s 2.6s
[36m(ClientAppActor pid=1244197)[0m 
[K                 Class     Images  Instances      Box(P          R      mAP50  mAP50-95): 36% ━━━━──────── 8/22 12.5it/s 1.4s<1.1s[32m [repeated 3x across cluster][0m
[36m(ClientAppActor pid=1244190)[0m                    all        115       1013      0.694      0.364      0.446      0.231[32m [repeated 6x across cluster][0m
[36m(ClientAppActor pid=1244194)[0m /ANON/fl_hod/fl/client_yolo10s.py:386: DeprecationWarning: Conversion of an array with ndim > 0 to a scalar is deprecated, and will error in future. Ensure you extract a single element from your array before performing this operation. (Deprecated NumPy 1.25.)[32m [repeated 7x across cluster][0m
[36m(ClientAppActor pid=1244194)[0m   'precision': float(results.box.p),[32m [repeated 7x across cluster][0m
[36m(ClientAppActor pid=1244190)[0m [93mWARNING [0m:   DEPRECATED FEATURE: `client_fn` now expects a signature `def client_fn(context: Context)`.The provided `client_fn` has signature: {'cid': <Parameter "cid: str">}. You can import the `Context` like this: `from flwr.common import Context`[32m [repeated 6x across cluster][0m
[36m(ClientAppActor pid=1244190)[0m             This is a deprecated feature. It will be removed[32m [repeated 6x across cluster][0m
[36m(ClientAppActor pid=1244190)[0m             entirely in future versions of Flower.[32m [repeated 6x across cluster][0m
[36m(ClientAppActor pid=1244190)[0m [93mWARNING [0m:   Deprecation Warning: The `client_fn` function must return an instance of `Client`, but an instance of `NumpyClient` was returned. Please use `NumPyClient.to_client()` method to convert it to `Client`.[32m [repeated 7x across cluster][0m
[36m(ClientAppActor pid=1244195)[0m [Client 4] Initializing YOLOv10-S...[32m [repeated 6x across cluster][0m
[36m(ClientAppActor pid=1244195)[0m [Client 4] Ready[32m [repeated 6x across cluster][0m
[36m(ClientAppActor pid=1244195)[0m   Local epochs: 3[32m [repeated 6x across cluster][0m
[36m(ClientAppActor pid=1244195)[0m   Batch size: 4[32m [repeated 6x across cluster][0m
[36m(ClientAppActor pid=1244195)[0m   FedBN: True[32m [repeated 6x across cluster][0m
[36m(ClientAppActor pid=1244195)[0m WARNING: Not enough parameters. Expected 2, got 1[32m [repeated 6x across cluster][0m
[36m(ClientAppActor pid=1244195)[0m [34m[1mval: [0mFast image access (ping: 0.0±0.0 ms, read: 5304.2±1461.3 MB/s, size: 2296.4 KB)[32m [repeated 6x across cluster][0m
[36m(ClientAppActor pid=1244198)[0m [Client 1] ️  MALICIOUS - Attack: SignFlippingAttack
[36m(ClientAppActor pid=1244194)[0m 
[K[34m[1mval: [0mScanning /ANON/fl_hod/data/yolo/labels/ecp/val... 133 images, 0 backgrounds, 0 corrupt: 100% ━━━━━━━━━━━━ 133/133 718.6it/s 0.2s
[K[34m[1mval: [0mScanning /ANON/fl_hod/data/yolo/labels/ecp/val... 133 images, 0 backgrounds, 0 corrupt: 100% ━━━━━━━━━━━━ 133/133 718.3it/s 0.2s[32m [repeated 2x across cluster][0m
[36m(ClientAppActor pid=1244198)[0m 
[K[34m[1mval: [0mScanning /ANON/fl_hod/data/yolo/labels/ecp/val... 63 images, 0 backgrounds, 0 corrupt: 77% ━━━━━━━━━─── 63/82 186.8it/s 0.1s<0.1s
[K[34m[1mval: [0mScanning /ANON/fl_hod/data/yolo/labels/ecp/val... 82 images, 0 backgrounds, 0 corrupt: 100% ━━━━━━━━━━━━ 82/82 652.1it/s 0.1s
[K[34m[1mval: [0mScanning /ANON/fl_hod/data/yolo/labels/ecp/val... 82 images, 0 backgrounds, 0 corrupt: 100% ━━━━━━━━━━━━ 82/82 651.8it/s 0.1s
[36m(ClientAppActor pid=1244194)[0m 
[K                 Class     Images  Instances      Box(P          R      mAP50  mAP50-95): 26% ━━━───────── 9/34 10.6it/s 1.4s<2.4s[32m [repeated 3x across cluster][0m
[36m(ClientAppActor pid=1244194)[0m 
[K                 Class     Images  Instances      Box(P          R      mAP50  mAP50-95): 50% ━━━━━━────── 17/34 18.8it/s 1.7s<0.9s[32m [repeated 6x across cluster][0m
[36m(ClientAppActor pid=1244194)[0m 
[K                 Class     Images  Instances      Box(P          R      mAP50  mAP50-95): 6% ╸─────────── 2/34 2.5it/s 0.7s<13.0s[32m [repeated 5x across cluster][0m
[36m(ClientAppActor pid=1244195)[0m 
[K                 Class     Images  Instances      Box(P          R      mAP50  mAP50-95): 100% ━━━━━━━━━━━━ 18/18 8.1it/s 2.2s
[K                 Class     Images  Instances      Box(P          R      mAP50  mAP50-95): 100% ━━━━━━━━━━━━ 18/18 8.1it/s 2.2s[32m [repeated 3x across cluster][0m
[36m(ClientAppActor pid=1244194)[0m 
[K                 Class     Images  Instances      Box(P          R      mAP50  mAP50-95): 3% ──────────── 1/34 1.9s/it 0.6s<1:04
[36m(ClientAppActor pid=1244194)[0m 
[K                 Class     Images  Instances      Box(P          R      mAP50  mAP50-95): 12% ━─────────── 4/34 5.0it/s 1.0s<6.0s[32m [repeated 6x across cluster][0m
[36m(ClientAppActor pid=1244194)[0m 
[K                 Class     Images  Instances      Box(P          R      mAP50  mAP50-95): 15% ━╸────────── 5/34 6.5it/s 1.1s<4.5s[32m [repeated 3x across cluster][0m
[36m(ClientAppActor pid=1244194)[0m 
[K                 Class     Images  Instances      Box(P          R      mAP50  mAP50-95): 21% ━━────────── 7/34 9.9it/s 1.2s<2.7s[32m [repeated 3x across cluster][0m
[36m(ClientAppActor pid=1244197)[0m 
[K                 Class     Images  Instances      Box(P          R      mAP50  mAP50-95): 23% ━━╸───────── 5/22 7.6it/s 1.3s<2.2s[32m [repeated 3x across cluster][0m
[36m(ClientAppActor pid=1244194)[0m 
[K                 Class     Images  Instances      Box(P          R      mAP50  mAP50-95): 71% ━━━━━━━━──── 24/34 26.4it/s 2.0s<0.4s[32m [repeated 2x across cluster][0m
[36m(ClientAppActor pid=1244194)[0m 
[K                 Class     Images  Instances      Box(P          R      mAP50  mAP50-95): 41% ━━━━╸─────── 14/34 15.5it/s 1.6s<1.3s[32m [repeated 3x across cluster][0m
[36m(ClientAppActor pid=1244194)[0m 
[K                 Class     Images  Instances      Box(P          R      mAP50  mAP50-95): 32% ━━━╸──────── 11/34 12.4it/s 1.5s<1.9s
[36m(ClientAppActor pid=1244194)[0m 
[K                 Class     Images  Instances      Box(P          R      mAP50  mAP50-95): 82% ━━━━━━━━━╸── 28/34 28.2it/s 2.1s<0.2s[32m [repeated 2x across cluster][0m
[36m(ClientAppActor pid=1244190)[0m 
[K                 Class     Images  Instances      Box(P          R      mAP50  mAP50-95): 45% ━━━━━─────── 13/29 12.0it/s 1.6s<1.3s
[36m(ClientAppActor pid=1244194)[0m 
[K                 Class     Images  Instances      Box(P          R      mAP50  mAP50-95): 59% ━━━━━━━───── 20/34 21.8it/s 1.8s<0.6s[32m [repeated 2x across cluster][0m
[36m(ClientAppActor pid=1244195)[0m 
[K                 Class     Images  Instances      Box(P          R      mAP50  mAP50-95): 83% ━━━━━━━━━━── 15/18 8.2it/s 2.1s<0.4s[32m [repeated 2x across cluster][0m
[36m(ClientAppActor pid=1244190)[0m 
[K                 Class     Images  Instances      Box(P          R      mAP50  mAP50-95): 72% ━━━━━━━━╸─── 21/29 15.6it/s 2.1s<0.5s[32m [repeated 2x across cluster][0m
[36m(ClientAppActor pid=1244190)[0m 
[K                 Class     Images  Instances      Box(P          R      mAP50  mAP50-95): 66% ━━━━━━━╸──── 19/29 14.2it/s 2.0s<0.7s
[36m(ClientAppActor pid=1244195)[0m 
[K                 Class     Images  Instances      Box(P          R      mAP50  mAP50-95): 78% ━━━━━━━━━─── 14/18 7.9it/s 1.9s<0.5s
[36m(ClientAppActor pid=1244195)[0m 
[K                 Class     Images  Instances      Box(P          R      mAP50  mAP50-95): 94% ━━━━━━━━━━━─ 17/18 10.4it/s 2.2s<0.1s
[36m(ClientAppActor pid=1244194)[0m 
[K                 Class     Images  Instances      Box(P          R      mAP50  mAP50-95): 91% ━━━━━━━━━━╸─ 31/34 28.0it/s 2.2s<0.1s
[K                 Class     Images  Instances      Box(P          R      mAP50  mAP50-95): 100% ━━━━━━━━━━━━ 34/34 15.4it/s 2.2s
[K                 Class     Images  Instances      Box(P          R      mAP50  mAP50-95): 100% ━━━━━━━━━━━━ 34/34 15.4it/s 2.2s
[36m(ClientAppActor pid=1244194)[0m Speed: 0.8ms preprocess, 3.1ms inference, 0.0ms loss, 0.9ms postprocess per image[32m [repeated 6x across cluster][0m
[36m(ClientAppActor pid=1244194)[0m Results saved to [1m/ANON/fl_hod/runs/detect/val29[0m[32m [repeated 6x across cluster][0m
[36m(ClientAppActor pid=1244194)[0m                    all        133       1032      0.624      0.426      0.471      0.244
=== 2026-05-06T22:24:28+10:00 END   threshold_sensitivity_fast rc=0 ===
=== 2026-05-06T22:24:28+10:00 SUPPLEMENTARY_FINAL chain begin ===
=== 2026-05-06T22:24:28+10:00 START threshold_sensitivity_fast ===
[plan] experiment E_threshold_sensitivity: 8 runs
  [skip] E_threshold_sensitivity/q_min_0.1_s1 (already done)
  [skip] E_threshold_sensitivity/q_min_0.15_s1 (already done)
  [skip] E_threshold_sensitivity/q_min_0.2_s1 (already done)
  [skip] E_threshold_sensitivity/q_min_0.25_s1 (already done)
  [skip] E_threshold_sensitivity/q_min_0.3_s1 (already done)
  [skip] E_threshold_sensitivity/mad_threshold_2.0_s1 (already done)
  [skip] E_threshold_sensitivity/mad_threshold_3.0_s1 (already done)
  [skip] E_threshold_sensitivity/mad_threshold_4.0_s1 (already done)
=== 2026-05-06T22:24:28+10:00 END   threshold_sensitivity_fast rc=0 ===
=== 2026-05-06T22:24:28+10:00 START bias_low_illumination_fast ===
INFO:flwr:	                (18, np.float64(0.4778091243376189)),
[92mINFO [0m:      	                (19, np.float64(0.49545146738408913)),
INFO:flwr:	                (19, np.float64(0.49545146738408913)),
[92mINFO [0m:      	                (20, np.float64(0.48753140157676983)),
INFO:flwr:	                (20, np.float64(0.48753140157676983)),
[92mINFO [0m:      	                (21, np.float64(0.4764224040919794)),
INFO:flwr:	                (21, np.float64(0.4764224040919794)),
[92mINFO [0m:      	                (22, np.float64(0.48392525067210085)),
INFO:flwr:	                (22, np.float64(0.48392525067210085)),
[92mINFO [0m:      	                (23, np.float64(0.46461262849156126)),
INFO:flwr:	                (23, np.float64(0.46461262849156126)),
[92mINFO [0m:      	                (24, np.float64(0.48728937718117565)),
INFO:flwr:	                (24, np.float64(0.48728937718117565)),
[92mINFO [0m:      	                (25, np.float64(0.4815458962878442)),
INFO:flwr:	                (25, np.float64(0.4815458962878442)),
[92mINFO [0m:      	                (26, np.float64(0.47436288508813185)),
INFO:flwr:	                (26, np.float64(0.47436288508813185)),
[92mINFO [0m:      	                (27, np.float64(0.46903267474626636)),
INFO:flwr:	                (27, np.float64(0.46903267474626636)),
[92mINFO [0m:      	                (28, np.float64(0.459063749391655)),
INFO:flwr:	                (28, np.float64(0.459063749391655)),
[92mINFO [0m:      	                (29, np.float64(0.4840659841312464)),
INFO:flwr:	                (29, np.float64(0.4840659841312464)),
[92mINFO [0m:      	                (30, np.float64(0.48603246844596704))],
INFO:flwr:	                (30, np.float64(0.48603246844596704))],
[92mINFO [0m:      	 'num_clients': [(1, 7),
INFO:flwr:	 'num_clients': [(1, 7),
[92mINFO [0m:      	                 (2, 7),
INFO:flwr:	                 (2, 7),
[92mINFO [0m:      	                 (3, 7),
INFO:flwr:	                 (3, 7),
[92mINFO [0m:      	                 (4, 7),
INFO:flwr:	                 (4, 7),
[92mINFO [0m:      	                 (5, 7),
INFO:flwr:	                 (5, 7),
[92mINFO [0m:      	                 (6, 7),
INFO:flwr:	                 (6, 7),
[92mINFO [0m:      	                 (7, 7),
INFO:flwr:	                 (7, 7),
[92mINFO [0m:      	                 (8, 7),
INFO:flwr:	                 (8, 7),
[92mINFO [0m:      	                 (9, 7),
INFO:flwr:	                 (9, 7),
[92mINFO [0m:      	                 (10, 7),
INFO:flwr:	                 (10, 7),
[92mINFO [0m:      	                 (11, 7),
INFO:flwr:	                 (11, 7),
[92mINFO [0m:      	                 (12, 7),
INFO:flwr:	                 (12, 7),
[92mINFO [0m:      	                 (13, 7),
INFO:flwr:	                 (13, 7),
[92mINFO [0m:      	                 (14, 7),
INFO:flwr:	                 (14, 7),
[92mINFO [0m:      	                 (15, 7),
INFO:flwr:	                 (15, 7),
[92mINFO [0m:      	                 (16, 7),
INFO:flwr:	                 (16, 7),
[92mINFO [0m:      	                 (17, 7),
INFO:flwr:	                 (17, 7),
[92mINFO [0m:      	                 (18, 7),
INFO:flwr:	                 (18, 7),
[92mINFO [0m:      	                 (19, 7),
INFO:flwr:	                 (19, 7),
[92mINFO [0m:      	                 (20, 7),
INFO:flwr:	                 (20, 7),
[92mINFO [0m:      	                 (21, 7),
INFO:flwr:	                 (21, 7),
[92mINFO [0m:      	                 (22, 7),
INFO:flwr:	                 (22, 7),
[92mINFO [0m:      	                 (23, 7),
INFO:flwr:	                 (23, 7),
[92mINFO [0m:      	                 (24, 7),
INFO:flwr:	                 (24, 7),
[92mINFO [0m:      	                 (25, 7),
INFO:flwr:	                 (25, 7),
[92mINFO [0m:      	                 (26, 7),
INFO:flwr:	                 (26, 7),
[92mINFO [0m:      	                 (27, 7),
INFO:flwr:	                 (27, 7),
[92mINFO [0m:      	                 (28, 7),
INFO:flwr:	                 (28, 7),
[92mINFO [0m:      	                 (29, 7),
INFO:flwr:	                 (29, 7),
[92mINFO [0m:      	                 (30, 7)],
INFO:flwr:	                 (30, 7)],
[92mINFO [0m:      	 'num_filtered': [(1, 0),
INFO:flwr:	 'num_filtered': [(1, 0),
[92mINFO [0m:      	                  (2, 1),
INFO:flwr:	                  (2, 1),
[92mINFO [0m:      	                  (3, 2),
INFO:flwr:	                  (3, 2),
[92mINFO [0m:      	                  (4, 0),
INFO:flwr:	                  (4, 0),
[92mINFO [0m:      	                  (5, 0),
INFO:flwr:	                  (5, 0),
[92mINFO [0m:      	                  (6, 1),
INFO:flwr:	                  (6, 1),
[92mINFO [0m:      	                  (7, 0),
INFO:flwr:	                  (7, 0),
[92mINFO [0m:      	                  (8, 0),
INFO:flwr:	                  (8, 0),
[92mINFO [0m:      	                  (9, 2),
INFO:flwr:	                  (9, 2),
[92mINFO [0m:      	                  (10, 0),
INFO:flwr:	                  (10, 0),
[92mINFO [0m:      	                  (11, 2),
INFO:flwr:	                  (11, 2),
[92mINFO [0m:      	                  (12, 3),
INFO:flwr:	                  (12, 3),
[92mINFO [0m:      	                  (13, 1),
INFO:flwr:	                  (13, 1),
[92mINFO [0m:      	                  (14, 3),
INFO:flwr:	                  (14, 3),
[92mINFO [0m:      	                  (15, 0),
INFO:flwr:	                  (15, 0),
[92mINFO [0m:      	                  (16, 1),
INFO:flwr:	                  (16, 1),
[92mINFO [0m:      	                  (17, 3),
INFO:flwr:	                  (17, 3),
[92mINFO [0m:      	                  (18, 0),
INFO:flwr:	                  (18, 0),
[92mINFO [0m:      	                  (19, 1),
INFO:flwr:	                  (19, 1),
[92mINFO [0m:      	                  (20, 3),
INFO:flwr:	                  (20, 3),
[92mINFO [0m:      	                  (21, 1),
INFO:flwr:	                  (21, 1),
[92mINFO [0m:      	                  (22, 0),
INFO:flwr:	                  (22, 0),
[92mINFO [0m:      	                  (23, 1),
INFO:flwr:	                  (23, 1),
[92mINFO [0m:      	                  (24, 0),
INFO:flwr:	                  (24, 0),
[92mINFO [0m:      	                  (25, 3),
INFO:flwr:	                  (25, 3),
[92mINFO [0m:      	                  (26, 0),
INFO:flwr:	                  (26, 0),
[92mINFO [0m:      	                  (27, 0),
INFO:flwr:	                  (27, 0),
[92mINFO [0m:      	                  (28, 0),
INFO:flwr:	                  (28, 0),
[92mINFO [0m:      	                  (29, 0),
INFO:flwr:	                  (29, 0),
[92mINFO [0m:      	                  (30, 1)]}
INFO:flwr:	                  (30, 1)]}
[92mINFO [0m:      
INFO:flwr:
[36m(ClientAppActor pid=1369739)[0m 
[K                 Class     Images  Instances      Box(P          R      mAP50  mAP50-95): 61% ━━━━━━━───── 11/18 17.6it/s 1.0s<0.4s
[36m(ClientAppActor pid=1369739)[0m 
[K                 Class     Images  Instances      Box(P          R      mAP50  mAP50-95): 94% ━━━━━━━━━━━─ 17/18 20.0it/s 1.2s<0.1s
[K                 Class     Images  Instances      Box(P          R      mAP50  mAP50-95): 100% ━━━━━━━━━━━━ 18/18 14.9it/s 1.2s
[K                 Class     Images  Instances      Box(P          R      mAP50  mAP50-95): 100% ━━━━━━━━━━━━ 18/18 14.9it/s 1.2s
[36m(ClientAppActor pid=1369726)[0m 
[K                 Class     Images  Instances      Box(P          R      mAP50  mAP50-95): 33% ━━━━──────── 7/21 8.1it/s 1.2s<1.7s
[36m(ClientAppActor pid=1369732)[0m 
[K                 Class     Images  Instances      Box(P          R      mAP50  mAP50-95): 36% ━━━━──────── 8/22 8.8it/s 1.3s<1.6s
[36m(ClientAppActor pid=1369731)[0m 
[K                 Class     Images  Instances      Box(P          R      mAP50  mAP50-95): 30% ━━━╸──────── 6/20 5.5it/s 1.4s<2.6s
[36m(ClientAppActor pid=1369730)[0m 
[K                 Class     Images  Instances      Box(P          R      mAP50  mAP50-95): 44% ━━━━━─────── 15/34 21.4it/s 1.4s<0.9s
[36m(ClientAppActor pid=1369730)[0m 
[K                 Class     Images  Instances      Box(P          R      mAP50  mAP50-95): 47% ━━━━━╸────── 16/34 17.6it/s 1.5s<1.0s
[36m(ClientAppActor pid=1369729)[0m 
[K                 Class     Images  Instances      Box(P          R      mAP50  mAP50-95): 100% ━━━━━━━━━━━━ 4/4 7.3it/s 0.5s
[K                 Class     Images  Instances      Box(P          R      mAP50  mAP50-95): 100% ━━━━━━━━━━━━ 4/4 7.3it/s 0.5s
[36m(ClientAppActor pid=1369726)[0m 
[K                 Class     Images  Instances      Box(P          R      mAP50  mAP50-95): 71% ━━━━━━━━╸─── 15/21 18.8it/s 1.5s<0.3s
[36m(ClientAppActor pid=1369732)[0m 
[K                 Class     Images  Instances      Box(P          R      mAP50  mAP50-95): 64% ━━━━━━━╸──── 14/22 17.3it/s 1.5s<0.5s
[36m(ClientAppActor pid=1369731)[0m 
[K                 Class     Images  Instances      Box(P          R      mAP50  mAP50-95): 55% ━━━━━━╸───── 11/20 12.9it/s 1.7s<0.7s
[36m(ClientAppActor pid=1369730)[0m 
[K                 Class     Images  Instances      Box(P          R      mAP50  mAP50-95): 68% ━━━━━━━━──── 23/34 24.9it/s 1.7s<0.4s
[36m(ClientAppActor pid=1369730)[0m 
[K                 Class     Images  Instances      Box(P          R      mAP50  mAP50-95): 71% ━━━━━━━━──── 24/34 19.9it/s 1.8s<0.5s
[36m(ClientAppActor pid=1369726)[0m 
[K                 Class     Images  Instances      Box(P          R      mAP50  mAP50-95): 81% ━━━━━━━━━╸── 17/21 14.7it/s 1.9s<0.3s
[36m(ClientAppActor pid=1369731)[0m 
[K                 Class     Images  Instances      Box(P          R      mAP50  mAP50-95): 100% ━━━━━━━━━━━━ 20/20 10.0it/s 2.0s
[K                 Class     Images  Instances      Box(P          R      mAP50  mAP50-95): 100% ━━━━━━━━━━━━ 20/20 10.0it/s 2.0s
[36m(ClientAppActor pid=1369732)[0m 
[K                 Class     Images  Instances      Box(P          R      mAP50  mAP50-95): 91% ━━━━━━━━━━╸─ 20/22 17.4it/s 2.0s<0.1s
[K                 Class     Images  Instances      Box(P          R      mAP50  mAP50-95): 100% ━━━━━━━━━━━━ 22/22 10.8it/s 2.0s
[K                 Class     Images  Instances      Box(P          R      mAP50  mAP50-95): 100% ━━━━━━━━━━━━ 22/22 10.8it/s 2.0s
[36m(ClientAppActor pid=1369730)[0m 
[K                 Class     Images  Instances      Box(P          R      mAP50  mAP50-95): 88% ━━━━━━━━━━╸─ 30/34 23.6it/s 2.1s<0.2s
[36m(ClientAppActor pid=1369733)[0m 
[K                 Class     Images  Instances      Box(P          R      mAP50  mAP50-95): 86% ━━━━━━━━━━── 25/29 17.4it/s 2.2s<0.2s
[36m(ClientAppActor pid=1369739)[0m                    all         69        401      0.691      0.514      0.587      0.356
[36m(ClientAppActor pid=1369739)[0m Speed: 0.8ms preprocess, 3.4ms inference, 0.0ms loss, 0.2ms postprocess per image
[36m(ClientAppActor pid=1369739)[0m Results saved to [1m/ANON/fl_hod/runs/detect/val401[0m
[36m(ClientAppActor pid=1369729)[0m [Client 2] Initializing YOLOv10-S...[32m [repeated 6x across cluster][0m
[36m(ClientAppActor pid=1369729)[0m [Client 2] Ready[32m [repeated 6x across cluster][0m
[36m(ClientAppActor pid=1369729)[0m   Local epochs: 3[32m [repeated 6x across cluster][0m
[36m(ClientAppActor pid=1369729)[0m   Batch size: 4[32m [repeated 6x across cluster][0m
[36m(ClientAppActor pid=1369729)[0m   FedBN: True[32m [repeated 6x across cluster][0m
[36m(ClientAppActor pid=1369729)[0m WARNING: Not enough parameters. Expected 2, got 1[32m [repeated 6x across cluster][0m
[36m(ClientAppActor pid=1369729)[0m Ultralytics 8.3.234 Python-3.10.19 torch-2.6.0+cu124 CUDA:0 (NVIDIA RTX 5000 Ada Generation, 32220MiB)[32m [repeated 6x across cluster][0m
[36m(ClientAppActor pid=1369729)[0m YOLOv10s summary (fused): 106 layers, 7,248,960 parameters, 0 gradients, 21.6 GFLOPs[32m [repeated 6x across cluster][0m
[36m(ClientAppActor pid=1369729)[0m [34m[1mval: [0mFast image access (ping: 0.0±0.0 ms, read: 4204.3±1821.5 MB/s, size: 2233.6 KB)[32m [repeated 6x across cluster][0m
[36m(ClientAppActor pid=1369732)[0m 
[K[34m[1mval: [0mScanning /ANON/fl_hod/data/yolo/labels/ecp/val... 86 images, 0 backgrounds, 0 corrupt: 100% ━━━━━━━━━━━━ 86/86 667.0it/s 0.1s
[K[34m[1mval: [0mScanning /ANON/fl_hod/data/yolo/labels/ecp/val... 86 images, 0 backgrounds, 0 corrupt: 100% ━━━━━━━━━━━━ 86/86 666.8it/s 0.1s[32m [repeated 3x across cluster][0m
[36m(ClientAppActor pid=1369733)[0m /ANON/fl_hod/fl/client_yolo10s.py:386: DeprecationWarning: Conversion of an array with ndim > 0 to a scalar is deprecated, and will error in future. Ensure you extract a single element from your array before performing this operation. (Deprecated NumPy 1.25.)[32m [repeated 4x across cluster][0m
[36m(ClientAppActor pid=1369733)[0m   'precision': float(results.box.p),[32m [repeated 4x across cluster][0m
[36m(ClientAppActor pid=1369730)[0m 
[K                 Class     Images  Instances      Box(P          R      mAP50  mAP50-95): 6% ╸─────────── 2/34 2.0it/s 0.6s<16.4s[32m [repeated 5x across cluster][0m
[36m(ClientAppActor pid=1369733)[0m 
[K                 Class     Images  Instances      Box(P          R      mAP50  mAP50-95): 28% ━━━───────── 8/29 10.7it/s 1.2s<2.0s[32m [repeated 4x across cluster][0m
[36m(ClientAppActor pid=1369732)[0m 
[K                 Class     Images  Instances      Box(P          R      mAP50  mAP50-95): 50% ━━━━━━────── 11/22 13.2it/s 1.4s<0.8s
[36m(ClientAppActor pid=1369730)[0m 
[K                 Class     Images  Instances      Box(P          R      mAP50  mAP50-95): 12% ━─────────── 4/34 4.1it/s 1.0s<7.3s[32m [repeated 6x across cluster][0m
[36m(ClientAppActor pid=1369730)[0m 
[K                 Class     Images  Instances      Box(P          R      mAP50  mAP50-95): 76% ━━━━━━━━━─── 26/34 19.1it/s 1.9s<0.4s[32m [repeated 3x across cluster][0m
[36m(ClientAppActor pid=1369730)[0m 
[K                 Class     Images  Instances      Box(P          R      mAP50  mAP50-95): 21% ━━────────── 7/34 11.4it/s 1.1s<2.4s[32m [repeated 5x across cluster][0m
[36m(ClientAppActor pid=1369730)[0m 
[K                 Class     Images  Instances      Box(P          R      mAP50  mAP50-95): 3% ──────────── 1/34 1.5s/it 0.4s<49.2s
[36m(ClientAppActor pid=1369731)[0m 
[K                 Class     Images  Instances      Box(P          R      mAP50  mAP50-95): 15% ━╸────────── 3/20 3.0it/s 1.0s<5.7s[32m [repeated 3x across cluster][0m
[36m(ClientAppActor pid=1369731)[0m 
[K                 Class     Images  Instances      Box(P          R      mAP50  mAP50-95): 40% ━━━━╸─────── 8/20 7.7it/s 1.6s<1.6s[32m [repeated 3x across cluster][0m
[36m(ClientAppActor pid=1369733)[0m 
[K                 Class     Images  Instances      Box(P          R      mAP50  mAP50-95): 62% ━━━━━━━───── 18/29 14.8it/s 1.9s<0.7s
[36m(ClientAppActor pid=1369733)[0m 
[K                 Class     Images  Instances      Box(P          R      mAP50  mAP50-95): 34% ━━━━──────── 10/29 10.6it/s 1.4s<1.8s
[36m(ClientAppActor pid=1369726)[0m 
[K                 Class     Images  Instances      Box(P          R      mAP50  mAP50-95): 43% ━━━━━─────── 9/21 9.5it/s 1.4s<1.3s
[36m(ClientAppActor pid=1369733)[0m 
[K                 Class     Images  Instances      Box(P          R      mAP50  mAP50-95): 48% ━━━━━╸────── 14/29 13.7it/s 1.6s<1.1s
[36m(ClientAppActor pid=1369733)[0m 
[K                 Class     Images  Instances      Box(P          R      mAP50  mAP50-95): 55% ━━━━━━╸───── 16/29 15.0it/s 1.7s<0.9s[32m [repeated 2x across cluster][0m
[36m(ClientAppActor pid=1369733)[0m 
[K                 Class     Images  Instances      Box(P          R      mAP50  mAP50-95): 69% ━━━━━━━━──── 20/29 14.9it/s 2.0s<0.6s
[36m(ClientAppActor pid=1369733)[0m 
[K                 Class     Images  Instances      Box(P          R      mAP50  mAP50-95): 79% ━━━━━━━━━╸── 23/29 17.6it/s 2.1s<0.3s
[36m(ClientAppActor pid=1369733)[0m 
[K                 Class     Images  Instances      Box(P          R      mAP50  mAP50-95): 100% ━━━━━━━━━━━━ 29/29 12.3it/s 2.4s
[K                 Class     Images  Instances      Box(P          R      mAP50  mAP50-95): 100% ━━━━━━━━━━━━ 29/29 12.3it/s 2.4s[32m [repeated 3x across cluster][0m
[36m(ClientAppActor pid=1369733)[0m                    all        115       1013      0.682      0.368      0.445       0.23[32m [repeated 6x across cluster][0m
[36m(ClientAppActor pid=1369733)[0m Speed: 1.1ms preprocess, 4.5ms inference, 0.0ms loss, 0.4ms postprocess per image[32m [repeated 6x across cluster][0m
[36m(ClientAppActor pid=1369733)[0m Results saved to [1m/ANON/fl_hod/runs/detect/val402[0m[32m [repeated 6x across cluster][0m
=== 2026-05-07T00:07:31+10:00 END   bias_low_illumination_fast rc=0 ===
=== 2026-05-07T00:07:31+10:00 START scalability_14_clients ===
INFO:flwr:	                (4, np.float64(0.4170369447017955)),
[92mINFO [0m:      	                (5, np.float64(0.3990873791585563)),
INFO:flwr:	                (5, np.float64(0.3990873791585563)),
[92mINFO [0m:      	                (6, np.float64(0.43253948353595945)),
INFO:flwr:	                (6, np.float64(0.43253948353595945)),
[92mINFO [0m:      	                (7, np.float64(0.3979406868316791)),
INFO:flwr:	                (7, np.float64(0.3979406868316791)),
[92mINFO [0m:      	                (8, np.float64(0.41469239881239134)),
INFO:flwr:	                (8, np.float64(0.41469239881239134)),
[92mINFO [0m:      	                (9, np.float64(0.43304646914987455)),
INFO:flwr:	                (9, np.float64(0.43304646914987455)),
[92mINFO [0m:      	                (10, np.float64(0.42994369429347873)),
INFO:flwr:	                (10, np.float64(0.42994369429347873)),
[92mINFO [0m:      	                (11, np.float64(0.42244078932638446)),
INFO:flwr:	                (11, np.float64(0.42244078932638446)),
[92mINFO [0m:      	                (12, np.float64(0.42476923636384173)),
INFO:flwr:	                (12, np.float64(0.42476923636384173)),
[92mINFO [0m:      	                (13, np.float64(0.41023289561653214)),
INFO:flwr:	                (13, np.float64(0.41023289561653214)),
[92mINFO [0m:      	                (14, np.float64(0.43644381408276905)),
INFO:flwr:	                (14, np.float64(0.43644381408276905)),
[92mINFO [0m:      	                (15, np.float64(0.43457965789556924)),
INFO:flwr:	                (15, np.float64(0.43457965789556924)),
[92mINFO [0m:      	                (16, np.float64(0.42642414674132123)),
INFO:flwr:	                (16, np.float64(0.42642414674132123)),
[92mINFO [0m:      	                (17, np.float64(0.4105696929910071)),
INFO:flwr:	                (17, np.float64(0.4105696929910071)),
[92mINFO [0m:      	                (18, np.float64(0.42411862404070677)),
INFO:flwr:	                (18, np.float64(0.42411862404070677)),
[92mINFO [0m:      	                (19, np.float64(0.44058074839704103)),
INFO:flwr:	                (19, np.float64(0.44058074839704103)),
[92mINFO [0m:      	                (20, np.float64(0.4130424832032252)),
INFO:flwr:	                (20, np.float64(0.4130424832032252)),
[92mINFO [0m:      	                (21, np.float64(0.42874468345853206)),
INFO:flwr:	                (21, np.float64(0.42874468345853206)),
[92mINFO [0m:      	                (22, np.float64(0.42454428161341523)),
INFO:flwr:	                (22, np.float64(0.42454428161341523)),
[92mINFO [0m:      	                (23, np.float64(0.4237628456986521)),
INFO:flwr:	                (23, np.float64(0.4237628456986521)),
[92mINFO [0m:      	                (24, np.float64(0.4206037185068599)),
INFO:flwr:	                (24, np.float64(0.4206037185068599)),
[92mINFO [0m:      	                (25, np.float64(0.4248573242076579)),
INFO:flwr:	                (25, np.float64(0.4248573242076579)),
[92mINFO [0m:      	                (26, np.float64(0.4333542953817989)),
INFO:flwr:	                (26, np.float64(0.4333542953817989)),
[92mINFO [0m:      	                (27, np.float64(0.4414747620331421)),
INFO:flwr:	                (27, np.float64(0.4414747620331421)),
[92mINFO [0m:      	                (28, np.float64(0.425607200025873)),
INFO:flwr:	                (28, np.float64(0.425607200025873)),
[92mINFO [0m:      	                (29, np.float64(0.41985035777077895)),
INFO:flwr:	                (29, np.float64(0.41985035777077895)),
[92mINFO [0m:      	                (30, np.float64(0.41173404840207356))],
INFO:flwr:	                (30, np.float64(0.41173404840207356))],
[92mINFO [0m:      	 'num_clients': [(1, 14),
INFO:flwr:	 'num_clients': [(1, 14),
[92mINFO [0m:      	                 (2, 14),
INFO:flwr:	                 (2, 14),
[92mINFO [0m:      	                 (3, 14),
INFO:flwr:	                 (3, 14),
[92mINFO [0m:      	                 (4, 14),
INFO:flwr:	                 (4, 14),
[92mINFO [0m:      	                 (5, 14),
INFO:flwr:	                 (5, 14),
[92mINFO [0m:      	                 (6, 14),
INFO:flwr:	                 (6, 14),
[92mINFO [0m:      	                 (7, 14),
INFO:flwr:	                 (7, 14),
[92mINFO [0m:      	                 (8, 14),
INFO:flwr:	                 (8, 14),
[92mINFO [0m:      	                 (9, 14),
INFO:flwr:	                 (9, 14),
[92mINFO [0m:      	                 (10, 14),
INFO:flwr:	                 (10, 14),
[92mINFO [0m:      	                 (11, 14),
INFO:flwr:	                 (11, 14),
[92mINFO [0m:      	                 (12, 14),
INFO:flwr:	                 (12, 14),
[92mINFO [0m:      	                 (13, 14),
INFO:flwr:	                 (13, 14),
[92mINFO [0m:      	                 (14, 14),
INFO:flwr:	                 (14, 14),
[92mINFO [0m:      	                 (15, 14),
INFO:flwr:	                 (15, 14),
[92mINFO [0m:      	                 (16, 14),
INFO:flwr:	                 (16, 14),
[92mINFO [0m:      	                 (17, 14),
INFO:flwr:	                 (17, 14),
[92mINFO [0m:      	                 (18, 14),
INFO:flwr:	                 (18, 14),
[92mINFO [0m:      	                 (19, 14),
INFO:flwr:	                 (19, 14),
[92mINFO [0m:      	                 (20, 14),
INFO:flwr:	                 (20, 14),
[92mINFO [0m:      	                 (21, 14),
INFO:flwr:	                 (21, 14),
[92mINFO [0m:      	                 (22, 14),
INFO:flwr:	                 (22, 14),
[92mINFO [0m:      	                 (23, 14),
INFO:flwr:	                 (23, 14),
[92mINFO [0m:      	                 (24, 14),
INFO:flwr:	                 (24, 14),
[92mINFO [0m:      	                 (25, 14),
INFO:flwr:	                 (25, 14),
[92mINFO [0m:      	                 (26, 14),
INFO:flwr:	                 (26, 14),
[92mINFO [0m:      	                 (27, 14),
INFO:flwr:	                 (27, 14),
[92mINFO [0m:      	                 (28, 14),
INFO:flwr:	                 (28, 14),
[92mINFO [0m:      	                 (29, 14),
INFO:flwr:	                 (29, 14),
[92mINFO [0m:      	                 (30, 14)],
INFO:flwr:	                 (30, 14)],
[92mINFO [0m:      	 'num_filtered': [(1, 4),
INFO:flwr:	 'num_filtered': [(1, 4),
[92mINFO [0m:      	                  (2, 4),
INFO:flwr:	                  (2, 4),
[92mINFO [0m:      	                  (3, 4),
INFO:flwr:	                  (3, 4),
[92mINFO [0m:      	                  (4, 4),
INFO:flwr:	                  (4, 4),
[92mINFO [0m:      	                  (5, 4),
INFO:flwr:	                  (5, 4),
[92mINFO [0m:      	                  (6, 4),
INFO:flwr:	                  (6, 4),
[92mINFO [0m:      	                  (7, 4),
INFO:flwr:	                  (7, 4),
[92mINFO [0m:      	                  (8, 4),
INFO:flwr:	                  (8, 4),
[92mINFO [0m:      	                  (9, 4),
INFO:flwr:	                  (9, 4),
[92mINFO [0m:      	                  (10, 4),
INFO:flwr:	                  (10, 4),
[92mINFO [0m:      	                  (11, 4),
INFO:flwr:	                  (11, 4),
[92mINFO [0m:      	                  (12, 4),
INFO:flwr:	                  (12, 4),
[92mINFO [0m:      	                  (13, 4),
INFO:flwr:	                  (13, 4),
[92mINFO [0m:      	                  (14, 4),
INFO:flwr:	                  (14, 4),
[92mINFO [0m:      	                  (15, 4),
INFO:flwr:	                  (15, 4),
[92mINFO [0m:      	                  (16, 4),
INFO:flwr:	                  (16, 4),
[92mINFO [0m:      	                  (17, 4),
INFO:flwr:	                  (17, 4),
[92mINFO [0m:      	                  (18, 4),
INFO:flwr:	                  (18, 4),
[92mINFO [0m:      	                  (19, 4),
INFO:flwr:	                  (19, 4),
[92mINFO [0m:      	                  (20, 4),
INFO:flwr:	                  (20, 4),
[92mINFO [0m:      	                  (21, 4),
INFO:flwr:	                  (21, 4),
[92mINFO [0m:      	                  (22, 4),
INFO:flwr:	                  (22, 4),
[92mINFO [0m:      	                  (23, 4),
INFO:flwr:	                  (23, 4),
[92mINFO [0m:      	                  (24, 4),
INFO:flwr:	                  (24, 4),
[92mINFO [0m:      	                  (25, 5),
INFO:flwr:	                  (25, 5),
[92mINFO [0m:      	                  (26, 4),
INFO:flwr:	                  (26, 4),
[92mINFO [0m:      	                  (27, 4),
INFO:flwr:	                  (27, 4),
[92mINFO [0m:      	                  (28, 4),
INFO:flwr:	                  (28, 4),
[92mINFO [0m:      	                  (29, 4),
INFO:flwr:	                  (29, 4),
[92mINFO [0m:      	                  (30, 4)]}
INFO:flwr:	                  (30, 4)]}
[92mINFO [0m:      
INFO:flwr:
[36m(ClientAppActor pid=2035971)[0m 
[K                 Class     Images  Instances      Box(P          R      mAP50  mAP50-95): 100% ━━━━━━━━━━━━ 17/17 3.8it/s 4.4s
[K                 Class     Images  Instances      Box(P          R      mAP50  mAP50-95): 100% ━━━━━━━━━━━━ 17/17 3.8it/s 4.4s[32m [repeated 11x across cluster][0m
[36m(ClientAppActor pid=2035964)[0m                    all         43        160      0.764      0.425      0.511      0.253[32m [repeated 2x across cluster][0m
[36m(ClientAppActor pid=2035971)[0m 
[K                 Class     Images  Instances      Box(P          R      mAP50  mAP50-95): 35% ━━━━──────── 6/17 5.8it/s 3.5s<1.9s[32m [repeated 8x across cluster][0m
[36m(ClientAppActor pid=2035968)[0m 
[K                 Class     Images  Instances      Box(P          R      mAP50  mAP50-95): 20% ━━────────── 3/15 4.3it/s 3.1s<2.8s[32m [repeated 8x across cluster][0m
[36m(ClientAppActor pid=2035968)[0m 
[K                 Class     Images  Instances      Box(P          R      mAP50  mAP50-95): 7% ╸─────────── 1/15 9.4s/it 2.8s<2:12[32m [repeated 3x across cluster][0m
[36m(ClientAppActor pid=2035967)[0m 
[K                 Class     Images  Instances      Box(P          R      mAP50  mAP50-95): 45% ━━━━━─────── 5/11 3.6it/s 3.1s<1.7s[32m [repeated 3x across cluster][0m
[36m(ClientAppActor pid=2035966)[0m 
[K                 Class     Images  Instances      Box(P          R      mAP50  mAP50-95): 27% ━━━───────── 3/11 3.6it/s 3.3s<2.2s[32m [repeated 4x across cluster][0m
[36m(ClientAppActor pid=2035971)[0m 
[K                 Class     Images  Instances      Box(P          R      mAP50  mAP50-95): 24% ━━╸───────── 4/17 3.2it/s 3.3s<4.1s[32m [repeated 2x across cluster][0m
[36m(ClientAppActor pid=2035968)[0m 
[K                 Class     Images  Instances      Box(P          R      mAP50  mAP50-95): 13% ━╸────────── 2/15 2.7it/s 2.9s<4.8s
[36m(ClientAppActor pid=2035965)[0m 
[K                 Class     Images  Instances      Box(P          R      mAP50  mAP50-95): 67% ━━━━━━━━──── 10/15 7.7it/s 3.3s<0.7s[32m [repeated 4x across cluster][0m
[36m(ClientAppActor pid=2035966)[0m 
[K                 Class     Images  Instances      Box(P          R      mAP50  mAP50-95): 55% ━━━━━━╸───── 6/11 6.5it/s 3.7s<0.8s[32m [repeated 2x across cluster][0m
[36m(ClientAppActor pid=2035975)[0m 
[K                 Class     Images  Instances      Box(P          R      mAP50  mAP50-95): 29% ━━━╸──────── 5/17 3.5it/s 2.7s<3.4s[32m [repeated 2x across cluster][0m
[36m(ClientAppActor pid=2035971)[0m 
[K                 Class     Images  Instances      Box(P          R      mAP50  mAP50-95): 76% ━━━━━━━━━─── 13/17 10.2it/s 4.2s<0.4s[32m [repeated 3x across cluster][0m
[36m(ClientAppActor pid=2035966)[0m 
[K                 Class     Images  Instances      Box(P          R      mAP50  mAP50-95): 73% ━━━━━━━━╸─── 8/11 9.3it/s 3.8s<0.3s[32m [repeated 2x across cluster][0m
[36m(ClientAppActor pid=2035965)[0m 
[K                 Class     Images  Instances      Box(P          R      mAP50  mAP50-95): 40% ━━━━╸─────── 6/15 4.5it/s 2.8s<2.0s[32m [repeated 2x across cluster][0m
[36m(ClientAppActor pid=2035967)[0m 
[K                 Class     Images  Instances      Box(P          R      mAP50  mAP50-95): 91% ━━━━━━━━━━╸─ 10/11 7.1it/s 3.7s<0.1s[32m [repeated 4x across cluster][0m
[36m(ClientAppActor pid=2035968)[0m 
[K                 Class     Images  Instances      Box(P          R      mAP50  mAP50-95): 80% ━━━━━━━━━╸── 12/15 14.9it/s 4.0s<0.2s[32m [repeated 5x across cluster][0m
[36m(ClientAppActor pid=2035968)[0m 
[K                 Class     Images  Instances      Box(P          R      mAP50  mAP50-95): 60% ━━━━━━━───── 9/15 9.1it/s 3.9s<0.7s[32m [repeated 2x across cluster][0m
[36m(ClientAppActor pid=2035971)[0m 
[K                 Class     Images  Instances      Box(P          R      mAP50  mAP50-95): 65% ━━━━━━━╸──── 11/17 8.5it/s 4.1s<0.7s[32m [repeated 2x across cluster][0m
[36m(ClientAppActor pid=2035971)[0m 
[K                 Class     Images  Instances      Box(P          R      mAP50  mAP50-95): 47% ━━━━━╸────── 8/17 7.1it/s 3.7s<1.3s[32m [repeated 2x across cluster][0m
[36m(ClientAppActor pid=2035969)[0m /ANON/fl_hod/fl/client_yolo10s.py:386: DeprecationWarning: Conversion of an array with ndim > 0 to a scalar is deprecated, and will error in future. Ensure you extract a single element from your array before performing this operation. (Deprecated NumPy 1.25.)[32m [repeated 12x across cluster][0m
[36m(ClientAppActor pid=2035969)[0m   'precision': float(results.box.p),[32m [repeated 12x across cluster][0m
[36m(ClientAppActor pid=2035969)[0m Speed: 2.7ms preprocess, 9.4ms inference, 0.0ms loss, 1.9ms postprocess per image[32m [repeated 13x across cluster][0m
[36m(ClientAppActor pid=2035969)[0m Results saved to [1m/ANON/fl_hod/runs/detect/val2968[0m[32m [repeated 13x across cluster][0m
[36m(ClientAppActor pid=2035969)[0m                    all         40        317       0.81       0.53      0.619      0.367[32m [repeated 12x across cluster][0m
=== 2026-05-07T06:36:54+10:00 END   scalability_14_clients rc=0 ===
=== 2026-05-07T06:36:54+10:00 START scalability_14_10pct ===
INFO:flwr:	                (11, np.float64(0.3944340382309652)),
[92mINFO [0m:      	                (12, np.float64(0.4280633900575868)),
INFO:flwr:	                (12, np.float64(0.4280633900575868)),
[92mINFO [0m:      	                (13, np.float64(0.4217896221236739)),
INFO:flwr:	                (13, np.float64(0.4217896221236739)),
[92mINFO [0m:      	                (14, np.float64(0.42726916942334636)),
INFO:flwr:	                (14, np.float64(0.42726916942334636)),
[92mINFO [0m:      	                (15, np.float64(0.42035176963875687)),
INFO:flwr:	                (15, np.float64(0.42035176963875687)),
[92mINFO [0m:      	                (16, np.float64(0.41984319152552313)),
INFO:flwr:	                (16, np.float64(0.41984319152552313)),
[92mINFO [0m:      	                (17, np.float64(0.4263634385502227)),
INFO:flwr:	                (17, np.float64(0.4263634385502227)),
[92mINFO [0m:      	                (18, np.float64(0.42489718677400573)),
INFO:flwr:	                (18, np.float64(0.42489718677400573)),
[92mINFO [0m:      	                (19, np.float64(0.42328973408311027)),
INFO:flwr:	                (19, np.float64(0.42328973408311027)),
[92mINFO [0m:      	                (20, np.float64(0.4264501137921718)),
INFO:flwr:	                (20, np.float64(0.4264501137921718)),
[92mINFO [0m:      	                (21, np.float64(0.4241418566796197)),
INFO:flwr:	                (21, np.float64(0.4241418566796197)),
[92mINFO [0m:      	                (22, np.float64(0.4249323109296488)),
INFO:flwr:	                (22, np.float64(0.4249323109296488)),
[92mINFO [0m:      	                (23, np.float64(0.41579314841427845)),
INFO:flwr:	                (23, np.float64(0.41579314841427845)),
[92mINFO [0m:      	                (24, np.float64(0.4196808189129574)),
INFO:flwr:	                (24, np.float64(0.4196808189129574)),
[92mINFO [0m:      	                (25, np.float64(0.4218539336268932)),
INFO:flwr:	                (25, np.float64(0.4218539336268932)),
[92mINFO [0m:      	                (26, np.float64(0.41899288388122147)),
INFO:flwr:	                (26, np.float64(0.41899288388122147)),
[92mINFO [0m:      	                (27, np.float64(0.4450012789879444)),
INFO:flwr:	                (27, np.float64(0.4450012789879444)),
[92mINFO [0m:      	                (28, np.float64(0.41032929116978084)),
INFO:flwr:	                (28, np.float64(0.41032929116978084)),
[92mINFO [0m:      	                (29, np.float64(0.4192716994857779)),
INFO:flwr:	                (29, np.float64(0.4192716994857779)),
[92mINFO [0m:      	                (30, np.float64(0.4310974676968355))],
INFO:flwr:	                (30, np.float64(0.4310974676968355))],
[92mINFO [0m:      	 'num_clients': [(1, 14),
INFO:flwr:	 'num_clients': [(1, 14),
[92mINFO [0m:      	                 (2, 14),
INFO:flwr:	                 (2, 14),
[92mINFO [0m:      	                 (3, 14),
INFO:flwr:	                 (3, 14),
[92mINFO [0m:      	                 (4, 14),
INFO:flwr:	                 (4, 14),
[92mINFO [0m:      	                 (5, 14),
INFO:flwr:	                 (5, 14),
[92mINFO [0m:      	                 (6, 14),
INFO:flwr:	                 (6, 14),
[92mINFO [0m:      	                 (7, 14),
INFO:flwr:	                 (7, 14),
[92mINFO [0m:      	                 (8, 14),
INFO:flwr:	                 (8, 14),
[92mINFO [0m:      	                 (9, 14),
INFO:flwr:	                 (9, 14),
[92mINFO [0m:      	                 (10, 14),
INFO:flwr:	                 (10, 14),
[92mINFO [0m:      	                 (11, 14),
INFO:flwr:	                 (11, 14),
[92mINFO [0m:      	                 (12, 14),
INFO:flwr:	                 (12, 14),
[92mINFO [0m:      	                 (13, 14),
INFO:flwr:	                 (13, 14),
[92mINFO [0m:      	                 (14, 14),
INFO:flwr:	                 (14, 14),
[92mINFO [0m:      	                 (15, 14),
INFO:flwr:	                 (15, 14),
[92mINFO [0m:      	                 (16, 14),
INFO:flwr:	                 (16, 14),
[92mINFO [0m:      	                 (17, 14),
INFO:flwr:	                 (17, 14),
[92mINFO [0m:      	                 (18, 14),
INFO:flwr:	                 (18, 14),
[92mINFO [0m:      	                 (19, 14),
INFO:flwr:	                 (19, 14),
[92mINFO [0m:      	                 (20, 14),
INFO:flwr:	                 (20, 14),
[92mINFO [0m:      	                 (21, 14),
INFO:flwr:	                 (21, 14),
[92mINFO [0m:      	                 (22, 14),
INFO:flwr:	                 (22, 14),
[92mINFO [0m:      	                 (23, 14),
INFO:flwr:	                 (23, 14),
[92mINFO [0m:      	                 (24, 14),
INFO:flwr:	                 (24, 14),
[92mINFO [0m:      	                 (25, 14),
INFO:flwr:	                 (25, 14),
[92mINFO [0m:      	                 (26, 14),
INFO:flwr:	                 (26, 14),
[92mINFO [0m:      	                 (27, 14),
INFO:flwr:	                 (27, 14),
[92mINFO [0m:      	                 (28, 14),
INFO:flwr:	                 (28, 14),
[92mINFO [0m:      	                 (29, 14),
INFO:flwr:	                 (29, 14),
[92mINFO [0m:      	                 (30, 14)],
INFO:flwr:	                 (30, 14)],
[92mINFO [0m:      	 'num_filtered': [(1, 1),
INFO:flwr:	 'num_filtered': [(1, 1),
[92mINFO [0m:      	                  (2, 1),
INFO:flwr:	                  (2, 1),
[92mINFO [0m:      	                  (3, 1),
INFO:flwr:	                  (3, 1),
[92mINFO [0m:      	                  (4, 1),
INFO:flwr:	                  (4, 1),
[92mINFO [0m:      	                  (5, 2),
INFO:flwr:	                  (5, 2),
[92mINFO [0m:      	                  (6, 1),
INFO:flwr:	                  (6, 1),
[92mINFO [0m:      	                  (7, 2),
INFO:flwr:	                  (7, 2),
[92mINFO [0m:      	                  (8, 1),
INFO:flwr:	                  (8, 1),
[92mINFO [0m:      	                  (9, 1),
INFO:flwr:	                  (9, 1),
[92mINFO [0m:      	                  (10, 1),
INFO:flwr:	                  (10, 1),
[92mINFO [0m:      	                  (11, 1),
INFO:flwr:	                  (11, 1),
[92mINFO [0m:      	                  (12, 3),
INFO:flwr:	                  (12, 3),
[92mINFO [0m:      	                  (13, 2),
INFO:flwr:	                  (13, 2),
[92mINFO [0m:      	                  (14, 3),
INFO:flwr:	                  (14, 3),
[92mINFO [0m:      	                  (15, 2),
INFO:flwr:	                  (15, 2),
[92mINFO [0m:      	                  (16, 1),
INFO:flwr:	                  (16, 1),
[92mINFO [0m:      	                  (17, 1),
INFO:flwr:	                  (17, 1),
[92mINFO [0m:      	                  (18, 1),
INFO:flwr:	                  (18, 1),
[92mINFO [0m:      	                  (19, 1),
INFO:flwr:	                  (19, 1),
[92mINFO [0m:      	                  (20, 1),
INFO:flwr:	                  (20, 1),
[92mINFO [0m:      	                  (21, 1),
INFO:flwr:	                  (21, 1),
[92mINFO [0m:      	                  (22, 1),
INFO:flwr:	                  (22, 1),
[92mINFO [0m:      	                  (23, 1),
INFO:flwr:	                  (23, 1),
[92mINFO [0m:      	                  (24, 1),
INFO:flwr:	                  (24, 1),
[92mINFO [0m:      	                  (25, 1),
INFO:flwr:	                  (25, 1),
[92mINFO [0m:      	                  (26, 1),
INFO:flwr:	                  (26, 1),
[92mINFO [0m:      	                  (27, 1),
INFO:flwr:	                  (27, 1),
[92mINFO [0m:      	                  (28, 1),
INFO:flwr:	                  (28, 1),
[92mINFO [0m:      	                  (29, 1),
INFO:flwr:	                  (29, 1),
[92mINFO [0m:      	                  (30, 1)]}
INFO:flwr:	                  (30, 1)]}
[92mINFO [0m:      
INFO:flwr:
[36m(ClientAppActor pid=2740267)[0m   FedBN: True[32m [repeated 13x across cluster][0m
[36m(ClientAppActor pid=2740267)[0m WARNING: Not enough parameters. Expected 2, got 1[32m [repeated 13x across cluster][0m
[36m(ClientAppActor pid=2740259)[0m Ultralytics 8.3.234 Python-3.10.19 torch-2.6.0+cu124 CUDA:0 (NVIDIA RTX 5000 Ada Generation, 32220MiB)[32m [repeated 13x across cluster][0m
[36m(ClientAppActor pid=2740267)[0m YOLOv10s summary (fused): 106 layers, 7,248,960 parameters, 0 gradients, 21.6 GFLOPs[32m [repeated 14x across cluster][0m
[36m(ClientAppActor pid=2740265)[0m 
[K                 Class     Images  Instances      Box(P          R      mAP50  mAP50-95): 100% ━━━━━━━━━━━━ 15/15 3.8it/s 3.9s
[K                 Class     Images  Instances      Box(P          R      mAP50  mAP50-95): 100% ━━━━━━━━━━━━ 15/15 3.8it/s 3.9s[32m [repeated 11x across cluster][0m
[36m(ClientAppActor pid=2740267)[0m [34m[1mval: [0mFast image access (ping: 0.0±0.0 ms, read: 4145.6±1476.3 MB/s, size: 2388.5 KB)[32m [repeated 13x across cluster][0m
[36m(ClientAppActor pid=2740262)[0m 
[K[34m[1mval: [0mScanning /ANON/fl_hod/data/yolo/labels/ecp/val.cache... 43 images, 0 backgrounds, 0 corrupt: 100% ━━━━━━━━━━━━ 43/43 9.0Mit/s 0.0s
[K[34m[1mval: [0mScanning /ANON/fl_hod/data/yolo/labels/ecp/val.cache... 43 images, 0 backgrounds, 0 corrupt: 100% ━━━━━━━━━━━━ 43/43 906.3Kit/s 0.0s[32m [repeated 2x across cluster][0m
[36m(ClientAppActor pid=2740266)[0m 
[K[34m[1mval: [0mScanning /ANON/fl_hod/data/yolo/labels/ecp/val... 40 images, 0 backgrounds, 0 corrupt: 100% ━━━━━━━━━━━━ 40/40 397.7it/s 0.1s
[K[34m[1mval: [0mScanning /ANON/fl_hod/data/yolo/labels/ecp/val... 40 images, 0 backgrounds, 0 corrupt: 100% ━━━━━━━━━━━━ 40/40 397.0it/s 0.1s[32m [repeated 4x across cluster][0m
[36m(ClientAppActor pid=2740265)[0m                    all         58        565      0.618      0.377      0.443      0.231
[36m(ClientAppActor pid=2740265)[0m Speed: 2.2ms preprocess, 9.6ms inference, 0.0ms loss, 0.9ms postprocess per image
[36m(ClientAppActor pid=2740265)[0m Results saved to [1m/ANON/fl_hod/runs/detect/val5321[0m
[36m(ClientAppActor pid=2740267)[0m 
[K[34m[1mval: [0mScanning /ANON/fl_hod/data/yolo/labels/ecp/val... 37 images, 0 backgrounds, 0 corrupt: 55% ━━━━━━╸───── 37/67 110.1it/s 0.1s<0.3s
[K[34m[1mval: [0mScanning /ANON/fl_hod/data/yolo/labels/ecp/val... 67 images, 0 backgrounds, 0 corrupt: 100% ━━━━━━━━━━━━ 67/67 486.0it/s 0.1s
[K[34m[1mval: [0mScanning /ANON/fl_hod/data/yolo/labels/ecp/val... 67 images, 0 backgrounds, 0 corrupt: 100% ━━━━━━━━━━━━ 67/67 485.6it/s 0.1s[32m [repeated 2x across cluster][0m
[36m(ClientAppActor pid=2740266)[0m 
[K                 Class     Images  Instances      Box(P          R      mAP50  mAP50-95): 10% ━─────────── 1/10 4.4s/it 1.3s<39.6s[32m [repeated 9x across cluster][0m
[36m(ClientAppActor pid=2740265)[0m 
[K                 Class     Images  Instances      Box(P          R      mAP50  mAP50-95): 53% ━━━━━━────── 8/15 4.7it/s 3.3s<1.5s[32m [repeated 4x across cluster][0m
[36m(ClientAppActor pid=2740266)[0m 
[K                 Class     Images  Instances      Box(P          R      mAP50  mAP50-95): 20% ━━────────── 2/10 1.2s/it 1.8s<9.7s[32m [repeated 9x across cluster][0m
[36m(ClientAppActor pid=2740267)[0m 
[K                 Class     Images  Instances      Box(P          R      mAP50  mAP50-95): 24% ━━╸───────── 4/17 2.3it/s 2.9s<5.6s[32m [repeated 3x across cluster][0m
[36m(ClientAppActor pid=2740260)[0m 
[K                 Class     Images  Instances      Box(P          R      mAP50  mAP50-95): 27% ━━━───────── 4/15 2.5it/s 1.6s<4.5s[32m [repeated 5x across cluster][0m
[36m(ClientAppActor pid=2740263)[0m 
[K                 Class     Images  Instances      Box(P          R      mAP50  mAP50-95): 45% ━━━━━─────── 5/11 3.9it/s 1.9s<1.5s[32m [repeated 5x across cluster][0m
[36m(ClientAppActor pid=2740260)[0m 
[K                 Class     Images  Instances      Box(P          R      mAP50  mAP50-95): 7% ╸─────────── 1/15 2.2s/it 0.7s<30.5s[32m [repeated 3x across cluster][0m
[36m(ClientAppActor pid=2740267)[0m 
[K                 Class     Images  Instances      Box(P          R      mAP50  mAP50-95): 35% ━━━━──────── 6/17 3.7it/s 3.2s<2.9s[32m [repeated 8x across cluster][0m
[36m(ClientAppActor pid=2740263)[0m 
[K                 Class     Images  Instances      Box(P          R      mAP50  mAP50-95): 55% ━━━━━━╸───── 6/11 3.5it/s 2.3s<1.4s[32m [repeated 4x across cluster][0m
[36m(ClientAppActor pid=2740258)[0m 
[K                 Class     Images  Instances      Box(P          R      mAP50  mAP50-95): 78% ━━━━━━━━━─── 7/9 5.7it/s 2.1s<0.4s
[36m(ClientAppActor pid=2740260)[0m 
[K                 Class     Images  Instances      Box(P          R      mAP50  mAP50-95): 13% ━╸────────── 2/15 1.2it/s 1.0s<11.3s
[36m(ClientAppActor pid=2740256)[0m /ANON/fl_hod/fl/client_yolo10s.py:386: DeprecationWarning: Conversion of an array with ndim > 0 to a scalar is deprecated, and will error in future. Ensure you extract a single element from your array before performing this operation. (Deprecated NumPy 1.25.)[32m [repeated 12x across cluster][0m
[36m(ClientAppActor pid=2740256)[0m   'precision': float(results.box.p),[32m [repeated 12x across cluster][0m
[36m(ClientAppActor pid=2740266)[0m 
[K                 Class     Images  Instances      Box(P          R      mAP50  mAP50-95): 30% ━━━╸──────── 3/10 1.1s/it 2.6s<7.4s[32m [repeated 2x across cluster][0m
[36m(ClientAppActor pid=2740255)[0m 
[K                 Class     Images  Instances      Box(P          R      mAP50  mAP50-95): 65% ━━━━━━━╸──── 11/17 5.4it/s 3.3s<1.1s[32m [repeated 4x across cluster][0m
[36m(ClientAppActor pid=2740263)[0m 
[K                 Class     Images  Instances      Box(P          R      mAP50  mAP50-95): 73% ━━━━━━━━╸─── 8/11 4.9it/s 3.2s<0.6s[32m [repeated 2x across cluster][0m
[36m(ClientAppActor pid=2740266)[0m 
[K                 Class     Images  Instances      Box(P          R      mAP50  mAP50-95): 90% ━━━━━━━━━━╸─ 9/10 9.7it/s 3.0s<0.1s[32m [repeated 3x across cluster][0m
[36m(ClientAppActor pid=2740267)[0m 
[K                 Class     Images  Instances      Box(P          R      mAP50  mAP50-95): 71% ━━━━━━━━──── 12/17 7.8it/s 3.8s<0.6s[32m [repeated 5x across cluster][0m
[36m(ClientAppActor pid=2740264)[0m 
[K                 Class     Images  Instances      Box(P          R      mAP50  mAP50-95): 40% ━━━━╸─────── 4/10 1.3it/s 3.2s<4.8s[32m [repeated 4x across cluster][0m
[36m(ClientAppActor pid=2740267)[0m 
[K                 Class     Images  Instances      Box(P          R      mAP50  mAP50-95): 47% ━━━━━╸────── 8/17 7.3it/s 3.4s<1.2s[32m [repeated 2x across cluster][0m
[36m(ClientAppActor pid=2740267)[0m 
[K                 Class     Images  Instances      Box(P          R      mAP50  mAP50-95): 82% ━━━━━━━━━╸── 14/17 8.1it/s 4.0s<0.4s[32m [repeated 5x across cluster][0m
[36m(ClientAppActor pid=2740264)[0m 
[K                 Class     Images  Instances      Box(P          R      mAP50  mAP50-95): 60% ━━━━━━━───── 6/10 5.4it/s 3.3s<0.7s[32m [repeated 2x across cluster][0m
[36m(ClientAppActor pid=2740264)[0m 
[K                 Class     Images  Instances      Box(P          R      mAP50  mAP50-95): 90% ━━━━━━━━━━╸─ 9/10 12.1it/s 3.4s<0.1s
[K                 Class     Images  Instances      Box(P          R      mAP50  mAP50-95): 100% ━━━━━━━━━━━━ 10/10 2.9it/s 3.5s
[K                 Class     Images  Instances      Box(P          R      mAP50  mAP50-95): 100% ━━━━━━━━━━━━ 10/10 2.9it/s 3.5s
[36m(ClientAppActor pid=2740267)[0m 
[K                 Class     Images  Instances      Box(P          R      mAP50  mAP50-95): 100% ━━━━━━━━━━━━ 17/17 4.1it/s 4.1s
[K                 Class     Images  Instances      Box(P          R      mAP50  mAP50-95): 100% ━━━━━━━━━━━━ 17/17 4.1it/s 4.1s
[36m(ClientAppActor pid=2740256)[0m                    all         41        393      0.544      0.389       0.43      0.229[32m [repeated 13x across cluster][0m
[36m(ClientAppActor pid=2740256)[0m Speed: 5.2ms preprocess, 27.0ms inference, 0.0ms loss, 0.7ms postprocess per image[32m [repeated 13x across cluster][0m
[36m(ClientAppActor pid=2740256)[0m Results saved to [1m/ANON/fl_hod/runs/detect/val5318[0m[32m [repeated 13x across cluster][0m
=== 2026-05-07T13:05:26+10:00 END   scalability_14_10pct rc=0 ===
=== 2026-05-07T13:05:26+10:00 START scalability_14_20pct ===
[92mINFO [0m:      	               (9, np.float64(0.4664870719665681)),
[92mINFO [0m:      	               (10, np.float64(0.4592187974367224)),
[92mINFO [0m:      	               (11, np.float64(0.48445057105946804)),
[92mINFO [0m:      	               (12, np.float64(0.47044976479031114)),
[92mINFO [0m:      	               (13, np.float64(0.46224245353545773)),
[92mINFO [0m:      	               (14, np.float64(0.4671349152455369)),
[92mINFO [0m:      	               (15, np.float64(0.47792456618726037)),
[92mINFO [0m:      	               (16, np.float64(0.4891122784276859)),
[92mINFO [0m:      	               (17, np.float64(0.48790736181464817)),
[92mINFO [0m:      	               (18, np.float64(0.4659931190654202)),
[92mINFO [0m:      	               (19, np.float64(0.46430788462095424)),
[92mINFO [0m:      	               (20, np.float64(0.4715977251716351)),
[92mINFO [0m:      	               (21, np.float64(0.4730394247348428)),
[92mINFO [0m:      	               (22, np.float64(0.4610627766666747)),
[92mINFO [0m:      	               (23, np.float64(0.46410537330675317)),
[92mINFO [0m:      	               (24, np.float64(0.47033269556287827)),
[92mINFO [0m:      	               (25, np.float64(0.473435255847495)),
[92mINFO [0m:      	               (26, np.float64(0.4740240324102301)),
[92mINFO [0m:      	               (27, np.float64(0.4807942087745222)),
[92mINFO [0m:      	               (28, np.float64(0.467888580819149)),
[92mINFO [0m:      	               (29, np.float64(0.4675891453511558)),
[92mINFO [0m:      	               (30, np.float64(0.48328319068296344))],
[92mINFO [0m:      	 'avg_map50_95': [(1, np.float64(0.23327727896636757)),
[92mINFO [0m:      	                  (2, np.float64(0.23050920575238196)),
[92mINFO [0m:      	                  (3, np.float64(0.2386916396017678)),
[92mINFO [0m:      	                  (4, np.float64(0.238360219267239)),
[92mINFO [0m:      	                  (5, np.float64(0.220151236591737)),
[92mINFO [0m:      	                  (6, np.float64(0.2350824144078077)),
[92mINFO [0m:      	                  (7, np.float64(0.23017080654014915)),
[92mINFO [0m:      	                  (8, np.float64(0.22798103617353233)),
[92mINFO [0m:      	                  (9, np.float64(0.22313552306232998)),
[92mINFO [0m:      	                  (10, np.float64(0.22388663133842016)),
[92mINFO [0m:      	                  (11, np.float64(0.23485092356962373)),
[92mINFO [0m:      	                  (12, np.float64(0.2311525157239323)),
[92mINFO [0m:      	                  (13, np.float64(0.22481000208379598)),
[92mINFO [0m:      	                  (14, np.float64(0.22911078343511285)),
[92mINFO [0m:      	                  (15, np.float64(0.23312523434938334)),
[92mINFO [0m:      	                  (16, np.float64(0.23848825413440716)),
[92mINFO [0m:      	                  (17, np.float64(0.24129726710728552)),
[92mINFO [0m:      	                  (18, np.float64(0.22820834530950232)),
[92mINFO [0m:      	                  (19, np.float64(0.22831139584598886)),
[92mINFO [0m:      	                  (20, np.float64(0.23605760564824974)),
[92mINFO [0m:      	                  (21, np.float64(0.22732311700641267)),
[92mINFO [0m:      	                  (22, np.float64(0.22709816266845606)),
[92mINFO [0m:      	                  (23, np.float64(0.23040435350846214)),
[92mINFO [0m:      	                  (24, np.float64(0.2285843062711759)),
[92mINFO [0m:      	                  (25, np.float64(0.23354617503651395)),
[92mINFO [0m:      	                  (26, np.float64(0.23208591328192663)),
[92mINFO [0m:      	                  (27, np.float64(0.23028897856537997)),
[92mINFO [0m:      	                  (28, np.float64(0.23314960235512433)),
[92mINFO [0m:      	                  (29, np.float64(0.2332741565399475)),
[92mINFO [0m:      	                  (30, np.float64(0.23468702036131459))],
[92mINFO [0m:      	 'avg_precision': [(1, np.float64(0.5915974786255613)),
[92mINFO [0m:      	                   (2, np.float64(0.6000354767742723)),
[92mINFO [0m:      	                   (3, np.float64(0.5968109529595328)),
[92mINFO [0m:      	                   (4, np.float64(0.6038979177344218)),
[92mINFO [0m:      	                   (5, np.float64(0.5688672575159244)),
[92mINFO [0m:      	                   (6, np.float64(0.6277258303152188)),
[92mINFO [0m:      	                   (7, np.float64(0.5971694669392064)),
[92mINFO [0m:      	                   (8, np.float64(0.5966935865019182)),
[92mINFO [0m:      	                   (9, np.float64(0.5725749510987208)),
[92mINFO [0m:      	                   (10, np.float64(0.595027520256509)),
[92mINFO [0m:      	                   (11, np.float64(0.5857448956120239)),
[92mINFO [0m:      	                   (12, np.float64(0.5791885767042569)),
[92mINFO [0m:      	                   (13, np.float64(0.584576629953272)),
[92mINFO [0m:      	                   (14, np.float64(0.5881649511016154)),
[92mINFO [0m:      	                   (15, np.float64(0.5899683300678555)),
[92mINFO [0m:      	                   (16, np.float64(0.5817950773061761)),
[92mINFO [0m:      	                   (17, np.float64(0.6010163873945453)),
[92mINFO [0m:      	                   (18, np.float64(0.5819724079847954)),
[92mINFO [0m:      	                   (19, np.float64(0.5901111123560668)),
[92mINFO [0m:      	                   (20, np.float64(0.5970896045528885)),
[92mINFO [0m:      	                   (21, np.float64(0.6061885578533409)),
[92mINFO [0m:      	                   (22, np.float64(0.6063303775112198)),
[92mINFO [0m:      	                   (23, np.float64(0.5838881129155615)),
[92mINFO [0m:      	                   (24, np.float64(0.592699823778198)),
[92mINFO [0m:      	                   (25, np.float64(0.5883351488831513)),
[92mINFO [0m:      	                   (26, np.float64(0.5805222103657791)),
[92mINFO [0m:      	                   (27, np.float64(0.6113382979427565)),
[92mINFO [0m:      	                   (28, np.float64(0.5906412140724561)),
[92mINFO [0m:      	                   (29, np.float64(0.5765528739167881)),
[92mINFO [0m:      	                   (30, np.float64(0.6238250022060464))],
[92mINFO [0m:      	 'avg_recall': [(1, np.float64(0.42208914244899004)),
[92mINFO [0m:      	                (2, np.float64(0.40357738885143674)),
[92mINFO [0m:      	                (3, np.float64(0.42238087441399985)),
[92mINFO [0m:      	                (4, np.float64(0.4288788763349704)),
[92mINFO [0m:      	                (5, np.float64(0.40950661618076983)),
[92mINFO [0m:      	                (6, np.float64(0.4073337698333069)),
[92mINFO [0m:      	                (7, np.float64(0.40773152449677097)),
[92mINFO [0m:      	                (8, np.float64(0.41809283923117124)),
[92mINFO [0m:      	                (9, np.float64(0.41743525487477945)),
[92mINFO [0m:      	                (10, np.float64(0.41648141187992654)),
[92mINFO [0m:      	                (11, np.float64(0.4416416699525579)),
[92mINFO [0m:      	                (12, np.float64(0.4237464789228605)),
[92mINFO [0m:      	                (13, np.float64(0.42212300850508644)),
[92mINFO [0m:      	                (14, np.float64(0.41285723370615723)),
[92mINFO [0m:      	                (15, np.float64(0.43048858267385043)),
[92mINFO [0m:      	                (16, np.float64(0.44614255831544497)),
[92mINFO [0m:      	                (17, np.float64(0.43558314009335497)),
[92mINFO [0m:      	                (18, np.float64(0.42085787360949506)),
[92mINFO [0m:      	                (19, np.float64(0.41828248648445504)),
[92mINFO [0m:      	                (20, np.float64(0.41800874041466723)),
[92mINFO [0m:      	                (21, np.float64(0.4140665828459295)),
[92mINFO [0m:      	                (22, np.float64(0.41318137672306715)),
[92mINFO [0m:      	                (23, np.float64(0.4114744525315953)),
[92mINFO [0m:      	                (24, np.float64(0.40680432566548763)),
[92mINFO [0m:      	                (25, np.float64(0.42523350847006786)),
[92mINFO [0m:      	                (26, np.float64(0.4343760979815234)),
[92mINFO [0m:      	                (27, np.float64(0.4237273504390709)),
[92mINFO [0m:      	                (28, np.float64(0.42167607773164173)),
[92mINFO [0m:      	                (29, np.float64(0.41473327285464606)),
[92mINFO [0m:      	                (30, np.float64(0.4233431346455177))],
[92mINFO [0m:      	 'num_clients': [(1, 14),
[92mINFO [0m:      	                 (2, 14),
[92mINFO [0m:      	                 (3, 14),
[92mINFO [0m:      	                 (4, 14),
[92mINFO [0m:      	                 (5, 14),
[92mINFO [0m:      	                 (6, 14),
[92mINFO [0m:      	                 (7, 14),
[92mINFO [0m:      	                 (8, 14),
[92mINFO [0m:      	                 (9, 14),
[92mINFO [0m:      	                 (10, 14),
[92mINFO [0m:      	                 (11, 14),
[92mINFO [0m:      	                 (12, 14),
[92mINFO [0m:      	                 (13, 14),
[92mINFO [0m:      	                 (14, 14),
[92mINFO [0m:      	                 (15, 14),
[92mINFO [0m:      	                 (16, 14),
[92mINFO [0m:      	                 (17, 14),
[92mINFO [0m:      	                 (18, 14),
[92mINFO [0m:      	                 (19, 14),
[92mINFO [0m:      	                 (20, 14),
[92mINFO [0m:      	                 (21, 14),
[92mINFO [0m:      	                 (22, 14),
[92mINFO [0m:      	                 (23, 14),
[92mINFO [0m:      	                 (24, 14),
[92mINFO [0m:      	                 (25, 14),
[92mINFO [0m:      	                 (26, 14),
[92mINFO [0m:      	                 (27, 14),
[92mINFO [0m:      	                 (28, 14),
[92mINFO [0m:      	                 (29, 14),
[92mINFO [0m:      	                 (30, 14)],
[92mINFO [0m:      	 'num_filtered': [(1, 3),
[92mINFO [0m:      	                  (2, 4),
[92mINFO [0m:      	                  (3, 3),
[92mINFO [0m:      	                  (4, 3),
[92mINFO [0m:      	                  (5, 3),
[92mINFO [0m:      	                  (6, 4),
[92mINFO [0m:      	                  (7, 3),
[92mINFO [0m:      	                  (8, 3),
[92mINFO [0m:      	                  (9, 3),
[92mINFO [0m:      	                  (10, 3),
[92mINFO [0m:      	                  (11, 3),
[92mINFO [0m:      	                  (12, 3),
[92mINFO [0m:      	                  (13, 3),
[92mINFO [0m:      	                  (14, 3),
[92mINFO [0m:      	                  (15, 3),
[92mINFO [0m:      	                  (16, 3),
[92mINFO [0m:      	                  (17, 3),
[92mINFO [0m:      	                  (18, 3),
[92mINFO [0m:      	                  (19, 3),
[92mINFO [0m:      	                  (20, 3),
[92mINFO [0m:      	                  (21, 3),
[92mINFO [0m:      	                  (22, 4),
[92mINFO [0m:      	                  (23, 3),
[92mINFO [0m:      	                  (24, 3),
[92mINFO [0m:      	                  (25, 3),
[92mINFO [0m:      	                  (26, 3),
[92mINFO [0m:      	                  (27, 3),
[92mINFO [0m:      	                  (28, 3),
[92mINFO [0m:      	                  (29, 3),
[92mINFO [0m:      	                  (30, 3)]}
[92mINFO [0m:      
[36m(ClientAppActor pid=3445994)[0m 
[K                 Class     Images  Instances      Box(P          R      mAP50  mAP50-95): 53% ━━━━━━────── 9/17 5.8it/s 3.6s<1.4s[32m [repeated 5x across cluster][0m
[36m(ClientAppActor pid=3445994)[0m 
[K                 Class     Images  Instances      Box(P          R      mAP50  mAP50-95): 6% ╸─────────── 1/17 6.0s/it 1.8s<1:36[32m [repeated 3x across cluster][0m
[36m(ClientAppActor pid=3445987)[0m Speed: 6.4ms preprocess, 14.8ms inference, 0.0ms loss, 1.0ms postprocess per image[32m [repeated 2x across cluster][0m
[36m(ClientAppActor pid=3445994)[0m 
[K                 Class     Images  Instances      Box(P          R      mAP50  mAP50-95): 24% ━━╸───────── 4/17 2.9it/s 2.8s<4.5s[32m [repeated 3x across cluster][0m
[36m(ClientAppActor pid=3445993)[0m 
[K                 Class     Images  Instances      Box(P          R      mAP50  mAP50-95): 13% ━╸────────── 2/15 1.8s/it 2.1s<23.0s
[36m(ClientAppActor pid=3445994)[0m 
[K                 Class     Images  Instances      Box(P          R      mAP50  mAP50-95): 18% ━━────────── 3/17 1.6it/s 2.6s<8.7s[32m [repeated 9x across cluster][0m
[36m(ClientAppActor pid=3445995)[0m 
[K                 Class     Images  Instances      Box(P          R      mAP50  mAP50-95): 45% ━━━━━─────── 5/11 2.9it/s 3.0s<2.0s[32m [repeated 2x across cluster][0m
[36m(ClientAppActor pid=3445994)[0m 
[K                 Class     Images  Instances      Box(P          R      mAP50  mAP50-95): 76% ━━━━━━━━━─── 13/17 6.9it/s 4.1s<0.6s[32m [repeated 3x across cluster][0m
[36m(ClientAppActor pid=3445994)[0m 
[K                 Class     Images  Instances      Box(P          R      mAP50  mAP50-95): 88% ━━━━━━━━━━╸─ 15/17 7.6it/s 4.4s<0.3s[32m [repeated 2x across cluster][0m
[36m(ClientAppActor pid=3445994)[0m 
[K                 Class     Images  Instances      Box(P          R      mAP50  mAP50-95): 41% ━━━━╸─────── 7/17 6.5it/s 3.1s<1.5s[32m [repeated 4x across cluster][0m
[36m(ClientAppActor pid=3445995)[0m /ANON/fl_hod/fl/client_yolo10s.py:386: DeprecationWarning: Conversion of an array with ndim > 0 to a scalar is deprecated, and will error in future. Ensure you extract a single element from your array before performing this operation. (Deprecated NumPy 1.25.)[32m [repeated 12x across cluster][0m
[36m(ClientAppActor pid=3445995)[0m   'precision': float(results.box.p),[32m [repeated 12x across cluster][0m
[36m(ClientAppActor pid=3445994)[0m 
[K                 Class     Images  Instances      Box(P          R      mAP50  mAP50-95): 29% ━━━╸──────── 5/17 4.4it/s 2.9s<2.7s
[36m(ClientAppActor pid=3445999)[0m 
[K                 Class     Images  Instances      Box(P          R      mAP50  mAP50-95): 27% ━━━───────── 3/11 3.5it/s 3.0s<2.3s[32m [repeated 5x across cluster][0m
[36m(ClientAppActor pid=3445994)[0m 
[K                 Class     Images  Instances      Box(P          R      mAP50  mAP50-95): 59% ━━━━━━━───── 10/17 6.6it/s 3.7s<1.1s[32m [repeated 5x across cluster][0m
[36m(ClientAppActor pid=3445992)[0m 
[K                 Class     Images  Instances      Box(P          R      mAP50  mAP50-95): 36% ━━━━──────── 4/11 2.3it/s 3.1s<3.0s[32m [repeated 5x across cluster][0m
[36m(ClientAppActor pid=3445992)[0m 
[K                 Class     Images  Instances      Box(P          R      mAP50  mAP50-95): 55% ━━━━━━╸───── 6/11 4.8it/s 3.3s<1.0s[32m [repeated 3x across cluster][0m
[36m(ClientAppActor pid=3445998)[0m 
[K                 Class     Images  Instances      Box(P          R      mAP50  mAP50-95): 47% ━━━━━╸────── 7/15 6.2it/s 3.2s<1.3s[32m [repeated 2x across cluster][0m
[36m(ClientAppActor pid=3445994)[0m 
[K                 Class     Images  Instances      Box(P          R      mAP50  mAP50-95): 82% ━━━━━━━━━╸── 14/17 6.9it/s 4.3s<0.4s[32m [repeated 6x across cluster][0m
[36m(ClientAppActor pid=3445994)[0m 
[K                 Class     Images  Instances      Box(P          R      mAP50  mAP50-95): 71% ━━━━━━━━──── 12/17 7.1it/s 3.9s<0.7s[32m [repeated 3x across cluster][0m
[36m(ClientAppActor pid=3445994)[0m 
[K                 Class     Images  Instances      Box(P          R      mAP50  mAP50-95): 65% ━━━━━━━╸──── 11/17 6.7it/s 3.8s<0.9s
[36m(ClientAppActor pid=3445994)[0m 
[K                 Class     Images  Instances      Box(P          R      mAP50  mAP50-95): 100% ━━━━━━━━━━━━ 17/17 3.8it/s 4.5s
[K                 Class     Images  Instances      Box(P          R      mAP50  mAP50-95): 100% ━━━━━━━━━━━━ 17/17 3.8it/s 4.5s[32m [repeated 6x across cluster][0m
[36m(ClientAppActor pid=3445994)[0m                    all         66        560      0.668      0.423       0.49      0.255[32m [repeated 14x across cluster][0m
[36m(ClientAppActor pid=3445992)[0m 
[K                 Class     Images  Instances      Box(P          R      mAP50  mAP50-95): 73% ━━━━━━━━╸─── 8/11 8.3it/s 3.4s<0.4s[32m [repeated 4x across cluster][0m
[36m(ClientAppActor pid=3445998)[0m 
[K                 Class     Images  Instances      Box(P          R      mAP50  mAP50-95): 87% ━━━━━━━━━━── 13/15 8.2it/s 3.8s<0.2s
[36m(ClientAppActor pid=3445994)[0m Results saved to [1m/ANON/fl_hod/runs/detect/val7540[0m[32m [repeated 13x across cluster][0m
[36m(ClientAppActor pid=3445994)[0m Speed: 3.5ms preprocess, 12.7ms inference, 0.0ms loss, 2.2ms postprocess per image[32m [repeated 12x across cluster][0m
=== 2026-05-07T19:33:38+10:00 END   scalability_14_20pct rc=0 ===
=== 2026-05-07T20:54:51+10:00 RESUME from I (G14_20pct done) ===
=== 2026-05-07T20:54:51+10:00 START new_baselines_model_replacement ===
[92mINFO [0m:      	                (21, np.float64(0.4836165967836678)),
INFO:flwr:	                (21, np.float64(0.4836165967836678)),
[92mINFO [0m:      	                (22, np.float64(0.4886535405938209)),
INFO:flwr:	                (22, np.float64(0.4886535405938209)),
[92mINFO [0m:      	                (23, np.float64(0.48760187529365534)),
INFO:flwr:	                (23, np.float64(0.48760187529365534)),
[92mINFO [0m:      	                (24, np.float64(0.4747559253530871)),
INFO:flwr:	                (24, np.float64(0.4747559253530871)),
[92mINFO [0m:      	                (25, np.float64(0.4852597324273949)),
INFO:flwr:	                (25, np.float64(0.4852597324273949)),
[92mINFO [0m:      	                (26, np.float64(0.47497095924871136)),
INFO:flwr:	                (26, np.float64(0.47497095924871136)),
[92mINFO [0m:      	                (27, np.float64(0.47782766098712365)),
INFO:flwr:	                (27, np.float64(0.47782766098712365)),
[92mINFO [0m:      	                (28, np.float64(0.47681678554479945)),
INFO:flwr:	                (28, np.float64(0.47681678554479945)),
[92mINFO [0m:      	                (29, np.float64(0.48457617115146195)),
INFO:flwr:	                (29, np.float64(0.48457617115146195)),
[92mINFO [0m:      	                (30, np.float64(0.460197226886713))],
INFO:flwr:	                (30, np.float64(0.460197226886713))],
[92mINFO [0m:      	 'num_clients': [(1, 7),
INFO:flwr:	 'num_clients': [(1, 7),
[92mINFO [0m:      	                 (2, 7),
INFO:flwr:	                 (2, 7),
[92mINFO [0m:      	                 (3, 7),
INFO:flwr:	                 (3, 7),
[92mINFO [0m:      	                 (4, 7),
INFO:flwr:	                 (4, 7),
[92mINFO [0m:      	                 (5, 7),
INFO:flwr:	                 (5, 7),
[92mINFO [0m:      	                 (6, 7),
INFO:flwr:	                 (6, 7),
[92mINFO [0m:      	                 (7, 7),
INFO:flwr:	                 (7, 7),
[92mINFO [0m:      	                 (8, 7),
INFO:flwr:	                 (8, 7),
[92mINFO [0m:      	                 (9, 7),
INFO:flwr:	                 (9, 7),
[92mINFO [0m:      	                 (10, 7),
INFO:flwr:	                 (10, 7),
[92mINFO [0m:      	                 (11, 7),
INFO:flwr:	                 (11, 7),
[92mINFO [0m:      	                 (12, 7),
INFO:flwr:	                 (12, 7),
[92mINFO [0m:      	                 (13, 7),
INFO:flwr:	                 (13, 7),
[92mINFO [0m:      	                 (14, 7),
INFO:flwr:	                 (14, 7),
[92mINFO [0m:      	                 (15, 7),
INFO:flwr:	                 (15, 7),
[92mINFO [0m:      	                 (16, 7),
INFO:flwr:	                 (16, 7),
[92mINFO [0m:      	                 (17, 7),
INFO:flwr:	                 (17, 7),
[92mINFO [0m:      	                 (18, 7),
INFO:flwr:	                 (18, 7),
[92mINFO [0m:      	                 (19, 7),
INFO:flwr:	                 (19, 7),
[92mINFO [0m:      	                 (20, 7),
INFO:flwr:	                 (20, 7),
[92mINFO [0m:      	                 (21, 7),
INFO:flwr:	                 (21, 7),
[92mINFO [0m:      	                 (22, 7),
INFO:flwr:	                 (22, 7),
[92mINFO [0m:      	                 (23, 7),
INFO:flwr:	                 (23, 7),
[92mINFO [0m:      	                 (24, 7),
INFO:flwr:	                 (24, 7),
[92mINFO [0m:      	                 (25, 7),
INFO:flwr:	                 (25, 7),
[92mINFO [0m:      	                 (26, 7),
INFO:flwr:	                 (26, 7),
[92mINFO [0m:      	                 (27, 7),
INFO:flwr:	                 (27, 7),
[92mINFO [0m:      	                 (28, 7),
INFO:flwr:	                 (28, 7),
[92mINFO [0m:      	                 (29, 7),
INFO:flwr:	                 (29, 7),
[92mINFO [0m:      	                 (30, 7)],
INFO:flwr:	                 (30, 7)],
[92mINFO [0m:      	 'num_filtered': [(1, 2),
INFO:flwr:	 'num_filtered': [(1, 2),
[92mINFO [0m:      	                  (2, 2),
INFO:flwr:	                  (2, 2),
[92mINFO [0m:      	                  (3, 2),
INFO:flwr:	                  (3, 2),
[92mINFO [0m:      	                  (4, 2),
INFO:flwr:	                  (4, 2),
[92mINFO [0m:      	                  (5, 2),
INFO:flwr:	                  (5, 2),
[92mINFO [0m:      	                  (6, 3),
INFO:flwr:	                  (6, 3),
[92mINFO [0m:      	                  (7, 2),
INFO:flwr:	                  (7, 2),
[92mINFO [0m:      	                  (8, 2),
INFO:flwr:	                  (8, 2),
[92mINFO [0m:      	                  (9, 2),
INFO:flwr:	                  (9, 2),
[92mINFO [0m:      	                  (10, 2),
INFO:flwr:	                  (10, 2),
[92mINFO [0m:      	                  (11, 2),
INFO:flwr:	                  (11, 2),
[92mINFO [0m:      	                  (12, 2),
INFO:flwr:	                  (12, 2),
[92mINFO [0m:      	                  (13, 2),
INFO:flwr:	                  (13, 2),
[92mINFO [0m:      	                  (14, 2),
INFO:flwr:	                  (14, 2),
[92mINFO [0m:      	                  (15, 2),
INFO:flwr:	                  (15, 2),
[92mINFO [0m:      	                  (16, 2),
INFO:flwr:	                  (16, 2),
[92mINFO [0m:      	                  (17, 2),
INFO:flwr:	                  (17, 2),
[92mINFO [0m:      	                  (18, 3),
INFO:flwr:	                  (18, 3),
[92mINFO [0m:      	                  (19, 2),
INFO:flwr:	                  (19, 2),
[92mINFO [0m:      	                  (20, 2),
INFO:flwr:	                  (20, 2),
[92mINFO [0m:      	                  (21, 2),
INFO:flwr:	                  (21, 2),
[92mINFO [0m:      	                  (22, 2),
INFO:flwr:	                  (22, 2),
[92mINFO [0m:      	                  (23, 2),
INFO:flwr:	                  (23, 2),
[92mINFO [0m:      	                  (24, 2),
INFO:flwr:	                  (24, 2),
[92mINFO [0m:      	                  (25, 2),
INFO:flwr:	                  (25, 2),
[92mINFO [0m:      	                  (26, 3),
INFO:flwr:	                  (26, 3),
[92mINFO [0m:      	                  (27, 2),
INFO:flwr:	                  (27, 2),
[92mINFO [0m:      	                  (28, 2),
INFO:flwr:	                  (28, 2),
[92mINFO [0m:      	                  (29, 2),
INFO:flwr:	                  (29, 2),
[92mINFO [0m:      	                  (30, 2)]}
INFO:flwr:	                  (30, 2)]}
[92mINFO [0m:      
INFO:flwr:
[36m(ClientAppActor pid=3962529)[0m 
[K                 Class     Images  Instances      Box(P          R      mAP50  mAP50-95): 3% ──────────── 1/34 1.2it/s 0.3s<28.5s
[36m(ClientAppActor pid=3962527)[0m 
[K                 Class     Images  Instances      Box(P          R      mAP50  mAP50-95): 100% ━━━━━━━━━━━━ 4/4 6.3it/s 0.6s
[K                 Class     Images  Instances      Box(P          R      mAP50  mAP50-95): 100% ━━━━━━━━━━━━ 4/4 6.3it/s 0.6s
[36m(ClientAppActor pid=3962531)[0m 
[K                 Class     Images  Instances      Box(P          R      mAP50  mAP50-95): 38% ━━━━╸─────── 8/21 12.0it/s 0.8s<1.1s
[36m(ClientAppActor pid=3962536)[0m 
[K                 Class     Images  Instances      Box(P          R      mAP50  mAP50-95): 10% ━─────────── 2/20 2.9it/s 0.6s<6.3s
[36m(ClientAppActor pid=3962531)[0m 
[K                 Class     Images  Instances      Box(P          R      mAP50  mAP50-95): 62% ━━━━━━━───── 13/21 15.4it/s 1.0s<0.5s
[36m(ClientAppActor pid=3962531)[0m 
[K                 Class     Images  Instances      Box(P          R      mAP50  mAP50-95): 71% ━━━━━━━━╸─── 15/21 14.9it/s 1.2s<0.4s
[36m(ClientAppActor pid=3962538)[0m 
[K                 Class     Images  Instances      Box(P          R      mAP50  mAP50-95): 17% ━━────────── 3/18 3.1it/s 1.0s<4.8s
[36m(ClientAppActor pid=3962531)[0m 
[K                 Class     Images  Instances      Box(P          R      mAP50  mAP50-95): 90% ━━━━━━━━━━╸─ 19/21 19.4it/s 1.3s<0.1s
[36m(ClientAppActor pid=3962536)[0m 
[K                 Class     Images  Instances      Box(P          R      mAP50  mAP50-95): 30% ━━━╸──────── 6/20 6.1it/s 1.2s<2.3s
[36m(ClientAppActor pid=3962538)[0m 
[K                 Class     Images  Instances      Box(P          R      mAP50  mAP50-95): 33% ━━━━──────── 6/18 6.1it/s 1.3s<2.0s
[36m(ClientAppActor pid=3962536)[0m 
[K                 Class     Images  Instances      Box(P          R      mAP50  mAP50-95): 45% ━━━━━─────── 9/20 11.7it/s 1.3s<0.9s
[36m(ClientAppActor pid=3962536)[0m 
[K                 Class     Images  Instances      Box(P          R      mAP50  mAP50-95): 55% ━━━━━━╸───── 11/20 11.1it/s 1.5s<0.8s
[36m(ClientAppActor pid=3962535)[0m 
[K                 Class     Images  Instances      Box(P          R      mAP50  mAP50-95): 82% ━━━━━━━━━╸── 18/22 21.1it/s 1.8s<0.2s
[36m(ClientAppActor pid=3962536)[0m 
[K                 Class     Images  Instances      Box(P          R      mAP50  mAP50-95): 85% ━━━━━━━━━━── 17/20 15.7it/s 1.8s<0.2s
[36m(ClientAppActor pid=3962529)[0m 
[K                 Class     Images  Instances      Box(P          R      mAP50  mAP50-95): 65% ━━━━━━━╸──── 22/34 18.6it/s 1.8s<0.6s
[36m(ClientAppActor pid=3962536)[0m 
[K                 Class     Images  Instances      Box(P          R      mAP50  mAP50-95): 95% ━━━━━━━━━━━─ 19/20 12.3it/s 2.3s<0.1s
[K                 Class     Images  Instances      Box(P          R      mAP50  mAP50-95): 100% ━━━━━━━━━━━━ 20/20 8.5it/s 2.4s
[K                 Class     Images  Instances      Box(P          R      mAP50  mAP50-95): 100% ━━━━━━━━━━━━ 20/20 8.5it/s 2.4s
[36m(ClientAppActor pid=3962529)[0m 
[K                 Class     Images  Instances      Box(P          R      mAP50  mAP50-95): 97% ━━━━━━━━━━━╸ 33/34 26.7it/s 2.1s<0.0s
[36m(ClientAppActor pid=3962531)[0m Results saved to [1m/ANON/fl_hod/runs/detect/val8521[0m
[36m(ClientAppActor pid=3962538)[0m 
[K                 Class     Images  Instances      Box(P          R      mAP50  mAP50-95): 67% ━━━━━━━━──── 12/18 10.6it/s 1.8s<0.6s[32m [repeated 3x across cluster][0m
[36m(ClientAppActor pid=3962529)[0m Ultralytics 8.3.234 Python-3.10.19 torch-2.6.0+cu124 CUDA:0 (NVIDIA RTX 5000 Ada Generation, 32220MiB)[32m [repeated 7x across cluster][0m
[36m(ClientAppActor pid=3962529)[0m YOLOv10s summary (fused): 106 layers, 7,248,960 parameters, 0 gradients, 21.6 GFLOPs[32m [repeated 7x across cluster][0m
[36m(ClientAppActor pid=3962529)[0m [93mWARNING [0m:   DEPRECATED FEATURE: `client_fn` now expects a signature `def client_fn(context: Context)`.The provided `client_fn` has signature: {'cid': <Parameter "cid: str">}. You can import the `Context` like this: `from flwr.common import Context`[32m [repeated 6x across cluster][0m
[36m(ClientAppActor pid=3962529)[0m             This is a deprecated feature. It will be removed[32m [repeated 6x across cluster][0m
[36m(ClientAppActor pid=3962529)[0m             entirely in future versions of Flower.[32m [repeated 6x across cluster][0m
[36m(ClientAppActor pid=3962529)[0m [93mWARNING [0m:   Deprecation Warning: The `client_fn` function must return an instance of `Client`, but an instance of `NumpyClient` was returned. Please use `NumPyClient.to_client()` method to convert it to `Client`.[32m [repeated 6x across cluster][0m
[36m(ClientAppActor pid=3962533)[0m /ANON/fl_hod/fl/client_yolo10s.py:386: DeprecationWarning: Conversion of an array with ndim > 0 to a scalar is deprecated, and will error in future. Ensure you extract a single element from your array before performing this operation. (Deprecated NumPy 1.25.)[32m [repeated 7x across cluster][0m
[36m(ClientAppActor pid=3962533)[0m   'precision': float(results.box.p),[32m [repeated 7x across cluster][0m
[36m(ClientAppActor pid=3962536)[0m                    all         80        576       0.79      0.516      0.611      0.362[32m [repeated 7x across cluster][0m
[36m(ClientAppActor pid=3962536)[0m Speed: 1.0ms preprocess, 4.5ms inference, 0.1ms loss, 0.4ms postprocess per image[32m [repeated 7x across cluster][0m
[36m(ClientAppActor pid=3962529)[0m [Client 5] Initializing YOLOv10-S...[32m [repeated 6x across cluster][0m
[36m(ClientAppActor pid=3962529)[0m [Client 5] Ready[32m [repeated 6x across cluster][0m
[36m(ClientAppActor pid=3962529)[0m   Local epochs: 3[32m [repeated 6x across cluster][0m
[36m(ClientAppActor pid=3962529)[0m   Batch size: 4[32m [repeated 6x across cluster][0m
[36m(ClientAppActor pid=3962529)[0m   FedBN: True[32m [repeated 6x across cluster][0m
[36m(ClientAppActor pid=3962531)[0m [Client 1] ️  MALICIOUS - Attack: ModelReplacementAttack
[36m(ClientAppActor pid=3962529)[0m WARNING: Not enough parameters. Expected 2, got 1[32m [repeated 6x across cluster][0m
[36m(ClientAppActor pid=3962536)[0m [34m[1mval: [0mFast image access (ping: 0.0±0.0 ms, read: 6038.8±1185.2 MB/s, size: 2522.0 KB)[32m [repeated 6x across cluster][0m
[36m(ClientAppActor pid=3962529)[0m 
[K[34m[1mval: [0mScanning /ANON/fl_hod/data/yolo/labels/ecp/val... 133 images, 0 backgrounds, 0 corrupt: 100% ━━━━━━━━━━━━ 133/133 752.7it/s 0.2s
[K[34m[1mval: [0mScanning /ANON/fl_hod/data/yolo/labels/ecp/val... 133 images, 0 backgrounds, 0 corrupt: 100% ━━━━━━━━━━━━ 133/133 752.4it/s 0.2s[32m [repeated 2x across cluster][0m
[36m(ClientAppActor pid=3962529)[0m 
[K                 Class     Images  Instances      Box(P          R      mAP50  mAP50-95): 6% ╸─────────── 2/34 1.8it/s 0.6s<17.4s[32m [repeated 4x across cluster][0m
[36m(ClientAppActor pid=3962533)[0m 
[K                 Class     Images  Instances      Box(P          R      mAP50  mAP50-95): 28% ━━━───────── 8/29 7.0it/s 1.6s<3.0s
[36m(ClientAppActor pid=3962529)[0m 
[K                 Class     Images  Instances      Box(P          R      mAP50  mAP50-95): 15% ━╸────────── 5/34 5.6it/s 1.0s<5.2s[32m [repeated 4x across cluster][0m
[36m(ClientAppActor pid=3962531)[0m 
[K                 Class     Images  Instances      Box(P          R      mAP50  mAP50-95): 52% ━━━━━━────── 11/21 14.6it/s 0.9s<0.7s
[36m(ClientAppActor pid=3962533)[0m 
[K                 Class     Images  Instances      Box(P          R      mAP50  mAP50-95): 24% ━━╸───────── 7/29 6.4it/s 1.5s<3.4s[32m [repeated 4x across cluster][0m
[36m(ClientAppActor pid=3962529)[0m 
[K                 Class     Images  Instances      Box(P          R      mAP50  mAP50-95): 76% ━━━━━━━━━─── 26/34 24.7it/s 1.9s<0.3s
[36m(ClientAppActor pid=3962533)[0m 
[K                 Class     Images  Instances      Box(P          R      mAP50  mAP50-95): 3% ──────────── 1/29 2.5s/it 0.7s<1:09
[36m(ClientAppActor pid=3962533)[0m 
[K                 Class     Images  Instances      Box(P          R      mAP50  mAP50-95): 100% ━━━━━━━━━━━━ 29/29 11.6it/s 2.5s
[K                 Class     Images  Instances      Box(P          R      mAP50  mAP50-95): 100% ━━━━━━━━━━━━ 29/29 11.6it/s 2.5s[32m [repeated 5x across cluster][0m
[36m(ClientAppActor pid=3962533)[0m 
[K                 Class     Images  Instances      Box(P          R      mAP50  mAP50-95): 38% ━━━━╸─────── 11/29 8.1it/s 1.9s<2.2s[32m [repeated 3x across cluster][0m
[36m(ClientAppActor pid=3962529)[0m 
[K                 Class     Images  Instances      Box(P          R      mAP50  mAP50-95): 12% ━─────────── 4/34 3.9it/s 0.9s<7.7s[32m [repeated 5x across cluster][0m
[36m(ClientAppActor pid=3962533)[0m 
[K                 Class     Images  Instances      Box(P          R      mAP50  mAP50-95): 59% ━━━━━━━───── 17/29 19.2it/s 2.2s<0.6s[32m [repeated 2x across cluster][0m
[36m(ClientAppActor pid=3962533)[0m 
[K                 Class     Images  Instances      Box(P          R      mAP50  mAP50-95): 72% ━━━━━━━━╸─── 21/29 22.0it/s 2.3s<0.4s
[36m(ClientAppActor pid=3962533)[0m 
[K                 Class     Images  Instances      Box(P          R      mAP50  mAP50-95): 17% ━━────────── 5/29 5.0it/s 1.3s<4.8s[32m [repeated 2x across cluster][0m
[36m(ClientAppActor pid=3962529)[0m 
[K                 Class     Images  Instances      Box(P          R      mAP50  mAP50-95): 88% ━━━━━━━━━━╸─ 30/34 25.7it/s 2.0s<0.2s[32m [repeated 2x across cluster][0m
[36m(ClientAppActor pid=3962533)[0m 
[K                 Class     Images  Instances      Box(P          R      mAP50  mAP50-95): 31% ━━━╸──────── 9/29 7.3it/s 1.7s<2.7s[32m [repeated 2x across cluster][0m
[36m(ClientAppActor pid=3962533)[0m 
[K                 Class     Images  Instances      Box(P          R      mAP50  mAP50-95): 34% ━━━━──────── 10/29 7.4it/s 1.8s<2.6s[32m [repeated 2x across cluster][0m
[36m(ClientAppActor pid=3962533)[0m 
[K                 Class     Images  Instances      Box(P          R      mAP50  mAP50-95): 45% ━━━━━─────── 13/29 10.2it/s 2.1s<1.6s[32m [repeated 2x across cluster][0m
[36m(ClientAppActor pid=3962529)[0m 
[K                 Class     Images  Instances      Box(P          R      mAP50  mAP50-95): 56% ━━━━━━╸───── 19/34 25.3it/s 1.6s<0.6s[32m [repeated 2x across cluster][0m
[36m(ClientAppActor pid=3962533)[0m 
[K                 Class     Images  Instances      Box(P          R      mAP50  mAP50-95): 83% ━━━━━━━━━╸── 24/29 23.3it/s 2.4s<0.2s
[36m(ClientAppActor pid=3962536)[0m Results saved to [1m/ANON/fl_hod/runs/detect/val8521[0m[32m [repeated 6x across cluster][0m
=== 2026-05-08T02:55:15+10:00 END   new_baselines_model_replacement rc=0 ===
=== cleanup_tmp: removed 105 dirs, disk free: 401G ===
=== 2026-05-08T02:55:19+10:00 START new_baselines_brightness_flood ===
[92mINFO [0m:      	                  (8, np.float64(0.2765846741235721)),
[92mINFO [0m:      	                  (9, np.float64(0.263508607115508)),
[92mINFO [0m:      	                  (10, np.float64(0.2808217039998993)),
[92mINFO [0m:      	                  (11, np.float64(0.27549528115263794)),
[92mINFO [0m:      	                  (12, np.float64(0.2760117745240514)),
[92mINFO [0m:      	                  (13, np.float64(0.26621156521692063)),
[92mINFO [0m:      	                  (14, np.float64(0.27510052052640677)),
[92mINFO [0m:      	                  (15, np.float64(0.2729824990778349)),
[92mINFO [0m:      	                  (16, np.float64(0.2692576401685302)),
[92mINFO [0m:      	                  (17, np.float64(0.2703044387490351)),
[92mINFO [0m:      	                  (18, np.float64(0.26923533114138004)),
[92mINFO [0m:      	                  (19, np.float64(0.2682306864503766)),
[92mINFO [0m:      	                  (20, np.float64(0.2731762946587914)),
[92mINFO [0m:      	                  (21, np.float64(0.27014316555649875)),
[92mINFO [0m:      	                  (22, np.float64(0.2710761353453845)),
[92mINFO [0m:      	                  (23, np.float64(0.2761580682420224)),
[92mINFO [0m:      	                  (24, np.float64(0.2671981459752066)),
[92mINFO [0m:      	                  (25, np.float64(0.27067094124492114)),
[92mINFO [0m:      	                  (26, np.float64(0.2775518326205356)),
[92mINFO [0m:      	                  (27, np.float64(0.27066382751051593)),
[92mINFO [0m:      	                  (28, np.float64(0.2689582028750406)),
[92mINFO [0m:      	                  (29, np.float64(0.272115442014044)),
[92mINFO [0m:      	                  (30, np.float64(0.2777582774609774))],
[92mINFO [0m:      	 'avg_precision': [(1, np.float64(0.6175696549345335)),
[92mINFO [0m:      	                   (2, np.float64(0.598635435381219)),
[92mINFO [0m:      	                   (3, np.float64(0.6337832657979064)),
[92mINFO [0m:      	                   (4, np.float64(0.6173323748382428)),
[92mINFO [0m:      	                   (5, np.float64(0.6189275617566167)),
[92mINFO [0m:      	                   (6, np.float64(0.6126706986650162)),
[92mINFO [0m:      	                   (7, np.float64(0.6503030057221261)),
[92mINFO [0m:      	                   (8, np.float64(0.6331919836067693)),
[92mINFO [0m:      	                   (9, np.float64(0.6128312697387847)),
[92mINFO [0m:      	                   (10, np.float64(0.661996280916138)),
[92mINFO [0m:      	                   (11, np.float64(0.6294769770881021)),
[92mINFO [0m:      	                   (12, np.float64(0.6405465284879011)),
[92mINFO [0m:      	                   (13, np.float64(0.6249524698055258)),
[92mINFO [0m:      	                   (14, np.float64(0.6449583796305244)),
[92mINFO [0m:      	                   (15, np.float64(0.6457766263689978)),
[92mINFO [0m:      	                   (16, np.float64(0.6114424456205326)),
[92mINFO [0m:      	                   (17, np.float64(0.642861352895663)),
[92mINFO [0m:      	                   (18, np.float64(0.6175170395438252)),
[92mINFO [0m:      	                   (19, np.float64(0.6106701233273987)),
[92mINFO [0m:      	                   (20, np.float64(0.6201110081901342)),
[92mINFO [0m:      	                   (21, np.float64(0.6384806928267179)),
[92mINFO [0m:      	                   (22, np.float64(0.632118504655162)),
[92mINFO [0m:      	                   (23, np.float64(0.6194011701892715)),
[92mINFO [0m:      	                   (24, np.float64(0.6077776102341224)),
[92mINFO [0m:      	                   (25, np.float64(0.6398993776256665)),
[92mINFO [0m:      	                   (26, np.float64(0.6411295701693668)),
[92mINFO [0m:      	                   (27, np.float64(0.6407000874045894)),
[92mINFO [0m:      	                   (28, np.float64(0.6292740312393786)),
[92mINFO [0m:      	                   (29, np.float64(0.6243417027550651)),
[92mINFO [0m:      	                   (30, np.float64(0.6480537110518142))],
[92mINFO [0m:      	 'avg_recall': [(1, np.float64(0.4830719002603164)),
[92mINFO [0m:      	                (2, np.float64(0.4798440895506598)),
[92mINFO [0m:      	                (3, np.float64(0.46126726674354623)),
[92mINFO [0m:      	                (4, np.float64(0.48591412630916314)),
[92mINFO [0m:      	                (5, np.float64(0.4603809592924916)),
[92mINFO [0m:      	                (6, np.float64(0.4796505359008294)),
[92mINFO [0m:      	                (7, np.float64(0.4583763265189508)),
[92mINFO [0m:      	                (8, np.float64(0.4748025251745189)),
[92mINFO [0m:      	                (9, np.float64(0.46623145418968265)),
[92mINFO [0m:      	                (10, np.float64(0.4836233704809283)),
[92mINFO [0m:      	                (11, np.float64(0.46845911205787794)),
[92mINFO [0m:      	                (12, np.float64(0.47533134220393614)),
[92mINFO [0m:      	                (13, np.float64(0.47277686016573517)),
[92mINFO [0m:      	                (14, np.float64(0.4636880469898686)),
[92mINFO [0m:      	                (15, np.float64(0.46530313398424905)),
[92mINFO [0m:      	                (16, np.float64(0.4791112529396493)),
[92mINFO [0m:      	                (17, np.float64(0.4803655541362413)),
[92mINFO [0m:      	                (18, np.float64(0.48077077785472716)),
[92mINFO [0m:      	                (19, np.float64(0.45843757939532553)),
[92mINFO [0m:      	                (20, np.float64(0.4779901848040214)),
[92mINFO [0m:      	                (21, np.float64(0.4767168019067472)),
[92mINFO [0m:      	                (22, np.float64(0.4718209218678521)),
[92mINFO [0m:      	                (23, np.float64(0.4866390990710056)),
[92mINFO [0m:      	                (24, np.float64(0.48332408974948865)),
[92mINFO [0m:      	                (25, np.float64(0.4702430697998673)),
[92mINFO [0m:      	                (26, np.float64(0.48140705308935094)),
[92mINFO [0m:      	                (27, np.float64(0.4591947142307286)),
[92mINFO [0m:      	                (28, np.float64(0.4714644989742055)),
[92mINFO [0m:      	                (29, np.float64(0.4890160937491141)),
[92mINFO [0m:      	                (30, np.float64(0.4703473483533607))],
[92mINFO [0m:      	 'num_clients': [(1, 7),
[92mINFO [0m:      	                 (2, 7),
[92mINFO [0m:      	                 (3, 7),
[92mINFO [0m:      	                 (4, 7),
[92mINFO [0m:      	                 (5, 7),
[92mINFO [0m:      	                 (6, 7),
[92mINFO [0m:      	                 (7, 7),
[92mINFO [0m:      	                 (8, 7),
[92mINFO [0m:      	                 (9, 7),
[92mINFO [0m:      	                 (10, 7),
[92mINFO [0m:      	                 (11, 7),
[92mINFO [0m:      	                 (12, 7),
[92mINFO [0m:      	                 (13, 7),
[92mINFO [0m:      	                 (14, 7),
[92mINFO [0m:      	                 (15, 7),
[92mINFO [0m:      	                 (16, 7),
[92mINFO [0m:      	                 (17, 7),
[92mINFO [0m:      	                 (18, 7),
[92mINFO [0m:      	                 (19, 7),
[92mINFO [0m:      	                 (20, 7),
[92mINFO [0m:      	                 (21, 7),
[92mINFO [0m:      	                 (22, 7),
[92mINFO [0m:      	                 (23, 7),
[92mINFO [0m:      	                 (24, 7),
[92mINFO [0m:      	                 (25, 7),
[92mINFO [0m:      	                 (26, 7),
[92mINFO [0m:      	                 (27, 7),
[92mINFO [0m:      	                 (28, 7),
[92mINFO [0m:      	                 (29, 7),
[92mINFO [0m:      	                 (30, 7)],
[92mINFO [0m:      	 'num_filtered': [(1, 1),
[92mINFO [0m:      	                  (2, 0),
[92mINFO [0m:      	                  (3, 0),
[92mINFO [0m:      	                  (4, 0),
[92mINFO [0m:      	                  (5, 2),
[92mINFO [0m:      	                  (6, 2),
[92mINFO [0m:      	                  (7, 0),
[92mINFO [0m:      	                  (8, 0),
[92mINFO [0m:      	                  (9, 1),
[92mINFO [0m:      	                  (10, 1),
[92mINFO [0m:      	                  (11, 0),
[92mINFO [0m:      	                  (12, 0),
[92mINFO [0m:      	                  (13, 0),
[92mINFO [0m:      	                  (14, 0),
[92mINFO [0m:      	                  (15, 0),
[92mINFO [0m:      	                  (16, 0),
[92mINFO [0m:      	                  (17, 0),
[92mINFO [0m:      	                  (18, 0),
[92mINFO [0m:      	                  (19, 0),
[92mINFO [0m:      	                  (20, 1),
[92mINFO [0m:      	                  (21, 3),
[92mINFO [0m:      	                  (22, 1),
[92mINFO [0m:      	                  (23, 1),
[92mINFO [0m:      	                  (24, 0),
[92mINFO [0m:      	                  (25, 0),
[92mINFO [0m:      	                  (26, 2),
[92mINFO [0m:      	                  (27, 1),
[92mINFO [0m:      	                  (28, 1),
[92mINFO [0m:      	                  (29, 2),
[92mINFO [0m:      	                  (30, 3)]}
[92mINFO [0m:      
[36m(ClientAppActor pid=203316)[0m 
[K                 Class     Images  Instances      Box(P          R      mAP50  mAP50-95): 21% ━━────────── 6/29 8.3it/s 0.7s<2.8s
[36m(ClientAppActor pid=203311)[0m 
[K                 Class     Images  Instances      Box(P          R      mAP50  mAP50-95): 75% ━━━━━━━━━─── 3/4 3.5it/s 0.7s<0.3s
[36m(ClientAppActor pid=203309)[0m 
[K                 Class     Images  Instances      Box(P          R      mAP50  mAP50-95): 32% ━━━╸──────── 11/34 13.3it/s 1.0s<1.7s
[36m(ClientAppActor pid=203309)[0m 
[K                 Class     Images  Instances      Box(P          R      mAP50  mAP50-95): 41% ━━━━╸─────── 14/34 16.4it/s 1.1s<1.2s
[36m(ClientAppActor pid=203316)[0m 
[K                 Class     Images  Instances      Box(P          R      mAP50  mAP50-95): 45% ━━━━━─────── 13/29 13.8it/s 1.2s<1.2s
[36m(ClientAppActor pid=203309)[0m 
[K                 Class     Images  Instances      Box(P          R      mAP50  mAP50-95): 62% ━━━━━━━───── 21/34 23.6it/s 1.3s<0.5s
[36m(ClientAppActor pid=203316)[0m 
[K                 Class     Images  Instances      Box(P          R      mAP50  mAP50-95): 66% ━━━━━━━╸──── 19/29 14.8it/s 1.5s<0.7s
[36m(ClientAppActor pid=203312)[0m 
[K                 Class     Images  Instances      Box(P          R      mAP50  mAP50-95): 89% ━━━━━━━━━━╸─ 16/18 16.3it/s 1.4s<0.1s
[36m(ClientAppActor pid=203309)[0m 
[K                 Class     Images  Instances      Box(P          R      mAP50  mAP50-95): 68% ━━━━━━━━──── 23/34 17.9it/s 1.8s<0.6s
[36m(ClientAppActor pid=203316)[0m 
[K                 Class     Images  Instances      Box(P          R      mAP50  mAP50-95): 72% ━━━━━━━━╸─── 21/29 14.2it/s 1.7s<0.6s
[36m(ClientAppActor pid=203309)[0m 
[K                 Class     Images  Instances      Box(P          R      mAP50  mAP50-95): 79% ━━━━━━━━━╸── 27/34 22.5it/s 1.9s<0.3s
[36m(ClientAppActor pid=203306)[0m 
[K                 Class     Images  Instances      Box(P          R      mAP50  mAP50-95): 33% ━━━━──────── 7/21 6.7it/s 1.7s<2.1s
[36m(ClientAppActor pid=203316)[0m 
[K                 Class     Images  Instances      Box(P          R      mAP50  mAP50-95): 86% ━━━━━━━━━━── 25/29 14.2it/s 2.0s<0.3s
[36m(ClientAppActor pid=203308)[0m 
[K                 Class     Images  Instances      Box(P          R      mAP50  mAP50-95): 95% ━━━━━━━━━━━─ 19/20 17.7it/s 2.0s<0.1s
[36m(ClientAppActor pid=203305)[0m 
[K                 Class     Images  Instances      Box(P          R      mAP50  mAP50-95): 55% ━━━━━━╸───── 12/22 13.9it/s 2.0s<0.7s
[36m(ClientAppActor pid=203305)[0m 
[K                 Class     Images  Instances      Box(P          R      mAP50  mAP50-95): 77% ━━━━━━━━━─── 17/22 14.9it/s 2.3s<0.3s
[K                 Class     Images  Instances      Box(P          R      mAP50  mAP50-95): 100% ━━━━━━━━━━━━ 22/22 9.3it/s 2.4s
[K                 Class     Images  Instances      Box(P          R      mAP50  mAP50-95): 100% ━━━━━━━━━━━━ 22/22 9.3it/s 2.4s
[36m(ClientAppActor pid=203311)[0m Speed: 0.3ms preprocess, 7.4ms inference, 0.0ms loss, 0.2ms postprocess per image
[36m(ClientAppActor pid=203311)[0m Results saved to [1m/ANON/fl_hod/runs/detect/val9450[0m
[36m(ClientAppActor pid=203306)[0m 
[K                 Class     Images  Instances      Box(P          R      mAP50  mAP50-95): 67% ━━━━━━━━──── 14/21 15.0it/s 2.1s<0.5s[32m [repeated 2x across cluster][0m
[36m(ClientAppActor pid=203306)[0m 
[K                 Class     Images  Instances      Box(P          R      mAP50  mAP50-95): 100% ━━━━━━━━━━━━ 21/21 9.2it/s 2.3s
[K                 Class     Images  Instances      Box(P          R      mAP50  mAP50-95): 100% ━━━━━━━━━━━━ 21/21 9.2it/s 2.3s[32m [repeated 6x across cluster][0m
[36m(ClientAppActor pid=203306)[0m                    all         82        651      0.576      0.367      0.416      0.215[32m [repeated 6x across cluster][0m
[36m(ClientAppActor pid=203305)[0m /ANON/fl_hod/fl/client_yolo10s.py:386: DeprecationWarning: Conversion of an array with ndim > 0 to a scalar is deprecated, and will error in future. Ensure you extract a single element from your array before performing this operation. (Deprecated NumPy 1.25.)[32m [repeated 7x across cluster][0m
[36m(ClientAppActor pid=203305)[0m   'precision': float(results.box.p),[32m [repeated 7x across cluster][0m
[36m(ClientAppActor pid=203305)[0m [93mWARNING [0m:   Deprecation Warning: The `client_fn` function must return an instance of `Client`, but an instance of `NumpyClient` was returned. Please use `NumPyClient.to_client()` method to convert it to `Client`.[32m [repeated 7x across cluster][0m
[36m(ClientAppActor pid=203305)[0m [93mWARNING [0m:   DEPRECATED FEATURE: `client_fn` now expects a signature `def client_fn(context: Context)`.The provided `client_fn` has signature: {'cid': <Parameter "cid: str">}. You can import the `Context` like this: `from flwr.common import Context`[32m [repeated 6x across cluster][0m
[36m(ClientAppActor pid=203305)[0m             This is a deprecated feature. It will be removed[32m [repeated 6x across cluster][0m
[36m(ClientAppActor pid=203305)[0m             entirely in future versions of Flower.[32m [repeated 6x across cluster][0m
[36m(ClientAppActor pid=203312)[0m [Client 4] Initializing YOLOv10-S...[32m [repeated 6x across cluster][0m
[36m(ClientAppActor pid=203311)[0m [Client 2] Ready[32m [repeated 6x across cluster][0m
[36m(ClientAppActor pid=203311)[0m   Local epochs: 3[32m [repeated 6x across cluster][0m
[36m(ClientAppActor pid=203311)[0m   Batch size: 4[32m [repeated 6x across cluster][0m
[36m(ClientAppActor pid=203311)[0m   FedBN: True[32m [repeated 6x across cluster][0m
[36m(ClientAppActor pid=203311)[0m WARNING: Not enough parameters. Expected 2, got 1[32m [repeated 6x across cluster][0m
[36m(ClientAppActor pid=203311)[0m Ultralytics 8.3.234 Python-3.10.19 torch-2.6.0+cu124 CUDA:0 (NVIDIA RTX 5000 Ada Generation, 32220MiB)[32m [repeated 6x across cluster][0m
[36m(ClientAppActor pid=203306)[0m [Client 1] ️  MALICIOUS - Attack: BrightnessFloodAttack
[36m(ClientAppActor pid=203311)[0m [34m[1mval: [0mFast image access (ping: 0.0±0.0 ms, read: 5462.7±331.7 MB/s, size: 2336.3 KB)[32m [repeated 6x across cluster][0m
[36m(ClientAppActor pid=203316)[0m 
[K[34m[1mval: [0mScanning /ANON/fl_hod/data/yolo/labels/ecp/val.cache... 115 images, 0 backgrounds, 0 corrupt: 100% ━━━━━━━━━━━━ 115/115 32.2Mit/s 0.0s
[K[34m[1mval: [0mScanning /ANON/fl_hod/data/yolo/labels/ecp/val.cache... 115 images, 0 backgrounds, 0 corrupt: 100% ━━━━━━━━━━━━ 115/115 3.4Mit/s 0.0s
[36m(ClientAppActor pid=203308)[0m 
[K[34m[1mval: [0mScanning /ANON/fl_hod/data/yolo/labels/ecp/val... 62 images, 0 backgrounds, 0 corrupt: 78% ━━━━━━━━━─── 62/80 185.5it/s 0.1s<0.1s
[K[34m[1mval: [0mScanning /ANON/fl_hod/data/yolo/labels/ecp/val... 80 images, 0 backgrounds, 0 corrupt: 100% ━━━━━━━━━━━━ 80/80 669.3it/s 0.1s
[K[34m[1mval: [0mScanning /ANON/fl_hod/data/yolo/labels/ecp/val... 80 images, 0 backgrounds, 0 corrupt: 100% ━━━━━━━━━━━━ 80/80 668.8it/s 0.1s
[36m(ClientAppActor pid=203316)[0m 
[K                 Class     Images  Instances      Box(P          R      mAP50  mAP50-95): 3% ──────────── 1/29 1.2it/s 0.3s<24.2s
[36m(ClientAppActor pid=203305)[0m 
[K                 Class     Images  Instances      Box(P          R      mAP50  mAP50-95): 5% ╸─────────── 1/22 4.0s/it 1.2s<1:23[32m [repeated 5x across cluster][0m
[36m(ClientAppActor pid=203305)[0m 
[K                 Class     Images  Instances      Box(P          R      mAP50  mAP50-95): 9% ━─────────── 2/22 2.6it/s 1.3s<7.6s[32m [repeated 3x across cluster][0m
[36m(ClientAppActor pid=203305)[0m 
[K                 Class     Images  Instances      Box(P          R      mAP50  mAP50-95): 14% ━╸────────── 3/22 4.6it/s 1.4s<4.1s[32m [repeated 4x across cluster][0m
[36m(ClientAppActor pid=203306)[0m 
[K                 Class     Images  Instances      Box(P          R      mAP50  mAP50-95): 52% ━━━━━━────── 11/21 11.5it/s 2.0s<0.9s[32m [repeated 5x across cluster][0m
[36m(ClientAppActor pid=203305)[0m 
[K                 Class     Images  Instances      Box(P          R      mAP50  mAP50-95): 23% ━━╸───────── 5/22 8.1it/s 1.5s<2.1s[32m [repeated 3x across cluster][0m
[36m(ClientAppActor pid=203308)[0m 
[K                 Class     Images  Instances      Box(P          R      mAP50  mAP50-95): 20% ━━────────── 4/20 4.0it/s 1.1s<4.0s[32m [repeated 2x across cluster][0m
[36m(ClientAppActor pid=203312)[0m 
[K                 Class     Images  Instances      Box(P          R      mAP50  mAP50-95): 78% ━━━━━━━━━─── 14/18 15.0it/s 1.3s<0.3s
[36m(ClientAppActor pid=203308)[0m 
[K                 Class     Images  Instances      Box(P          R      mAP50  mAP50-95): 30% ━━━╸──────── 6/20 5.9it/s 1.3s<2.4s[32m [repeated 2x across cluster][0m
[36m(ClientAppActor pid=203305)[0m 
[K                 Class     Images  Instances      Box(P          R      mAP50  mAP50-95): 41% ━━━━╸─────── 9/22 9.3it/s 1.9s<1.4s[32m [repeated 4x across cluster][0m
[36m(ClientAppActor pid=203306)[0m 
[K                 Class     Images  Instances      Box(P          R      mAP50  mAP50-95): 43% ━━━━━─────── 9/21 9.3it/s 1.8s<1.3s
[36m(ClientAppActor pid=203308)[0m 
[K                 Class     Images  Instances      Box(P          R      mAP50  mAP50-95): 60% ━━━━━━━───── 12/20 11.8it/s 1.7s<0.7s[32m [repeated 3x across cluster][0m
[36m(ClientAppActor pid=203309)[0m 
[K                 Class     Images  Instances      Box(P          R      mAP50  mAP50-95): 88% ━━━━━━━━━━╸─ 30/34 23.6it/s 2.0s<0.2s
[36m(ClientAppActor pid=203308)[0m 
[K                 Class     Images  Instances      Box(P          R      mAP50  mAP50-95): 80% ━━━━━━━━━╸── 16/20 14.1it/s 1.9s<0.3s[32m [repeated 2x across cluster][0m
[36m(ClientAppActor pid=203306)[0m 
[K                 Class     Images  Instances      Box(P          R      mAP50  mAP50-95): 86% ━━━━━━━━━━── 18/21 19.5it/s 2.2s<0.2s
[36m(ClientAppActor pid=203305)[0m Speed: 1.1ms preprocess, 3.0ms inference, 0.0ms loss, 0.3ms postprocess per image[32m [repeated 6x across cluster][0m
[36m(ClientAppActor pid=203305)[0m Results saved to [1m/ANON/fl_hod/runs/detect/val9450[0m[32m [repeated 6x across cluster][0m
[36m(ClientAppActor pid=203305)[0m                    all         86        317      0.601      0.385      0.441      0.218
=== 2026-05-08T08:56:26+10:00 END   new_baselines_brightness_flood rc=0 ===
=== cleanup_tmp: removed 49 dirs, disk free: 393G ===
=== 2026-05-08T08:56:29+10:00 START K_backdoor ===
[92mINFO [0m:      	                (17, np.float64(0.4853753247907417)),
INFO:flwr:	                (17, np.float64(0.4853753247907417)),
[92mINFO [0m:      	                (18, np.float64(0.46214459444845185)),
INFO:flwr:	                (18, np.float64(0.46214459444845185)),
[92mINFO [0m:      	                (19, np.float64(0.4713280673002879)),
INFO:flwr:	                (19, np.float64(0.4713280673002879)),
[92mINFO [0m:      	                (20, np.float64(0.4831159904834097)),
INFO:flwr:	                (20, np.float64(0.4831159904834097)),
[92mINFO [0m:      	                (21, np.float64(0.47360606751544637)),
INFO:flwr:	                (21, np.float64(0.47360606751544637)),
[92mINFO [0m:      	                (22, np.float64(0.47123639328387945)),
INFO:flwr:	                (22, np.float64(0.47123639328387945)),
[92mINFO [0m:      	                (23, np.float64(0.4690009236777299)),
INFO:flwr:	                (23, np.float64(0.4690009236777299)),
[92mINFO [0m:      	                (24, np.float64(0.47652365020302223)),
INFO:flwr:	                (24, np.float64(0.47652365020302223)),
[92mINFO [0m:      	                (25, np.float64(0.4664990543734497)),
INFO:flwr:	                (25, np.float64(0.4664990543734497)),
[92mINFO [0m:      	                (26, np.float64(0.4731884763619361)),
INFO:flwr:	                (26, np.float64(0.4731884763619361)),
[92mINFO [0m:      	                (27, np.float64(0.48177963840751276)),
INFO:flwr:	                (27, np.float64(0.48177963840751276)),
[92mINFO [0m:      	                (28, np.float64(0.4614493972244644)),
INFO:flwr:	                (28, np.float64(0.4614493972244644)),
[92mINFO [0m:      	                (29, np.float64(0.4757128735207709)),
INFO:flwr:	                (29, np.float64(0.4757128735207709)),
[92mINFO [0m:      	                (30, np.float64(0.4794015416047689))],
INFO:flwr:	                (30, np.float64(0.4794015416047689))],
[92mINFO [0m:      	 'num_clients': [(1, 7),
INFO:flwr:	 'num_clients': [(1, 7),
[92mINFO [0m:      	                 (2, 7),
INFO:flwr:	                 (2, 7),
[92mINFO [0m:      	                 (3, 7),
INFO:flwr:	                 (3, 7),
[92mINFO [0m:      	                 (4, 7),
INFO:flwr:	                 (4, 7),
[92mINFO [0m:      	                 (5, 7),
INFO:flwr:	                 (5, 7),
[92mINFO [0m:      	                 (6, 7),
INFO:flwr:	                 (6, 7),
[92mINFO [0m:      	                 (7, 7),
INFO:flwr:	                 (7, 7),
[92mINFO [0m:      	                 (8, 7),
INFO:flwr:	                 (8, 7),
[92mINFO [0m:      	                 (9, 7),
INFO:flwr:	                 (9, 7),
[92mINFO [0m:      	                 (10, 7),
INFO:flwr:	                 (10, 7),
[92mINFO [0m:      	                 (11, 7),
INFO:flwr:	                 (11, 7),
[92mINFO [0m:      	                 (12, 7),
INFO:flwr:	                 (12, 7),
[92mINFO [0m:      	                 (13, 7),
INFO:flwr:	                 (13, 7),
[92mINFO [0m:      	                 (14, 7),
INFO:flwr:	                 (14, 7),
[92mINFO [0m:      	                 (15, 7),
INFO:flwr:	                 (15, 7),
[92mINFO [0m:      	                 (16, 7),
INFO:flwr:	                 (16, 7),
[92mINFO [0m:      	                 (17, 7),
INFO:flwr:	                 (17, 7),
[92mINFO [0m:      	                 (18, 7),
INFO:flwr:	                 (18, 7),
[92mINFO [0m:      	                 (19, 7),
INFO:flwr:	                 (19, 7),
[92mINFO [0m:      	                 (20, 7),
INFO:flwr:	                 (20, 7),
[92mINFO [0m:      	                 (21, 7),
INFO:flwr:	                 (21, 7),
[92mINFO [0m:      	                 (22, 7),
INFO:flwr:	                 (22, 7),
[92mINFO [0m:      	                 (23, 7),
INFO:flwr:	                 (23, 7),
[92mINFO [0m:      	                 (24, 7),
INFO:flwr:	                 (24, 7),
[92mINFO [0m:      	                 (25, 7),
INFO:flwr:	                 (25, 7),
[92mINFO [0m:      	                 (26, 7),
INFO:flwr:	                 (26, 7),
[92mINFO [0m:      	                 (27, 7),
INFO:flwr:	                 (27, 7),
[92mINFO [0m:      	                 (28, 7),
INFO:flwr:	                 (28, 7),
[92mINFO [0m:      	                 (29, 7),
INFO:flwr:	                 (29, 7),
[92mINFO [0m:      	                 (30, 7)],
INFO:flwr:	                 (30, 7)],
[92mINFO [0m:      	 'num_filtered': [(1, 1),
INFO:flwr:	 'num_filtered': [(1, 1),
[92mINFO [0m:      	                  (2, 0),
INFO:flwr:	                  (2, 0),
[92mINFO [0m:      	                  (3, 0),
INFO:flwr:	                  (3, 0),
[92mINFO [0m:      	                  (4, 1),
INFO:flwr:	                  (4, 1),
[92mINFO [0m:      	                  (5, 0),
INFO:flwr:	                  (5, 0),
[92mINFO [0m:      	                  (6, 2),
INFO:flwr:	                  (6, 2),
[92mINFO [0m:      	                  (7, 2),
INFO:flwr:	                  (7, 2),
[92mINFO [0m:      	                  (8, 2),
INFO:flwr:	                  (8, 2),
[92mINFO [0m:      	                  (9, 3),
INFO:flwr:	                  (9, 3),
[92mINFO [0m:      	                  (10, 1),
INFO:flwr:	                  (10, 1),
[92mINFO [0m:      	                  (11, 1),
INFO:flwr:	                  (11, 1),
[92mINFO [0m:      	                  (12, 0),
INFO:flwr:	                  (12, 0),
[92mINFO [0m:      	                  (13, 1),
INFO:flwr:	                  (13, 1),
[92mINFO [0m:      	                  (14, 2),
INFO:flwr:	                  (14, 2),
[92mINFO [0m:      	                  (15, 2),
INFO:flwr:	                  (15, 2),
[92mINFO [0m:      	                  (16, 3),
INFO:flwr:	                  (16, 3),
[92mINFO [0m:      	                  (17, 0),
INFO:flwr:	                  (17, 0),
[92mINFO [0m:      	                  (18, 1),
INFO:flwr:	                  (18, 1),
[92mINFO [0m:      	                  (19, 1),
INFO:flwr:	                  (19, 1),
[92mINFO [0m:      	                  (20, 1),
INFO:flwr:	                  (20, 1),
[92mINFO [0m:      	                  (21, 1),
INFO:flwr:	                  (21, 1),
[92mINFO [0m:      	                  (22, 1),
INFO:flwr:	                  (22, 1),
[92mINFO [0m:      	                  (23, 1),
INFO:flwr:	                  (23, 1),
[92mINFO [0m:      	                  (24, 1),
INFO:flwr:	                  (24, 1),
[92mINFO [0m:      	                  (25, 2),
INFO:flwr:	                  (25, 2),
[92mINFO [0m:      	                  (26, 0),
INFO:flwr:	                  (26, 0),
[92mINFO [0m:      	                  (27, 3),
INFO:flwr:	                  (27, 3),
[92mINFO [0m:      	                  (28, 0),
INFO:flwr:	                  (28, 0),
[92mINFO [0m:      	                  (29, 2),
INFO:flwr:	                  (29, 2),
[92mINFO [0m:      	                  (30, 1)]}
INFO:flwr:	                  (30, 1)]}
[92mINFO [0m:      
INFO:flwr:
[36m(ClientAppActor pid=636555)[0m 
[K        3/3      1.43G      3.952      2.826      2.112         67        640: 87% ━━━━━━━━━━── 158/181 25.9it/s 7.7s<0.9s
[36m(ClientAppActor pid=636555)[0m 
[K                 Class     Images  Instances      Box(P          R      mAP50  mAP50-95): 64% ━━━━━━━╸──── 14/22 23.0it/s 1.4s<0.3s
[36m(ClientAppActor pid=636555)[0m 
[K                 Class     Images  Instances      Box(P          R      mAP50  mAP50-95): 77% ━━━━━━━━━─── 17/22 24.0it/s 1.5s<0.2s
[36m(ClientAppActor pid=636543)[0m 
[K                 Class     Images  Instances      Box(P          R      mAP50  mAP50-95): 48% ━━━━━╸────── 14/29 13.7it/s 1.6s<1.1s
[36m(ClientAppActor pid=636553)[0m 
[K                 Class     Images  Instances      Box(P          R      mAP50  mAP50-95): 81% ━━━━━━━━━╸── 17/21 20.1it/s 1.6s<0.2s
[36m(ClientAppActor pid=636548)[0m 
[K                 Class     Images  Instances      Box(P          R      mAP50  mAP50-95): 60% ━━━━━━━───── 12/20 12.1it/s 1.6s<0.7s
[36m(ClientAppActor pid=636555)[0m 
[K                 Class     Images  Instances      Box(P          R      mAP50  mAP50-95): 86% ━━━━━━━━━━── 19/22 19.3it/s 1.8s<0.2s
[36m(ClientAppActor pid=636553)[0m 
[K                 Class     Images  Instances      Box(P          R      mAP50  mAP50-95): 86% ━━━━━━━━━━── 18/21 15.1it/s 1.9s<0.2s
[K                 Class     Images  Instances      Box(P          R      mAP50  mAP50-95): 100% ━━━━━━━━━━━━ 21/21 10.4it/s 2.0s
[K                 Class     Images  Instances      Box(P          R      mAP50  mAP50-95): 100% ━━━━━━━━━━━━ 21/21 10.4it/s 2.0s
[36m(ClientAppActor pid=636543)[0m 
[K                 Class     Images  Instances      Box(P          R      mAP50  mAP50-95): 93% ━━━━━━━━━━━─ 27/29 25.6it/s 2.0s<0.1s
[36m(ClientAppActor pid=636543)[0m 
[K                 Class     Images  Instances      Box(P          R      mAP50  mAP50-95): 97% ━━━━━━━━━━━╸ 28/29 20.3it/s 2.1s<0.0s
[K                 Class     Images  Instances      Box(P          R      mAP50  mAP50-95): 100% ━━━━━━━━━━━━ 29/29 13.6it/s 2.1s
[K                 Class     Images  Instances      Box(P          R      mAP50  mAP50-95): 100% ━━━━━━━━━━━━ 29/29 13.6it/s 2.1s
[36m(ClientAppActor pid=636545)[0m Speed: 0.6ms preprocess, 9.7ms inference, 0.0ms loss, 0.6ms postprocess per image
[36m(ClientAppActor pid=636545)[0m Results saved to [1m/ANON/fl_hod/runs/detect/val9998[0m
[36m(ClientAppActor pid=636543)[0m 
[K                 Class     Images  Instances      Box(P          R      mAP50  mAP50-95): 34% ━━━━──────── 10/29 9.2it/s 1.3s<2.1s
[36m(ClientAppActor pid=636548)[0m 
[K                 Class     Images  Instances      Box(P          R      mAP50  mAP50-95): 70% ━━━━━━━━──── 14/20 11.8it/s 1.8s<0.5s[32m [repeated 2x across cluster][0m
[36m(ClientAppActor pid=636543)[0m                    all        115       1013      0.686      0.366      0.448      0.233[32m [repeated 6x across cluster][0m
[36m(ClientAppActor pid=636546)[0m [Client 4] Initializing YOLOv10-S...[32m [repeated 6x across cluster][0m
[36m(ClientAppActor pid=636546)[0m [Client 4] Ready[32m [repeated 6x across cluster][0m
[36m(ClientAppActor pid=636546)[0m   Local epochs: 3[32m [repeated 6x across cluster][0m
[36m(ClientAppActor pid=636546)[0m   Batch size: 4[32m [repeated 6x across cluster][0m
[36m(ClientAppActor pid=636546)[0m   FedBN: True[32m [repeated 6x across cluster][0m
[36m(ClientAppActor pid=636555)[0m [Client 0] ️  MALICIOUS - Attack: BackdoorAttack
[36m(ClientAppActor pid=636546)[0m WARNING: Not enough parameters. Expected 2, got 1[32m [repeated 6x across cluster][0m
[36m(ClientAppActor pid=636546)[0m Ultralytics 8.3.234 Python-3.10.19 torch-2.6.0+cu124 CUDA:0 (NVIDIA RTX 5000 Ada Generation, 32220MiB)[32m [repeated 6x across cluster][0m
[36m(ClientAppActor pid=636546)[0m YOLOv10s summary (fused): 106 layers, 7,248,960 parameters, 0 gradients, 21.6 GFLOPs[32m [repeated 6x across cluster][0m
[36m(ClientAppActor pid=636546)[0m [34m[1mval: [0mFast image access (ping: 0.0±0.0 ms, read: 5014.3±658.8 MB/s, size: 2371.5 KB)[32m [repeated 6x across cluster][0m
[36m(ClientAppActor pid=636546)[0m 
[K[34m[1mval: [0mScanning /ANON/fl_hod/data/yolo/labels/ecp/val.cache... 69 images, 0 backgrounds, 0 corrupt: 100% ━━━━━━━━━━━━ 69/69 13.2Mit/s 0.0s
[K[34m[1mval: [0mScanning /ANON/fl_hod/data/yolo/labels/ecp/val.cache... 69 images, 0 backgrounds, 0 corrupt: 100% ━━━━━━━━━━━━ 69/69 1.6Mit/s 0.0s
[36m(ClientAppActor pid=636548)[0m 
[K[34m[1mval: [0mScanning /ANON/fl_hod/data/yolo/labels/ecp/val... 66 images, 0 backgrounds, 0 corrupt: 82% ━━━━━━━━━╸── 66/80 194.4it/s 0.1s<0.1s
[K[34m[1mval: [0mScanning /ANON/fl_hod/data/yolo/labels/ecp/val... 80 images, 0 backgrounds, 0 corrupt: 100% ━━━━━━━━━━━━ 80/80 698.5it/s 0.1s
[K[34m[1mval: [0mScanning /ANON/fl_hod/data/yolo/labels/ecp/val... 80 images, 0 backgrounds, 0 corrupt: 100% ━━━━━━━━━━━━ 80/80 697.7it/s 0.1s
[36m(ClientAppActor pid=636551)[0m /ANON/fl_hod/fl/client_yolo10s.py:386: DeprecationWarning: Conversion of an array with ndim > 0 to a scalar is deprecated, and will error in future. Ensure you extract a single element from your array before performing this operation. (Deprecated NumPy 1.25.)[32m [repeated 7x across cluster][0m
[36m(ClientAppActor pid=636551)[0m   'precision': float(results.box.p),[32m [repeated 7x across cluster][0m
[36m(ClientAppActor pid=636553)[0m [93mWARNING [0m:   DEPRECATED FEATURE: `client_fn` now expects a signature `def client_fn(context: Context)`.The provided `client_fn` has signature: {'cid': <Parameter "cid: str">}. You can import the `Context` like this: `from flwr.common import Context`[32m [repeated 6x across cluster][0m
[36m(ClientAppActor pid=636553)[0m             This is a deprecated feature. It will be removed[32m [repeated 6x across cluster][0m
[36m(ClientAppActor pid=636553)[0m             entirely in future versions of Flower.[32m [repeated 6x across cluster][0m
[36m(ClientAppActor pid=636553)[0m [93mWARNING [0m:   Deprecation Warning: The `client_fn` function must return an instance of `Client`, but an instance of `NumpyClient` was returned. Please use `NumPyClient.to_client()` method to convert it to `Client`.[32m [repeated 6x across cluster][0m
[36m(ClientAppActor pid=636551)[0m 
[K                 Class     Images  Instances      Box(P          R      mAP50  mAP50-95): 26% ━━━───────── 9/34 11.0it/s 1.7s<2.3s[32m [repeated 4x across cluster][0m
[36m(ClientAppActor pid=636551)[0m 
[K                 Class     Images  Instances      Box(P          R      mAP50  mAP50-95): 6% ╸─────────── 2/34 2.4it/s 1.2s<13.5s[32m [repeated 5x across cluster][0m
[36m(ClientAppActor pid=636551)[0m 
[K                 Class     Images  Instances      Box(P          R      mAP50  mAP50-95): 50% ━━━━━━────── 17/34 18.3it/s 2.2s<0.9s[32m [repeated 3x across cluster][0m
[36m(ClientAppActor pid=636551)[0m 
[K                 Class     Images  Instances      Box(P          R      mAP50  mAP50-95): 9% ━─────────── 3/34 4.3it/s 1.3s<7.2s[32m [repeated 5x across cluster][0m
[36m(ClientAppActor pid=636553)[0m 
[K                 Class     Images  Instances      Box(P          R      mAP50  mAP50-95): 19% ━━────────── 4/21 4.5it/s 0.9s<3.8s
[36m(ClientAppActor pid=636548)[0m 
[K                 Class     Images  Instances      Box(P          R      mAP50  mAP50-95): 100% ━━━━━━━━━━━━ 20/20 9.4it/s 2.1s
[K                 Class     Images  Instances      Box(P          R      mAP50  mAP50-95): 100% ━━━━━━━━━━━━ 20/20 9.4it/s 2.1s[32m [repeated 2x across cluster][0m
[36m(ClientAppActor pid=636551)[0m 
[K                 Class     Images  Instances      Box(P          R      mAP50  mAP50-95): 24% ━━╸───────── 8/34 12.7it/s 1.6s<2.1s[32m [repeated 2x across cluster][0m
[36m(ClientAppActor pid=636551)[0m 
[K                 Class     Images  Instances      Box(P          R      mAP50  mAP50-95): 3% ──────────── 1/34 3.5s/it 1.1s<1:56
[36m(ClientAppActor pid=636551)[0m 
[K                 Class     Images  Instances      Box(P          R      mAP50  mAP50-95): 41% ━━━━╸─────── 14/34 22.5it/s 1.8s<0.9s[32m [repeated 4x across cluster][0m
[36m(ClientAppActor pid=636551)[0m 
[K                 Class     Images  Instances      Box(P          R      mAP50  mAP50-95): 15% ━╸────────── 5/34 7.1it/s 1.5s<4.1s[32m [repeated 4x across cluster][0m
[36m(ClientAppActor pid=636551)[0m 
[K                 Class     Images  Instances      Box(P          R      mAP50  mAP50-95): 74% ━━━━━━━━╸─── 25/34 27.0it/s 2.3s<0.3s[32m [repeated 2x across cluster][0m
[36m(ClientAppActor pid=636543)[0m 
[K                 Class     Images  Instances      Box(P          R      mAP50  mAP50-95): 83% ━━━━━━━━━╸── 24/29 24.3it/s 1.9s<0.2s[32m [repeated 2x across cluster][0m
[36m(ClientAppActor pid=636543)[0m 
[K                 Class     Images  Instances      Box(P          R      mAP50  mAP50-95): 59% ━━━━━━━───── 17/29 17.4it/s 1.7s<0.7s
[36m(ClientAppActor pid=636551)[0m 
[K                 Class     Images  Instances      Box(P          R      mAP50  mAP50-95): 97% ━━━━━━━━━━━╸ 33/34 33.7it/s 2.5s<0.0s
[K                 Class     Images  Instances      Box(P          R      mAP50  mAP50-95): 100% ━━━━━━━━━━━━ 34/34 13.5it/s 2.5s
[K                 Class     Images  Instances      Box(P          R      mAP50  mAP50-95): 100% ━━━━━━━━━━━━ 34/34 13.5it/s 2.5s
[36m(ClientAppActor pid=636551)[0m Speed: 0.4ms preprocess, 3.0ms inference, 0.0ms loss, 0.3ms postprocess per image[32m [repeated 6x across cluster][0m
[36m(ClientAppActor pid=636551)[0m Results saved to [1m/ANON/fl_hod/runs/detect/val9998[0m[32m [repeated 6x across cluster][0m
[36m(ClientAppActor pid=636551)[0m                    all        133       1032      0.634      0.426      0.473      0.244
=== 2026-05-08T14:57:32+10:00 END   K_backdoor rc=0 ===
=== cleanup_tmp: removed 49 dirs, disk free: 386G ===
=== 2026-05-08T14:57:35+10:00 START K_darkness_injection ===
[92mINFO [0m:      	                (23, np.float64(0.47606122209862906)),
INFO:flwr:	                (23, np.float64(0.47606122209862906)),
[92mINFO [0m:      	                (24, np.float64(0.47893772075421337)),
INFO:flwr:	                (24, np.float64(0.47893772075421337)),
[92mINFO [0m:      	                (25, np.float64(0.47429386067529744)),
INFO:flwr:	                (25, np.float64(0.47429386067529744)),
[92mINFO [0m:      	                (26, np.float64(0.46630341792925833)),
INFO:flwr:	                (26, np.float64(0.46630341792925833)),
[92mINFO [0m:      	                (27, np.float64(0.4579093678854705)),
INFO:flwr:	                (27, np.float64(0.4579093678854705)),
[92mINFO [0m:      	                (28, np.float64(0.4688407555571919)),
INFO:flwr:	                (28, np.float64(0.4688407555571919)),
[92mINFO [0m:      	                (29, np.float64(0.47544842685284955)),
INFO:flwr:	                (29, np.float64(0.47544842685284955)),
[92mINFO [0m:      	                (30, np.float64(0.4729797764682398))],
INFO:flwr:	                (30, np.float64(0.4729797764682398))],
[92mINFO [0m:      	 'num_clients': [(1, 7),
INFO:flwr:	 'num_clients': [(1, 7),
[92mINFO [0m:      	                 (2, 7),
INFO:flwr:	                 (2, 7),
[92mINFO [0m:      	                 (3, 7),
INFO:flwr:	                 (3, 7),
[92mINFO [0m:      	                 (4, 7),
INFO:flwr:	                 (4, 7),
[92mINFO [0m:      	                 (5, 7),
INFO:flwr:	                 (5, 7),
[92mINFO [0m:      	                 (6, 7),
INFO:flwr:	                 (6, 7),
[92mINFO [0m:      	                 (7, 7),
INFO:flwr:	                 (7, 7),
[92mINFO [0m:      	                 (8, 7),
INFO:flwr:	                 (8, 7),
[92mINFO [0m:      	                 (9, 7),
INFO:flwr:	                 (9, 7),
[92mINFO [0m:      	                 (10, 7),
INFO:flwr:	                 (10, 7),
[92mINFO [0m:      	                 (11, 7),
INFO:flwr:	                 (11, 7),
[92mINFO [0m:      	                 (12, 7),
INFO:flwr:	                 (12, 7),
[92mINFO [0m:      	                 (13, 7),
INFO:flwr:	                 (13, 7),
[92mINFO [0m:      	                 (14, 7),
INFO:flwr:	                 (14, 7),
[92mINFO [0m:      	                 (15, 7),
INFO:flwr:	                 (15, 7),
[92mINFO [0m:      	                 (16, 7),
INFO:flwr:	                 (16, 7),
[92mINFO [0m:      	                 (17, 7),
INFO:flwr:	                 (17, 7),
[92mINFO [0m:      	                 (18, 7),
INFO:flwr:	                 (18, 7),
[92mINFO [0m:      	                 (19, 7),
INFO:flwr:	                 (19, 7),
[92mINFO [0m:      	                 (20, 7),
INFO:flwr:	                 (20, 7),
[92mINFO [0m:      	                 (21, 7),
INFO:flwr:	                 (21, 7),
[92mINFO [0m:      	                 (22, 7),
INFO:flwr:	                 (22, 7),
[92mINFO [0m:      	                 (23, 7),
INFO:flwr:	                 (23, 7),
[92mINFO [0m:      	                 (24, 7),
INFO:flwr:	                 (24, 7),
[92mINFO [0m:      	                 (25, 7),
INFO:flwr:	                 (25, 7),
[92mINFO [0m:      	                 (26, 7),
INFO:flwr:	                 (26, 7),
[92mINFO [0m:      	                 (27, 7),
INFO:flwr:	                 (27, 7),
[92mINFO [0m:      	                 (28, 7),
INFO:flwr:	                 (28, 7),
[92mINFO [0m:      	                 (29, 7),
INFO:flwr:	                 (29, 7),
[92mINFO [0m:      	                 (30, 7)],
INFO:flwr:	                 (30, 7)],
[92mINFO [0m:      	 'num_filtered': [(1, 1),
INFO:flwr:	 'num_filtered': [(1, 1),
[92mINFO [0m:      	                  (2, 1),
INFO:flwr:	                  (2, 1),
[92mINFO [0m:      	                  (3, 2),
INFO:flwr:	                  (3, 2),
[92mINFO [0m:      	                  (4, 1),
INFO:flwr:	                  (4, 1),
[92mINFO [0m:      	                  (5, 0),
INFO:flwr:	                  (5, 0),
[92mINFO [0m:      	                  (6, 1),
INFO:flwr:	                  (6, 1),
[92mINFO [0m:      	                  (7, 0),
INFO:flwr:	                  (7, 0),
[92mINFO [0m:      	                  (8, 0),
INFO:flwr:	                  (8, 0),
[92mINFO [0m:      	                  (9, 0),
INFO:flwr:	                  (9, 0),
[92mINFO [0m:      	                  (10, 3),
INFO:flwr:	                  (10, 3),
[92mINFO [0m:      	                  (11, 2),
INFO:flwr:	                  (11, 2),
[92mINFO [0m:      	                  (12, 2),
INFO:flwr:	                  (12, 2),
[92mINFO [0m:      	                  (13, 0),
INFO:flwr:	                  (13, 0),
[92mINFO [0m:      	                  (14, 1),
INFO:flwr:	                  (14, 1),
[92mINFO [0m:      	                  (15, 2),
INFO:flwr:	                  (15, 2),
[92mINFO [0m:      	                  (16, 2),
INFO:flwr:	                  (16, 2),
[92mINFO [0m:      	                  (17, 0),
INFO:flwr:	                  (17, 0),
[92mINFO [0m:      	                  (18, 0),
INFO:flwr:	                  (18, 0),
[92mINFO [0m:      	                  (19, 0),
INFO:flwr:	                  (19, 0),
[92mINFO [0m:      	                  (20, 1),
INFO:flwr:	                  (20, 1),
[92mINFO [0m:      	                  (21, 0),
INFO:flwr:	                  (21, 0),
[92mINFO [0m:      	                  (22, 0),
INFO:flwr:	                  (22, 0),
[92mINFO [0m:      	                  (23, 0),
INFO:flwr:	                  (23, 0),
[92mINFO [0m:      	                  (24, 1),
INFO:flwr:	                  (24, 1),
[92mINFO [0m:      	                  (25, 0),
INFO:flwr:	                  (25, 0),
[92mINFO [0m:      	                  (26, 1),
INFO:flwr:	                  (26, 1),
[92mINFO [0m:      	                  (27, 1),
INFO:flwr:	                  (27, 1),
[92mINFO [0m:      	                  (28, 0),
INFO:flwr:	                  (28, 0),
[92mINFO [0m:      	                  (29, 1),
INFO:flwr:	                  (29, 1),
[92mINFO [0m:      	                  (30, 2)]}
INFO:flwr:	                  (30, 2)]}
[92mINFO [0m:      
INFO:flwr:
[36m(ClientAppActor pid=1071476)[0m 
[K                 Class     Images  Instances      Box(P          R      mAP50  mAP50-95): 50% ━━━━━━────── 2/4 3.2it/s 0.4s<0.6s
[36m(ClientAppActor pid=1071474)[0m 
[K                 Class     Images  Instances      Box(P          R      mAP50  mAP50-95): 15% ━╸────────── 5/34 8.5it/s 0.5s<3.4s
[36m(ClientAppActor pid=1071474)[0m 
[K                 Class     Images  Instances      Box(P          R      mAP50  mAP50-95): 21% ━━────────── 7/34 10.4it/s 0.7s<2.6s
[36m(ClientAppActor pid=1071474)[0m 
[K                 Class     Images  Instances      Box(P          R      mAP50  mAP50-95): 35% ━━━━──────── 12/34 15.8it/s 0.9s<1.4s
[36m(ClientAppActor pid=1071474)[0m 
[K                 Class     Images  Instances      Box(P          R      mAP50  mAP50-95): 41% ━━━━╸─────── 14/34 15.9it/s 1.1s<1.3s
[36m(ClientAppActor pid=1071474)[0m 
[K                 Class     Images  Instances      Box(P          R      mAP50  mAP50-95): 56% ━━━━━━╸───── 19/34 16.9it/s 1.3s<0.9s
[36m(ClientAppActor pid=1071468)[0m 
[K                 Class     Images  Instances      Box(P          R      mAP50  mAP50-95): 22% ━━╸───────── 4/18 3.9it/s 1.1s<3.6s
[36m(ClientAppActor pid=1071468)[0m 
[K                 Class     Images  Instances      Box(P          R      mAP50  mAP50-95): 44% ━━━━━─────── 8/18 10.8it/s 1.3s<0.9s
[36m(ClientAppActor pid=1071467)[0m 
[K                 Class     Images  Instances      Box(P          R      mAP50  mAP50-95): 64% ━━━━━━━╸──── 14/22 16.0it/s 1.5s<0.5s
[36m(ClientAppActor pid=1071477)[0m 
[K                 Class     Images  Instances      Box(P          R      mAP50  mAP50-95): 60% ━━━━━━━───── 12/20 12.2it/s 1.5s<0.7s
[36m(ClientAppActor pid=1071468)[0m 
[K                 Class     Images  Instances      Box(P          R      mAP50  mAP50-95): 72% ━━━━━━━━╸─── 13/18 15.4it/s 1.6s<0.3s
[36m(ClientAppActor pid=1071468)[0m 
[K                 Class     Images  Instances      Box(P          R      mAP50  mAP50-95): 78% ━━━━━━━━━─── 14/18 11.5it/s 2.0s<0.3s
[36m(ClientAppActor pid=1071470)[0m 
[K                 Class     Images  Instances      Box(P          R      mAP50  mAP50-95): 48% ━━━━━╸────── 14/29 7.2it/s 2.0s<2.1s
[36m(ClientAppActor pid=1071477)[0m 
[K                 Class     Images  Instances      Box(P          R      mAP50  mAP50-95): 80% ━━━━━━━━━╸── 16/20 7.9it/s 2.1s<0.5s
[36m(ClientAppActor pid=1071468)[0m 
[K                 Class     Images  Instances      Box(P          R      mAP50  mAP50-95): 83% ━━━━━━━━━━── 15/18 9.2it/s 2.3s<0.3s
[36m(ClientAppActor pid=1071468)[0m 
[K                 Class     Images  Instances      Box(P          R      mAP50  mAP50-95): 89% ━━━━━━━━━━╸─ 16/18 7.7it/s 2.5s<0.3s
[36m(ClientAppActor pid=1071477)[0m 
[K                 Class     Images  Instances      Box(P          R      mAP50  mAP50-95): 95% ━━━━━━━━━━━─ 19/20 8.7it/s 2.5s<0.1s
[36m(ClientAppActor pid=1071474)[0m 
[K                 Class     Images  Instances      Box(P          R      mAP50  mAP50-95): 71% ━━━━━━━━──── 24/34 16.3it/s 3.0s<0.6s[32m [repeated 2x across cluster][0m
[36m(ClientAppActor pid=1071469)[0m 
[K                 Class     Images  Instances      Box(P          R      mAP50  mAP50-95): 95% ━━━━━━━━━━━─ 20/21 19.9it/s 3.0s<0.1s
[K                 Class     Images  Instances      Box(P          R      mAP50  mAP50-95): 100% ━━━━━━━━━━━━ 21/21 7.0it/s 3.0s
[K                 Class     Images  Instances      Box(P          R      mAP50  mAP50-95): 100% ━━━━━━━━━━━━ 21/21 7.0it/s 3.0s
[36m(ClientAppActor pid=1071467)[0m 
[K                 Class     Images  Instances      Box(P          R      mAP50  mAP50-95): 100% ━━━━━━━━━━━━ 22/22 7.3it/s 3.0s
[K                 Class     Images  Instances      Box(P          R      mAP50  mAP50-95): 100% ━━━━━━━━━━━━ 22/22 7.3it/s 3.0s[32m [repeated 4x across cluster][0m
[36m(ClientAppActor pid=1071474)[0m 
[K                 Class     Images  Instances      Box(P          R      mAP50  mAP50-95): 97% ━━━━━━━━━━━╸ 33/34 22.0it/s 3.6s<0.0s
[36m(ClientAppActor pid=1071476)[0m                    all         15         83      0.579      0.415      0.405      0.218
[36m(ClientAppActor pid=1071476)[0m Results saved to [1m/ANON/fl_hod/runs/detect/val9998[0m
[36m(ClientAppActor pid=1071469)[0m Ultralytics 8.3.234 Python-3.10.19 torch-2.6.0+cu124 CUDA:0 (NVIDIA RTX 5000 Ada Generation, 32220MiB)[32m [repeated 6x across cluster][0m
[36m(ClientAppActor pid=1071469)[0m YOLOv10s summary (fused): 106 layers, 7,248,960 parameters, 0 gradients, 21.6 GFLOPs[32m [repeated 6x across cluster][0m
[36m(ClientAppActor pid=1071476)[0m Speed: 0.4ms preprocess, 5.6ms inference, 0.0ms loss, 0.1ms postprocess per image
[36m(ClientAppActor pid=1071468)[0m Speed: 2.8ms preprocess, 8.2ms inference, 0.0ms loss, 0.8ms postprocess per image
[36m(ClientAppActor pid=1071469)[0m [Client 1] Initializing YOLOv10-S...[32m [repeated 6x across cluster][0m
[36m(ClientAppActor pid=1071469)[0m [Client 1] Ready[32m [repeated 6x across cluster][0m
[36m(ClientAppActor pid=1071469)[0m   Local epochs: 3[32m [repeated 6x across cluster][0m
[36m(ClientAppActor pid=1071469)[0m   Batch size: 4[32m [repeated 6x across cluster][0m
[36m(ClientAppActor pid=1071469)[0m   FedBN: True[32m [repeated 6x across cluster][0m
[36m(ClientAppActor pid=1071469)[0m WARNING: Not enough parameters. Expected 2, got 1[32m [repeated 6x across cluster][0m
[36m(ClientAppActor pid=1071469)[0m [Client 1] ️  MALICIOUS - Attack: DarknessInjectionAttack
[36m(ClientAppActor pid=1071469)[0m [34m[1mval: [0mFast image access (ping: 0.0±0.0 ms, read: 5554.3±447.5 MB/s, size: 2403.1 KB)[32m [repeated 6x across cluster][0m
[36m(ClientAppActor pid=1071470)[0m 
[K[34m[1mval: [0mScanning /ANON/fl_hod/data/yolo/labels/ecp/val... 115 images, 0 backgrounds, 0 corrupt: 100% ━━━━━━━━━━━━ 115/115 712.1it/s 0.2s
[K[34m[1mval: [0mScanning /ANON/fl_hod/data/yolo/labels/ecp/val... 115 images, 0 backgrounds, 0 corrupt: 100% ━━━━━━━━━━━━ 115/115 711.8it/s 0.2s
[36m(ClientAppActor pid=1071469)[0m 
[K[34m[1mval: [0mScanning /ANON/fl_hod/data/yolo/labels/ecp/val... 66 images, 0 backgrounds, 0 corrupt: 80% ━━━━━━━━━╸── 66/82 194.2it/s 0.1s<0.1s
[K[34m[1mval: [0mScanning /ANON/fl_hod/data/yolo/labels/ecp/val... 82 images, 0 backgrounds, 0 corrupt: 100% ━━━━━━━━━━━━ 82/82 713.7it/s 0.1s
[K[34m[1mval: [0mScanning /ANON/fl_hod/data/yolo/labels/ecp/val... 82 images, 0 backgrounds, 0 corrupt: 100% ━━━━━━━━━━━━ 82/82 713.1it/s 0.1s
[36m(ClientAppActor pid=1071474)[0m /ANON/fl_hod/fl/client_yolo10s.py:386: DeprecationWarning: Conversion of an array with ndim > 0 to a scalar is deprecated, and will error in future. Ensure you extract a single element from your array before performing this operation. (Deprecated NumPy 1.25.)[32m [repeated 4x across cluster][0m
[36m(ClientAppActor pid=1071474)[0m   'precision': float(results.box.p),[32m [repeated 4x across cluster][0m
[36m(ClientAppActor pid=1071470)[0m 
[K                 Class     Images  Instances      Box(P          R      mAP50  mAP50-95): 3% ──────────── 1/29 1.8s/it 0.5s<50.7s
[36m(ClientAppActor pid=1071470)[0m 
[K                 Class     Images  Instances      Box(P          R      mAP50  mAP50-95): 7% ╸─────────── 2/29 2.5it/s 0.7s<11.0s[32m [repeated 5x across cluster][0m
[36m(ClientAppActor pid=1071469)[0m 
[K                 Class     Images  Instances      Box(P          R      mAP50  mAP50-95): 10% ━─────────── 2/21 1.0s/it 1.0s<19.1s[32m [repeated 3x across cluster][0m
[36m(ClientAppActor pid=1071470)[0m 
[K                 Class     Images  Instances      Box(P          R      mAP50  mAP50-95): 28% ━━━───────── 8/29 10.5it/s 1.2s<2.0s[32m [repeated 4x across cluster][0m
[36m(ClientAppActor pid=1071469)[0m 
[K                 Class     Images  Instances      Box(P          R      mAP50  mAP50-95): 52% ━━━━━━────── 11/21 16.4it/s 1.5s<0.6s[32m [repeated 4x across cluster][0m
[36m(ClientAppActor pid=1071469)[0m 
[K                 Class     Images  Instances      Box(P          R      mAP50  mAP50-95): 14% ━╸────────── 3/21 3.2it/s 1.1s<5.6s[32m [repeated 4x across cluster][0m
[36m(ClientAppActor pid=1071470)[0m 
[K                 Class     Images  Instances      Box(P          R      mAP50  mAP50-95): 21% ━━────────── 6/29 7.5it/s 1.1s<3.1s[32m [repeated 2x across cluster][0m
[36m(ClientAppActor pid=1071470)[0m 
[K                 Class     Images  Instances      Box(P          R      mAP50  mAP50-95): 34% ━━━━──────── 10/29 11.8it/s 1.3s<1.6s[32m [repeated 3x across cluster][0m
[36m(ClientAppActor pid=1071470)[0m 
[K                 Class     Images  Instances      Box(P          R      mAP50  mAP50-95): 41% ━━━━╸─────── 12/29 9.9it/s 1.6s<1.7s[32m [repeated 5x across cluster][0m
[36m(ClientAppActor pid=1071469)[0m 
[K                 Class     Images  Instances      Box(P          R      mAP50  mAP50-95): 57% ━━━━━━╸───── 12/21 11.8it/s 2.6s<0.8s[32m [repeated 3x across cluster][0m
[36m(ClientAppActor pid=1071469)[0m 
[K                 Class     Images  Instances      Box(P          R      mAP50  mAP50-95): 24% ━━╸───────── 5/21 7.3it/s 1.3s<2.2s
[36m(ClientAppActor pid=1071470)[0m 
[K                 Class     Images  Instances      Box(P          R      mAP50  mAP50-95): 45% ━━━━━─────── 13/29 8.1it/s 1.8s<2.0s
[36m(ClientAppActor pid=1071470)[0m 
[K                 Class     Images  Instances      Box(P          R      mAP50  mAP50-95): 66% ━━━━━━━╸──── 19/29 7.0it/s 2.7s<1.4s
[36m(ClientAppActor pid=1071474)[0m 
[K                 Class     Images  Instances      Box(P          R      mAP50  mAP50-95): 62% ━━━━━━━───── 21/34 12.2it/s 2.9s<1.1s[32m [repeated 2x across cluster][0m
[36m(ClientAppActor pid=1071470)[0m 
[K                 Class     Images  Instances      Box(P          R      mAP50  mAP50-95): 76% ━━━━━━━━━─── 22/29 13.7it/s 2.8s<0.5s[32m [repeated 3x across cluster][0m
[36m(ClientAppActor pid=1071474)[0m 
[K                 Class     Images  Instances      Box(P          R      mAP50  mAP50-95): 79% ━━━━━━━━━╸── 27/34 20.2it/s 3.1s<0.3s
[36m(ClientAppActor pid=1071474)[0m 
[K                 Class     Images  Instances      Box(P          R      mAP50  mAP50-95): 85% ━━━━━━━━━━── 29/34 15.8it/s 3.5s<0.3s[32m [repeated 3x across cluster][0m
[36m(ClientAppActor pid=1071467)[0m 
[K                 Class     Images  Instances      Box(P          R      mAP50  mAP50-95): 91% ━━━━━━━━━━╸─ 20/22 14.5it/s 2.9s<0.1s
[36m(ClientAppActor pid=1071470)[0m 
[K                 Class     Images  Instances      Box(P          R      mAP50  mAP50-95): 93% ━━━━━━━━━━━─ 27/29 13.9it/s 3.2s<0.1s
[K                 Class     Images  Instances      Box(P          R      mAP50  mAP50-95): 100% ━━━━━━━━━━━━ 29/29 9.0it/s 3.2s
[K                 Class     Images  Instances      Box(P          R      mAP50  mAP50-95): 100% ━━━━━━━━━━━━ 29/29 9.0it/s 3.2s
[36m(ClientAppActor pid=1071474)[0m 
[K                 Class     Images  Instances      Box(P          R      mAP50  mAP50-95): 100% ━━━━━━━━━━━━ 34/34 9.4it/s 3.6s
[K                 Class     Images  Instances      Box(P          R      mAP50  mAP50-95): 100% ━━━━━━━━━━━━ 34/34 9.4it/s 3.6s
[36m(ClientAppActor pid=1071474)[0m                    all        133       1032      0.617      0.425      0.471      0.242[32m [repeated 6x across cluster][0m
[36m(ClientAppActor pid=1071474)[0m Results saved to [1m/ANON/fl_hod/runs/detect/val9998[0m[32m [repeated 6x across cluster][0m
[36m(ClientAppActor pid=1071474)[0m Speed: 1.0ms preprocess, 4.2ms inference, 0.0ms loss, 0.3ms postprocess per image[32m [repeated 5x across cluster][0m
=== 2026-05-08T20:58:32+10:00 END   K_darkness_injection rc=0 ===
=== cleanup_tmp: removed 49 dirs, disk free: 381G ===
=== 2026-05-08T20:58:34+10:00 START K_feature_poisoning ===
[36m(ClientAppActor pid=1133209)[0m  10                  -1  1    990976  ultralytics.nn.modules.block.PSA             [512, 512]                    
[36m(ClientAppActor pid=1133209)[0m  11                  -1  1         0  torch.nn.modules.upsampling.Upsample         [None, 2, 'nearest']          
[36m(ClientAppActor pid=1133209)[0m  12             [-1, 6]  1         0  ultralytics.nn.modules.conv.Concat           [1]                           
[36m(ClientAppActor pid=1133209)[0m  13                  -1  1    591360  ultralytics.nn.modules.block.C2f             [768, 256, 1]                 
[36m(ClientAppActor pid=1133209)[0m  14                  -1  1         0  torch.nn.modules.upsampling.Upsample         [None, 2, 'nearest']          
[36m(ClientAppActor pid=1133209)[0m  15             [-1, 4]  1         0  ultralytics.nn.modules.conv.Concat           [1]                           
[36m(ClientAppActor pid=1133209)[0m  16                  -1  1    148224  ultralytics.nn.modules.block.C2f             [384, 128, 1]                 
[36m(ClientAppActor pid=1133209)[0m  17                  -1  1    147712  ultralytics.nn.modules.conv.Conv             [128, 128, 3, 2]              
[36m(ClientAppActor pid=1133209)[0m  18            [-1, 13]  1         0  ultralytics.nn.modules.conv.Concat           [1]                           
[36m(ClientAppActor pid=1133209)[0m  19                  -1  1    493056  ultralytics.nn.modules.block.C2f             [384, 256, 1]                 
[36m(ClientAppActor pid=1133209)[0m  20                  -1  1     68864  ultralytics.nn.modules.block.SCDown          [256, 256, 3, 2]              
[36m(ClientAppActor pid=1133209)[0m  21            [-1, 10]  1         0  ultralytics.nn.modules.conv.Concat           [1]                           
[36m(ClientAppActor pid=1133209)[0m  22                  -1  1   1089536  ultralytics.nn.modules.block.C2fCIB          [768, 512, 1, True, True]     
[36m(ClientAppActor pid=1133209)[0m  23        [16, 19, 22]  1   1639574  ultralytics.nn.modules.head.v10Detect        [1, [128, 256, 512]]          
[36m(ClientAppActor pid=1133209)[0m YOLOv10s summary: 234 layers, 8,067,126 parameters, 8,067,110 gradients, 24.8 GFLOPs
[36m(ClientAppActor pid=1133209)[0m 
[36m(ClientAppActor pid=1133209)[0m Transferred 607/619 items from pretrained weights
[36m(ClientAppActor pid=1133179)[0m 
[36m(ClientAppActor pid=1133209)[0m Freezing layer 'model.23.dfl.conv.weight'
[36m(ClientAppActor pid=1133209)[0m [34m[1mAMP: [0mrunning Automatic Mixed Precision (AMP) checks...
[36m(ClientAppActor pid=1133179)[0m   Data: /ANON/fl_hod/data/yolo/client_configs/client_zagreb.yaml
[36m(ClientAppActor pid=1133213)[0m 
[36m(ClientAppActor pid=1133171)[0m 
[36m(ClientAppActor pid=1133173)[0m 
[36m(ClientAppActor pid=1133173)[0m         
[36m(ClientAppActor pid=1133210)[0m 
[36m(ClientAppActor pid=1133210)[0m         
[36m(ClientAppActor pid=1133211)[0m 
[36m(ClientAppActor pid=1133211)[0m         
[36m(ClientAppActor pid=1133171)[0m   Data: /ANON/fl_hod/data/yolo/client_configs/client_leipzig.yaml
[36m(ClientAppActor pid=1133179)[0m 
[36m(ClientAppActor pid=1133211)[0m 
[36m(ClientAppActor pid=1133211)[0m   Data: /ANON/fl_hod/data/yolo/client_configs/client_lyon.yaml
[36m(ClientAppActor pid=1133173)[0m 
[36m(ClientAppActor pid=1133213)[0m   Data: /ANON/fl_hod/data/yolo/client_configs/client_koeln.yaml
[36m(ClientAppActor pid=1133213)[0m [Client 1] ️  MALICIOUS - Attack: FeaturePoisoningAttack
[36m(ClientAppActor pid=1133171)[0m 
[36m(ClientAppActor pid=1133210)[0m 
[36m(ClientAppActor pid=1133210)[0m   Data: /ANON/fl_hod/data/yolo/client_configs/client_budapest.yaml
[36m(ClientAppActor pid=1133179)[0m [34m[1mengine/trainer: [0magnostic_nms=False, amp=True, augment=False, auto_augment=randaugment, batch=4, bgr=0.0, box=7.5, cache=False, cfg=None, classes=None, close_mosaic=10, cls=0.5, compile=False, conf=None, copy_paste=0.0, copy_paste_mode=flip, cos_lr=False, cutmix=0.0, data=/ANON/fl_hod/data/yolo/client_configs/client_zagreb.yaml, degrees=0.0, deterministic=True, device=0, dfl=1.5, dnn=False, dropout=0.0, dynamic=False, embed=None, epochs=3, erasing=0.4, exist_ok=False, fliplr=0.5, flipud=0.0, format=torchscript, fraction=1.0, freeze=None, half=False, hsv_h=0.015, hsv_s=0.7, hsv_v=0.4, imgsz=640, int8=False, iou=0.7, keras=False, kobj=1.0, line_width=None, lr0=0.001, lrf=0.01, mask_ratio=4, max_det=300, mixup=0.0, mode=train, model=/tmp/fl_yolo_models/yolov10s_client_6_1133179.pt, momentum=0.937, mosaic=1.0, multi_scale=False, name=train, nbs=64, nms=False, opset=None, optimize=False, optimizer=AdamW, overlap_mask=True, patience=100, perspective=0.0, plots=False, pose=12.0, pretrained=True, profile=False, project=/tmp/fl_yolo_runs_1133179, rect=False, resume=False, retina_masks=False, save=False, save_conf=False, save_crop=False, save_dir=/tmp/fl_yolo_runs_1133179/train, save_frames=False, save_json=False, save_period=-1, save_txt=False, scale=0.5, seed=1006, shear=0.0, show=False, show_boxes=True, show_conf=True, show_labels=True, simplify=True, single_cls=False, source=None, split=val, stream_buffer=False, task=detect, time=None, tracker=botsort.yaml, translate=0.1, val=True, verbose=False, vid_stride=1, visualize=False, warmup_bias_lr=0.1, warmup_epochs=3.0, warmup_momentum=0.8, weight_decay=0.0005, workers=8, workspace=None
[36m(ClientAppActor pid=1133211)[0m 
[36m(ClientAppActor pid=1133173)[0m 
[36m(ClientAppActor pid=1133213)[0m 
[36m(ClientAppActor pid=1133213)[0m [34m[1mengine/trainer: [0magnostic_nms=False, amp=True, augment=False, auto_augment=randaugment, batch=4, bgr=0.0, box=7.5, cache=False, cfg=None, classes=None, close_mosaic=10, cls=0.5, compile=False, conf=None, copy_paste=0.0, copy_paste_mode=flip, cos_lr=False, cutmix=0.0, data=/ANON/fl_hod/data/yolo/client_configs/client_koeln.yaml, degrees=0.0, deterministic=True, device=0, dfl=1.5, dnn=False, dropout=0.0, dynamic=False, embed=None, epochs=3, erasing=0.4, exist_ok=False, fliplr=0.5, flipud=0.0, format=torchscript, fraction=1.0, freeze=None, half=False, hsv_h=0.015, hsv_s=0.7, hsv_v=0.4, imgsz=640, int8=False, iou=0.7, keras=False, kobj=1.0, line_width=None, lr0=0.001, lrf=0.01, mask_ratio=4, max_det=300, mixup=0.0, mode=train, model=/tmp/fl_yolo_models/yolov10s_client_1_1133213.pt, momentum=0.937, mosaic=1.0, multi_scale=False, name=train, nbs=64, nms=False, opset=None, optimize=False, optimizer=AdamW, overlap_mask=True, patience=100, perspective=0.0, plots=False, pose=12.0, pretrained=True, profile=False, project=/tmp/fl_yolo_runs_1133213, rect=False, resume=False, retina_masks=False, save=False, save_conf=False, save_crop=False, save_dir=/tmp/fl_yolo_runs_1133213/train, save_frames=False, save_json=False, save_period=-1, save_txt=False, scale=0.5, seed=1001, shear=0.0, show=False, show_boxes=True, show_conf=True, show_labels=True, simplify=True, single_cls=False, source=None, split=val, stream_buffer=False, task=detect, time=None, tracker=botsort.yaml, translate=0.1, val=True, verbose=False, vid_stride=1, visualize=False, warmup_bias_lr=0.1, warmup_epochs=3.0, warmup_momentum=0.8, weight_decay=0.0005, workers=8, workspace=None
[36m(ClientAppActor pid=1133171)[0m [34m[1mengine/trainer: [0magnostic_nms=False, amp=True, augment=False, auto_augment=randaugment, batch=4, bgr=0.0, box=7.5, cache=False, cfg=None, classes=None, close_mosaic=10, cls=0.5, compile=False, conf=None, copy_paste=0.0, copy_paste_mode=flip, cos_lr=False, cutmix=0.0, data=/ANON/fl_hod/data/yolo/client_configs/client_leipzig.yaml, degrees=0.0, deterministic=True, device=0, dfl=1.5, dnn=False, dropout=0.0, dynamic=False, embed=None, epochs=3, erasing=0.4, exist_ok=False, fliplr=0.5, flipud=0.0, format=torchscript, fraction=1.0, freeze=None, half=False, hsv_h=0.015, hsv_s=0.7, hsv_v=0.4, imgsz=640, int8=False, iou=0.7, keras=False, kobj=1.0, line_width=None, lr0=0.001, lrf=0.01, mask_ratio=4, max_det=300, mixup=0.0, mode=train, model=/tmp/fl_yolo_models/yolov10s_client_2_1133171.pt, momentum=0.937, mosaic=1.0, multi_scale=False, name=train, nbs=64, nms=False, opset=None, optimize=False, optimizer=AdamW, overlap_mask=True, patience=100, perspective=0.0, plots=False, pose=12.0, pretrained=True, profile=False, project=/tmp/fl_yolo_runs_1133171, rect=False, resume=False, retina_masks=False, save=False, save_conf=False, save_crop=False, save_dir=/tmp/fl_yolo_runs_1133171/train, save_frames=False, save_json=False, save_period=-1, save_txt=False, scale=0.5, seed=1002, shear=0.0, show=False, show_boxes=True, show_conf=True, show_labels=True, simplify=True, single_cls=False, source=None, split=val, stream_buffer=False, task=detect, time=None, tracker=botsort.yaml, translate=0.1, val=True, verbose=False, vid_stride=1, visualize=False, warmup_bias_lr=0.1, warmup_epochs=3.0, warmup_momentum=0.8, weight_decay=0.0005, workers=8, workspace=None
[36m(ClientAppActor pid=1133210)[0m 
[36m(ClientAppActor pid=1133179)[0m 
[36m(ClientAppActor pid=1133179)[0m  13                  -1  1    591360  ultralytics.nn.modules.block.C2f             [768, 256, 1]                 
[36m(ClientAppActor pid=1133179)[0m  16                  -1  1    148224  ultralytics.nn.modules.block.C2f             [384, 128, 1]                 
[36m(ClientAppActor pid=1133179)[0m  19                  -1  1    493056  ultralytics.nn.modules.block.C2f             [384, 256, 1]                 
[36m(ClientAppActor pid=1133179)[0m  23        [16, 19, 22]  1   1639574  ultralytics.nn.modules.head.v10Detect        [1, [128, 256, 512]]          
[36m(ClientAppActor pid=1133211)[0m [34m[1mengine/trainer: [0magnostic_nms=False, amp=True, augment=False, auto_augment=randaugment, batch=4, bgr=0.0, box=7.5, cache=False, cfg=None, classes=None, close_mosaic=10, cls=0.5, compile=False, conf=None, copy_paste=0.0, copy_paste_mode=flip, cos_lr=False, cutmix=0.0, data=/ANON/fl_hod/data/yolo/client_configs/client_lyon.yaml, degrees=0.0, deterministic=True, device=0, dfl=1.5, dnn=False, dropout=0.0, dynamic=False, embed=None, epochs=3, erasing=0.4, exist_ok=False, fliplr=0.5, flipud=0.0, format=torchscript, fraction=1.0, freeze=None, half=False, hsv_h=0.015, hsv_s=0.7, hsv_v=0.4, imgsz=640, int8=False, iou=0.7, keras=False, kobj=1.0, line_width=None, lr0=0.001, lrf=0.01, mask_ratio=4, max_det=300, mixup=0.0, mode=train, model=/tmp/fl_yolo_models/yolov10s_client_3_1133211.pt, momentum=0.937, mosaic=1.0, multi_scale=False, name=train, nbs=64, nms=False, opset=None, optimize=False, optimizer=AdamW, overlap_mask=True, patience=100, perspective=0.0, plots=False, pose=12.0, pretrained=True, profile=False, project=/tmp/fl_yolo_runs_1133211, rect=False, resume=False, retina_masks=False, save=False, save_conf=False, save_crop=False, save_dir=/tmp/fl_yolo_runs_1133211/train, save_frames=False, save_json=False, save_period=-1, save_txt=False, scale=0.5, seed=1003, shear=0.0, show=False, show_boxes=True, show_conf=True, show_labels=True, simplify=True, single_cls=False, source=None, split=val, stream_buffer=False, task=detect, time=None, tracker=botsort.yaml, translate=0.1, val=True, verbose=False, vid_stride=1, visualize=False, warmup_bias_lr=0.1, warmup_epochs=3.0, warmup_momentum=0.8, weight_decay=0.0005, workers=8, workspace=None
[36m(ClientAppActor pid=1133173)[0m [34m[1mengine/trainer: [0magnostic_nms=False, amp=True, augment=False, auto_augment=randaugment, batch=4, bgr=0.0, box=7.5, cache=False, cfg=None, classes=None, close_mosaic=10, cls=0.5, compile=False, conf=None, copy_paste=0.0, copy_paste_mode=flip, cos_lr=False, cutmix=0.0, data=/ANON/fl_hod/data/yolo/client_configs/client_roma.yaml, degrees=0.0, deterministic=True, device=0, dfl=1.5, dnn=False, dropout=0.0, dynamic=False, embed=None, epochs=3, erasing=0.4, exist_ok=False, fliplr=0.5, flipud=0.0, format=torchscript, fraction=1.0, freeze=None, half=False, hsv_h=0.015, hsv_s=0.7, hsv_v=0.4, imgsz=640, int8=False, iou=0.7, keras=False, kobj=1.0, line_width=None, lr0=0.001, lrf=0.01, mask_ratio=4, max_det=300, mixup=0.0, mode=train, model=/tmp/fl_yolo_models/yolov10s_client_5_1133173.pt, momentum=0.937, mosaic=1.0, multi_scale=False, name=train, nbs=64, nms=False, opset=None, optimize=False, optimizer=AdamW, overlap_mask=True, patience=100, perspective=0.0, plots=False, pose=12.0, pretrained=True, profile=False, project=/tmp/fl_yolo_runs_1133173, rect=False, resume=False, retina_masks=False, save=False, save_conf=False, save_crop=False, save_dir=/tmp/fl_yolo_runs_1133173/train, save_frames=False, save_json=False, save_period=-1, save_txt=False, scale=0.5, seed=1005, shear=0.0, show=False, show_boxes=True, show_conf=True, show_labels=True, simplify=True, single_cls=False, source=None, split=val, stream_buffer=False, task=detect, time=None, tracker=botsort.yaml, translate=0.1, val=True, verbose=False, vid_stride=1, visualize=False, warmup_bias_lr=0.1, warmup_epochs=3.0, warmup_momentum=0.8, weight_decay=0.0005, workers=8, workspace=None
[36m(ClientAppActor pid=1133213)[0m 
[36m(ClientAppActor pid=1133171)[0m 
[36m(ClientAppActor pid=1133171)[0m  13                  -1  1    591360  ultralytics.nn.modules.block.C2f             [768, 256, 1]                 
[36m(ClientAppActor pid=1133171)[0m  16                  -1  1    148224  ultralytics.nn.modules.block.C2f             [384, 128, 1]                 
[36m(ClientAppActor pid=1133171)[0m  19                  -1  1    493056  ultralytics.nn.modules.block.C2f             [384, 256, 1]                 
[36m(ClientAppActor pid=1133210)[0m [34m[1mengine/trainer: [0magnostic_nms=False, amp=True, augment=False, auto_augment=randaugment, batch=4, bgr=0.0, box=7.5, cache=False, cfg=None, classes=None, close_mosaic=10, cls=0.5, compile=False, conf=None, copy_paste=0.0, copy_paste_mode=flip, cos_lr=False, cutmix=0.0, data=/ANON/fl_hod/data/yolo/client_configs/client_budapest.yaml, degrees=0.0, deterministic=True, device=0, dfl=1.5, dnn=False, dropout=0.0, dynamic=False, embed=None, epochs=3, erasing=0.4, exist_ok=False, fliplr=0.5, flipud=0.0, format=torchscript, fraction=1.0, freeze=None, half=False, hsv_h=0.015, hsv_s=0.7, hsv_v=0.4, imgsz=640, int8=False, iou=0.7, keras=False, kobj=1.0, line_width=None, lr0=0.001, lrf=0.01, mask_ratio=4, max_det=300, mixup=0.0, mode=train, model=/tmp/fl_yolo_models/yolov10s_client_0_1133210.pt, momentum=0.937, mosaic=1.0, multi_scale=False, name=train, nbs=64, nms=False, opset=None, optimize=False, optimizer=AdamW, overlap_mask=True, patience=100, perspective=0.0, plots=False, pose=12.0, pretrained=True, profile=False, project=/tmp/fl_yolo_runs_1133210, rect=False, resume=False, retina_masks=False, save=False, save_conf=False, save_crop=False, save_dir=/tmp/fl_yolo_runs_1133210/train, save_frames=False, save_json=False, save_period=-1, save_txt=False, scale=0.5, seed=1000, shear=0.0, show=False, show_boxes=True, show_conf=True, show_labels=True, simplify=True, single_cls=False, source=None, split=val, stream_buffer=False, task=detect, time=None, tracker=botsort.yaml, translate=0.1, val=True, verbose=False, vid_stride=1, visualize=False, warmup_bias_lr=0.1, warmup_epochs=3.0, warmup_momentum=0.8, weight_decay=0.0005, workers=8, workspace=None
[36m(ClientAppActor pid=1133211)[0m 
[36m(ClientAppActor pid=1133211)[0m  13                  -1  1    591360  ultralytics.nn.modules.block.C2f             [768, 256, 1]                 
[36m(ClientAppActor pid=1133211)[0m  16                  -1  1    148224  ultralytics.nn.modules.block.C2f             [384, 128, 1]                 
[36m(ClientAppActor pid=1133211)[0m  19                  -1  1    493056  ultralytics.nn.modules.block.C2f             [384, 256, 1]                 
[36m(ClientAppActor pid=1133173)[0m 
[36m(ClientAppActor pid=1133173)[0m  13                  -1  1    591360  ultralytics.nn.modules.block.C2f             [768, 256, 1]                 
[36m(ClientAppActor pid=1133173)[0m  16                  -1  1    148224  ultralytics.nn.modules.block.C2f             [384, 128, 1]                 
[36m(ClientAppActor pid=1133173)[0m  19                  -1  1    493056  ultralytics.nn.modules.block.C2f             [384, 256, 1]                 
[36m(ClientAppActor pid=1133173)[0m  23        [16, 19, 22]  1   1639574  ultralytics.nn.modules.head.v10Detect        [1, [128, 256, 512]]          
[36m(ClientAppActor pid=1133213)[0m  13                  -1  1    591360  ultralytics.nn.modules.block.C2f             [768, 256, 1]                 
[36m(ClientAppActor pid=1133213)[0m  16                  -1  1    148224  ultralytics.nn.modules.block.C2f             [384, 128, 1]                 
[36m(ClientAppActor pid=1133213)[0m  19                  -1  1    493056  ultralytics.nn.modules.block.C2f             [384, 256, 1]                 
[36m(ClientAppActor pid=1133213)[0m  23        [16, 19, 22]  1   1639574  ultralytics.nn.modules.head.v10Detect        [1, [128, 256, 512]]          
[36m(ClientAppActor pid=1133171)[0m  23        [16, 19, 22]  1   1639574  ultralytics.nn.modules.head.v10Detect        [1, [128, 256, 512]]          
[36m(ClientAppActor pid=1133210)[0m 
[36m(ClientAppActor pid=1133210)[0m  13                  -1  1    591360  ultralytics.nn.modules.block.C2f             [768, 256, 1]                 
[36m(ClientAppActor pid=1133210)[0m  16                  -1  1    148224  ultralytics.nn.modules.block.C2f             [384, 128, 1]                 
[36m(ClientAppActor pid=1133210)[0m  19                  -1  1    493056  ultralytics.nn.modules.block.C2f             [384, 256, 1]                 
[36m(ClientAppActor pid=1133210)[0m  23        [16, 19, 22]  1   1639574  ultralytics.nn.modules.head.v10Detect        [1, [128, 256, 512]]          
[36m(ClientAppActor pid=1133179)[0m 
[36m(ClientAppActor pid=1133211)[0m  23        [16, 19, 22]  1   1639574  ultralytics.nn.modules.head.v10Detect        [1, [128, 256, 512]]          
[36m(ClientAppActor pid=1133171)[0m 
[36m(ClientAppActor pid=1133211)[0m 
[36m(ClientAppActor pid=1133173)[0m 
[36m(ClientAppActor pid=1133213)[0m 
[36m(ClientAppActor pid=1133210)[0m 
[36m(ClientAppActor pid=1133209)[0m [34m[1mAMP: [0mchecks passed [36m(ClientAppActor pid=1133209)[0m [34m[1mtrain: [0mFast image access (ping: 0.0±0.0 ms, read: 5823.6±1175.7 MB/s, size: 2251.8 KB)
[36m(ClientAppActor pid=1133209)[0m 
[K[34m[1mtrain: [0mScanning /ANON/fl_hod/data/yolo/labels/ecp/train... 77 images, 0 backgrounds, 0 corrupt: 18% ━━────────── 77/422 226.7it/s 0.1s<1.5s
[36m(ClientAppActor pid=1133209)[0m 
[K[34m[1mtrain: [0mScanning /ANON/fl_hod/data/yolo/labels/ecp/train... 172 images, 0 backgrounds, 0 corrupt: 41% ━━━━╸─────── 172/422 441.5it/s 0.2s<0.6s
[36m(ClientAppActor pid=1133209)[0m 
[K[34m[1mtrain: [0mScanning /ANON/fl_hod/data/yolo/labels/ecp/train... 260 images, 0 backgrounds, 0 corrupt: 62% ━━━━━━━───── 260/422 572.9it/s 0.3s<0.3s
[36m(ClientAppActor pid=1133209)[0m 
[K[34m[1mtrain: [0mScanning /ANON/fl_hod/data/yolo/labels/ecp/train... 348 images, 0 backgrounds, 0 corrupt: 82% ━━━━━━━━━╸── 348/422 662.6it/s 0.4s<0.1s
[36m(ClientAppActor pid=1133209)[0m 
[K[34m[1mtrain: [0mScanning /ANON/fl_hod/data/yolo/labels/ecp/train... 422 images, 0 backgrounds, 0 corrupt: 100% ━━━━━━━━━━━━ 422/422 880.1it/s 0.5s
[K[34m[1mtrain: [0mScanning /ANON/fl_hod/data/yolo/labels/ecp/train... 422 images, 0 backgrounds, 0 corrupt: 100% ━━━━━━━━━━━━ 422/422 880.0it/s 0.5s
[36m(ClientAppActor pid=1133209)[0m [34m[1mval: [0mFast image access (ping: 0.0±0.0 ms, read: 3833.3±1966.5 MB/s, size: 2349.8 KB)
[36m(ClientAppActor pid=1133209)[0m 
[K[34m[1mval: [0mScanning /ANON/fl_hod/data/yolo/labels/ecp/val... 45 images, 0 backgrounds, 0 corrupt: 65% ━━━━━━━╸──── 45/69 133.9it/s 0.1s<0.2s
[K[34m[1mval: [0mScanning /ANON/fl_hod/data/yolo/labels/ecp/val... 69 images, 0 backgrounds, 0 corrupt: 100% ━━━━━━━━━━━━ 69/69 548.2it/s 0.1s
[K[34m[1mval: [0mScanning /ANON/fl_hod/data/yolo/labels/ecp/val... 69 images, 0 backgrounds, 0 corrupt: 100% ━━━━━━━━━━━━ 69/69 547.8it/s 0.1s
[36m(ClientAppActor pid=1133179)[0m 
[K[34m[1mtrain: [0mScanning /ANON/fl_hod/data/yolo/labels/ecp/train... 65 images, 0 backgrounds, 0 corrupt: 14% ━╸────────── 65/457 191.3it/s 0.1s<2.0s
[36m(ClientAppActor pid=1133179)[0m 
[K[34m[1mtrain: [0mScanning /ANON/fl_hod/data/yolo/labels/ecp/train... 138 images, 0 backgrounds, 0 corrupt: 30% ━━━╸──────── 138/457 349.6it/s 0.2s<0.9s
[36m(ClientAppActor pid=1133179)[0m 
[K[34m[1mtrain: [0mScanning /ANON/fl_hod/data/yolo/labels/ecp/train... 210 images, 0 backgrounds, 0 corrupt: 46% ━━━━━╸────── 210/457 459.9it/s 0.3s<0.5s
[36m(ClientAppActor pid=1133210)[0m 
[K[34m[1mtrain: [0mScanning /ANON/fl_hod/data/yolo/labels/ecp/train... 34 images, 0 backgrounds, 0 corrupt: 7% ╸─────────── 34/475 99.7it/s 0.1s<4.4s
[36m(ClientAppActor pid=1133211)[0m 
[K[34m[1mtrain: [0mScanning /ANON/fl_hod/data/yolo/labels/ecp/train... 43 images, 0 backgrounds, 0 corrupt: 9% ━─────────── 43/477 109.5it/s 0.1s<4.0s
[36m(ClientAppActor pid=1133179)[0m 
[K[34m[1mtrain: [0mScanning /ANON/fl_hod/data/yolo/labels/ecp/train... 253 images, 0 backgrounds, 0 corrupt: 55% ━━━━━━╸───── 253/457 424.0it/s 0.4s<0.5s
[36m(ClientAppActor pid=1133179)[0m 
[K[34m[1mtrain: [0mScanning /ANON/fl_hod/data/yolo/labels/ecp/train... 314 images, 0 backgrounds, 0 corrupt: 69% ━━━━━━━━──── 314/457 476.2it/s 0.5s<0.3s
[36m(ClientAppActor pid=1133213)[0m 
[K[34m[1mtrain: [0mScanning /ANON/fl_hod/data/yolo/labels/ecp/train... 128 images, 0 backgrounds, 0 corrupt: 26% ━━━───────── 128/496 263.4it/s 0.3s<1.4s
[36m(ClientAppActor pid=1133171)[0m 
[K[34m[1mtrain: [0mScanning /ANON/fl_hod/data/yolo/labels/ecp/train... 150 images, 0 backgrounds, 0 corrupt: 88% ━━━━━━━━━━╸─ 150/170 312.2it/s 0.3s<0.1s
[K[34m[1mtrain: [0mScanning /ANON/fl_hod/data/yolo/labels/ecp/train... 170 images, 0 backgrounds, 0 corrupt: 100% ━━━━━━━━━━━━ 170/170 520.0it/s 0.3s
[K[34m[1mtrain: [0mScanning /ANON/fl_hod/data/yolo/labels/ecp/train... 170 images, 0 backgrounds, 0 corrupt: 100% ━━━━━━━━━━━━ 170/170 520.0it/s 0.3s
[36m(ClientAppActor pid=1133179)[0m 
[K[34m[1mtrain: [0mScanning /ANON/fl_hod/data/yolo/labels/ecp/train... 383 images, 0 backgrounds, 0 corrupt: 84% ━━━━━━━━━━── 383/457 512.8it/s 0.6s<0.1s
[36m(ClientAppActor pid=1133210)[0m 
[K[34m[1mtrain: [0mScanning /ANON/fl_hod/data/yolo/labels/ecp/train... 199 images, 0 backgrounds, 0 corrupt: 42% ━━━━━─────── 199/475 345.8it/s 0.5s<0.8s
[36m(ClientAppActor pid=1133179)[0m 
[K[34m[1mtrain: [0mScanning /ANON/fl_hod/data/yolo/labels/ecp/train... 434 images, 0 backgrounds, 0 corrupt: 95% ━━━━━━━━━━━─ 434/457 473.5it/s 0.8s<0.0s
[K[34m[1mtrain: [0mScanning /ANON/fl_hod/data/yolo/labels/ecp/train... 457 images, 0 backgrounds, 0 corrupt: 100% ━━━━━━━━━━━━ 457/457 584.2it/s 0.8s
[K[34m[1mtrain: [0mScanning /ANON/fl_hod/data/yolo/labels/ecp/train... 457 images, 0 backgrounds, 0 corrupt: 100% ━━━━━━━━━━━━ 457/457 584.2it/s 0.8s
[36m(ClientAppActor pid=1133210)[0m 
[K[34m[1mtrain: [0mScanning /ANON/fl_hod/data/yolo/labels/ecp/train... 246 images, 0 backgrounds, 0 corrupt: 52% ━━━━━━────── 246/475 354.7it/s 0.6s<0.6s
[36m(ClientAppActor pid=1133171)[0m 
[K[34m[1mval: [0mScanning /ANON/fl_hod/data/yolo/labels/ecp/val... 15 images, 0 backgrounds, 0 corrupt: 100% ━━━━━━━━━━━━ 15/15 522.9it/s 0.0s
[K[34m[1mval: [0mScanning /ANON/fl_hod/data/yolo/labels/ecp/val... 15 images, 0 backgrounds, 0 corrupt: 100% ━━━━━━━━━━━━ 15/15 260.0it/s 0.1s
[36m(ClientAppActor pid=1133211)[0m 
[K[34m[1mtrain: [0mScanning /ANON/fl_hod/data/yolo/labels/ecp/train... 328 images, 0 backgrounds, 0 corrupt: 69% ━━━━━━━━──── 328/477 504.9it/s 0.7s<0.3s
[K[34m[1mtrain: [0mScanning /ANON/fl_hod/data/yolo/labels/ecp/train... 391 images, 0 backgrounds, 0 corrupt: 82% ━━━━━━━━━╸── 391/477 542.0it/s 0.8s<0.2s
[36m(ClientAppActor pid=1133210)[0m 
[K[34m[1mtrain: [0mScanning /ANON/fl_hod/data/yolo/labels/ecp/train... 412 images, 0 backgrounds, 0 corrupt: 87% ━━━━━━━━━━── 412/475 559.8it/s 0.8s<0.1s
[K[34m[1mtrain: [0mScanning /ANON/fl_hod/data/yolo/labels/ecp/train... 475 images, 0 backgrounds, 0 corrupt: 100% ━━━━━━━━━━━━ 475/475 551.5it/s 0.9s
[K[34m[1mtrain: [0mScanning /ANON/fl_hod/data/yolo/labels/ecp/train... 475 images, 0 backgrounds, 0 corrupt: 100% ━━━━━━━━━━━━ 475/475 551.5it/s 0.9s
[36m(ClientAppActor pid=1133173)[0m 
[K[34m[1mtrain: [0mScanning /ANON/fl_hod/data/yolo/labels/ecp/train... 467 images, 0 backgrounds, 0 corrupt: 65% ━━━━━━━╸──── 467/724 484.5it/s 1.0s<0.5s
[36m(ClientAppActor pid=1133173)[0m 
[K[34m[1mtrain: [0mScanning /ANON/fl_hod/data/yolo/labels/ecp/train... 526 images, 0 backgrounds, 0 corrupt: 73% ━━━━━━━━╸─── 526/724 500.0it/s 1.1s<0.4s
[36m(ClientAppActor pid=1133211)[0m 
[K[34m[1mval: [0mScanning /ANON/fl_hod/data/yolo/labels/ecp/val... 13 images, 0 backgrounds, 0 corrupt: 11% ━─────────── 13/115 37.4it/s 0.1s<2.7s
[36m(ClientAppActor pid=1133173)[0m 
[K[34m[1mtrain: [0mScanning /ANON/fl_hod/data/yolo/labels/ecp/train... 705 images, 0 backgrounds, 0 corrupt: 97% ━━━━━━━━━━━╸ 705/724 540.7it/s 1.5s<0.0s
[K[34m[1mtrain: [0mScanning /ANON/fl_hod/data/yolo/labels/ecp/train... 724 images, 0 backgrounds, 0 corrupt: 100% ━━━━━━━━━━━━ 724/724 491.4it/s 1.5s
[K[34m[1mtrain: [0mScanning /ANON/fl_hod/data/yolo/labels/ecp/train... 724 images, 0 backgrounds, 0 corrupt: 100% ━━━━━━━━━━━━ 724/724 491.4it/s 1.5s
[36m(ClientAppActor pid=1133210)[0m 
[K[34m[1mval: [0mScanning /ANON/fl_hod/data/yolo/labels/ecp/val... 29 images, 0 backgrounds, 0 corrupt: 34% ━━━━──────── 29/86 77.8it/s 0.1s<0.7s
[36m(ClientAppActor pid=1133211)[0m 
[K[34m[1mval: [0mScanning /ANON/fl_hod/data/yolo/labels/ecp/val... 71 images, 0 backgrounds, 0 corrupt: 62% ━━━━━━━───── 71/115 163.2it/s 0.2s<0.3s
[K[34m[1mval: [0mScanning /ANON/fl_hod/data/yolo/labels/ecp/val... 115 images, 0 backgrounds, 0 corrupt: 100% ━━━━━━━━━━━━ 115/115 447.7it/s 0.3s
[K[34m[1mval: [0mScanning /ANON/fl_hod/data/yolo/labels/ecp/val... 115 images, 0 backgrounds, 0 corrupt: 100% ━━━━━━━━━━━━ 115/115 447.6it/s 0.3s
[36m(ClientAppActor pid=1133213)[0m 
[K[34m[1mval: [0mScanning /ANON/fl_hod/data/yolo/labels/ecp/val... 1 images, 0 backgrounds, 0 corrupt: 1% ──────────── 1/82 1.8it/s 0.2s<44.6s
[36m(ClientAppActor pid=1133173)[0m [Client PID=1133173] Ultralytics cache patched v3 (utils + dataset modules)[32m [repeated 6x across cluster] (Ray deduplicates logs by default. Set RAY_DEDUP_LOGS=0 to disable log deduplication, or see https://docs.ray.io/en/master/ray-observability/user-guides/configure-logging.html#log-deduplication for more options.)[0m
[36m(ClientAppActor pid=1133210)[0m [Client 0] Initializing YOLOv10-S...[32m [repeated 6x across cluster][0m
[36m(ClientAppActor pid=1133210)[0m [Client 0] Ready[32m [repeated 6x across cluster][0m
[36m(ClientAppActor pid=1133173)[0m   Data: /ANON/fl_hod/data/yolo/client_configs/client_roma.yaml
[36m(ClientAppActor pid=1133210)[0m   Local epochs: 3[32m [repeated 6x across cluster][0m
[36m(ClientAppActor pid=1133210)[0m   Batch size: 4[32m [repeated 6x across cluster][0m
[36m(ClientAppActor pid=1133210)[0m   FedBN: False[32m [repeated 6x across cluster][0m
[36m(ClientAppActor pid=1133210)[0m [Client 0] Starting local training (seed=1000)...[32m [repeated 6x across cluster][0m
[36m(ClientAppActor pid=1133173)[0m New https://pypi.org/project/ultralytics/8.4.47 available Update with 'pip install -U ultralytics'[32m [repeated 6x across cluster][0m
[36m(ClientAppActor pid=1133210)[0m Ultralytics 8.3.234 Python-3.10.19 torch-2.6.0+cu124 CUDA:0 (NVIDIA RTX 5000 Ada Generation, 32220MiB)[32m [repeated 6x across cluster][0m
[36m(ClientAppActor pid=1133213)[0m 
[K[34m[1mval: [0mScanning /ANON/fl_hod/data/yolo/labels/ecp/val... 17 images, 0 backgrounds, 0 corrupt: 21% ━━────────── 17/82 27.1it/s 0.5s<2.4s
[36m(ClientAppActor pid=1133209)[0m [34m[1moptimizer:[0m AdamW(lr=0.001, momentum=0.937) with parameter groups 99 weight(decay=0.0), 112 weight(decay=0.0005), 111 bias(decay=0.0)
[36m(ClientAppActor pid=1133209)[0m Image sizes 640 train, 640 val
[36m(ClientAppActor pid=1133209)[0m Using 8 dataloader workers
[36m(ClientAppActor pid=1133209)[0m Logging results to [1m/tmp/fl_yolo_runs_1133209/train[0m
[36m(ClientAppActor pid=1133209)[0m Starting training for 3 epochs...
[36m(ClientAppActor pid=1133209)[0m 
[36m(ClientAppActor pid=1133209)[0m       Epoch    GPU_mem   box_loss   cls_loss   dfl_loss  Instances       Size
[36m(ClientAppActor pid=1133210)[0m Overriding model.yaml nc=80 with nc=1[32m [repeated 6x across cluster][0m
[36m(ClientAppActor pid=1133210)[0m                    from  n    params  module                                       arguments                     [32m [repeated 6x across cluster][0m
[36m(ClientAppActor pid=1133210)[0m  17                  -1  1    147712  ultralytics.nn.modules.conv.Conv             [128, 128, 3, 2]              [32m [repeated 24x across cluster][0m
[36m(ClientAppActor pid=1133210)[0m   6                  -1  2    788480  ultralytics.nn.modules.block.C2f             [256, 256, 2, True]           [32m [repeated 18x across cluster][0m
[36m(ClientAppActor pid=1133210)[0m  20                  -1  1     68864  ultralytics.nn.modules.block.SCDown          [256, 256, 3, 2]              [32m [repeated 18x across cluster][0m
[36m(ClientAppActor pid=1133210)[0m  22                  -1  1   1089536  ultralytics.nn.modules.block.C2fCIB          [768, 512, 1, True, True]     [32m [repeated 12x across cluster][0m
[36m(ClientAppActor pid=1133210)[0m   9                  -1  1    656896  ultralytics.nn.modules.block.SPPF            [512, 512, 5]                 [32m [repeated 6x across cluster][0m
[36m(ClientAppActor pid=1133210)[0m  10                  -1  1    990976  ultralytics.nn.modules.block.PSA             [512, 512]                    [32m [repeated 6x across cluster][0m
[36m(ClientAppActor pid=1133210)[0m  14                  -1  1         0  torch.nn.modules.upsampling.Upsample         [None, 2, 'nearest']          [32m [repeated 12x across cluster][0m
[36m(ClientAppActor pid=1133210)[0m  21            [-1, 10]  1         0  ultralytics.nn.modules.conv.Concat           [1]                           [32m [repeated 24x across cluster][0m
[36m(ClientAppActor pid=1133213)[0m 
[K[34m[1mval: [0mScanning /ANON/fl_hod/data/yolo/labels/ecp/val... 25 images, 0 backgrounds, 0 corrupt: 30% ━━━╸──────── 25/82 34.8it/s 0.6s<1.6s
[36m(ClientAppActor pid=1133213)[0m 
[K[34m[1mval: [0mScanning /ANON/fl_hod/data/yolo/labels/ecp/val... 32 images, 0 backgrounds, 0 corrupt: 39% ━━━━╸─────── 32/82 45.2it/s 0.7s<1.1s
[36m(ClientAppActor pid=1133173)[0m 
[K[34m[1mval: [0mScanning /ANON/fl_hod/data/yolo/labels/ecp/val... 31 images, 0 backgrounds, 0 corrupt: 23% ━━╸───────── 31/133 81.9it/s 0.4s<1.2s
[36m(ClientAppActor pid=1133210)[0m YOLOv10s summary: 234 layers, 8,067,126 parameters, 8,067,110 gradients, 24.8 GFLOPs[32m [repeated 6x across cluster][0m
[36m(ClientAppActor pid=1133211)[0m Transferred 607/619 items from pretrained weights[32m [repeated 6x across cluster][0m
[36m(ClientAppActor pid=1133213)[0m 
[K[34m[1mval: [0mScanning /ANON/fl_hod/data/yolo/labels/ecp/val... 39 images, 0 backgrounds, 0 corrupt: 48% ━━━━━╸────── 39/82 50.7it/s 0.8s<0.8s
[K[34m[1mval: [0mScanning /ANON/fl_hod/data/yolo/labels/ecp/val... 82 images, 0 backgrounds, 0 corrupt: 100% ━━━━━━━━━━━━ 82/82 90.5it/s 0.9s
[K[34m[1mval: [0mScanning /ANON/fl_hod/data/yolo/labels/ecp/val... 82 images, 0 backgrounds, 0 corrupt: 100% ━━━━━━━━━━━━ 82/82 90.5it/s 0.9s
[36m(ClientAppActor pid=1133173)[0m 
[K[34m[1mval: [0mScanning /ANON/fl_hod/data/yolo/labels/ecp/val... 89 images, 0 backgrounds, 0 corrupt: 67% ━━━━━━━━──── 89/133 226.3it/s 0.5s<0.2s
[36m(ClientAppActor pid=1133173)[0m Freezing layer 'model.23.dfl.conv.weight'[32m [repeated 6x across cluster][0m
[36m(ClientAppActor pid=1133173)[0m [34m[1mAMP: [0mrunning Automatic Mixed Precision (AMP) checks...[32m [repeated 6x across cluster][0m
[36m(ClientAppActor pid=1133210)[0m [Client 0] ️  MALICIOUS - Attack: FeaturePoisoningAttack
[36m(ClientAppActor pid=1133209)[0m 
[K        1/3      1.36G      6.056      12.54        2.6         53        640: 0% ──────────── 0/106  2.9s
[36m(ClientAppActor pid=1133171)[0m [34m[1mAMP: [0mchecks passed [32m [repeated 6x across cluster][0m
[36m(ClientAppActor pid=1133173)[0m [34m[1mval: [0mFast image access (ping: 0.0±0.0 ms, read: 549.8±672.8 MB/s, size: 2299.0 KB)[32m [repeated 12x across cluster][0m
[36m(ClientAppActor pid=1133173)[0m 
[K[34m[1mtrain: [0mScanning /ANON/fl_hod/data/yolo/labels/ecp/train... 143 images, 0 backgrounds, 0 corrupt: 20% ━━────────── 143/724 307.0it/s 0.3s<1.9s[32m [repeated 4x across cluster][0m
[36m(ClientAppActor pid=1133213)[0m 
[K[34m[1mtrain: [0mScanning /ANON/fl_hod/data/yolo/labels/ecp/train... 188 images, 0 backgrounds, 0 corrupt: 38% ━━━━╸─────── 188/496 335.5it/s 0.4s<0.9s
[36m(ClientAppActor pid=1133173)[0m 
[K[34m[1mtrain: [0mScanning /ANON/fl_hod/data/yolo/labels/ecp/train... 583 images, 0 backgrounds, 0 corrupt: 81% ━━━━━━━━━╸── 583/724 506.2it/s 1.2s<0.3s[32m [repeated 2x across cluster][0m
[36m(ClientAppActor pid=1133213)[0m 
[K[34m[1mtrain: [0mScanning /ANON/fl_hod/data/yolo/labels/ecp/train... 496 images, 0 backgrounds, 0 corrupt: 100% ━━━━━━━━━━━━ 496/496 480.8it/s 1.0s
[K[34m[1mtrain: [0mScanning /ANON/fl_hod/data/yolo/labels/ecp/train... 496 images, 0 backgrounds, 0 corrupt: 100% ━━━━━━━━━━━━ 496/496 480.8it/s 1.0s[32m [repeated 2x across cluster][0m
[36m(ClientAppActor pid=1133179)[0m 
[K[34m[1mval: [0mScanning /ANON/fl_hod/data/yolo/labels/ecp/val... 53 images, 0 backgrounds, 0 corrupt: 66% ━━━━━━━╸──── 53/80 157.2it/s 0.1s<0.2s
[K[34m[1mval: [0mScanning /ANON/fl_hod/data/yolo/labels/ecp/val... 80 images, 0 backgrounds, 0 corrupt: 100% ━━━━━━━━━━━━ 80/80 656.5it/s 0.1s
[K[34m[1mval: [0mScanning /ANON/fl_hod/data/yolo/labels/ecp/val... 80 images, 0 backgrounds, 0 corrupt: 100% ━━━━━━━━━━━━ 80/80 656.2it/s 0.1s
[36m(ClientAppActor pid=1133173)[0m 
[K[34m[1mtrain: [0mScanning /ANON/fl_hod/data/yolo/labels/ecp/train... 239 images, 0 backgrounds, 0 corrupt: 33% ━━━╸──────── 239/724 367.4it/s 0.6s<1.3s[32m [repeated 4x across cluster][0m
[36m(ClientAppActor pid=1133173)[0m 
[K[34m[1mtrain: [0mScanning /ANON/fl_hod/data/yolo/labels/ecp/train... 344 images, 0 backgrounds, 0 corrupt: 48% ━━━━━╸────── 344/724 425.0it/s 0.8s<0.9s
[36m(ClientAppActor pid=1133173)[0m 
[K[34m[1mtrain: [0mScanning /ANON/fl_hod/data/yolo/labels/ecp/train... 42 images, 0 backgrounds, 0 corrupt: 6% ╸─────────── 42/724 124.0it/s 0.1s<5.5s
[36m(ClientAppActor pid=1133173)[0m 
[K[34m[1mtrain: [0mScanning /ANON/fl_hod/data/yolo/labels/ecp/train... 74 images, 0 backgrounds, 0 corrupt: 10% ━─────────── 74/724 160.8it/s 0.2s<4.0s[32m [repeated 2x across cluster][0m
[36m(ClientAppActor pid=1133173)[0m 
[K[34m[1mtrain: [0mScanning /ANON/fl_hod/data/yolo/labels/ecp/train... 413 images, 0 backgrounds, 0 corrupt: 57% ━━━━━━╸───── 413/724 473.9it/s 0.9s<0.7s[32m [repeated 3x across cluster][0m
[36m(ClientAppActor pid=1133213)[0m 
[K[34m[1mtrain: [0mScanning /ANON/fl_hod/data/yolo/labels/ecp/train... 345 images, 0 backgrounds, 0 corrupt: 70% ━━━━━━━━──── 345/496 450.7it/s 0.8s<0.3s[32m [repeated 2x across cluster][0m
[36m(ClientAppActor pid=1133173)[0m 
[K[34m[1mtrain: [0mScanning /ANON/fl_hod/data/yolo/labels/ecp/train... 185 images, 0 backgrounds, 0 corrupt: 26% ━━━───────── 185/724 307.4it/s 0.5s<1.8s
[36m(ClientAppActor pid=1133173)[0m 
[K[34m[1mtrain: [0mScanning /ANON/fl_hod/data/yolo/labels/ecp/train... 630 images, 0 backgrounds, 0 corrupt: 87% ━━━━━━━━━━── 630/724 461.1it/s 1.4s<0.2s[32m [repeated 2x across cluster][0m
[36m(ClientAppActor pid=1133173)[0m 
[K[34m[1mtrain: [0mScanning /ANON/fl_hod/data/yolo/labels/ecp/train... 303 images, 0 backgrounds, 0 corrupt: 42% ━━━━━─────── 303/724 436.6it/s 0.7s<1.0s[32m [repeated 3x across cluster][0m
[36m(ClientAppActor pid=1133211)[0m 
[K[34m[1mtrain: [0mScanning /ANON/fl_hod/data/yolo/labels/ecp/train... 243 images, 0 backgrounds, 0 corrupt: 51% ━━━━━━────── 243/477 366.1it/s 0.6s<0.6s
[36m(ClientAppActor pid=1133179)[0m 
[36m(ClientAppActor pid=1133171)[0m 
[36m(ClientAppActor pid=1133209)[0m 
[K        1/3      1.36G      5.068      30.59      2.532          8        640: 1% ──────────── 1/106 2.2s/it 3.6s<3:51
[36m(ClientAppActor pid=1133173)[0m 
[K[34m[1mval: [0mScanning /ANON/fl_hod/data/yolo/labels/ecp/val... 133 images, 0 backgrounds, 0 corrupt: 100% ━━━━━━━━━━━━ 133/133 246.9it/s 0.5s
[K[34m[1mval: [0mScanning /ANON/fl_hod/data/yolo/labels/ecp/val... 133 images, 0 backgrounds, 0 corrupt: 100% ━━━━━━━━━━━━ 133/133 246.8it/s 0.5s[32m [repeated 2x across cluster][0m
[36m(ClientAppActor pid=1133210)[0m 
[36m(ClientAppActor pid=1133209)[0m 
[K        1/3      1.36G      4.556      24.01      2.408         49        640: 2% ──────────── 2/106 1.1s/it 4.1s<1:58
[36m(ClientAppActor pid=1133213)[0m 
[K[34m[1mval: [0mScanning /ANON/fl_hod/data/yolo/labels/ecp/val... 9 images, 0 backgrounds, 0 corrupt: 11% ━─────────── 9/82 17.4it/s 0.3s<4.2s
[36m(ClientAppActor pid=1133209)[0m 
[K        1/3      1.36G      5.363       25.1      2.461         58        640: 3% ──────────── 3/106 1.2s/it 5.4s<2:00
[36m(ClientAppActor pid=1133173)[0m 
[K[34m[1mval: [0mScanning /ANON/fl_hod/data/yolo/labels/ecp/val... 3 images, 0 backgrounds, 0 corrupt: 2% ──────────── 3/133 6.8it/s 0.3s<19.0s[32m [repeated 2x across cluster][0m
[36m(ClientAppActor pid=1133210)[0m [34m[1moptimizer:[0m AdamW(lr=0.001, momentum=0.937) with parameter groups 99 weight(decay=0.0), 112 weight(decay=0.0005), 111 bias(decay=0.0)[32m [repeated 3x across cluster][0m
[36m(ClientAppActor pid=1133210)[0m Image sizes 640 train, 640 val[32m [repeated 3x across cluster][0m
[36m(ClientAppActor pid=1133210)[0m Using 8 dataloader workers[32m [repeated 3x across cluster][0m
[36m(ClientAppActor pid=1133210)[0m Logging results to [1m/tmp/fl_yolo_runs_1133210/train[0m[32m [repeated 3x across cluster][0m
[36m(ClientAppActor pid=1133210)[0m Starting training for 3 epochs...[32m [repeated 3x across cluster][0m
[36m(ClientAppActor pid=1133210)[0m       Epoch    GPU_mem   box_loss   cls_loss   dfl_loss  Instances       Size[32m [repeated 3x across cluster][0m
[36m(ClientAppActor pid=1133209)[0m 
[K        1/3      1.36G      5.057       23.5      2.418         26        640: 4% ──────────── 4/106 1.6it/s 5.7s<1:02
[36m(ClientAppActor pid=1133213)[0m 
*** SIGTERM received at time=1778237930 on cpu 17 ***
PC: @     0x7c04fc898d71  (unknown)  (unknown)
    @     0x7c04fc845330  1502343936  (unknown)
    @     0x7c04fc8a4fb8         96  (unknown)
    @           0x4d6779  (unknown)  PyThread_acquire_lock_timed
[2026-05-08 20:58:50,752 E 1132908 1132908] logging.cc:474: *** SIGTERM received at time=1778237930 on cpu 17 ***
[2026-05-08 20:58:50,752 E 1132908 1132908] logging.cc:474: PC: @     0x7c04fc898d71  (unknown)  (unknown)
[2026-05-08 20:58:50,752 E 1132908 1132908] logging.cc:474:     @     0x7c04fc845330  1502343936  (unknown)
[2026-05-08 20:58:50,752 E 1132908 1132908] logging.cc:474:     @     0x7c04fc8a4fb8         96  (unknown)
[2026-05-08 20:58:50,752 E 1132908 1132908] logging.cc:474:     @           0x4d6779  (unknown)  PyThread_acquire_lock_timed
