[93mWARNING [0m:   DEPRECATED FEATURE: flwr.simulation.start_simulation() is deprecated.
	Instead, use the `flwr run` CLI command to start a local simulation in your Flower app, as shown for example below:

		$ flwr new  # Create a new Flower app from a template

		$ flwr run  # Run the Flower app in Simulation Mode

	Using `start_simulation()` is deprecated.

            This is a deprecated feature. It will be removed
            entirely in future versions of Flower.
        
[92mINFO [0m:      Starting Flower simulation, config: num_rounds=60, no round_timeout
2026-05-06 02:54:48,235	INFO worker.py:2012 -- Started a local Ray instance.
/ANON/miniconda3/envs/federatedlearning/lib/python3.10/site-packages/ray/_private/worker.py:2051: FutureWarning: Tip: In future versions of Ray, Ray will no longer override accelerator visible devices env var if num_gpus=0 or num_gpus=None (default). To enable this behavior and turn off this error message, set RAY_ACCEL_ENV_VAR_OVERRIDE_ON_ZERO=0
  warnings.warn(
[92mINFO [0m:      Flower VCE: Ray initialized with resources: {'node:__internal_head__': 1.0, 'CPU': 14.0, 'memory': 84107967284.0, 'TPU': 1.0, 'object_store_memory': 36046271692.0, 'GPU': 1.0, 'node:ANON_IP': 1.0}
INFO:flwr:Flower VCE: Ray initialized with resources: {'node:__internal_head__': 1.0, 'CPU': 14.0, 'memory': 84107967284.0, 'TPU': 1.0, 'object_store_memory': 36046271692.0, 'GPU': 1.0, 'node:ANON_IP': 1.0}
[92mINFO [0m:      Optimize your simulation with Flower VCE: https://flower.ai/docs/framework/how-to-run-simulations.html
INFO:flwr:Optimize your simulation with Flower VCE: https://flower.ai/docs/framework/how-to-run-simulations.html
[92mINFO [0m:      Flower VCE: Resources for each Virtual Client: {'num_cpus': 2, 'num_gpus': 0.14}
INFO:flwr:Flower VCE: Resources for each Virtual Client: {'num_cpus': 2, 'num_gpus': 0.14}
[92mINFO [0m:      Flower VCE: Creating VirtualClientEngineActorPool with 7 actors
INFO:flwr:Flower VCE: Creating VirtualClientEngineActorPool with 7 actors
[92mINFO [0m:      [INIT]
INFO:flwr:[INIT]
[92mINFO [0m:      Requesting initial parameters from one random client
INFO:flwr:Requesting initial parameters from one random client
[36m(ClientAppActor pid=402465)[0m [93mWARNING [0m:   DEPRECATED FEATURE: `client_fn` now expects a signature `def client_fn(context: Context)`.The provided `client_fn` has signature: {'cid': <Parameter "cid: str">}. You can import the `Context` like this: `from flwr.common import Context`
[36m(ClientAppActor pid=402465)[0m 
[36m(ClientAppActor pid=402465)[0m             This is a deprecated feature. It will be removed
[36m(ClientAppActor pid=402465)[0m             entirely in future versions of Flower.
[36m(ClientAppActor pid=402465)[0m         
[92mINFO [0m:      Received initial parameters from one random client
INFO:flwr:Received initial parameters from one random client
[92mINFO [0m:      Starting evaluation of initial global parameters
INFO:flwr:Starting evaluation of initial global parameters
[92mINFO [0m:      Evaluation returned no results (`None`)
INFO:flwr:Evaluation returned no results (`None`)
[92mINFO [0m:      
INFO:flwr:
[92mINFO [0m:      [ROUND 1]
INFO:flwr:[ROUND 1]
[92mINFO [0m:      configure_fit: strategy sampled 7 clients (out of 7)
INFO:flwr:configure_fit: strategy sampled 7 clients (out of 7)
[36m(ClientAppActor pid=402465)[0m [93mWARNING [0m:   Deprecation Warning: The `client_fn` function must return an instance of `Client`, but an instance of `NumpyClient` was returned. Please use `NumPyClient.to_client()` method to convert it to `Client`.
[36m(ClientAppActor pid=402465)[0m [93mWARNING [0m:   DEPRECATED FEATURE: `client_fn` now expects a signature `def client_fn(context: Context)`.The provided `client_fn` has signature: {'cid': <Parameter "cid: str">}. You can import the `Context` like this: `from flwr.common import Context`
[36m(ClientAppActor pid=402465)[0m 
[36m(ClientAppActor pid=402465)[0m             This is a deprecated feature. It will be removed
[36m(ClientAppActor pid=402465)[0m             entirely in future versions of Flower.
[36m(ClientAppActor pid=402465)[0m         
[36m(ClientAppActor pid=402465)[0m [93mWARNING [0m:   Deprecation Warning: The `client_fn` function must return an instance of `Client`, but an instance of `NumpyClient` was returned. Please use `NumPyClient.to_client()` method to convert it to `Client`.
[36m(ClientAppActor pid=402464)[0m 
[36m(ClientAppActor pid=402464)[0m         
[36m(ClientAppActor pid=402459)[0m 
[36m(ClientAppActor pid=402459)[0m         
[plan] experiment E_threshold_sensitivity: 8 runs
  [run ] E_threshold_sensitivity/q_min_0.1_s1
[Client PID=402193] Ultralytics cache patched v3 (utils + dataset modules)
QualityGate Quality Scorer initialized:
  μ_ref: 0.2942
  σ_ref: 0.1888
  β: 0.1000
  q_min: 0.2000

============================================================
FL STRATEGY: PhotoScreen
============================================================
Layer 1 (QualityGate Quality): Layer 2 (Gradient MAD): Layer 3 (Semantic Check): ============================================================

  [atk ] sign_flipping ratio=0.3 -> malicious=[0, 1]
[36m(ClientAppActor pid=402465)[0m [Client PID=402465] Ultralytics cache patched v3 (utils + dataset modules)
[36m(ClientAppActor pid=402465)[0m 
[36m(ClientAppActor pid=402465)[0m [Client 4] Initializing YOLOv10-S...
[36m(ClientAppActor pid=402465)[0m [Client 4] Ready
[36m(ClientAppActor pid=402465)[0m   Data: /ANON/fl_hod/data/yolo/client_configs/client_prague.yaml
[36m(ClientAppActor pid=402465)[0m   Local epochs: 3
[36m(ClientAppActor pid=402465)[0m   Batch size: 4
[36m(ClientAppActor pid=402465)[0m   FedBN: True
[36m(ClientAppActor pid=402465)[0m 
[36m(ClientAppActor pid=402465)[0m [Client 0] Initializing YOLOv10-S...
[36m(ClientAppActor pid=402465)[0m [Client 0] Ready
[36m(ClientAppActor pid=402465)[0m   Data: /ANON/fl_hod/data/yolo/client_configs/client_budapest.yaml
[36m(ClientAppActor pid=402465)[0m   Local epochs: 3
[36m(ClientAppActor pid=402465)[0m   Batch size: 4
[36m(ClientAppActor pid=402465)[0m   FedBN: True
[36m(ClientAppActor pid=402465)[0m [Client 0] ️  MALICIOUS - Attack: SignFlippingAttack
[36m(ClientAppActor pid=402465)[0m 
[36m(ClientAppActor pid=402465)[0m [Client 0] Starting local training...
[36m(ClientAppActor pid=402465)[0m New https://pypi.org/project/ultralytics/8.4.46 available Update with 'pip install -U ultralytics'
[36m(ClientAppActor pid=402465)[0m Ultralytics 8.3.234 Python-3.10.19 torch-2.6.0+cu124 CUDA:0 (NVIDIA RTX 5000 Ada Generation, 32220MiB)
[36m(ClientAppActor pid=402465)[0m [34m[1mengine/trainer: [0magnostic_nms=False, amp=True, augment=False, auto_augment=randaugment, batch=4, bgr=0.0, box=7.5, cache=False, cfg=None, classes=None, close_mosaic=10, cls=0.5, compile=False, conf=None, copy_paste=0.0, copy_paste_mode=flip, cos_lr=False, cutmix=0.0, data=/ANON/fl_hod/data/yolo/client_configs/client_budapest.yaml, degrees=0.0, deterministic=True, device=0, dfl=1.5, dnn=False, dropout=0.0, dynamic=False, embed=None, epochs=3, erasing=0.4, exist_ok=False, fliplr=0.5, flipud=0.0, format=torchscript, fraction=1.0, freeze=None, half=False, hsv_h=0.015, hsv_s=0.7, hsv_v=0.4, imgsz=640, int8=False, iou=0.7, keras=False, kobj=1.0, line_width=None, lr0=0.001, lrf=0.01, mask_ratio=4, max_det=300, mixup=0.0, mode=train, model=/tmp/fl_yolo_models/yolov10s_client_0_402465.pt, momentum=0.937, mosaic=1.0, multi_scale=False, name=train, nbs=64, nms=False, opset=None, optimize=False, optimizer=AdamW, overlap_mask=True, patience=100, perspective=0.0, plots=False, pose=12.0, pretrained=True, profile=False, project=/tmp/fl_yolo_runs_402465, rect=False, resume=False, retina_masks=False, save=False, save_conf=False, save_crop=False, save_dir=/tmp/fl_yolo_runs_402465/train, save_frames=False, save_json=False, save_period=-1, save_txt=False, scale=0.5, seed=0, shear=0.0, show=False, show_boxes=True, show_conf=True, show_labels=True, simplify=True, single_cls=False, source=None, split=val, stream_buffer=False, task=detect, time=None, tracker=botsort.yaml, translate=0.1, val=True, verbose=False, vid_stride=1, visualize=False, warmup_bias_lr=0.1, warmup_epochs=3.0, warmup_momentum=0.8, weight_decay=0.0005, workers=8, workspace=None
[36m(ClientAppActor pid=402465)[0m Overriding model.yaml nc=80 with nc=1
[36m(ClientAppActor pid=402465)[0m 
[36m(ClientAppActor pid=402465)[0m                    from  n    params  module                                       arguments                     
[36m(ClientAppActor pid=402465)[0m   0                  -1  1       928  ultralytics.nn.modules.conv.Conv             [3, 32, 3, 2]                 
[36m(ClientAppActor pid=402465)[0m   1                  -1  1     18560  ultralytics.nn.modules.conv.Conv             [32, 64, 3, 2]                
[36m(ClientAppActor pid=402465)[0m   2                  -1  1     29056  ultralytics.nn.modules.block.C2f             [64, 64, 1, True]             
[36m(ClientAppActor pid=402465)[0m   3                  -1  1     73984  ultralytics.nn.modules.conv.Conv             [64, 128, 3, 2]               
[36m(ClientAppActor pid=402465)[0m   4                  -1  2    197632  ultralytics.nn.modules.block.C2f             [128, 128, 2, True]           
[36m(ClientAppActor pid=402465)[0m   5                  -1  1     36096  ultralytics.nn.modules.block.SCDown          [128, 256, 3, 2]              
[36m(ClientAppActor pid=402465)[0m   6                  -1  2    788480  ultralytics.nn.modules.block.C2f             [256, 256, 2, True]           
[36m(ClientAppActor pid=402465)[0m   7                  -1  1    137728  ultralytics.nn.modules.block.SCDown          [256, 512, 3, 2]              
[36m(ClientAppActor pid=402465)[0m   8                  -1  1    958464  ultralytics.nn.modules.block.C2fCIB          [512, 512, 1, True, True]     
[36m(ClientAppActor pid=402465)[0m   9                  -1  1    656896  ultralytics.nn.modules.block.SPPF            [512, 512, 5]                 
[36m(ClientAppActor pid=402465)[0m  10                  -1  1    990976  ultralytics.nn.modules.block.PSA             [512, 512]                    
[36m(ClientAppActor pid=402465)[0m  11                  -1  1         0  torch.nn.modules.upsampling.Upsample         [None, 2, 'nearest']          
[36m(ClientAppActor pid=402465)[0m  12             [-1, 6]  1         0  ultralytics.nn.modules.conv.Concat           [1]                           
[36m(ClientAppActor pid=402465)[0m  13                  -1  1    591360  ultralytics.nn.modules.block.C2f             [768, 256, 1]                 
[36m(ClientAppActor pid=402465)[0m  14                  -1  1         0  torch.nn.modules.upsampling.Upsample         [None, 2, 'nearest']          
[36m(ClientAppActor pid=402465)[0m  15             [-1, 4]  1         0  ultralytics.nn.modules.conv.Concat           [1]                           
[36m(ClientAppActor pid=402465)[0m  16                  -1  1    148224  ultralytics.nn.modules.block.C2f             [384, 128, 1]                 
[36m(ClientAppActor pid=402465)[0m  17                  -1  1    147712  ultralytics.nn.modules.conv.Conv             [128, 128, 3, 2]              
[36m(ClientAppActor pid=402465)[0m  18            [-1, 13]  1         0  ultralytics.nn.modules.conv.Concat           [1]                           
[36m(ClientAppActor pid=402465)[0m  19                  -1  1    493056  ultralytics.nn.modules.block.C2f             [384, 256, 1]                 
[36m(ClientAppActor pid=402465)[0m  20                  -1  1     68864  ultralytics.nn.modules.block.SCDown          [256, 256, 3, 2]              
[36m(ClientAppActor pid=402465)[0m  21            [-1, 10]  1         0  ultralytics.nn.modules.conv.Concat           [1]                           
[36m(ClientAppActor pid=402465)[0m  22                  -1  1   1089536  ultralytics.nn.modules.block.C2fCIB          [768, 512, 1, True, True]     
[36m(ClientAppActor pid=402465)[0m  23        [16, 19, 22]  1   1639574  ultralytics.nn.modules.head.v10Detect        [1, [128, 256, 512]]          
[36m(ClientAppActor pid=402465)[0m YOLOv10s summary: 234 layers, 8,067,126 parameters, 8,067,110 gradients, 24.8 GFLOPs
[36m(ClientAppActor pid=402465)[0m 
[36m(ClientAppActor pid=402465)[0m Transferred 607/619 items from pretrained weights
[36m(ClientAppActor pid=402459)[0m 
[36m(ClientAppActor pid=402459)[0m   Data: /ANON/fl_hod/data/yolo/client_configs/client_lyon.yaml
[36m(ClientAppActor pid=402459)[0m 
[36m(ClientAppActor pid=402471)[0m 
[36m(ClientAppActor pid=402471)[0m         
[36m(ClientAppActor pid=402456)[0m 
[36m(ClientAppActor pid=402456)[0m         
[36m(ClientAppActor pid=402493)[0m 
[36m(ClientAppActor pid=402493)[0m         
[36m(ClientAppActor pid=402455)[0m 
[36m(ClientAppActor pid=402455)[0m         
[36m(ClientAppActor pid=402465)[0m Freezing layer 'model.23.dfl.conv.weight'
[36m(ClientAppActor pid=402465)[0m [34m[1mAMP: [0mrunning Automatic Mixed Precision (AMP) checks...
[36m(ClientAppActor pid=402464)[0m 
[36m(ClientAppActor pid=402456)[0m 
[36m(ClientAppActor pid=402456)[0m   Data: /ANON/fl_hod/data/yolo/client_configs/client_koeln.yaml
[36m(ClientAppActor pid=402471)[0m 
[36m(ClientAppActor pid=402464)[0m   Data: /ANON/fl_hod/data/yolo/client_configs/client_zagreb.yaml
[36m(ClientAppActor pid=402464)[0m 
[36m(ClientAppActor pid=402493)[0m 
[36m(ClientAppActor pid=402493)[0m 
[36m(ClientAppActor pid=402456)[0m 
[36m(ClientAppActor pid=402459)[0m [34m[1mengine/trainer: [0magnostic_nms=False, amp=True, augment=False, auto_augment=randaugment, batch=4, bgr=0.0, box=7.5, cache=False, cfg=None, classes=None, close_mosaic=10, cls=0.5, compile=False, conf=None, copy_paste=0.0, copy_paste_mode=flip, cos_lr=False, cutmix=0.0, data=/ANON/fl_hod/data/yolo/client_configs/client_lyon.yaml, degrees=0.0, deterministic=True, device=0, dfl=1.5, dnn=False, dropout=0.0, dynamic=False, embed=None, epochs=3, erasing=0.4, exist_ok=False, fliplr=0.5, flipud=0.0, format=torchscript, fraction=1.0, freeze=None, half=False, hsv_h=0.015, hsv_s=0.7, hsv_v=0.4, imgsz=640, int8=False, iou=0.7, keras=False, kobj=1.0, line_width=None, lr0=0.001, lrf=0.01, mask_ratio=4, max_det=300, mixup=0.0, mode=train, model=/tmp/fl_yolo_models/yolov10s_client_3_402459.pt, momentum=0.937, mosaic=1.0, multi_scale=False, name=train, nbs=64, nms=False, opset=None, optimize=False, optimizer=AdamW, overlap_mask=True, patience=100, perspective=0.0, plots=False, pose=12.0, pretrained=True, profile=False, project=/tmp/fl_yolo_runs_402459, rect=False, resume=False, retina_masks=False, save=False, save_conf=False, save_crop=False, save_dir=/tmp/fl_yolo_runs_402459/train, save_frames=False, save_json=False, save_period=-1, save_txt=False, scale=0.5, seed=0, shear=0.0, show=False, show_boxes=True, show_conf=True, show_labels=True, simplify=True, single_cls=False, source=None, split=val, stream_buffer=False, task=detect, time=None, tracker=botsort.yaml, translate=0.1, val=True, verbose=False, vid_stride=1, visualize=False, warmup_bias_lr=0.1, warmup_epochs=3.0, warmup_momentum=0.8, weight_decay=0.0005, workers=8, workspace=None
[36m(ClientAppActor pid=402471)[0m   Data: /ANON/fl_hod/data/yolo/client_configs/client_leipzig.yaml
[36m(ClientAppActor pid=402471)[0m 
[36m(ClientAppActor pid=402455)[0m 
[36m(ClientAppActor pid=402455)[0m   Data: /ANON/fl_hod/data/yolo/client_configs/client_roma.yaml
[36m(ClientAppActor pid=402455)[0m 
[36m(ClientAppActor pid=402464)[0m [34m[1mengine/trainer: [0magnostic_nms=False, amp=True, augment=False, auto_augment=randaugment, batch=4, bgr=0.0, box=7.5, cache=False, cfg=None, classes=None, close_mosaic=10, cls=0.5, compile=False, conf=None, copy_paste=0.0, copy_paste_mode=flip, cos_lr=False, cutmix=0.0, data=/ANON/fl_hod/data/yolo/client_configs/client_zagreb.yaml, degrees=0.0, deterministic=True, device=0, dfl=1.5, dnn=False, dropout=0.0, dynamic=False, embed=None, epochs=3, erasing=0.4, exist_ok=False, fliplr=0.5, flipud=0.0, format=torchscript, fraction=1.0, freeze=None, half=False, hsv_h=0.015, hsv_s=0.7, hsv_v=0.4, imgsz=640, int8=False, iou=0.7, keras=False, kobj=1.0, line_width=None, lr0=0.001, lrf=0.01, mask_ratio=4, max_det=300, mixup=0.0, mode=train, model=/tmp/fl_yolo_models/yolov10s_client_6_402464.pt, momentum=0.937, mosaic=1.0, multi_scale=False, name=train, nbs=64, nms=False, opset=None, optimize=False, optimizer=AdamW, overlap_mask=True, patience=100, perspective=0.0, plots=False, pose=12.0, pretrained=True, profile=False, project=/tmp/fl_yolo_runs_402464, rect=False, resume=False, retina_masks=False, save=False, save_conf=False, save_crop=False, save_dir=/tmp/fl_yolo_runs_402464/train, save_frames=False, save_json=False, save_period=-1, save_txt=False, scale=0.5, seed=0, shear=0.0, show=False, show_boxes=True, show_conf=True, show_labels=True, simplify=True, single_cls=False, source=None, split=val, stream_buffer=False, task=detect, time=None, tracker=botsort.yaml, translate=0.1, val=True, verbose=False, vid_stride=1, visualize=False, warmup_bias_lr=0.1, warmup_epochs=3.0, warmup_momentum=0.8, weight_decay=0.0005, workers=8, workspace=None
[36m(ClientAppActor pid=402456)[0m [34m[1mengine/trainer: [0magnostic_nms=False, amp=True, augment=False, auto_augment=randaugment, batch=4, bgr=0.0, box=7.5, cache=False, cfg=None, classes=None, close_mosaic=10, cls=0.5, compile=False, conf=None, copy_paste=0.0, copy_paste_mode=flip, cos_lr=False, cutmix=0.0, data=/ANON/fl_hod/data/yolo/client_configs/client_koeln.yaml, degrees=0.0, deterministic=True, device=0, dfl=1.5, dnn=False, dropout=0.0, dynamic=False, embed=None, epochs=3, erasing=0.4, exist_ok=False, fliplr=0.5, flipud=0.0, format=torchscript, fraction=1.0, freeze=None, half=False, hsv_h=0.015, hsv_s=0.7, hsv_v=0.4, imgsz=640, int8=False, iou=0.7, keras=False, kobj=1.0, line_width=None, lr0=0.001, lrf=0.01, mask_ratio=4, max_det=300, mixup=0.0, mode=train, model=/tmp/fl_yolo_models/yolov10s_client_1_402456.pt, momentum=0.937, mosaic=1.0, multi_scale=False, name=train, nbs=64, nms=False, opset=None, optimize=False, optimizer=AdamW, overlap_mask=True, patience=100, perspective=0.0, plots=False, pose=12.0, pretrained=True, profile=False, project=/tmp/fl_yolo_runs_402456, rect=False, resume=False, retina_masks=False, save=False, save_conf=False, save_crop=False, save_dir=/tmp/fl_yolo_runs_402456/train, save_frames=False, save_json=False, save_period=-1, save_txt=False, scale=0.5, seed=0, shear=0.0, show=False, show_boxes=True, show_conf=True, show_labels=True, simplify=True, single_cls=False, source=None, split=val, stream_buffer=False, task=detect, time=None, tracker=botsort.yaml, translate=0.1, val=True, verbose=False, vid_stride=1, visualize=False, warmup_bias_lr=0.1, warmup_epochs=3.0, warmup_momentum=0.8, weight_decay=0.0005, workers=8, workspace=None
[36m(ClientAppActor pid=402459)[0m 
[36m(ClientAppActor pid=402459)[0m  13                  -1  1    591360  ultralytics.nn.modules.block.C2f             [768, 256, 1]                 
[36m(ClientAppActor pid=402459)[0m  16                  -1  1    148224  ultralytics.nn.modules.block.C2f             [384, 128, 1]                 
[36m(ClientAppActor pid=402459)[0m  19                  -1  1    493056  ultralytics.nn.modules.block.C2f             [384, 256, 1]                 
[36m(ClientAppActor pid=402459)[0m  23        [16, 19, 22]  1   1639574  ultralytics.nn.modules.head.v10Detect        [1, [128, 256, 512]]          
[36m(ClientAppActor pid=402471)[0m [34m[1mengine/trainer: [0magnostic_nms=False, amp=True, augment=False, auto_augment=randaugment, batch=4, bgr=0.0, box=7.5, cache=False, cfg=None, classes=None, close_mosaic=10, cls=0.5, compile=False, conf=None, copy_paste=0.0, copy_paste_mode=flip, cos_lr=False, cutmix=0.0, data=/ANON/fl_hod/data/yolo/client_configs/client_leipzig.yaml, degrees=0.0, deterministic=True, device=0, dfl=1.5, dnn=False, dropout=0.0, dynamic=False, embed=None, epochs=3, erasing=0.4, exist_ok=False, fliplr=0.5, flipud=0.0, format=torchscript, fraction=1.0, freeze=None, half=False, hsv_h=0.015, hsv_s=0.7, hsv_v=0.4, imgsz=640, int8=False, iou=0.7, keras=False, kobj=1.0, line_width=None, lr0=0.001, lrf=0.01, mask_ratio=4, max_det=300, mixup=0.0, mode=train, model=/tmp/fl_yolo_models/yolov10s_client_2_402471.pt, momentum=0.937, mosaic=1.0, multi_scale=False, name=train, nbs=64, nms=False, opset=None, optimize=False, optimizer=AdamW, overlap_mask=True, patience=100, perspective=0.0, plots=False, pose=12.0, pretrained=True, profile=False, project=/tmp/fl_yolo_runs_402471, rect=False, resume=False, retina_masks=False, save=False, save_conf=False, save_crop=False, save_dir=/tmp/fl_yolo_runs_402471/train, save_frames=False, save_json=False, save_period=-1, save_txt=False, scale=0.5, seed=0, shear=0.0, show=False, show_boxes=True, show_conf=True, show_labels=True, simplify=True, single_cls=False, source=None, split=val, stream_buffer=False, task=detect, time=None, tracker=botsort.yaml, translate=0.1, val=True, verbose=False, vid_stride=1, visualize=False, warmup_bias_lr=0.1, warmup_epochs=3.0, warmup_momentum=0.8, weight_decay=0.0005, workers=8, workspace=None
[36m(ClientAppActor pid=402464)[0m 
[36m(ClientAppActor pid=402493)[0m [34m[1mengine/trainer: [0magnostic_nms=False, amp=True, augment=False, auto_augment=randaugment, batch=4, bgr=0.0, box=7.5, cache=False, cfg=None, classes=None, close_mosaic=10, cls=0.5, compile=False, conf=None, copy_paste=0.0, copy_paste_mode=flip, cos_lr=False, cutmix=0.0, data=/ANON/fl_hod/data/yolo/client_configs/client_prague.yaml, degrees=0.0, deterministic=True, device=0, dfl=1.5, dnn=False, dropout=0.0, dynamic=False, embed=None, epochs=3, erasing=0.4, exist_ok=False, fliplr=0.5, flipud=0.0, format=torchscript, fraction=1.0, freeze=None, half=False, hsv_h=0.015, hsv_s=0.7, hsv_v=0.4, imgsz=640, int8=False, iou=0.7, keras=False, kobj=1.0, line_width=None, lr0=0.001, lrf=0.01, mask_ratio=4, max_det=300, mixup=0.0, mode=train, model=/tmp/fl_yolo_models/yolov10s_client_4_402493.pt, momentum=0.937, mosaic=1.0, multi_scale=False, name=train, nbs=64, nms=False, opset=None, optimize=False, optimizer=AdamW, overlap_mask=True, patience=100, perspective=0.0, plots=False, pose=12.0, pretrained=True, profile=False, project=/tmp/fl_yolo_runs_402493, rect=False, resume=False, retina_masks=False, save=False, save_conf=False, save_crop=False, save_dir=/tmp/fl_yolo_runs_402493/train, save_frames=False, save_json=False, save_period=-1, save_txt=False, scale=0.5, seed=0, shear=0.0, show=False, show_boxes=True, show_conf=True, show_labels=True, simplify=True, single_cls=False, source=None, split=val, stream_buffer=False, task=detect, time=None, tracker=botsort.yaml, translate=0.1, val=True, verbose=False, vid_stride=1, visualize=False, warmup_bias_lr=0.1, warmup_epochs=3.0, warmup_momentum=0.8, weight_decay=0.0005, workers=8, workspace=None
[36m(ClientAppActor pid=402456)[0m 
[36m(ClientAppActor pid=402456)[0m  13                  -1  1    591360  ultralytics.nn.modules.block.C2f             [768, 256, 1]                 
[36m(ClientAppActor pid=402456)[0m  16                  -1  1    148224  ultralytics.nn.modules.block.C2f             [384, 128, 1]                 
[36m(ClientAppActor pid=402456)[0m  19                  -1  1    493056  ultralytics.nn.modules.block.C2f             [384, 256, 1]                 
[36m(ClientAppActor pid=402455)[0m [34m[1mengine/trainer: [0magnostic_nms=False, amp=True, augment=False, auto_augment=randaugment, batch=4, bgr=0.0, box=7.5, cache=False, cfg=None, classes=None, close_mosaic=10, cls=0.5, compile=False, conf=None, copy_paste=0.0, copy_paste_mode=flip, cos_lr=False, cutmix=0.0, data=/ANON/fl_hod/data/yolo/client_configs/client_roma.yaml, degrees=0.0, deterministic=True, device=0, dfl=1.5, dnn=False, dropout=0.0, dynamic=False, embed=None, epochs=3, erasing=0.4, exist_ok=False, fliplr=0.5, flipud=0.0, format=torchscript, fraction=1.0, freeze=None, half=False, hsv_h=0.015, hsv_s=0.7, hsv_v=0.4, imgsz=640, int8=False, iou=0.7, keras=False, kobj=1.0, line_width=None, lr0=0.001, lrf=0.01, mask_ratio=4, max_det=300, mixup=0.0, mode=train, model=/tmp/fl_yolo_models/yolov10s_client_5_402455.pt, momentum=0.937, mosaic=1.0, multi_scale=False, name=train, nbs=64, nms=False, opset=None, optimize=False, optimizer=AdamW, overlap_mask=True, patience=100, perspective=0.0, plots=False, pose=12.0, pretrained=True, profile=False, project=/tmp/fl_yolo_runs_402455, rect=False, resume=False, retina_masks=False, save=False, save_conf=False, save_crop=False, save_dir=/tmp/fl_yolo_runs_402455/train, save_frames=False, save_json=False, save_period=-1, save_txt=False, scale=0.5, seed=0, shear=0.0, show=False, show_boxes=True, show_conf=True, show_labels=True, simplify=True, single_cls=False, source=None, split=val, stream_buffer=False, task=detect, time=None, tracker=botsort.yaml, translate=0.1, val=True, verbose=False, vid_stride=1, visualize=False, warmup_bias_lr=0.1, warmup_epochs=3.0, warmup_momentum=0.8, weight_decay=0.0005, workers=8, workspace=None
[36m(ClientAppActor pid=402464)[0m  13                  -1  1    591360  ultralytics.nn.modules.block.C2f             [768, 256, 1]                 
[36m(ClientAppActor pid=402464)[0m  16                  -1  1    148224  ultralytics.nn.modules.block.C2f             [384, 128, 1]                 
[36m(ClientAppActor pid=402464)[0m  19                  -1  1    493056  ultralytics.nn.modules.block.C2f             [384, 256, 1]                 
[36m(ClientAppActor pid=402464)[0m  23        [16, 19, 22]  1   1639574  ultralytics.nn.modules.head.v10Detect        [1, [128, 256, 512]]          
[36m(ClientAppActor pid=402493)[0m 
[36m(ClientAppActor pid=402493)[0m  13                  -1  1    591360  ultralytics.nn.modules.block.C2f             [768, 256, 1]                 
[36m(ClientAppActor pid=402493)[0m  16                  -1  1    148224  ultralytics.nn.modules.block.C2f             [384, 128, 1]                 
[36m(ClientAppActor pid=402493)[0m  19                  -1  1    493056  ultralytics.nn.modules.block.C2f             [384, 256, 1]                 
[36m(ClientAppActor pid=402493)[0m  23        [16, 19, 22]  1   1639574  ultralytics.nn.modules.head.v10Detect        [1, [128, 256, 512]]          
[36m(ClientAppActor pid=402456)[0m  23        [16, 19, 22]  1   1639574  ultralytics.nn.modules.head.v10Detect        [1, [128, 256, 512]]          
[36m(ClientAppActor pid=402459)[0m 
[36m(ClientAppActor pid=402471)[0m 
[36m(ClientAppActor pid=402471)[0m  13                  -1  1    591360  ultralytics.nn.modules.block.C2f             [768, 256, 1]                 
[36m(ClientAppActor pid=402471)[0m  16                  -1  1    148224  ultralytics.nn.modules.block.C2f             [384, 128, 1]                 
[36m(ClientAppActor pid=402471)[0m  19                  -1  1    493056  ultralytics.nn.modules.block.C2f             [384, 256, 1]                 
[36m(ClientAppActor pid=402471)[0m  23        [16, 19, 22]  1   1639574  ultralytics.nn.modules.head.v10Detect        [1, [128, 256, 512]]          
[36m(ClientAppActor pid=402455)[0m 
[36m(ClientAppActor pid=402455)[0m  13                  -1  1    591360  ultralytics.nn.modules.block.C2f             [768, 256, 1]                 
[36m(ClientAppActor pid=402455)[0m  16                  -1  1    148224  ultralytics.nn.modules.block.C2f             [384, 128, 1]                 
[36m(ClientAppActor pid=402455)[0m  19                  -1  1    493056  ultralytics.nn.modules.block.C2f             [384, 256, 1]                 
[36m(ClientAppActor pid=402455)[0m  23        [16, 19, 22]  1   1639574  ultralytics.nn.modules.head.v10Detect        [1, [128, 256, 512]]          
[36m(ClientAppActor pid=402464)[0m 
[36m(ClientAppActor pid=402493)[0m 
[36m(ClientAppActor pid=402456)[0m 
[36m(ClientAppActor pid=402471)[0m 
[36m(ClientAppActor pid=402455)[0m 
[36m(ClientAppActor pid=402465)[0m [34m[1mAMP: [0mchecks passed [36m(ClientAppActor pid=402465)[0m [34m[1mtrain: [0mFast image access (ping: 0.0±0.0 ms, read: 5680.8±2094.3 MB/s, size: 2488.3 KB)
[36m(ClientAppActor pid=402465)[0m 
[K[34m[1mtrain: [0mScanning /ANON/fl_hod/data/yolo/labels/ecp/train... 74 images, 0 backgrounds, 0 corrupt: 16% ━╸────────── 74/475 216.7it/s 0.1s<1.9s
[36m(ClientAppActor pid=402465)[0m 
[K[34m[1mtrain: [0mScanning /ANON/fl_hod/data/yolo/labels/ecp/train... 162 images, 0 backgrounds, 0 corrupt: 34% ━━━━──────── 162/475 412.2it/s 0.2s<0.8s
[36m(ClientAppActor pid=402465)[0m 
[K[34m[1mtrain: [0mScanning /ANON/fl_hod/data/yolo/labels/ecp/train... 255 images, 0 backgrounds, 0 corrupt: 54% ━━━━━━────── 255/475 564.9it/s 0.3s<0.4s
[36m(ClientAppActor pid=402465)[0m 
[K[34m[1mtrain: [0mScanning /ANON/fl_hod/data/yolo/labels/ecp/train... 341 images, 0 backgrounds, 0 corrupt: 72% ━━━━━━━━╸─── 341/475 651.3it/s 0.4s<0.2s
[36m(ClientAppActor pid=402465)[0m 
[K[34m[1mtrain: [0mScanning /ANON/fl_hod/data/yolo/labels/ecp/train... 429 images, 0 backgrounds, 0 corrupt: 90% ━━━━━━━━━━╸─ 429/475 719.3it/s 0.5s<0.1s
[K[34m[1mtrain: [0mScanning /ANON/fl_hod/data/yolo/labels/ecp/train... 475 images, 0 backgrounds, 0 corrupt: 100% ━━━━━━━━━━━━ 475/475 855.3it/s 0.6s
[K[34m[1mtrain: [0mScanning /ANON/fl_hod/data/yolo/labels/ecp/train... 475 images, 0 backgrounds, 0 corrupt: 100% ━━━━━━━━━━━━ 475/475 855.2it/s 0.6s
[36m(ClientAppActor pid=402465)[0m [34m[1mval: [0mFast image access (ping: 0.0±0.0 ms, read: 4615.7±2524.3 MB/s, size: 2343.3 KB)
[36m(ClientAppActor pid=402465)[0m 
[K[34m[1mval: [0mScanning /ANON/fl_hod/data/yolo/labels/ecp/val... 64 images, 0 backgrounds, 0 corrupt: 74% ━━━━━━━━╸─── 64/86 190.6it/s 0.1s<0.1s
[K[34m[1mval: [0mScanning /ANON/fl_hod/data/yolo/labels/ecp/val... 86 images, 0 backgrounds, 0 corrupt: 100% ━━━━━━━━━━━━ 86/86 695.0it/s 0.1s
[K[34m[1mval: [0mScanning /ANON/fl_hod/data/yolo/labels/ecp/val... 86 images, 0 backgrounds, 0 corrupt: 100% ━━━━━━━━━━━━ 86/86 694.4it/s 0.1s
[36m(ClientAppActor pid=402459)[0m 
[K[34m[1mtrain: [0mScanning /ANON/fl_hod/data/yolo/labels/ecp/train... 51 images, 0 backgrounds, 0 corrupt: 11% ━─────────── 51/477 149.4it/s 0.1s<2.9s
[36m(ClientAppActor pid=402459)[0m 
[K[34m[1mtrain: [0mScanning /ANON/fl_hod/data/yolo/labels/ecp/train... 111 images, 0 backgrounds, 0 corrupt: 23% ━━╸───────── 111/477 284.5it/s 0.2s<1.3s
[36m(ClientAppActor pid=402459)[0m 
[K[34m[1mtrain: [0mScanning /ANON/fl_hod/data/yolo/labels/ecp/train... 184 images, 0 backgrounds, 0 corrupt: 39% ━━━━╸─────── 184/477 415.1it/s 0.3s<0.7s
[36m(ClientAppActor pid=402459)[0m 
[K[34m[1mtrain: [0mScanning /ANON/fl_hod/data/yolo/labels/ecp/train... 259 images, 0 backgrounds, 0 corrupt: 54% ━━━━━━╸───── 259/477 510.7it/s 0.4s<0.4s
[36m(ClientAppActor pid=402459)[0m 
[K[34m[1mtrain: [0mScanning /ANON/fl_hod/data/yolo/labels/ecp/train... 305 images, 0 backgrounds, 0 corrupt: 64% ━━━━━━━╸──── 305/477 491.8it/s 0.5s<0.3s
[36m(ClientAppActor pid=402455)[0m 
[K[34m[1mtrain: [0mScanning /ANON/fl_hod/data/yolo/labels/ecp/train... 38 images, 0 backgrounds, 0 corrupt: 5% ╸─────────── 38/724 113.5it/s 0.1s<6.0s
[36m(ClientAppActor pid=402459)[0m 
[K[34m[1mtrain: [0mScanning /ANON/fl_hod/data/yolo/labels/ecp/train... 330 images, 0 backgrounds, 0 corrupt: 69% ━━━━━━━━──── 330/477 409.3it/s 0.6s<0.4s
[36m(ClientAppActor pid=402464)[0m 
[K[34m[1mtrain: [0mScanning /ANON/fl_hod/data/yolo/labels/ecp/train... 94 images, 0 backgrounds, 0 corrupt: 21% ━━────────── 94/457 216.4it/s 0.2s<1.7s
[36m(ClientAppActor pid=402459)[0m 
[K[34m[1mtrain: [0mScanning /ANON/fl_hod/data/yolo/labels/ecp/train... 386 images, 0 backgrounds, 0 corrupt: 81% ━━━━━━━━━╸── 386/477 450.7it/s 0.7s<0.2s
[36m(ClientAppActor pid=402464)[0m 
[K[34m[1mtrain: [0mScanning /ANON/fl_hod/data/yolo/labels/ecp/train... 150 images, 0 backgrounds, 0 corrupt: 33% ━━━╸──────── 150/457 311.3it/s 0.3s<1.0s
[36m(ClientAppActor pid=402456)[0m 
[K[34m[1mtrain: [0mScanning /ANON/fl_hod/data/yolo/labels/ecp/train... 129 images, 0 backgrounds, 0 corrupt: 26% ━━━───────── 129/496 250.7it/s 0.3s<1.5s
[36m(ClientAppActor pid=402471)[0m 
[K[34m[1mtrain: [0mScanning /ANON/fl_hod/data/yolo/labels/ecp/train... 144 images, 0 backgrounds, 0 corrupt: 85% ━━━━━━━━━━── 144/170 313.5it/s 0.3s<0.1s
[K[34m[1mtrain: [0mScanning /ANON/fl_hod/data/yolo/labels/ecp/train... 170 images, 0 backgrounds, 0 corrupt: 100% ━━━━━━━━━━━━ 170/170 504.0it/s 0.3s
[K[34m[1mtrain: [0mScanning /ANON/fl_hod/data/yolo/labels/ecp/train... 170 images, 0 backgrounds, 0 corrupt: 100% ━━━━━━━━━━━━ 170/170 503.9it/s 0.3s
[36m(ClientAppActor pid=402493)[0m 
[K[34m[1mtrain: [0mScanning /ANON/fl_hod/data/yolo/labels/ecp/train... 202 images, 0 backgrounds, 0 corrupt: 48% ━━━━━╸────── 202/422 353.3it/s 0.4s<0.6s
[36m(ClientAppActor pid=402459)[0m 
[K[34m[1mtrain: [0mScanning /ANON/fl_hod/data/yolo/labels/ecp/train... 439 images, 0 backgrounds, 0 corrupt: 92% ━━━━━━━━━━━─ 439/477 439.0it/s 0.9s<0.1s
[K[34m[1mtrain: [0mScanning /ANON/fl_hod/data/yolo/labels/ecp/train... 477 images, 0 backgrounds, 0 corrupt: 100% ━━━━━━━━━━━━ 477/477 529.4it/s 0.9s
[K[34m[1mtrain: [0mScanning /ANON/fl_hod/data/yolo/labels/ecp/train... 477 images, 0 backgrounds, 0 corrupt: 100% ━━━━━━━━━━━━ 477/477 529.3it/s 0.9s
[36m(ClientAppActor pid=402493)[0m 
[K[34m[1mtrain: [0mScanning /ANON/fl_hod/data/yolo/labels/ecp/train... 247 images, 0 backgrounds, 0 corrupt: 59% ━━━━━━━───── 247/422 357.6it/s 0.6s<0.5s
[36m(ClientAppActor pid=402471)[0m 
[K[34m[1mval: [0mScanning /ANON/fl_hod/data/yolo/labels/ecp/val... 15 images, 0 backgrounds, 0 corrupt: 100% ━━━━━━━━━━━━ 15/15 510.2it/s 0.0s
[K[34m[1mval: [0mScanning /ANON/fl_hod/data/yolo/labels/ecp/val... 15 images, 0 backgrounds, 0 corrupt: 100% ━━━━━━━━━━━━ 15/15 508.5it/s 0.0s
[36m(ClientAppActor pid=402455)[0m 
[K[34m[1mtrain: [0mScanning /ANON/fl_hod/data/yolo/labels/ecp/train... 321 images, 0 backgrounds, 0 corrupt: 44% ━━━━━─────── 321/724 476.0it/s 0.6s<0.8s
[36m(ClientAppActor pid=402464)[0m 
[K[34m[1mtrain: [0mScanning /ANON/fl_hod/data/yolo/labels/ecp/train... 381 images, 0 backgrounds, 0 corrupt: 83% ━━━━━━━━━━── 381/457 520.8it/s 0.8s<0.1s
[36m(ClientAppActor pid=402493)[0m 
[K[34m[1mtrain: [0mScanning /ANON/fl_hod/data/yolo/labels/ecp/train... 321 images, 0 backgrounds, 0 corrupt: 76% ━━━━━━━━━─── 321/422 467.9it/s 0.7s<0.2s
[36m(ClientAppActor pid=402459)[0m 
[K[34m[1mval: [0mScanning /ANON/fl_hod/data/yolo/labels/ecp/val... 30 images, 0 backgrounds, 0 corrupt: 26% ━━━───────── 30/115 85.0it/s 0.1s<1.0s
[36m(ClientAppActor pid=402455)[0m 
[K[34m[1mtrain: [0mScanning /ANON/fl_hod/data/yolo/labels/ecp/train... 637 images, 0 backgrounds, 0 corrupt: 88% ━━━━━━━━━━╸─ 637/724 553.5it/s 1.2s<0.2s
[36m(ClientAppActor pid=402459)[0m 
[K[34m[1mval: [0mScanning /ANON/fl_hod/data/yolo/labels/ecp/val... 88 images, 0 backgrounds, 0 corrupt: 77% ━━━━━━━━━─── 88/115 228.3it/s 0.2s<0.1s
[K[34m[1mval: [0mScanning /ANON/fl_hod/data/yolo/labels/ecp/val... 115 images, 0 backgrounds, 0 corrupt: 100% ━━━━━━━━━━━━ 115/115 511.0it/s 0.2s
[K[34m[1mval: [0mScanning /ANON/fl_hod/data/yolo/labels/ecp/val... 115 images, 0 backgrounds, 0 corrupt: 100% ━━━━━━━━━━━━ 115/115 510.8it/s 0.2s
[36m(ClientAppActor pid=402455)[0m 
[K[34m[1mtrain: [0mScanning /ANON/fl_hod/data/yolo/labels/ecp/train... 711 images, 0 backgrounds, 0 corrupt: 98% ━━━━━━━━━━━╸ 711/724 604.4it/s 1.3s<0.0s
[K[34m[1mtrain: [0mScanning /ANON/fl_hod/data/yolo/labels/ecp/train... 724 images, 0 backgrounds, 0 corrupt: 100% ━━━━━━━━━━━━ 724/724 553.0it/s 1.3s
[K[34m[1mtrain: [0mScanning /ANON/fl_hod/data/yolo/labels/ecp/train... 724 images, 0 backgrounds, 0 corrupt: 100% ━━━━━━━━━━━━ 724/724 553.0it/s 1.3s
[36m(ClientAppActor pid=402464)[0m 
[K[34m[1mval: [0mScanning /ANON/fl_hod/data/yolo/labels/ecp/val... 12 images, 0 backgrounds, 0 corrupt: 15% ━╸────────── 12/80 29.3it/s 0.1s<2.3s
[36m(ClientAppActor pid=402493)[0m 
[K[34m[1mval: [0mScanning /ANON/fl_hod/data/yolo/labels/ecp/val... 45 images, 0 backgrounds, 0 corrupt: 65% ━━━━━━━╸──── 45/69 126.2it/s 0.1s<0.2s
[K[34m[1mval: [0mScanning /ANON/fl_hod/data/yolo/labels/ecp/val... 69 images, 0 backgrounds, 0 corrupt: 100% ━━━━━━━━━━━━ 69/69 597.9it/s 0.1s
[K[34m[1mval: [0mScanning /ANON/fl_hod/data/yolo/labels/ecp/val... 69 images, 0 backgrounds, 0 corrupt: 100% ━━━━━━━━━━━━ 69/69 597.4it/s 0.1s
[36m(ClientAppActor pid=402456)[0m 
[K[34m[1mval: [0mScanning /ANON/fl_hod/data/yolo/labels/ecp/val... 71 images, 0 backgrounds, 0 corrupt: 87% ━━━━━━━━━━── 71/82 185.5it/s 0.2s<0.1s
[K[34m[1mval: [0mScanning /ANON/fl_hod/data/yolo/labels/ecp/val... 82 images, 0 backgrounds, 0 corrupt: 100% ━━━━━━━━━━━━ 82/82 377.7it/s 0.2s
[K[34m[1mval: [0mScanning /ANON/fl_hod/data/yolo/labels/ecp/val... 82 images, 0 backgrounds, 0 corrupt: 100% ━━━━━━━━━━━━ 82/82 377.6it/s 0.2s
[36m(ClientAppActor pid=402455)[0m [Client PID=402455] Ultralytics cache patched v3 (utils + dataset modules)[32m [repeated 6x across cluster] (Ray deduplicates logs by default. Set RAY_DEDUP_LOGS=0 to disable log deduplication, or see https://docs.ray.io/en/master/ray-observability/user-guides/configure-logging.html#log-deduplication for more options.)[0m
[36m(ClientAppActor pid=402455)[0m [Client 5] Initializing YOLOv10-S...[32m [repeated 6x across cluster][0m
[36m(ClientAppActor pid=402455)[0m 
[K[34m[1mval: [0mScanning /ANON/fl_hod/data/yolo/labels/ecp/val... 70 images, 0 backgrounds, 0 corrupt: 53% ━━━━━━────── 70/133 162.5it/s 0.2s<0.4s
[36m(ClientAppActor pid=402455)[0m [Client 5] Ready[32m [repeated 6x across cluster][0m
[36m(ClientAppActor pid=402493)[0m   Data: /ANON/fl_hod/data/yolo/client_configs/client_prague.yaml
[36m(ClientAppActor pid=402455)[0m   Local epochs: 3[32m [repeated 6x across cluster][0m
[36m(ClientAppActor pid=402455)[0m   Batch size: 4[32m [repeated 6x across cluster][0m
[36m(ClientAppActor pid=402455)[0m   FedBN: True[32m [repeated 6x across cluster][0m
[36m(ClientAppActor pid=402455)[0m 
[K[34m[1mval: [0mScanning /ANON/fl_hod/data/yolo/labels/ecp/val... 85 images, 0 backgrounds, 0 corrupt: 64% ━━━━━━━╸──── 85/133 140.8it/s 0.4s<0.3s
[36m(ClientAppActor pid=402456)[0m [Client 1] ️  MALICIOUS - Attack: SignFlippingAttack
[36m(ClientAppActor pid=402455)[0m [Client 5] Starting local training...[32m [repeated 6x across cluster][0m
[36m(ClientAppActor pid=402455)[0m New https://pypi.org/project/ultralytics/8.4.46 available Update with 'pip install -U ultralytics'[32m [repeated 6x across cluster][0m
[36m(ClientAppActor pid=402455)[0m 
[K[34m[1mval: [0mScanning /ANON/fl_hod/data/yolo/labels/ecp/val... 109 images, 0 backgrounds, 0 corrupt: 82% ━━━━━━━━━╸── 109/133 144.9it/s 0.6s<0.2s
[36m(ClientAppActor pid=402455)[0m Ultralytics 8.3.234 Python-3.10.19 torch-2.6.0+cu124 CUDA:0 (NVIDIA RTX 5000 Ada Generation, 32220MiB)[32m [repeated 6x across cluster][0m
[36m(ClientAppActor pid=402455)[0m 
[K[34m[1mval: [0mScanning /ANON/fl_hod/data/yolo/labels/ecp/val... 118 images, 0 backgrounds, 0 corrupt: 89% ━━━━━━━━━━╸─ 118/133 117.4it/s 0.7s<0.1s
[36m(ClientAppActor pid=402455)[0m Overriding model.yaml nc=80 with nc=1[32m [repeated 6x across cluster][0m
[36m(ClientAppActor pid=402455)[0m                    from  n    params  module                                       arguments                     [32m [repeated 6x across cluster][0m
[36m(ClientAppActor pid=402455)[0m  17                  -1  1    147712  ultralytics.nn.modules.conv.Conv             [128, 128, 3, 2]              [32m [repeated 24x across cluster][0m
[36m(ClientAppActor pid=402455)[0m   6                  -1  2    788480  ultralytics.nn.modules.block.C2f             [256, 256, 2, True]           [32m [repeated 18x across cluster][0m
[36m(ClientAppActor pid=402455)[0m  20                  -1  1     68864  ultralytics.nn.modules.block.SCDown          [256, 256, 3, 2]              [32m [repeated 18x across cluster][0m
[36m(ClientAppActor pid=402455)[0m  22                  -1  1   1089536  ultralytics.nn.modules.block.C2fCIB          [768, 512, 1, True, True]     [32m [repeated 12x across cluster][0m
[36m(ClientAppActor pid=402455)[0m   9                  -1  1    656896  ultralytics.nn.modules.block.SPPF            [512, 512, 5]                 [32m [repeated 6x across cluster][0m
[36m(ClientAppActor pid=402455)[0m  10                  -1  1    990976  ultralytics.nn.modules.block.PSA             [512, 512]                    [32m [repeated 6x across cluster][0m
[36m(ClientAppActor pid=402455)[0m  14                  -1  1         0  torch.nn.modules.upsampling.Upsample         [None, 2, 'nearest']          [32m [repeated 12x across cluster][0m
[36m(ClientAppActor pid=402455)[0m  21            [-1, 10]  1         0  ultralytics.nn.modules.conv.Concat           [1]                           [32m [repeated 24x across cluster][0m
[36m(ClientAppActor pid=402455)[0m 
[K[34m[1mval: [0mScanning /ANON/fl_hod/data/yolo/labels/ecp/val... 127 images, 0 backgrounds, 0 corrupt: 95% ━━━━━━━━━━━─ 127/133 100.7it/s 0.9s<0.1s
[36m(ClientAppActor pid=402455)[0m YOLOv10s summary: 234 layers, 8,067,126 parameters, 8,067,110 gradients, 24.8 GFLOPs[32m [repeated 6x across cluster][0m
[36m(ClientAppActor pid=402455)[0m Transferred 607/619 items from pretrained weights[32m [repeated 6x across cluster][0m
[36m(ClientAppActor pid=402455)[0m 
[K[34m[1mval: [0mScanning /ANON/fl_hod/data/yolo/labels/ecp/val... 132 images, 0 backgrounds, 0 corrupt: 99% ━━━━━━━━━━━╸ 132/133 81.3it/s 1.0s<0.0s
[K[34m[1mval: [0mScanning /ANON/fl_hod/data/yolo/labels/ecp/val... 133 images, 0 backgrounds, 0 corrupt: 100% ━━━━━━━━━━━━ 133/133 131.6it/s 1.0s
[K[34m[1mval: [0mScanning /ANON/fl_hod/data/yolo/labels/ecp/val... 133 images, 0 backgrounds, 0 corrupt: 100% ━━━━━━━━━━━━ 133/133 131.6it/s 1.0s
[36m(ClientAppActor pid=402493)[0m Freezing layer 'model.23.dfl.conv.weight'[32m [repeated 6x across cluster][0m
[36m(ClientAppActor pid=402493)[0m [34m[1mAMP: [0mrunning Automatic Mixed Precision (AMP) checks...[32m [repeated 6x across cluster][0m
[36m(ClientAppActor pid=402465)[0m [34m[1moptimizer:[0m AdamW(lr=0.001, momentum=0.937) with parameter groups 99 weight(decay=0.0), 112 weight(decay=0.0005), 111 bias(decay=0.0)
[36m(ClientAppActor pid=402465)[0m Image sizes 640 train, 640 val
[36m(ClientAppActor pid=402465)[0m Using 8 dataloader workers
[36m(ClientAppActor pid=402465)[0m Logging results to [1m/tmp/fl_yolo_runs_402465/train[0m
[36m(ClientAppActor pid=402465)[0m Starting training for 3 epochs...
[36m(ClientAppActor pid=402465)[0m 
[36m(ClientAppActor pid=402465)[0m       Epoch    GPU_mem   box_loss   cls_loss   dfl_loss  Instances       Size
[36m(ClientAppActor pid=402465)[0m 
[K        1/3      1.38G      4.307      16.47      2.469         84        640: 0% ──────────── 0/119  1.1s
[36m(ClientAppActor pid=402493)[0m [34m[1mAMP: [0mchecks passed [32m [repeated 6x across cluster][0m
[36m(ClientAppActor pid=402455)[0m [34m[1mval: [0mFast image access (ping: 0.0±0.0 ms, read: 1633.6±1707.4 MB/s, size: 2493.0 KB)[32m [repeated 12x across cluster][0m
[36m(ClientAppActor pid=402456)[0m 
[K[34m[1mtrain: [0mScanning /ANON/fl_hod/data/yolo/labels/ecp/train... 78 images, 0 backgrounds, 0 corrupt: 16% ━╸────────── 78/496 183.0it/s 0.2s<2.3s
[36m(ClientAppActor pid=402455)[0m 
[K[34m[1mtrain: [0mScanning /ANON/fl_hod/data/yolo/labels/ecp/train... 254 images, 0 backgrounds, 0 corrupt: 35% ━━━━──────── 254/724 396.5it/s 0.5s<1.2s[32m [repeated 2x across cluster][0m
[36m(ClientAppActor pid=402455)[0m 
[K[34m[1mtrain: [0mScanning /ANON/fl_hod/data/yolo/labels/ecp/train... 370 images, 0 backgrounds, 0 corrupt: 51% ━━━━━━────── 370/724 462.8it/s 0.8s<0.8s[32m [repeated 3x across cluster][0m
[36m(ClientAppActor pid=402455)[0m 
[K[34m[1mtrain: [0mScanning /ANON/fl_hod/data/yolo/labels/ecp/train... 515 images, 0 backgrounds, 0 corrupt: 71% ━━━━━━━━╸─── 515/724 546.4it/s 1.0s<0.4s[32m [repeated 2x across cluster][0m
[36m(ClientAppActor pid=402493)[0m 
[K[34m[1mtrain: [0mScanning /ANON/fl_hod/data/yolo/labels/ecp/train... 382 images, 0 backgrounds, 0 corrupt: 91% ━━━━━━━━━━╸─ 382/422 462.5it/s 0.8s<0.1s
[K[34m[1mtrain: [0mScanning /ANON/fl_hod/data/yolo/labels/ecp/train... 422 images, 0 backgrounds, 0 corrupt: 100% ━━━━━━━━━━━━ 422/422 516.6it/s 0.8s
[K[34m[1mtrain: [0mScanning /ANON/fl_hod/data/yolo/labels/ecp/train... 422 images, 0 backgrounds, 0 corrupt: 100% ━━━━━━━━━━━━ 422/422 516.5it/s 0.8s
[36m(ClientAppActor pid=402471)[0m 
[36m(ClientAppActor pid=402465)[0m 
[K        1/3      1.38G      4.166      37.01      2.218         12        640: 1% ──────────── 1/119 1.2it/s 1.3s<1:35
[36m(ClientAppActor pid=402465)[0m 
[K        1/3      1.38G      4.631      34.89      2.356         44        640: 2% ──────────── 2/119 2.2it/s 1.6s<54.3s
[36m(ClientAppActor pid=402455)[0m 
[K[34m[1mtrain: [0mScanning /ANON/fl_hod/data/yolo/labels/ecp/train... 87 images, 0 backgrounds, 0 corrupt: 12% ━─────────── 87/724 214.0it/s 0.2s<3.0s[32m [repeated 4x across cluster][0m
[36m(ClientAppActor pid=402455)[0m 
[K[34m[1mtrain: [0mScanning /ANON/fl_hod/data/yolo/labels/ecp/train... 151 images, 0 backgrounds, 0 corrupt: 21% ━━╸───────── 151/724 313.9it/s 0.3s<1.8s[32m [repeated 3x across cluster][0m
[36m(ClientAppActor pid=402456)[0m 
[K[34m[1mtrain: [0mScanning /ANON/fl_hod/data/yolo/labels/ecp/train... 187 images, 0 backgrounds, 0 corrupt: 38% ━━━━╸─────── 187/496 343.8it/s 0.4s<0.9s[32m [repeated 2x across cluster][0m
[36m(ClientAppActor pid=402465)[0m 
[K        1/3      1.38G      4.816       30.4      2.394        102        640: 3% ──────────── 3/119 2.7it/s 1.8s<43.2s
[36m(ClientAppActor pid=402456)[0m 
[K[34m[1mtrain: [0mScanning /ANON/fl_hod/data/yolo/labels/ecp/train... 286 images, 0 backgrounds, 0 corrupt: 58% ━━━━━━╸───── 286/496 415.0it/s 0.7s<0.5s
[36m(ClientAppActor pid=402464)[0m 
[K[34m[1mtrain: [0mScanning /ANON/fl_hod/data/yolo/labels/ecp/train... 298 images, 0 backgrounds, 0 corrupt: 65% ━━━━━━━╸──── 298/457 409.1it/s 0.7s<0.4s
[36m(ClientAppActor pid=402465)[0m 
[K        1/3      1.38G      4.639      30.66      2.367         27        640: 3% ──────────── 4/119 2.7it/s 2.2s<42.3s
[36m(ClientAppActor pid=402456)[0m 
[K[34m[1mtrain: [0mScanning /ANON/fl_hod/data/yolo/labels/ecp/train... 402 images, 0 backgrounds, 0 corrupt: 81% ━━━━━━━━━╸── 402/496 472.7it/s 0.9s<0.2s
[36m(ClientAppActor pid=402455)[0m 
[K[34m[1mtrain: [0mScanning /ANON/fl_hod/data/yolo/labels/ecp/train... 212 images, 0 backgrounds, 0 corrupt: 29% ━━━╸──────── 212/724 398.6it/s 0.4s<1.3s
[36m(ClientAppActor pid=402456)[0m 
[K[34m[1mtrain: [0mScanning /ANON/fl_hod/data/yolo/labels/ecp/train... 230 images, 0 backgrounds, 0 corrupt: 46% ━━━━━╸────── 230/496 359.4it/s 0.6s<0.7s
[36m(ClientAppActor pid=402456)[0m 
[K[34m[1mtrain: [0mScanning /ANON/fl_hod/data/yolo/labels/ecp/train... 464 images, 0 backgrounds, 0 corrupt: 94% ━━━━━━━━━━━─ 464/496 515.3it/s 1.0s<0.1s
[K[34m[1mtrain: [0mScanning /ANON/fl_hod/data/yolo/labels/ecp/train... 496 images, 0 backgrounds, 0 corrupt: 100% ━━━━━━━━━━━━ 496/496 495.9it/s 1.0s
[K[34m[1mtrain: [0mScanning /ANON/fl_hod/data/yolo/labels/ecp/train... 496 images, 0 backgrounds, 0 corrupt: 100% ━━━━━━━━━━━━ 496/496 495.8it/s 1.0s[32m [repeated 2x across cluster][0m
[36m(ClientAppActor pid=402465)[0m 
[K        1/3      1.38G       5.01      47.33      2.719         11        640: 4% ╸─────────── 5/119 2.9it/s 2.5s<39.7s
[36m(ClientAppActor pid=402455)[0m 
[K[34m[1mtrain: [0mScanning /ANON/fl_hod/data/yolo/labels/ecp/train... 447 images, 0 backgrounds, 0 corrupt: 62% ━━━━━━━───── 447/724 541.8it/s 0.9s<0.5s
[36m(ClientAppActor pid=402464)[0m 
[K[34m[1mval: [0mScanning /ANON/fl_hod/data/yolo/labels/ecp/val... 80 images, 0 backgrounds, 0 corrupt: 100% ━━━━━━━━━━━━ 80/80 372.4it/s 0.2s
[K[34m[1mval: [0mScanning /ANON/fl_hod/data/yolo/labels/ecp/val... 80 images, 0 backgrounds, 0 corrupt: 100% ━━━━━━━━━━━━ 80/80 372.3it/s 0.2s
[36m(ClientAppActor pid=402455)[0m 
[K[34m[1mtrain: [0mScanning /ANON/fl_hod/data/yolo/labels/ecp/train... 563 images, 0 backgrounds, 0 corrupt: 78% ━━━━━━━━━─── 563/724 525.4it/s 1.1s<0.3s
[36m(ClientAppActor pid=402465)[0m 
[K        1/3      1.38G      4.797      44.26      2.664         34        640: 5% ╸─────────── 6/119 2.9it/s 2.8s<39.5s
[36m(ClientAppActor pid=402465)[0m 
[K        1/3      1.38G      4.712      43.13      2.622         22        640: 6% ╸─────────── 7/119 2.9it/s 3.2s<39.1s
[36m(ClientAppActor pid=402455)[0m 
[K[34m[1mval: [0mScanning /ANON/fl_hod/data/yolo/labels/ecp/val... 22 images, 0 backgrounds, 0 corrupt: 17% ━╸────────── 22/133 55.9it/s 0.1s<2.0s[32m [repeated 2x across cluster][0m
[36m(ClientAppActor pid=402459)[0m 
[36m(ClientAppActor pid=402459)[0m [34m[1moptimizer:[0m AdamW(lr=0.001, momentum=0.937) with parameter groups 99 weight(decay=0.0), 112 weight(decay=0.0005), 111 bias(decay=0.0)[32m [repeated 2x across cluster][0m
[36m(ClientAppActor pid=402459)[0m Image sizes 640 train, 640 val[32m [repeated 2x across cluster][0m
[36m(ClientAppActor pid=402459)[0m Using 8 dataloader workers[32m [repeated 2x across cluster][0m
[36m(ClientAppActor pid=402459)[0m Logging results to [1m/tmp/fl_yolo_runs_402459/train[0m[32m [repeated 2x across cluster][0m
[36m(ClientAppActor pid=402459)[0m Starting training for 3 epochs...[32m [repeated 2x across cluster][0m
[36m(ClientAppActor pid=402459)[0m       Epoch    GPU_mem   box_loss   cls_loss   dfl_loss  Instances       Size[32m [repeated 2x across cluster][0m
[36m(ClientAppActor pid=402493)[0m 
[36m(ClientAppActor pid=402471)[0m 
[K        1/3      1.36G      5.279      59.64      2.441         26        640: 9% ━─────────── 4/43 2.1it/s 4.1s<18.9s
[36m(ClientAppActor pid=402456)[0m 
[36m(ClientAppActor pid=402455)[0m 
[36m(ClientAppActor pid=402471)[0m 
[K        1/3      1.38G      4.932         62      2.489         15        640: 14% ━╸────────── 6/43 2.9it/s 4.6s<12.6s
[36m(ClientAppActor pid=402464)[0m 
[36m(ClientAppActor pid=402471)[0m 
[K        1/3      1.38G      4.845      64.44      2.545          7        640: 16% ━╸────────── 7/43 3.5it/s 4.8s<10.4s
[36m(ClientAppActor pid=402471)[0m 
[K        1/3      1.38G      4.927       61.6       2.53         29        640: 19% ━━────────── 8/43 4.2it/s 5.0s<8.4s
[36m(ClientAppActor pid=402471)[0m 
[K        1/3      1.36G      4.514      64.11      2.029          6        640: 2% ──────────── 1/43 1.2s/it 2.3s<49.4s[32m [repeated 2x across cluster][0m
[36m(ClientAppActor pid=402471)[0m 
[K        1/3      1.38G        4.9      59.96      2.496         21        640: 21% ━━╸───────── 9/43 4.5it/s 5.2s<7.5s
[36m(ClientAppActor pid=402471)[0m 
[K        1/3      1.38G      4.964      62.31      2.554         15        640: 23% ━━╸───────── 10/43 4.2it/s 5.4s<7.8s
[36m(ClientAppActor pid=402471)[0m 
[K        1/3      1.38G      5.098      63.79      2.563         14        640: 26% ━━━───────── 11/43 4.2it/s 5.7s<7.5s
[36m(ClientAppActor pid=402471)[0m 
[K        1/3      1.38G      4.981      61.63      2.555         21        640: 28% ━━━───────── 12/43 4.4it/s 5.9s<7.0s
[36m(ClientAppActor pid=402471)[0m 
[K        1/3      1.38G      5.049      61.23      2.562         18        640: 30% ━━━╸──────── 13/43 5.1it/s 6.0s<5.8s
[36m(ClientAppActor pid=402471)[0m 
[K        1/3      1.38G      4.979      61.39      2.551         13        640: 33% ━━━╸──────── 14/43 4.8it/s 6.3s<6.0s
[36m(ClientAppActor pid=402465)[0m 
[K        1/3      1.42G      4.567      39.04      2.516         34        640: 8% ╸─────────── 9/119 2.0it/s 5.0s<54.3s[32m [repeated 4x across cluster][0m
[36m(ClientAppActor pid=402471)[0m 
[K        1/3      1.38G      5.155      61.79      2.582         32        640: 35% ━━━━──────── 15/43 5.2it/s 6.4s<5.4s
[36m(ClientAppActor pid=402471)[0m 
[K        1/3      1.38G      5.089      61.19      2.569         17        640: 37% ━━━━──────── 16/43 5.1it/s 6.6s<5.3s
[36m(ClientAppActor pid=402471)[0m 
[K        1/3      1.38G      5.149      61.73      2.618         13        640: 40% ━━━━╸─────── 17/43 5.4it/s 6.8s<4.8s
[36m(ClientAppActor pid=402471)[0m 
[K        1/3      1.38G       5.22       63.3      2.659         11        640: 42% ━━━━━─────── 18/43 5.1it/s 7.0s<4.9s
[36m(ClientAppActor pid=402471)[0m 
[K        1/3       1.4G      5.231      62.01      2.645         17        640: 44% ━━━━━─────── 19/43 5.2it/s 7.2s<4.6s
[36m(ClientAppActor pid=402471)[0m 
[K        1/3      1.42G      5.205      62.03      2.674          8        640: 47% ━━━━━╸────── 20/43 5.2it/s 7.4s<4.4s
[36m(ClientAppActor pid=402471)[0m 
[K        1/3      1.42G      5.288      62.01      2.702         11        640: 49% ━━━━━╸────── 21/43 5.0it/s 7.6s<4.4s
[36m(ClientAppActor pid=402471)[0m 
[K        1/3      1.42G      5.341      60.89      2.715         10        640: 51% ━━━━━━────── 22/43 4.5it/s 7.9s<4.6s
[36m(ClientAppActor pid=402471)[0m 
[K        1/3      1.43G      5.382      59.39      2.724         26        640: 53% ━━━━━━────── 23/43 3.9it/s 8.3s<5.1s
[36m(ClientAppActor pid=402471)[0m 
[K        1/3      1.43G      5.377      57.52      2.736         35        640: 56% ━━━━━━╸───── 24/43 3.5it/s 8.7s<5.4s
[36m(ClientAppActor pid=402464)[0m [34m[1moptimizer:[0m AdamW(lr=0.001, momentum=0.937) with parameter groups 99 weight(decay=0.0), 112 weight(decay=0.0005), 111 bias(decay=0.0)[32m [repeated 4x across cluster][0m
[36m(ClientAppActor pid=402464)[0m Image sizes 640 train, 640 val[32m [repeated 4x across cluster][0m
[36m(ClientAppActor pid=402464)[0m Using 8 dataloader workers[32m [repeated 4x across cluster][0m
[36m(ClientAppActor pid=402464)[0m Logging results to [1m/tmp/fl_yolo_runs_402464/train[0m[32m [repeated 4x across cluster][0m
[36m(ClientAppActor pid=402464)[0m Starting training for 3 epochs...[32m [repeated 4x across cluster][0m
[36m(ClientAppActor pid=402464)[0m       Epoch    GPU_mem   box_loss   cls_loss   dfl_loss  Instances       Size[32m [repeated 4x across cluster][0m
[36m(ClientAppActor pid=402471)[0m 
[K        1/3      1.43G      5.391      55.94      2.724         27        640: 58% ━━━━━━╸───── 25/43 4.0it/s 8.9s<4.6s
[36m(ClientAppActor pid=402471)[0m 
[K        1/3      1.43G       5.39      54.33      2.736         26        640: 60% ━━━━━━━───── 26/43 4.4it/s 9.1s<3.9s
[36m(ClientAppActor pid=402456)[0m 
[K        1/3      1.41G       4.63      18.55      2.529         78        640: 11% ━─────────── 14/124 3.8it/s 4.8s<29.2s[32m [repeated 16x across cluster][0m
[36m(ClientAppActor pid=402471)[0m 
[K        1/3      1.43G      5.383      52.94      2.721         15        640: 63% ━━━━━━━╸──── 27/43 4.7it/s 9.3s<3.4s
[36m(ClientAppActor pid=402471)[0m 
[K        1/3      1.43G      5.322      51.54      2.708         15        640: 65% ━━━━━━━╸──── 28/43 4.8it/s 9.5s<3.1s
[36m(ClientAppActor pid=402456)[0m 
[K        1/3      1.41G      4.547      16.37       2.48         17        640: 14% ━╸────────── 17/124 4.5it/s 5.4s<23.7s[32m [repeated 9x across cluster][0m
[36m(ClientAppActor pid=402471)[0m 
[K        1/3      1.43G      5.316      50.35      2.715         13        640: 67% ━━━━━━━━──── 29/43 4.8it/s 9.7s<2.9s
[36m(ClientAppActor pid=402465)[0m 
[K        1/3      1.45G      4.385      19.86       2.37         39        640: 20% ━━────────── 24/119 5.6it/s 8.6s<16.9s[32m [repeated 5x across cluster][0m
[36m(ClientAppActor pid=402455)[0m 
[K        1/3      1.35G      4.306      38.42      2.463         30        640: 4% ──────────── 7/181 4.1it/s 3.2s<42.4s[32m [repeated 29x across cluster][0m
[36m(ClientAppActor pid=402471)[0m 
[K        1/3      1.43G      5.264      48.99      2.711         17        640: 70% ━━━━━━━━──── 30/43 4.9it/s 9.9s<2.7s
[36m(ClientAppActor pid=402471)[0m 
[K        1/3      1.43G      5.226      47.72      2.692         15        640: 72% ━━━━━━━━╸─── 31/43 5.2it/s 10.1s<2.3s
[36m(ClientAppActor pid=402465)[0m 
[K        1/3      1.45G      4.301      17.19      2.319         12        640: 24% ━━╸───────── 29/119 4.0it/s 10.2s<22.6s[32m [repeated 5x across cluster][0m
[36m(ClientAppActor pid=402471)[0m 
[K        1/3      1.43G      5.205       46.5      2.681         30        640: 74% ━━━━━━━━╸─── 32/43 5.1it/s 10.3s<2.1s
[36m(ClientAppActor pid=402471)[0m 
[K        1/3      1.43G      5.172      45.47      2.663         10        640: 77% ━━━━━━━━━─── 33/43 5.1it/s 10.5s<1.9s
[36m(ClientAppActor pid=402465)[0m 
[K        1/3      1.45G      4.294      15.36       2.29         95        640: 29% ━━━───────── 34/119 4.8it/s 11.2s<17.8s[32m [repeated 5x across cluster][0m
[36m(ClientAppActor pid=402471)[0m 
[K        1/3      1.43G      5.207      44.43       2.67         36        640: 79% ━━━━━━━━━─── 34/43 5.0it/s 10.7s<1.8s
[36m(ClientAppActor pid=402471)[0m 
[K        1/3      1.43G      5.182      43.35      2.657         33        640: 81% ━━━━━━━━━╸── 35/43 5.1it/s 10.9s<1.6s
[36m(ClientAppActor pid=402465)[0m 
[K        1/3      1.45G       4.35      13.93      2.274         30        640: 33% ━━━╸──────── 39/119 5.0it/s 12.2s<16.2s[32m [repeated 5x across cluster][0m
[36m(ClientAppActor pid=402471)[0m 
[K        1/3      1.43G       5.16      42.33      2.655         24        640: 84% ━━━━━━━━━━── 36/43 5.1it/s 11.1s<1.4s
[36m(ClientAppActor pid=402471)[0m 
[K        1/3      1.43G       5.18      41.42      2.657         36        640: 86% ━━━━━━━━━━── 37/43 5.1it/s 11.3s<1.2s
[36m(ClientAppActor pid=402455)[0m 
[K        1/3      1.38G      4.512      25.24      2.442         39        640: 8% ╸─────────── 15/181 4.6it/s 5.7s<36.4s[32m [repeated 26x across cluster][0m
[36m(ClientAppActor pid=402465)[0m 
[K        1/3      1.45G      4.331      13.42      2.277         45        640: 34% ━━━━──────── 41/119 4.9it/s 12.6s<15.8s[32m [repeated 2x across cluster][0m
[36m(ClientAppActor pid=402471)[0m 
[K        1/3      1.43G      5.159      40.54      2.645         27        640: 88% ━━━━━━━━━━╸─ 38/43 5.1it/s 11.5s<1.0s
[36m(ClientAppActor pid=402471)[0m 
[K        1/3      1.43G      5.134      39.75      2.639          9        640: 91% ━━━━━━━━━━╸─ 39/43 5.1it/s 11.6s<0.8s
[36m(ClientAppActor pid=402471)[0m 
[K        1/3      1.43G       5.13      38.95      2.631         35        640: 93% ━━━━━━━━━━━─ 40/43 5.0it/s 11.9s<0.6s
[36m(ClientAppActor pid=402471)[0m 
[K        1/3      1.43G      5.118      38.17      2.628         33        640: 95% ━━━━━━━━━━━─ 41/43 5.0it/s 12.1s<0.4s
[36m(ClientAppActor pid=402465)[0m 
[K        1/3      1.45G      4.315       12.6      2.272         19        640: 38% ━━━━╸─────── 45/119 5.2it/s 13.4s<14.2s
[36m(ClientAppActor pid=402471)[0m 
[K        1/3      1.47G      5.091      37.45       2.62          8        640: 98% ━━━━━━━━━━━╸ 42/43 4.7it/s 12.3s<0.2s
[K        1/3      1.47G      5.091      37.45       2.62          8        640: 100% ━━━━━━━━━━━━ 43/43 3.5it/s 12.3s
[K        1/3      1.47G      5.091      37.45       2.62          8        640: 100% ━━━━━━━━━━━━ 43/43 3.5it/s 12.3s
[36m(ClientAppActor pid=402465)[0m 
[K        1/3      1.45G      4.298      12.39      2.267         45        640: 39% ━━━━╸─────── 46/119 5.1it/s 13.6s<14.4s
[36m(ClientAppActor pid=402465)[0m 
[K        1/3      1.45G      4.284       12.2      2.267         31        640: 39% ━━━━╸─────── 47/119 5.1it/s 13.8s<14.2s
[36m(ClientAppActor pid=402471)[0m 
[K                 Class     Images  Instances      Box(P          R      mAP50  mAP50-95): 50% ━━━━━━────── 1/2 1.3s/it 0.4s<1.3s
[36m(ClientAppActor pid=402465)[0m 
[K        1/3      1.45G      4.269         12      2.263         41        640: 40% ━━━━╸─────── 48/119 4.4it/s 14.2s<16.0s
[36m(ClientAppActor pid=402471)[0m 
[K                 Class     Images  Instances      Box(P          R      mAP50  mAP50-95): 100% ━━━━━━━━━━━━ 2/2 2.1it/s 1.0s
[K                 Class     Images  Instances      Box(P          R      mAP50  mAP50-95): 100% ━━━━━━━━━━━━ 2/2 2.1it/s 1.0s
[36m(ClientAppActor pid=402471)[0m                    all         15         83    0.00895      0.446    0.00651    0.00272
[36m(ClientAppActor pid=402465)[0m 
[K        1/3      1.45G      4.247      11.84      2.264         30        640: 41% ━━━━╸─────── 49/119 3.8it/s 14.6s<18.5s
[36m(ClientAppActor pid=402471)[0m 
[36m(ClientAppActor pid=402465)[0m 
[K        1/3      1.45G      4.239      11.67      2.263         46        640: 42% ━━━━━─────── 50/119 3.4it/s 15.0s<20.5s
[36m(ClientAppActor pid=402471)[0m       Epoch    GPU_mem   box_loss   cls_loss   dfl_loss  Instances       Size
[36m(ClientAppActor pid=402465)[0m 
[K        1/3      1.45G      4.226       11.5      2.265         60        640: 43% ━━━━━─────── 51/119 3.9it/s 15.2s<17.5s
[36m(ClientAppActor pid=402455)[0m 
[K        1/3      1.41G      4.487      19.13      2.469         20        640: 12% ━─────────── 22/181 4.8it/s 7.2s<33.1s[32m [repeated 18x across cluster][0m
[36m(ClientAppActor pid=402465)[0m 
[K        1/3      1.45G      4.229      11.34      2.261         88        640: 44% ━━━━━─────── 52/119 4.1it/s 15.4s<16.4s
[36m(ClientAppActor pid=402465)[0m 
[K        1/3      1.45G      4.211      11.21      2.262         12        640: 45% ━━━━━─────── 53/119 4.3it/s 15.6s<15.4s
[36m(ClientAppActor pid=402465)[0m 
[K        1/3      1.45G      4.223      11.07       2.26         41        640: 45% ━━━━━─────── 54/119 4.5it/s 15.8s<14.6s
[36m(ClientAppActor pid=402455)[0m 
[K        1/3      1.41G      4.414      15.22       2.43         24        640: 17% ━╸────────── 30/181 3.4it/s 9.4s<43.8s[32m [repeated 21x across cluster][0m
[36m(ClientAppActor pid=402465)[0m 
[K        1/3      1.45G      4.214      10.93      2.255         52        640: 46% ━━━━━╸────── 55/119 4.7it/s 16.0s<13.7s
[36m(ClientAppActor pid=402455)[0m 
[K        1/3      1.41G      4.375      13.66       2.41         51        640: 19% ━━────────── 35/181 4.6it/s 10.4s<31.8s[32m [repeated 25x across cluster][0m
[36m(ClientAppActor pid=402471)[0m 
[K        2/3      1.47G      3.962      5.357      1.997         29        640: 2% ──────────── 1/43 1.5it/s 0.5s<27.2s[32m [repeated 2x across cluster][0m
[36m(pid=gcs_server)[0m [2026-05-06 02:55:17,876 E 402226 402226] (gcs_server) gcs_server.cc:302: Failed to establish connection to the event+metrics exporter agent. Events and metrics will not be exported. Exporter agent status: RpcError: Running out of retries to initialize the metrics agent. rpc_code: 14
[36m(ClientAppActor pid=402455)[0m [93mWARNING [0m:   DEPRECATED FEATURE: `client_fn` now expects a signature `def client_fn(context: Context)`.The provided `client_fn` has signature: {'cid': <Parameter "cid: str">}. You can import the `Context` like this: `from flwr.common import Context`[32m [repeated 6x across cluster][0m
[36m(ClientAppActor pid=402455)[0m             This is a deprecated feature. It will be removed[32m [repeated 6x across cluster][0m
[36m(ClientAppActor pid=402455)[0m             entirely in future versions of Flower.[32m [repeated 6x across cluster][0m
[36m(ClientAppActor pid=402471)[0m [93mWARNING [0m:   Deprecation Warning: The `client_fn` function must return an instance of `Client`, but an instance of `NumpyClient` was returned. Please use `NumPyClient.to_client()` method to convert it to `Client`.[32m [repeated 6x across cluster][0m
[36m(ClientAppActor pid=402465)[0m 
[K        1/3      1.45G      4.217       10.8      2.249         29        640: 47% ━━━━━╸────── 56/119 4.8it/s 16.2s<13.2s
[36m(ClientAppActor pid=402459)[0m 
[K        1/3      1.44G      4.334      11.02      2.468         94        640: 24% ━━╸───────── 29/120 3.5it/s 9.9s<25.7s[32m [repeated 18x across cluster][0m
[36m(ClientAppActor pid=402465)[0m 
[K        1/3      1.45G      4.207      10.67      2.247         82        640: 48% ━━━━━╸────── 57/119 4.9it/s 16.4s<12.6s
[36m(ClientAppActor pid=402465)[0m 
[K        1/3      1.45G      4.233      10.57      2.248         46        640: 49% ━━━━━╸────── 58/119 4.9it/s 16.6s<12.4s
[36m(ClientAppActor pid=402465)[0m 
[K        1/3      1.45G       4.22      10.44      2.247         32        640: 50% ━━━━━╸────── 59/119 4.9it/s 16.8s<12.3s
[36m(ClientAppActor pid=402459)[0m 
[K        1/3      1.44G      4.265      9.759      2.429        179        640: 29% ━━━───────── 35/120 4.6it/s 11.2s<18.3s[32m [repeated 21x across cluster][0m
[36m(ClientAppActor pid=402465)[0m 
[K        1/3      1.45G      4.217      10.32      2.243         70        640: 50% ━━━━━━────── 60/119 4.9it/s 17.0s<12.0s
[36m(ClientAppActor pid=402465)[0m 
[K        1/3      1.45G       4.22      10.21      2.239         22        640: 51% ━━━━━━────── 61/119 4.9it/s 17.2s<11.7s
[36m(ClientAppActor pid=402459)[0m 
[K        1/3      1.44G      4.237      9.098      2.414         67        640: 32% ━━━╸──────── 39/120 4.8it/s 12.0s<16.8s[32m [repeated 19x across cluster][0m
[36m(ClientAppActor pid=402465)[0m 
[K        1/3      1.45G      4.221      10.12       2.24          9        640: 52% ━━━━━━────── 62/119 5.0it/s 17.4s<11.5s
[36m(ClientAppActor pid=402471)[0m 
[K        2/3      1.47G      4.512      6.674      2.255         14        640: 7% ╸─────────── 3/43 3.2it/s 1.0s<12.6s[32m [repeated 2x across cluster][0m
[36m(ClientAppActor pid=402465)[0m 
[K        1/3      1.45G      4.213      10.01      2.237         26        640: 53% ━━━━━━────── 63/119 4.8it/s 17.7s<11.6s
[36m(ClientAppActor pid=402459)[0m 
[K        1/3      1.48G      4.217      8.546      2.393        136        640: 36% ━━━━──────── 43/120 5.0it/s 12.8s<15.4s[32m [repeated 21x across cluster][0m
[36m(ClientAppActor pid=402465)[0m 
[K        1/3      1.45G       4.21      9.911      2.232         18        640: 54% ━━━━━━────── 64/119 4.9it/s 17.9s<11.3s
[36m(ClientAppActor pid=402465)[0m 
[K        1/3      1.45G      4.204      9.808      2.231         71        640: 55% ━━━━━━╸───── 65/119 4.9it/s 18.1s<11.0s
[36m(ClientAppActor pid=402465)[0m 
[K        1/3      1.45G      4.201      9.704      2.227         49        640: 55% ━━━━━━╸───── 66/119 5.0it/s 18.3s<10.7s
[36m(ClientAppActor pid=402465)[0m 
[K        1/3      1.45G      4.192      9.611      2.224         24        640: 56% ━━━━━━╸───── 67/119 4.9it/s 18.5s<10.5s
[36m(ClientAppActor pid=402459)[0m 
[K        1/3      1.48G      4.164      8.074      2.381         57        640: 39% ━━━━╸─────── 47/120 4.8it/s 13.6s<15.2s[32m [repeated 17x across cluster][0m
[36m(ClientAppActor pid=402465)[0m 
[K        1/3      1.45G        4.2      9.516      2.222         67        640: 57% ━━━━━━╸───── 68/119 5.0it/s 18.7s<10.3s
[36m(ClientAppActor pid=402465)[0m 
[K        1/3      1.45G      4.214      9.436      2.223         35        640: 58% ━━━━━━╸───── 69/119 5.1it/s 18.8s<9.8s
[36m(ClientAppActor pid=402465)[0m 
[K        1/3      1.45G      4.234      9.365      2.221         41        640: 59% ━━━━━━━───── 70/119 4.4it/s 19.2s<11.1s
[36m(ClientAppActor pid=402465)[0m 
[K        1/3      1.45G      4.226      9.279      2.222         40        640: 60% ━━━━━━━───── 71/119 3.6it/s 19.8s<13.4s
[36m(ClientAppActor pid=402459)[0m 
[K        1/3      1.48G      4.137      7.679      2.373         68        640: 42% ━━━━━─────── 51/120 3.5it/s 15.0s<19.8s[32m [repeated 17x across cluster][0m
[36m(ClientAppActor pid=402465)[0m 
[K        1/3      1.45G      4.233      9.198      2.219         31        640: 61% ━━━━━━━───── 72/119 3.4it/s 20.1s<13.7s
[36m(ClientAppActor pid=402465)[0m 
[K        1/3      1.45G      4.229      9.111      2.216         79        640: 61% ━━━━━━━───── 73/119 4.0it/s 20.3s<11.5s
[36m(ClientAppActor pid=402471)[0m 
[K        2/3      1.47G      4.739      6.448      2.461         27        640: 12% ━─────────── 5/43 4.2it/s 1.4s<9.1s[32m [repeated 2x across cluster][0m
[36m(ClientAppActor pid=402465)[0m 
[K        1/3      1.45G      4.229      9.035      2.216         48        640: 62% ━━━━━━━───── 74/119 4.4it/s 20.5s<10.3s
[36m(ClientAppActor pid=402465)[0m 
[K        1/3      1.45G      4.224      8.956      2.217         98        640: 63% ━━━━━━━╸──── 75/119 4.5it/s 20.7s<9.8s
[36m(ClientAppActor pid=402471)[0m 
[K        2/3      1.47G       4.66      6.126      2.501         16        640: 16% ━╸────────── 7/43 4.7it/s 1.7s<7.7s[32m [repeated 2x across cluster][0m
[36m(ClientAppActor pid=402459)[0m 
[K        1/3      1.48G      4.117      7.281      2.364         62        640: 47% ━━━━━╸────── 56/120 4.8it/s 16.0s<13.5s[32m [repeated 16x across cluster][0m
[36m(ClientAppActor pid=402471)[0m 
[K        2/3      1.47G      4.565      6.102      2.452         16        640: 19% ━━────────── 8/43 4.7it/s 2.0s<7.4s[32m [repeated 3x across cluster][0m
[36m(ClientAppActor pid=402471)[0m 
[K        2/3      1.47G      4.555      5.502      2.402         20        640: 67% ━━━━━━━━──── 29/43 4.9it/s 6.6s<2.9s
[36m(ClientAppActor pid=402471)[0m 
[K        2/3      1.47G      4.551      5.438      2.396         28        640: 70% ━━━━━━━━──── 30/43 4.9it/s 6.8s<2.6s
[36m(ClientAppActor pid=402455)[0m 
[K        1/3      1.41G      4.417      11.45      2.359         45        640: 25% ━━╸───────── 45/181 5.3it/s 12.4s<25.8s[32m [repeated 10x across cluster][0m
[36m(ClientAppActor pid=402471)[0m 
[K        2/3      1.47G      4.513        5.4      2.387         15        640: 72% ━━━━━━━━╸─── 31/43 4.9it/s 7.0s<2.5s
[36m(ClientAppActor pid=402471)[0m 
[K        2/3      1.47G      4.528      5.403      2.372         18        640: 74% ━━━━━━━━╸─── 32/43 5.0it/s 7.2s<2.2s
[36m(ClientAppActor pid=402471)[0m 
[K        2/3      1.47G      4.492      5.344      2.362         21        640: 77% ━━━━━━━━━─── 33/43 4.9it/s 7.4s<2.0s
[36m(ClientAppActor pid=402455)[0m 
[K        1/3      1.44G      4.405      10.48       2.34         34        640: 29% ━━━───────── 52/181 3.8it/s 14.2s<33.9s[32m [repeated 9x across cluster][0m
[36m(ClientAppActor pid=402456)[0m 
[K        1/3      1.41G      4.287      7.218       2.38         34        640: 53% ━━━━━━────── 66/124 5.2it/s 16.7s<11.2s[32m [repeated 19x across cluster][0m
[36m(ClientAppActor pid=402471)[0m 
[K        2/3      1.47G      4.494      5.363      2.356         15        640: 79% ━━━━━━━━━─── 34/43 4.9it/s 7.6s<1.8s
[33m(raylet)[0m [2026-05-06 02:55:18,172 E 402379 402379] (raylet) main.cc:975: Failed to establish connection to the metrics exporter agent. Metrics will not be exported. Exporter agent status: RpcError: Running out of retries to initialize the metrics agent. rpc_code: 14
[36m(ClientAppActor pid=402465)[0m [2026-05-06 02:55:18,504 E 402465 403085] core_worker_process.cc:825: Failed to establish connection to the metrics exporter agent. Metrics will not be exported. Exporter agent status: RpcError: Running out of retries to initialize the metrics agent. rpc_code: 14
[2026-05-06 02:55:18,598 E 402193 402453] core_worker_process.cc:825: Failed to establish connection to the metrics exporter agent. Metrics will not be exported. Exporter agent status: RpcError: Running out of retries to initialize the metrics agent. rpc_code: 14
[36m(ClientAppActor pid=402471)[0m 
[K        2/3      1.47G      4.481      5.317      2.353         18        640: 81% ━━━━━━━━━╸── 35/43 4.8it/s 7.8s<1.7s
[36m(ClientAppActor pid=402455)[0m 
[K        1/3      1.44G      4.432      9.615      2.326         49        640: 33% ━━━╸──────── 60/181 4.9it/s 15.9s<24.6s[32m [repeated 10x across cluster][0m
[36m(ClientAppActor pid=402471)[0m 
[K        2/3      1.47G      4.487      5.296      2.358         32        640: 84% ━━━━━━━━━━── 36/43 4.9it/s 8.0s<1.4s
[36m(ClientAppActor pid=402455)[0m 
[K        1/3      1.44G      4.388       9.07      2.335         52        640: 36% ━━━━──────── 66/181 5.1it/s 17.1s<22.5s[32m [repeated 10x across cluster][0m
[36m(ClientAppActor pid=402471)[0m 
[K        2/3      1.47G      4.484       5.28      2.372         12        640: 86% ━━━━━━━━━━── 37/43 4.8it/s 8.2s<1.2s
[36m(ClientAppActor pid=402456)[0m 
[K        1/3      1.41G      4.296      6.957      2.372         57        640: 57% ━━━━━━╸───── 71/124 5.3it/s 17.6s<10.0s[32m [repeated 16x across cluster][0m
[36m(ClientAppActor pid=402471)[0m 
[K        2/3      1.47G      4.463      5.233      2.361         24        640: 88% ━━━━━━━━━━╸─ 38/43 4.9it/s 8.4s<1.0s
[36m(ClientAppActor pid=402471)[0m 
[K        2/3      1.47G      4.467      5.214      2.375         20        640: 91% ━━━━━━━━━━╸─ 39/43 5.3it/s 8.6s<0.8s
[36m(ClientAppActor pid=402471)[0m 
[K        2/3      1.47G      4.477      5.195      2.371         26        640: 93% ━━━━━━━━━━━─ 40/43 5.3it/s 8.8s<0.6s
[36m(ClientAppActor pid=402455)[0m 
[K        1/3      1.44G      4.378      8.729      2.324         57        640: 39% ━━━━╸─────── 70/181 5.4it/s 17.8s<20.6s[32m [repeated 5x across cluster][0m
[36m(ClientAppActor pid=402471)[0m 
[K        2/3      1.47G      4.481      5.183      2.364         23        640: 95% ━━━━━━━━━━━─ 41/43 5.3it/s 9.0s<0.4s
[36m(ClientAppActor pid=402471)[0m 
[K        2/3      1.47G      4.482      5.189      2.358         20        640: 98% ━━━━━━━━━━━╸ 42/43 6.4it/s 9.1s<0.2s
[K        2/3      1.47G      4.482      5.189      2.358         20        640: 100% ━━━━━━━━━━━━ 43/43 4.7it/s 9.1s
[K        2/3      1.47G      4.482      5.189      2.358         20        640: 100% ━━━━━━━━━━━━ 43/43 4.7it/s 9.1s
[36m(ClientAppActor pid=402471)[0m 
[K                 Class     Images  Instances      Box(P          R      mAP50  mAP50-95): 50% ━━━━━━────── 1/2 1.2s/it 0.4s<1.2s
[36m(ClientAppActor pid=402459)[0m 
[K        1/3      1.48G      4.072      6.339      2.347         85        640: 60% ━━━━━━━───── 72/120 4.3it/s 19.4s<11.3s[32m [repeated 17x across cluster][0m
[36m(ClientAppActor pid=402471)[0m 
[K                 Class     Images  Instances      Box(P          R      mAP50  mAP50-95): 100% ━━━━━━━━━━━━ 2/2 3.3it/s 0.6s
[K                 Class     Images  Instances      Box(P          R      mAP50  mAP50-95): 100% ━━━━━━━━━━━━ 2/2 3.3it/s 0.6s
[36m(ClientAppActor pid=402471)[0m                    all         15         83      0.386      0.296      0.261      0.132
[36m(ClientAppActor pid=402471)[0m 
[36m(ClientAppActor pid=402471)[0m       Epoch    GPU_mem   box_loss   cls_loss   dfl_loss  Instances       Size
[36m(ClientAppActor pid=402471)[0m 
[K        3/3      1.47G      3.463      11.84      1.717          3        640: 0% ──────────── 0/43  0.4s
[36m(ClientAppActor pid=402459)[0m 
[K        1/3      1.48G      4.119      7.356      2.368         75        640: 46% ━━━━━─────── 55/120 4.7it/s 15.8s<13.7s[32m [repeated 5x across cluster][0m
[36m(ClientAppActor pid=402471)[0m 
[K        3/3      1.47G       4.05      7.884      2.381         36        640: 2% ──────────── 1/43 1.0it/s 0.7s<40.5s
[36m(ClientAppActor pid=402471)[0m 
[K        3/3      1.47G      4.326      6.662      2.392         25        640: 5% ╸─────────── 2/43 2.3it/s 0.9s<17.8s
[36m(ClientAppActor pid=402471)[0m 
[K        3/3      1.47G      3.982      5.848      2.353         10        640: 7% ╸─────────── 3/43 3.3it/s 1.0s<12.3s
[36m(ClientAppActor pid=402471)[0m 
[K        3/3      1.47G       4.45      6.187      2.412         16        640: 9% ━─────────── 4/43 3.9it/s 1.2s<10.1s
[36m(ClientAppActor pid=402456)[0m 
[K        1/3      1.41G      4.272      6.487      2.358         61        640: 66% ━━━━━━━╸──── 82/124 4.7it/s 20.4s<8.9s[32m [repeated 22x across cluster][0m
[36m(ClientAppActor pid=402471)[0m 
[K        3/3      1.47G       4.23      5.659      2.366         23        640: 12% ━─────────── 5/43 4.2it/s 1.4s<9.0s
[36m(ClientAppActor pid=402471)[0m 
[K        3/3      1.47G      4.215      5.632       2.45          6        640: 14% ━╸────────── 6/43 4.4it/s 1.6s<8.4s
[36m(ClientAppActor pid=402459)[0m 
[K        1/3      1.48G      4.125      7.093       2.36         36        640: 49% ━━━━━╸────── 59/120 5.0it/s 16.6s<12.1s[32m [repeated 4x across cluster][0m
[36m(ClientAppActor pid=402471)[0m 
[K        3/3      1.47G      4.407      5.639      2.532         15        640: 16% ━╸────────── 7/43 4.5it/s 1.8s<8.0s
[36m(ClientAppActor pid=402456)[0m 
[K        1/3      1.41G      4.275      6.377      2.358         52        640: 69% ━━━━━━━━──── 85/124 5.1it/s 20.9s<7.7s[32m [repeated 18x across cluster][0m
[36m(ClientAppActor pid=402471)[0m 
[K        3/3      1.47G      4.471      5.434       2.52         38        640: 19% ━━────────── 8/43 4.7it/s 2.0s<7.4s
[36m(ClientAppActor pid=402471)[0m 
[K        3/3      1.47G      4.526      5.313      2.488         38        640: 21% ━━╸───────── 9/43 4.8it/s 2.2s<7.2s
[36m(ClientAppActor pid=402464)[0m 
[K        1/3      1.41G      4.178      10.17      2.266         56        640: 73% ━━━━━━━━╸─── 84/115 5.0it/s 20.6s<6.2s[32m [repeated 12x across cluster][0m
[36m(ClientAppActor pid=402471)[0m 
[K        3/3      1.47G      4.469      5.168      2.503          9        640: 23% ━━╸───────── 10/43 4.7it/s 2.5s<7.0s
[36m(ClientAppActor pid=402493)[0m 
[K        1/3      1.43G      4.506      10.85      2.274         19        640: 78% ━━━━━━━━━─── 83/106 4.6it/s 20.7s<5.0s[32m [repeated 9x across cluster][0m
[36m(ClientAppActor pid=402471)[0m 
[K        3/3      1.47G      4.414       5.07      2.476         25        640: 26% ━━━───────── 11/43 4.8it/s 2.7s<6.7s
[36m(ClientAppActor pid=402459)[0m 
[K        1/3      1.48G      4.105      6.732      2.361         44        640: 54% ━━━━━━────── 65/120 5.3it/s 17.7s<10.4s[32m [repeated 5x across cluster][0m
[36m(ClientAppActor pid=402471)[0m 
[K        3/3      1.47G      4.435      5.071       2.48         12        640: 28% ━━━───────── 12/43 4.9it/s 2.8s<6.3s
[36m(ClientAppActor pid=402493)[0m 
[K        1/3      1.43G      4.512      10.46      2.265         41        640: 83% ━━━━━━━━━╸── 88/106 4.9it/s 21.7s<3.6s[32m [repeated 10x across cluster][0m
[36m(ClientAppActor pid=402471)[0m 
[K        3/3      1.47G      4.457      5.016      2.472         42        640: 30% ━━━╸──────── 13/43 4.9it/s 3.0s<6.1s
[36m(ClientAppActor pid=402471)[0m 
[K        3/3      1.47G      4.409      4.913      2.459         15        640: 33% ━━━╸──────── 14/43 5.0it/s 3.2s<5.8s
[36m(ClientAppActor pid=402493)[0m 
[K        1/3      1.43G      4.489      10.22      2.257         24        640: 86% ━━━━━━━━━━── 91/106 4.9it/s 22.3s<3.0s[32m [repeated 8x across cluster][0m
[36m(ClientAppActor pid=402455)[0m 
[K        1/3      1.44G      4.374      8.976      2.331         27        640: 37% ━━━━──────── 67/181 5.2it/s 17.3s<21.9s
[36m(ClientAppActor pid=402471)[0m 
[K        3/3      1.47G      4.409      4.887      2.449         15        640: 35% ━━━━──────── 15/43 5.1it/s 3.4s<5.5s
[36m(ClientAppActor pid=402459)[0m 
[K        1/3      1.48G      4.077      6.493      2.354        101        640: 57% ━━━━━━╸───── 69/120 4.8it/s 18.7s<10.7s[32m [repeated 4x across cluster][0m
[36m(ClientAppActor pid=402493)[0m 
[K        1/3      1.43G      4.471      10.08      2.258         36        640: 88% ━━━━━━━━━━╸─ 93/106 5.2it/s 22.7s<2.5s[32m [repeated 6x across cluster][0m
[36m(ClientAppActor pid=402471)[0m 
[K        3/3      1.47G      4.332      4.792      2.428         17        640: 37% ━━━━──────── 16/43 5.0it/s 3.6s<5.4s
[36m(ClientAppActor pid=402465)[0m 
[K        1/3      1.45G      4.185      7.132      2.204         33        640: 93% ━━━━━━━━━━━─ 111/119 5.1it/s 28.2s<1.6s[32m [repeated 2x across cluster][0m
[36m(ClientAppActor pid=402471)[0m 
[K        3/3      1.47G      4.422      4.776      2.456         18        640: 40% ━━━━╸─────── 17/43 5.0it/s 3.8s<5.2s[32m [repeated 6x across cluster][0m
[36m(ClientAppActor pid=402465)[0m 
[K        1/3      1.45G      4.195      7.016      2.208         77        640: 97% ━━━━━━━━━━━╸ 115/119 4.6it/s 29.1s<0.9s
[36m(ClientAppActor pid=402459)[0m 
[K        1/3      1.48G      4.076      6.211      2.343         81        640: 62% ━━━━━━━───── 75/120 4.0it/s 20.3s<11.3s[32m [repeated 4x across cluster][0m
[36m(ClientAppActor pid=402465)[0m 
[K        1/3      1.45G      4.197      6.981      2.212         36        640: 97% ━━━━━━━━━━━╸ 116/119 4.0it/s 29.5s<0.7s
[36m(ClientAppActor pid=402465)[0m 
[K        1/3      1.45G      4.196       6.95      2.214         29        640: 98% ━━━━━━━━━━━╸ 117/119 3.5it/s 29.9s<0.6s
[36m(ClientAppActor pid=402471)[0m 
[K        3/3      1.47G      4.461      4.701       2.45         33        640: 44% ━━━━━─────── 19/43 5.0it/s 4.2s<4.8s[32m [repeated 9x across cluster][0m
[36m(ClientAppActor pid=402465)[0m 
[K        1/3      1.45G      4.194      6.918      2.211         18        640: 99% ━━━━━━━━━━━╸ 118/119 3.4it/s 30.2s<0.3s
[K        1/3      1.45G      4.194      6.918      2.211         18        640: 100% ━━━━━━━━━━━━ 119/119 3.9it/s 30.2s
[K        1/3      1.45G      4.194      6.918      2.211         18        640: 100% ━━━━━━━━━━━━ 119/119 3.9it/s 30.2s
[36m(ClientAppActor pid=402465)[0m 
[K                 Class     Images  Instances      Box(P          R      mAP50  mAP50-95): 9% ━─────────── 1/11 1.4s/it 0.4s<13.8s
[36m(ClientAppActor pid=402471)[0m 
[K        3/3      1.47G      4.478      4.424       2.41         24        640: 63% ━━━━━━━╸──── 27/43 5.3it/s 6.3s<3.0s[32m [repeated 3x across cluster][0m
[36m(ClientAppActor pid=402465)[0m 
[K                 Class     Images  Instances      Box(P          R      mAP50  mAP50-95): 18% ━━────────── 2/11 1.4it/s 0.8s<6.5s
[36m(ClientAppActor pid=402471)[0m 
[K        3/3      1.47G      4.484      4.683       2.44         26        640: 49% ━━━━━╸────── 21/43 5.1it/s 4.6s<4.3s[32m [repeated 10x across cluster][0m
[36m(ClientAppActor pid=402471)[0m 
[K        3/3      1.47G      4.456      4.366      2.398          7        640: 70% ━━━━━━━━──── 30/43 6.4it/s 6.7s<2.0s[32m [repeated 10x across cluster][0m
[36m(ClientAppActor pid=402465)[0m 
[K                 Class     Images  Instances      Box(P          R      mAP50  mAP50-95): 27% ━━━───────── 3/11 1.9it/s 1.1s<4.2s
[36m(ClientAppActor pid=402493)[0m 
[K                 Class     Images  Instances      Box(P          R      mAP50  mAP50-95): 22% ━━╸───────── 2/9 1.5it/s 0.7s<4.8s
[36m(ClientAppActor pid=402471)[0m 
[K        3/3      1.47G      4.452      4.336      2.404         29        640: 74% ━━━━━━━━╸─── 32/43 6.2it/s 7.1s<1.8s[32m [repeated 13x across cluster][0m
[36m(ClientAppActor pid=402465)[0m 
[K                 Class     Images  Instances      Box(P          R      mAP50  mAP50-95): 36% ━━━━──────── 4/11 2.3it/s 1.4s<3.1s
[36m(ClientAppActor pid=402465)[0m 
[K                 Class     Images  Instances      Box(P          R      mAP50  mAP50-95): 45% ━━━━━─────── 5/11 2.6it/s 1.7s<2.3s
[36m(ClientAppActor pid=402471)[0m 
[K        3/3      1.47G      4.453      4.329      2.391         30        640: 79% ━━━━━━━━━─── 34/43 6.1it/s 7.4s<1.5s[32m [repeated 19x across cluster][0m
[36m(ClientAppActor pid=402455)[0m 
[K        1/3      1.44G      4.388      7.271      2.303         82        640: 54% ━━━━━━────── 98/181 3.7it/s 24.4s<22.7s[32m [repeated 10x across cluster][0m
[36m(ClientAppActor pid=402465)[0m 
[K                 Class     Images  Instances      Box(P          R      mAP50  mAP50-95): 55% ━━━━━━╸───── 6/11 2.8it/s 2.0s<1.8s
[36m(ClientAppActor pid=402471)[0m 
[K        3/3      1.47G      4.437      4.283      2.381         32        640: 81% ━━━━━━━━━╸── 35/43 6.3it/s 7.5s<1.3s[32m [repeated 14x across cluster][0m
[36m(ClientAppActor pid=402465)[0m 
[K                 Class     Images  Instances      Box(P          R      mAP50  mAP50-95): 64% ━━━━━━━╸──── 7/11 2.9it/s 2.3s<1.4s
[36m(ClientAppActor pid=402471)[0m 
[K        3/3      1.47G      4.465      4.284      2.372         34        640: 86% ━━━━━━━━━━── 37/43 6.4it/s 7.8s<0.9s[32m [repeated 19x across cluster][0m
[36m(ClientAppActor pid=402493)[0m 
[K                 Class     Images  Instances      Box(P          R      mAP50  mAP50-95): 67% ━━━━━━━━──── 6/9 2.8it/s 1.9s<1.1s
[36m(ClientAppActor pid=402465)[0m 
[K                 Class     Images  Instances      Box(P          R      mAP50  mAP50-95): 73% ━━━━━━━━╸─── 8/11 3.1it/s 2.6s<1.0s
[36m(ClientAppActor pid=402493)[0m 
[K                 Class     Images  Instances      Box(P          R      mAP50  mAP50-95): 78% ━━━━━━━━━─── 7/9 3.1it/s 2.2s<0.7s
[36m(ClientAppActor pid=402455)[0m 
[K        1/3      1.44G      4.375      7.014      2.304         51        640: 58% ━━━━━━╸───── 105/181 6.0it/s 25.6s<12.7s[32m [repeated 9x across cluster][0m
[36m(ClientAppActor pid=402471)[0m 
[K        3/3      1.47G      4.509      4.275      2.389         17        640: 91% ━━━━━━━━━━╸─ 39/43 6.4it/s 8.2s<0.6s[32m [repeated 20x across cluster][0m
[36m(ClientAppActor pid=402465)[0m 
[K                 Class     Images  Instances      Box(P          R      mAP50  mAP50-95): 82% ━━━━━━━━━╸── 9/11 3.3it/s 2.9s<0.6s
[36m(ClientAppActor pid=402471)[0m 
[K                 Class     Images  Instances      Box(P          R      mAP50  mAP50-95): 50% ━━━━━━────── 1/2 1.2it/s 0.3s<0.8s
[36m(ClientAppActor pid=402493)[0m 
[K                 Class     Images  Instances      Box(P          R      mAP50  mAP50-95): 89% ━━━━━━━━━━╸─ 8/9 3.3it/s 2.5s<0.3s
[36m(ClientAppActor pid=402459)[0m 
[K        1/3      1.48G      3.952       5.05      2.309         60        640: 96% ━━━━━━━━━━━─ 115/120 7.3it/s 28.3s<0.7s[32m [repeated 25x across cluster][0m
[36m(ClientAppActor pid=402471)[0m 
[K                 Class     Images  Instances      Box(P          R      mAP50  mAP50-95): 100% ━━━━━━━━━━━━ 2/2 4.1it/s 0.5s
[K                 Class     Images  Instances      Box(P          R      mAP50  mAP50-95): 100% ━━━━━━━━━━━━ 2/2 4.1it/s 0.5s
[36m(ClientAppActor pid=402471)[0m                    all         15         83      0.484      0.349      0.384      0.185
[36m(ClientAppActor pid=402464)[0m 
[K                 Class     Images  Instances      Box(P          R      mAP50  mAP50-95): 30% ━━━╸──────── 3/10 2.5it/s 0.8s<2.8s
[36m(ClientAppActor pid=402493)[0m 
[36m(ClientAppActor pid=402493)[0m       Epoch    GPU_mem   box_loss   cls_loss   dfl_loss  Instances       Size
[36m(ClientAppActor pid=402465)[0m 
[36m(ClientAppActor pid=402493)[0m 
[K        2/3      1.47G      4.305      3.463       1.99         55        640: 0% ──────────── 0/106  0.1s
[36m(ClientAppActor pid=402464)[0m 
[K                 Class     Images  Instances      Box(P          R      mAP50  mAP50-95): 40% ━━━━╸─────── 4/10 3.0it/s 1.1s<2.0s
[36m(ClientAppActor pid=402471)[0m 
[36m(ClientAppActor pid=402471)[0m 3 epochs completed in 0.009 hours.
[36m(ClientAppActor pid=402471)[0m Optimizer stripped from /tmp/fl_yolo_runs_402471/train/weights/last.pt, 16.5MB
[36m(ClientAppActor pid=402471)[0m Optimizer stripped from /tmp/fl_yolo_runs_402471/train/weights/best.pt, 16.5MB
[36m(ClientAppActor pid=402471)[0m 
[36m(ClientAppActor pid=402471)[0m Validating /tmp/fl_yolo_runs_402471/train/weights/best.pt...
[36m(ClientAppActor pid=402471)[0m Ultralytics 8.3.234 Python-3.10.19 torch-2.6.0+cu124 CUDA:0 (NVIDIA RTX 5000 Ada Generation, 32220MiB)
[36m(ClientAppActor pid=402459)[0m 
[K                 Class     Images  Instances      Box(P          R      mAP50  mAP50-95): 7% ╸─────────── 1/15 1.1it/s 0.3s<13.1s
[36m(ClientAppActor pid=402464)[0m 
[K                 Class     Images  Instances      Box(P          R      mAP50  mAP50-95): 60% ━━━━━━━───── 6/10 4.0it/s 1.5s<1.0s
[36m(ClientAppActor pid=402459)[0m 
[K        1/3      1.48G      3.944      4.991      2.309        114        640: 98% ━━━━━━━━━━━╸ 118/120 8.4it/s 28.7s<0.2s[32m [repeated 13x across cluster][0m
[36m(ClientAppActor pid=402471)[0m YOLOv10s summary (fused): 106 layers, 7,218,387 parameters, 0 gradients, 21.4 GFLOPs
[36m(ClientAppActor pid=402459)[0m 
[K                 Class     Images  Instances      Box(P          R      mAP50  mAP50-95): 13% ━╸────────── 2/15 1.8it/s 0.6s<7.1s
[36m(ClientAppActor pid=402455)[0m 
[K        1/3      1.44G      4.407      6.774      2.303         85        640: 62% ━━━━━━━───── 113/181 6.3it/s 26.8s<10.8s[32m [repeated 9x across cluster][0m
[36m(ClientAppActor pid=402471)[0m Speed: 0.2ms preprocess, 5.3ms inference, 0.0ms loss, 0.5ms postprocess per image
[36m(ClientAppActor pid=402465)[0m 
[K        2/3      1.45G       4.46      3.165       2.12         61        640: 4% ╸─────────── 5/119 3.3it/s 1.4s<34.5s
[36m(ClientAppActor pid=402464)[0m 
[36m(ClientAppActor pid=402471)[0m [Client 2] Training complete:
[36m(ClientAppActor pid=402471)[0m   mAP50: 0.3838, mAP50-95: 0.1856
[36m(ClientAppActor pid=402471)[0m   Precision: 0.4840, Recall: 0.3494
[36m(ClientAppActor pid=402471)[0m   BN Stats: μ=0.3782, σ=0.2020
[36m(ClientAppActor pid=402459)[0m 
[K        1/3      1.54G      3.938      4.974      2.309         28        640: 99% ━━━━━━━━━━━╸ 119/120 7.5it/s 28.8s<0.1s
[K        1/3      1.54G      3.938      4.974      2.309         28        640: 100% ━━━━━━━━━━━━ 120/120 4.2it/s 28.8s
[K        1/3      1.54G      3.938      4.974      2.309         28        640: 100% ━━━━━━━━━━━━ 120/120 4.2it/s 28.8s[32m [repeated 5x across cluster][0m
[36m(ClientAppActor pid=402465)[0m 
[K        2/3      1.45G      4.159      3.109      2.143         43        640: 8% ━─────────── 10/119 7.2it/s 2.0s<15.2s
[36m(ClientAppActor pid=402456)[0m 
[K                 Class     Images  Instances      Box(P          R      mAP50  mAP50-95): 9% ━─────────── 1/11 1.0it/s 0.3s<10.0s[32m [repeated 3x across cluster][0m
[36m(ClientAppActor pid=402455)[0m 
[K        1/3      1.44G      4.377      6.576      2.298         81        640: 66% ━━━━━━━╸──── 120/181 7.7it/s 27.8s<7.9s[32m [repeated 8x across cluster][0m
[36m(ClientAppActor pid=402459)[0m 
[K                 Class     Images  Instances      Box(P          R      mAP50  mAP50-95): 47% ━━━━━╸────── 7/15 3.6it/s 2.2s<2.2s
[36m(ClientAppActor pid=402459)[0m 
[K                 Class     Images  Instances      Box(P          R      mAP50  mAP50-95): 20% ━━────────── 3/15 1.9it/s 1.0s<6.3s[32m [repeated 3x across cluster][0m
[36m(ClientAppActor pid=402465)[0m 
[K        2/3      1.45G      4.127      3.052      2.163         56        640: 13% ━╸────────── 15/119 7.7it/s 2.6s<13.4s
[36m(ClientAppActor pid=402455)[0m 
[K        1/3      1.44G      4.391      6.397      2.299         47        640: 71% ━━━━━━━━──── 128/181 5.3it/s 29.6s<9.9s[32m [repeated 8x across cluster][0m
[36m(ClientAppActor pid=402459)[0m 
[K                 Class     Images  Instances      Box(P          R      mAP50  mAP50-95): 27% ━━━───────── 4/15 2.0it/s 1.5s<5.5s[32m [repeated 2x across cluster][0m
[36m(ClientAppActor pid=402455)[0m 
[K        1/3      1.44G      4.369      6.234      2.287         53        640: 75% ━━━━━━━━╸─── 135/181 7.9it/s 30.5s<5.8s[32m [repeated 7x across cluster][0m
[36m(ClientAppActor pid=402459)[0m 
[K                 Class     Images  Instances      Box(P          R      mAP50  mAP50-95): 33% ━━━━──────── 5/15 2.6it/s 1.7s<3.8s[32m [repeated 3x across cluster][0m
[36m(ClientAppActor pid=402493)[0m 
[K        2/3      1.47G      4.371      3.411       2.11         40        640: 17% ━━────────── 18/106 7.9it/s 3.2s<11.1s
[36m(ClientAppActor pid=402456)[0m 
[K                 Class     Images  Instances      Box(P          R      mAP50  mAP50-95): 45% ━━━━━─────── 5/11 3.6it/s 1.2s<1.7s[32m [repeated 2x across cluster][0m
[36m(ClientAppActor pid=402455)[0m 
[K        1/3      1.44G      4.354      6.101      2.283         41        640: 78% ━━━━━━━━━─── 142/181 8.1it/s 31.4s<4.8s[32m [repeated 7x across cluster][0m
[36m(ClientAppActor pid=402456)[0m 
[K                 Class     Images  Instances      Box(P          R      mAP50  mAP50-95): 55% ━━━━━━╸───── 6/11 3.3it/s 1.6s<1.5s[32m [repeated 2x across cluster][0m
[36m(ClientAppActor pid=402459)[0m 
[K                 Class     Images  Instances      Box(P          R      mAP50  mAP50-95): 87% ━━━━━━━━━━── 13/15 4.3it/s 3.5s<0.5s
[36m(ClientAppActor pid=402493)[0m 
[K        2/3      1.47G       4.33      3.347      2.122         37        640: 22% ━━╸───────── 23/106 8.1it/s 3.8s<10.3s
[36m(ClientAppActor pid=402455)[0m 
[K        1/3      1.44G      4.347      6.033      2.283         14        640: 81% ━━━━━━━━━╸── 146/181 7.7it/s 31.9s<4.5s[32m [repeated 3x across cluster][0m
[36m(ClientAppActor pid=402493)[0m 
[K        2/3      1.47G      4.283      3.305      2.108         17        640: 23% ━━╸───────── 24/106 8.1it/s 3.9s<10.2s
[36m(ClientAppActor pid=402459)[0m 
[K                 Class     Images  Instances      Box(P          R      mAP50  mAP50-95): 93% ━━━━━━━━━━━─ 14/15 4.3it/s 3.8s<0.2s
[36m(ClientAppActor pid=402456)[0m 
[K                 Class     Images  Instances      Box(P          R      mAP50  mAP50-95): 64% ━━━━━━━╸──── 7/11 3.4it/s 1.9s<1.2s
[36m(ClientAppActor pid=402459)[0m 
[36m(ClientAppActor pid=402493)[0m 
[K        2/3      1.47G      4.211      3.267      2.101         25        640: 25% ━━━───────── 27/106 7.8it/s 4.3s<10.1s
[36m(ClientAppActor pid=402459)[0m 
[K                 Class     Images  Instances      Box(P          R      mAP50  mAP50-95): 67% ━━━━━━━━──── 10/15 4.1it/s 2.9s<1.2s[32m [repeated 2x across cluster][0m
[36m(ClientAppActor pid=402459)[0m 
[K                 Class     Images  Instances      Box(P          R      mAP50  mAP50-95): 73% ━━━━━━━━╸─── 11/15 4.1it/s 3.1s<1.0s
[36m(ClientAppActor pid=402493)[0m 
[K        2/3      1.47G      4.222      3.271      2.105         35        640: 26% ━━━───────── 28/106 7.6it/s 4.4s<10.3s
[36m(ClientAppActor pid=402493)[0m 
[K        2/3      1.47G      4.226      3.272      2.094         64        640: 27% ━━━───────── 29/106 7.2it/s 4.6s<10.7s
[36m(ClientAppActor pid=402459)[0m 
[K                 Class     Images  Instances      Box(P          R      mAP50  mAP50-95): 80% ━━━━━━━━━╸── 12/15 4.3it/s 3.3s<0.7s[32m [repeated 2x across cluster][0m
[36m(ClientAppActor pid=402455)[0m 
[K        1/3      1.44G      4.332      5.948      2.281         52        640: 83% ━━━━━━━━━━── 151/181 7.4it/s 32.6s<4.1s
[36m(ClientAppActor pid=402459)[0m 
[K                 Class     Images  Instances      Box(P          R      mAP50  mAP50-95): 53% ━━━━━━────── 8/15 4.0it/s 2.4s<1.8s[32m [repeated 3x across cluster][0m
[36m(ClientAppActor pid=402455)[0m 
[K        1/3      1.44G      4.327      5.929       2.28         42        640: 84% ━━━━━━━━━━── 152/181 7.4it/s 32.7s<3.9s
[36m(ClientAppActor pid=402464)[0m 
[K                 Class     Images  Instances      Box(P          R      mAP50  mAP50-95): 90% ━━━━━━━━━━╸─ 9/10 4.2it/s 2.2s<0.2s[32m [repeated 2x across cluster][0m
[36m(ClientAppActor pid=402455)[0m 
[K        1/3      1.44G      4.325      5.912      2.279         57        640: 85% ━━━━━━━━━━── 153/181 7.4it/s 32.8s<3.8s
[36m(ClientAppActor pid=402493)[0m 
[K        2/3      1.47G      4.235      3.266      2.099         39        640: 29% ━━━╸──────── 31/106 7.0it/s 4.9s<10.7s
[36m(ClientAppActor pid=402459)[0m 
[K                 Class     Images  Instances      Box(P          R      mAP50  mAP50-95): 100% ━━━━━━━━━━━━ 15/15 3.8it/s 3.9s
[K                 Class     Images  Instances      Box(P          R      mAP50  mAP50-95): 100% ━━━━━━━━━━━━ 15/15 3.8it/s 3.9s[32m [repeated 5x across cluster][0m
[36m(ClientAppActor pid=402459)[0m                    all        115       1013      0.587      0.453       0.49      0.225[32m [repeated 5x across cluster][0m
[36m(ClientAppActor pid=402459)[0m       Epoch    GPU_mem   box_loss   cls_loss   dfl_loss  Instances       Size[32m [repeated 3x across cluster][0m
[36m(ClientAppActor pid=402455)[0m 
[K        1/3      1.44G      4.324      5.893      2.276         47        640: 85% ━━━━━━━━━━── 154/181 7.3it/s 33.0s<3.7s
[36m(ClientAppActor pid=402493)[0m 
[K        2/3      1.47G      4.228      3.251      2.094         36        640: 30% ━━━╸──────── 32/106 7.0it/s 5.0s<10.6s
[36m(ClientAppActor pid=402459)[0m 
[K        2/3      1.54G      4.015      2.897      2.167         85        640: 4% ──────────── 5/120 6.1it/s 0.8s<18.9s[32m [repeated 20x across cluster][0m
[36m(ClientAppActor pid=402459)[0m 
[K                 Class     Images  Instances      Box(P          R      mAP50  mAP50-95): 40% ━━━━╸─────── 6/15 3.3it/s 1.9s<2.8s
[36m(ClientAppActor pid=402455)[0m 
[K        1/3      1.44G      4.319      5.876      2.275         41        640: 86% ━━━━━━━━━━── 155/181 7.5it/s 33.1s<3.5s
[36m(ClientAppActor pid=402493)[0m 
[K        2/3      1.47G      4.238      3.245      2.097         35        640: 31% ━━━╸──────── 33/106 7.1it/s 5.2s<10.3s
[36m(ClientAppActor pid=402455)[0m 
[K        1/3      1.44G      4.319      5.858      2.275         34        640: 86% ━━━━━━━━━━── 156/181 7.2it/s 33.3s<3.5s
[36m(ClientAppActor pid=402455)[0m 
[K        1/3      1.44G      4.316       5.84      2.276         50        640: 87% ━━━━━━━━━━── 157/181 7.4it/s 33.4s<3.2s
[36m(ClientAppActor pid=402455)[0m 
[K        1/3      1.44G      4.311      5.821      2.273         40        640: 87% ━━━━━━━━━━── 158/181 6.4it/s 33.6s<3.6s
[36m(ClientAppActor pid=402459)[0m 
[K                 Class     Images  Instances      Box(P          R      mAP50  mAP50-95): 60% ━━━━━━━───── 9/15 4.0it/s 2.6s<1.5s
[36m(ClientAppActor pid=402493)[0m 
[K        2/3      1.47G      4.208      3.216      2.102         29        640: 34% ━━━━──────── 36/106 6.0it/s 5.8s<11.6s
[36m(ClientAppActor pid=402455)[0m 
[K        1/3      1.44G      4.309      5.805      2.273         26        640: 88% ━━━━━━━━━━╸─ 159/181 5.3it/s 34.0s<4.2s
[36m(ClientAppActor pid=402493)[0m 
[K        2/3      1.47G      4.194      3.203      2.098         75        640: 35% ━━━━──────── 37/106 5.0it/s 6.1s<13.8s
[36m(ClientAppActor pid=402455)[0m 
[K        1/3      1.44G      4.307      5.786      2.271         58        640: 88% ━━━━━━━━━━╸─ 160/181 4.4it/s 34.4s<4.8s
[36m(ClientAppActor pid=402493)[0m 
[K        2/3      1.47G      4.198       3.19      2.093         61        640: 36% ━━━━──────── 38/106 4.2it/s 6.6s<16.1s
[36m(ClientAppActor pid=402459)[0m 
[K        2/3      1.54G      3.759      2.727      2.185        100        640: 8% ╸─────────── 9/120 5.8it/s 1.6s<19.2s[32m [repeated 16x across cluster][0m
[36m(ClientAppActor pid=402455)[0m 
[K        1/3      1.44G      4.304      5.771      2.271         44        640: 89% ━━━━━━━━━━╸─ 161/181 4.8it/s 34.6s<4.2s
[36m(ClientAppActor pid=402455)[0m 
[K        1/3      1.44G      4.314      5.763      2.275         29        640: 90% ━━━━━━━━━━╸─ 162/181 5.7it/s 34.7s<3.4s
[36m(ClientAppActor pid=402493)[0m 
[K        2/3      1.47G      4.185      3.195      2.106         24        640: 38% ━━━━╸─────── 40/106 5.5it/s 6.9s<12.1s
[36m(ClientAppActor pid=402455)[0m 
[K        1/3      1.44G      4.312      5.746      2.274         37        640: 90% ━━━━━━━━━━╸─ 163/181 6.4it/s 34.9s<2.8s
[36m(ClientAppActor pid=402455)[0m 
[K        1/3      1.44G      4.312      5.731      2.273         33        640: 91% ━━━━━━━━━━╸─ 164/181 6.7it/s 35.0s<2.5s
[36m(ClientAppActor pid=402493)[0m 
[K        2/3      1.47G      4.179      3.191      2.112         20        640: 39% ━━━━╸─────── 41/106 5.9it/s 7.0s<11.1s
[36m(ClientAppActor pid=402459)[0m 
[K        2/3      1.54G      3.642      2.609      2.178         87        640: 12% ━─────────── 15/120 6.4it/s 2.9s<16.3s[32m [repeated 20x across cluster][0m
[36m(ClientAppActor pid=402493)[0m 
[K        2/3      1.47G      4.162      3.173      2.111         30        640: 40% ━━━━╸─────── 42/106 6.2it/s 7.1s<10.4s
[36m(ClientAppActor pid=402455)[0m 
[K        1/3      1.44G      4.306      5.712      2.272         52        640: 91% ━━━━━━━━━━╸─ 165/181 6.9it/s 35.1s<2.3s
[36m(ClientAppActor pid=402455)[0m 
[K        1/3      1.44G        4.3      5.699      2.272         16        640: 92% ━━━━━━━━━━━─ 166/181 7.0it/s 35.3s<2.2s
[36m(ClientAppActor pid=402493)[0m 
[K        2/3      1.47G      4.148      3.177      2.111         16        640: 41% ━━━━╸─────── 43/106 6.3it/s 7.3s<10.0s
[36m(ClientAppActor pid=402455)[0m 
[K        1/3      1.44G        4.3      5.684      2.272         53        640: 92% ━━━━━━━━━━━─ 167/181 6.7it/s 35.4s<2.1s
[36m(ClientAppActor pid=402493)[0m 
[K        2/3      1.47G      4.156      3.176      2.111         43        640: 42% ━━━━━─────── 45/106 6.6it/s 7.6s<9.2s
[36m(ClientAppActor pid=402455)[0m 
[K        1/3      1.44G      4.299      5.667      2.271         39        640: 93% ━━━━━━━━━━━─ 168/181 6.8it/s 35.6s<1.9s
[36m(ClientAppActor pid=402455)[0m 
[K        1/3      1.44G      4.295      5.651      2.272         38        640: 93% ━━━━━━━━━━━─ 169/181 6.7it/s 35.7s<1.8s
[36m(ClientAppActor pid=402459)[0m 
[K        2/3      1.54G      3.666      2.621       2.18         75        640: 16% ━╸────────── 19/120 6.8it/s 3.5s<14.9s[32m [repeated 17x across cluster][0m
[36m(ClientAppActor pid=402493)[0m 
[K        2/3      1.47G      4.147      3.167      2.105         43        640: 43% ━━━━━─────── 46/106 6.6it/s 7.7s<9.2s
[36m(ClientAppActor pid=402493)[0m 
[K        2/3      1.47G      4.173      3.186      2.128         11        640: 44% ━━━━━─────── 47/106 7.0it/s 7.9s<8.5s
[36m(ClientAppActor pid=402455)[0m 
[K        1/3      1.44G      4.294       5.64      2.271         43        640: 94% ━━━━━━━━━━━─ 170/181 6.8it/s 35.9s<1.6s
[36m(ClientAppActor pid=402493)[0m 
[K        2/3      1.47G      4.199      3.191      2.127         55        640: 45% ━━━━━─────── 48/106 7.0it/s 8.0s<8.3s
[36m(ClientAppActor pid=402455)[0m 
[K        1/3      1.44G      4.293      5.623      2.269         67        640: 94% ━━━━━━━━━━━─ 171/181 6.8it/s 36.0s<1.5s
[36m(ClientAppActor pid=402493)[0m 
[K        2/3      1.47G      4.181      3.188      2.128         30        640: 46% ━━━━━╸────── 49/106 7.1it/s 8.1s<8.0s
[36m(ClientAppActor pid=402459)[0m 
[K        2/3      1.54G       3.67      2.599      2.183        108        640: 19% ━━────────── 23/120 6.8it/s 4.0s<14.2s[32m [repeated 17x across cluster][0m
[36m(ClientAppActor pid=402455)[0m 
[K        1/3      1.44G      4.285      5.602      2.267         34        640: 95% ━━━━━━━━━━━─ 172/181 6.6it/s 36.2s<1.4s
[36m(ClientAppActor pid=402493)[0m 
[K        2/3      1.47G      4.177      3.184      2.134         14        640: 47% ━━━━━╸────── 50/106 7.3it/s 8.3s<7.6s
[36m(ClientAppActor pid=402455)[0m 
[K        1/3      1.44G      4.284      5.592      2.269         21        640: 96% ━━━━━━━━━━━─ 173/181 6.6it/s 36.3s<1.2s
[36m(ClientAppActor pid=402493)[0m 
[K        2/3      1.47G       4.18      3.178      2.135         34        640: 48% ━━━━━╸────── 51/106 7.3it/s 8.4s<7.6s
[36m(ClientAppActor pid=402455)[0m 
[K        1/3      1.44G      4.354      6.084      2.285         94        640: 79% ━━━━━━━━━─── 143/181 8.1it/s 31.5s<4.7s
[36m(ClientAppActor pid=402455)[0m 
[K        1/3      1.44G      4.285      5.583      2.269         50        640: 96% ━━━━━━━━━━━╸ 174/181 6.8it/s 36.5s<1.0s
[36m(ClientAppActor pid=402493)[0m 
[K        2/3      1.47G       4.17      3.166      2.131         28        640: 49% ━━━━━╸────── 52/106 7.3it/s 8.5s<7.4s
[36m(ClientAppActor pid=402455)[0m 
[K        1/3      1.44G      4.285      5.569      2.271         68        640: 97% ━━━━━━━━━━━╸ 175/181 6.9it/s 36.6s<0.9s
[36m(ClientAppActor pid=402493)[0m 
[K        2/3      1.47G       4.16      3.164      2.133         16        640: 50% ━━━━━━────── 53/106 7.3it/s 8.7s<7.2s
[36m(ClientAppActor pid=402455)[0m 
[K        1/3      1.44G      4.282      5.553       2.27         60        640: 97% ━━━━━━━━━━━╸ 176/181 7.1it/s 36.7s<0.7s
[36m(ClientAppActor pid=402493)[0m 
[K        2/3      1.47G      4.165      3.162      2.132         40        640: 51% ━━━━━━────── 54/106 7.2it/s 8.8s<7.2s
[36m(ClientAppActor pid=402459)[0m 
[K        2/3      1.54G      3.621      2.642      2.198         49        640: 22% ━━╸───────── 27/120 7.0it/s 4.6s<13.2s[32m [repeated 14x across cluster][0m
[36m(ClientAppActor pid=402455)[0m 
[K        1/3      1.44G      4.334      5.964      2.282         23        640: 83% ━━━━━━━━━╸── 150/181 7.6it/s 32.4s<4.1s[32m [repeated 4x across cluster][0m
[36m(ClientAppActor pid=402455)[0m 
[K        1/3      1.44G      4.279      5.535      2.271         29        640: 98% ━━━━━━━━━━━╸ 177/181 7.0it/s 36.9s<0.6s
[36m(ClientAppActor pid=402493)[0m 
[K        2/3      1.47G      4.152      3.151      2.135         25        640: 52% ━━━━━━────── 55/106 6.9it/s 9.0s<7.4s
[36m(ClientAppActor pid=402455)[0m 
[K        1/3      1.44G      4.281      5.529      2.272         38        640: 98% ━━━━━━━━━━━╸ 178/181 7.0it/s 37.0s<0.4s
[36m(ClientAppActor pid=402493)[0m 
[K        2/3      1.47G      4.156      3.163      2.136         40        640: 53% ━━━━━━────── 56/106 7.4it/s 9.1s<6.7s
[36m(ClientAppActor pid=402493)[0m 
[K        2/3      1.47G      4.155      3.171      2.137         24        640: 54% ━━━━━━────── 57/106 7.3it/s 9.2s<6.7s
[36m(ClientAppActor pid=402455)[0m 
[K        1/3      1.44G      4.281      5.516      2.271         76        640: 99% ━━━━━━━━━━━╸ 179/181 6.8it/s 37.2s<0.3s
[36m(ClientAppActor pid=402459)[0m 
[K        2/3      1.54G      3.617      2.638      2.204         96        640: 25% ━━━───────── 30/120 7.2it/s 5.0s<12.6s[32m [repeated 12x across cluster][0m
[36m(ClientAppActor pid=402455)[0m 
[K        1/3      1.44G      4.278      5.501      2.272        113        640: 99% ━━━━━━━━━━━╸ 180/181 7.2it/s 37.3s<0.1s
[K        1/3      1.44G      4.278      5.501      2.272        113        640: 100% ━━━━━━━━━━━━ 181/181 4.9it/s 37.3s
[K        1/3      1.44G      4.278      5.501      2.272        113        640: 100% ━━━━━━━━━━━━ 181/181 4.9it/s 37.3s
[36m(ClientAppActor pid=402493)[0m 
[K        2/3      1.47G      4.149      3.166      2.145         30        640: 55% ━━━━━━╸───── 58/106 7.2it/s 9.4s<6.6s
[36m(ClientAppActor pid=402493)[0m 
[K        2/3      1.47G      4.161      3.178      2.141         41        640: 56% ━━━━━━╸───── 59/106 7.6it/s 9.5s<6.2s
[36m(ClientAppActor pid=402493)[0m 
[K        2/3      1.47G      4.152      3.169      2.139         20        640: 57% ━━━━━━╸───── 60/106 7.8it/s 9.6s<5.9s
[36m(ClientAppActor pid=402455)[0m 
[K                 Class     Images  Instances      Box(P          R      mAP50  mAP50-95): 6% ╸─────────── 1/17 1.0it/s 0.3s<15.8s
[36m(ClientAppActor pid=402493)[0m 
[K        2/3      1.47G       4.14      3.159      2.137         33        640: 58% ━━━━━━╸───── 61/106 7.9it/s 9.8s<5.7s
[36m(ClientAppActor pid=402493)[0m 
[K        2/3      1.47G       4.14      3.158      2.132         26        640: 58% ━━━━━━━───── 62/106 7.9it/s 9.9s<5.5s
[36m(ClientAppActor pid=402464)[0m 
[K        2/3      1.46G      3.892      3.146      2.173         19        640: 33% ━━━╸──────── 38/115 7.4it/s 5.9s<10.3s[32m [repeated 12x across cluster][0m
[36m(ClientAppActor pid=402455)[0m 
[K                 Class     Images  Instances      Box(P          R      mAP50  mAP50-95): 12% ━─────────── 2/17 1.9it/s 0.5s<7.8s
[36m(ClientAppActor pid=402493)[0m 
[K        2/3      1.47G      4.132      3.156      2.137         20        640: 59% ━━━━━━━───── 63/106 8.2it/s 10.0s<5.2s
[36m(ClientAppActor pid=402455)[0m 
[K                 Class     Images  Instances      Box(P          R      mAP50  mAP50-95): 18% ━━────────── 3/17 2.6it/s 0.8s<5.4s
[36m(ClientAppActor pid=402493)[0m 
[K        2/3      1.47G       4.13      3.149      2.137         38        640: 60% ━━━━━━━───── 64/106 7.8it/s 10.1s<5.4s
[36m(ClientAppActor pid=402493)[0m 
[K        2/3      1.47G      4.134      3.156      2.139         27        640: 61% ━━━━━━━───── 65/106 8.1it/s 10.2s<5.1s
[36m(ClientAppActor pid=402493)[0m 
[K        2/3      1.47G      4.117      3.143       2.14         13        640: 62% ━━━━━━━───── 66/106 8.1it/s 10.4s<4.9s
[36m(ClientAppActor pid=402455)[0m 
[K                 Class     Images  Instances      Box(P          R      mAP50  mAP50-95): 24% ━━╸───────── 4/17 3.1it/s 1.0s<4.2s
[36m(ClientAppActor pid=402493)[0m 
[K        2/3      1.47G      4.112      3.132       2.14         28        640: 63% ━━━━━━━╸──── 67/106 8.1it/s 10.5s<4.8s
[36m(ClientAppActor pid=402455)[0m 
[K                 Class     Images  Instances      Box(P          R      mAP50  mAP50-95): 29% ━━━╸──────── 5/17 3.5it/s 1.2s<3.4s
[36m(ClientAppActor pid=402459)[0m 
[K        2/3      1.54G       3.64      2.671      2.245         84        640: 34% ━━━━──────── 41/120 6.7it/s 6.6s<11.8s[32m [repeated 13x across cluster][0m
[36m(ClientAppActor pid=402493)[0m 
[K        2/3      1.47G      4.111      3.122      2.141         18        640: 64% ━━━━━━━╸──── 68/106 6.7it/s 10.8s<5.7s
[36m(ClientAppActor pid=402455)[0m 
[K                 Class     Images  Instances      Box(P          R      mAP50  mAP50-95): 35% ━━━━──────── 6/17 3.7it/s 1.5s<2.9s
[36m(ClientAppActor pid=402455)[0m 
[K                 Class     Images  Instances      Box(P          R      mAP50  mAP50-95): 41% ━━━━╸─────── 7/17 3.9it/s 1.7s<2.5s
[36m(ClientAppActor pid=402493)[0m 
[K        2/3      1.47G      4.098       3.11      2.139         28        640: 65% ━━━━━━━╸──── 69/106 5.5it/s 11.2s<6.7s
[36m(ClientAppActor pid=402455)[0m 
[K                 Class     Images  Instances      Box(P          R      mAP50  mAP50-95): 47% ━━━━━╸────── 8/17 3.9it/s 2.0s<2.3s
[36m(ClientAppActor pid=402493)[0m 
[K        2/3      1.47G      4.094      3.113      2.136         25        640: 66% ━━━━━━━╸──── 70/106 4.6it/s 11.6s<7.9s
[36m(ClientAppActor pid=402455)[0m 
[K                 Class     Images  Instances      Box(P          R      mAP50  mAP50-95): 53% ━━━━━━────── 9/17 3.8it/s 2.2s<2.1s
[36m(ClientAppActor pid=402493)[0m 
[K        2/3      1.47G      4.097      3.114      2.136         56        640: 67% ━━━━━━━━──── 71/106 5.4it/s 11.7s<6.4s
[36m(ClientAppActor pid=402493)[0m 
[K        2/3      1.47G      4.092      3.112      2.138         19        640: 68% ━━━━━━━━──── 72/106 6.4it/s 11.8s<5.3s
[36m(ClientAppActor pid=402464)[0m 
[K        2/3      1.46G      3.872      3.155       2.16         47        640: 41% ━━━━╸─────── 47/115 7.2it/s 7.1s<9.4s[32m [repeated 10x across cluster][0m
[36m(ClientAppActor pid=402455)[0m 
[K                 Class     Images  Instances      Box(P          R      mAP50  mAP50-95): 59% ━━━━━━━───── 10/17 3.9it/s 2.5s<1.8s
[36m(ClientAppActor pid=402493)[0m 
[K        2/3      1.47G      4.087      3.107      2.137         22        640: 69% ━━━━━━━━──── 73/106 6.8it/s 11.9s<4.8s
[36m(ClientAppActor pid=402455)[0m 
[K                 Class     Images  Instances      Box(P          R      mAP50  mAP50-95): 65% ━━━━━━━╸──── 11/17 4.0it/s 2.7s<1.5s
[36m(ClientAppActor pid=402493)[0m 
[K        2/3      1.47G      4.088      3.117      2.138         41        640: 70% ━━━━━━━━──── 74/106 7.4it/s 12.1s<4.3s
[36m(ClientAppActor pid=402493)[0m 
[K        2/3      1.47G      4.093      3.113      2.137         37        640: 71% ━━━━━━━━──── 75/106 7.7it/s 12.2s<4.0s
[36m(ClientAppActor pid=402493)[0m 
[K        2/3      1.47G      4.103      3.122       2.14         19        640: 72% ━━━━━━━━╸─── 76/106 8.0it/s 12.3s<3.8s
[36m(ClientAppActor pid=402455)[0m 
[K                 Class     Images  Instances      Box(P          R      mAP50  mAP50-95): 71% ━━━━━━━━──── 12/17 4.2it/s 2.9s<1.2s
[36m(ClientAppActor pid=402493)[0m 
[K        2/3      1.47G      4.111      3.126      2.142         34        640: 73% ━━━━━━━━╸─── 77/106 8.0it/s 12.4s<3.6s
[36m(ClientAppActor pid=402493)[0m 
[K        2/3      1.47G      4.102      3.115      2.141         27        640: 74% ━━━━━━━━╸─── 78/106 8.2it/s 12.5s<3.4s
[36m(ClientAppActor pid=402459)[0m 
[K        2/3      1.54G      3.613      2.656       2.24        113        640: 42% ━━━━━─────── 51/120 7.1it/s 8.4s<9.7s[32m [repeated 12x across cluster][0m
[36m(ClientAppActor pid=402455)[0m 
[K                 Class     Images  Instances      Box(P          R      mAP50  mAP50-95): 76% ━━━━━━━━━─── 13/17 4.2it/s 3.2s<1.0s
[36m(ClientAppActor pid=402493)[0m 
[K        2/3      1.47G      4.109      3.119      2.144         24        640: 75% ━━━━━━━━╸─── 79/106 8.4it/s 12.6s<3.2s
[36m(ClientAppActor pid=402455)[0m 
[K                 Class     Images  Instances      Box(P          R      mAP50  mAP50-95): 82% ━━━━━━━━━╸── 14/17 4.1it/s 3.4s<0.7s
[36m(ClientAppActor pid=402493)[0m 
[K        2/3      1.47G      4.107      3.111       2.14         46        640: 75% ━━━━━━━━━─── 80/106 8.2it/s 12.8s<3.2s
[36m(ClientAppActor pid=402493)[0m 
[K        2/3      1.47G      4.109      3.116      2.139         32        640: 76% ━━━━━━━━━─── 81/106 8.4it/s 12.9s<3.0s
[36m(ClientAppActor pid=402455)[0m 
[K                 Class     Images  Instances      Box(P          R      mAP50  mAP50-95): 88% ━━━━━━━━━━╸─ 15/17 4.1it/s 3.7s<0.5s
[36m(ClientAppActor pid=402493)[0m 
[K        2/3      1.47G      4.101      3.107       2.14         37        640: 77% ━━━━━━━━━─── 82/106 8.4it/s 13.0s<2.9s
[36m(ClientAppActor pid=402493)[0m 
[K        2/3      1.47G      4.104      3.112       2.14         32        640: 78% ━━━━━━━━━─── 83/106 8.0it/s 13.1s<2.9s
[36m(ClientAppActor pid=402459)[0m 
[K        2/3      1.54G      3.594      2.638      2.233         74        640: 47% ━━━━━╸────── 56/120 8.3it/s 9.0s<7.7s[32m [repeated 11x across cluster][0m
[36m(ClientAppActor pid=402459)[0m 
[K        2/3      1.54G      3.652      2.602      2.182         43        640: 21% ━━────────── 25/120 6.9it/s 4.3s<13.7s[32m [repeated 2x across cluster][0m
[36m(ClientAppActor pid=402455)[0m 
[K                 Class     Images  Instances      Box(P          R      mAP50  mAP50-95): 94% ━━━━━━━━━━━─ 16/17 4.2it/s 3.9s<0.2s
[36m(ClientAppActor pid=402455)[0m 
[K                 Class     Images  Instances      Box(P          R      mAP50  mAP50-95): 100% ━━━━━━━━━━━━ 17/17 4.1it/s 4.1s
[K                 Class     Images  Instances      Box(P          R      mAP50  mAP50-95): 100% ━━━━━━━━━━━━ 17/17 4.1it/s 4.1s
[36m(ClientAppActor pid=402455)[0m                    all        133       1032      0.606      0.436      0.501      0.241
[36m(ClientAppActor pid=402455)[0m 
[36m(ClientAppActor pid=402455)[0m       Epoch    GPU_mem   box_loss   cls_loss   dfl_loss  Instances       Size
[36m(ClientAppActor pid=402455)[0m 
[K        2/3      1.44G      5.243      4.059      2.693         41        640: 0% ──────────── 0/181  0.1s
[36m(ClientAppActor pid=402459)[0m 
[K        2/3      1.54G      3.617      2.666      2.232         51        640: 50% ━━━━━━────── 60/120 7.9it/s 9.5s<7.6s[32m [repeated 11x across cluster][0m
[36m(ClientAppActor pid=402455)[0m 
[K        2/3      1.44G      4.822      3.441      2.446         58        640: 1% ──────────── 1/181 2.2it/s 0.3s<1:22
[36m(ClientAppActor pid=402455)[0m 
[K        2/3      1.44G      4.627      3.397       2.29         56        640: 1% ──────────── 2/181 3.6it/s 0.4s<49.3s
[36m(ClientAppActor pid=402459)[0m 
[K        2/3      1.54G      3.621      2.643      2.201         87        640: 24% ━━╸───────── 29/120 7.1it/s 4.9s<12.9s[32m [repeated 2x across cluster][0m
[36m(ClientAppActor pid=402493)[0m 
[K        2/3      1.47G      4.099      3.119      2.137         20        640: 84% ━━━━━━━━━━── 89/106 7.4it/s 13.9s<2.3s
[36m(ClientAppActor pid=402493)[0m 
[K        2/3      1.47G      4.099       3.12      2.136         35        640: 83% ━━━━━━━━━╸── 88/106 7.6it/s 13.8s<2.4s[32m [repeated 5x across cluster][0m
[36m(ClientAppActor pid=402455)[0m 
[K        2/3      1.44G      4.422      3.346      2.322         45        640: 2% ──────────── 3/181 4.7it/s 0.6s<38.0s
[36m(ClientAppActor pid=402493)[0m 
[K        2/3      1.47G      4.082      3.118      2.142          8        640: 85% ━━━━━━━━━━── 90/106 7.4it/s 14.1s<2.2s
[36m(ClientAppActor pid=402455)[0m 
[K        2/3      1.44G      4.756      3.684      2.295         20        640: 2% ──────────── 4/181 5.2it/s 0.7s<34.2s
[36m(ClientAppActor pid=402493)[0m 
[K        2/3      1.47G      4.077      3.113      2.141         24        640: 86% ━━━━━━━━━━── 91/106 7.2it/s 14.2s<2.1s
[36m(ClientAppActor pid=402455)[0m 
[K        2/3      1.44G      4.876      3.729      2.296         42        640: 3% ──────────── 5/181 5.7it/s 0.9s<30.8s
[36m(ClientAppActor pid=402459)[0m 
[K        2/3      1.54G      3.642      2.691      2.246         70        640: 29% ━━━───────── 35/120 7.6it/s 5.7s<11.2s[32m [repeated 5x across cluster][0m
[36m(ClientAppActor pid=402493)[0m 
[K        2/3      1.47G      4.078      3.109       2.14         62        640: 87% ━━━━━━━━━━── 92/106 7.3it/s 14.4s<1.9s
[36m(ClientAppActor pid=402464)[0m 
[K        2/3      1.46G      3.844      3.145      2.146         31        640: 58% ━━━━━━╸───── 67/115 7.0it/s 10.4s<6.9s[32m [repeated 10x across cluster][0m
[36m(ClientAppActor pid=402455)[0m 
[K        2/3      1.44G      4.831      3.673      2.264         88        640: 3% ──────────── 6/181 6.2it/s 1.0s<28.3s
[36m(ClientAppActor pid=402493)[0m 
[K        2/3      1.47G      4.072      3.105      2.141         23        640: 88% ━━━━━━━━━━╸─ 93/106 6.9it/s 14.5s<1.9s
[36m(ClientAppActor pid=402455)[0m 
[K        2/3      1.44G      4.879      3.679      2.253         39        640: 4% ──────────── 7/181 6.5it/s 1.1s<26.8s
[36m(ClientAppActor pid=402493)[0m 
[K        2/3      1.47G      4.069      3.095       2.14         13        640: 89% ━━━━━━━━━━╸─ 94/106 7.1it/s 14.7s<1.7s
[36m(ClientAppActor pid=402455)[0m 
[K        2/3      1.44G      4.855       3.67      2.251         39        640: 4% ╸─────────── 8/181 6.7it/s 1.3s<25.7s
[36m(ClientAppActor pid=402493)[0m 
[K        2/3      1.47G      4.072        3.1      2.141         25        640: 90% ━━━━━━━━━━╸─ 95/106 7.1it/s 14.8s<1.5s
[36m(ClientAppActor pid=402464)[0m 
[K        2/3      1.46G      3.831      3.142      2.138         37        640: 62% ━━━━━━━───── 71/115 8.0it/s 10.8s<5.5s[32m [repeated 9x across cluster][0m
[36m(ClientAppActor pid=402455)[0m 
[K        2/3      1.44G      4.835      3.714      2.218         20        640: 5% ╸─────────── 9/181 6.8it/s 1.4s<25.4s
[36m(ClientAppActor pid=402493)[0m 
[K        2/3      1.47G      4.074      3.099      2.141         23        640: 91% ━━━━━━━━━━╸─ 96/106 7.1it/s 14.9s<1.4s
[36m(ClientAppActor pid=402459)[0m 
[K        2/3      1.54G      3.638      2.677      2.242         40        640: 32% ━━━╸──────── 39/120 8.3it/s 6.1s<9.8s[32m [repeated 4x across cluster][0m
[36m(ClientAppActor pid=402455)[0m 
[K        2/3      1.44G      4.786      3.671      2.214         30        640: 6% ╸─────────── 10/181 6.6it/s 1.6s<25.8s
[36m(ClientAppActor pid=402493)[0m 
[K        2/3      1.47G      4.081      3.097      2.141         31        640: 92% ━━━━━━━━━━╸─ 97/106 7.0it/s 15.1s<1.3s
[36m(ClientAppActor pid=402455)[0m 
[K        2/3      1.44G      4.689       3.61      2.252         42        640: 6% ╸─────────── 11/181 7.1it/s 1.7s<24.1s
[36m(ClientAppActor pid=402493)[0m 
[K        2/3      1.47G      4.078      3.091      2.139         56        640: 92% ━━━━━━━━━━━─ 98/106 7.1it/s 15.2s<1.1s
[36m(ClientAppActor pid=402455)[0m 
[K        2/3      1.44G      4.627      3.561      2.237         43        640: 7% ╸─────────── 12/181 7.2it/s 1.8s<23.3s
[36m(ClientAppActor pid=402493)[0m 
[K        2/3      1.47G      4.088      3.101      2.139         34        640: 93% ━━━━━━━━━━━─ 99/106 7.3it/s 15.4s<1.0s
[36m(ClientAppActor pid=402455)[0m 
[K        2/3      1.44G      4.624      3.567      2.241         54        640: 7% ╸─────────── 13/181 7.4it/s 2.0s<22.8s
[36m(ClientAppActor pid=402464)[0m 
[K        2/3      1.46G      3.866      3.167      2.141         57        640: 66% ━━━━━━━╸──── 76/115 7.8it/s 11.5s<5.0s[32m [repeated 10x across cluster][0m
[36m(ClientAppActor pid=402493)[0m 
[K        2/3      1.47G      4.088      3.102      2.136         17        640: 94% ━━━━━━━━━━━─ 100/106 7.3it/s 15.5s<0.8s
[36m(ClientAppActor pid=402455)[0m 
[K        2/3      1.44G      4.594      3.545      2.245         37        640: 8% ╸─────────── 14/181 6.2it/s 2.3s<26.9s
[36m(ClientAppActor pid=402493)[0m 
[K        2/3      1.47G      4.095      3.107      2.135         19        640: 95% ━━━━━━━━━━━─ 101/106 6.2it/s 15.8s<0.8s
[36m(ClientAppActor pid=402459)[0m 
[K        2/3      1.54G      3.637      2.677      2.248        134        640: 38% ━━━━──────── 45/120 6.2it/s 7.6s<12.0s[32m [repeated 4x across cluster][0m
[36m(ClientAppActor pid=402455)[0m 
[K        2/3      1.44G      4.532      3.494      2.233         35        640: 8% ╸─────────── 15/181 5.1it/s 2.6s<32.5s
[36m(ClientAppActor pid=402493)[0m 
[K        2/3      1.47G        4.1       3.11      2.135         44        640: 96% ━━━━━━━━━━━╸ 102/106 5.1it/s 16.2s<0.8s
[36m(ClientAppActor pid=402455)[0m 
[K        2/3      1.44G      4.482      3.426      2.233         44        640: 9% ━─────────── 16/181 4.3it/s 3.1s<38.7s
[36m(ClientAppActor pid=402493)[0m 
[K        2/3      1.47G      4.106      3.112      2.135         41        640: 97% ━━━━━━━━━━━╸ 103/106 4.3it/s 16.6s<0.7s
[36m(ClientAppActor pid=402464)[0m 
[K        2/3      1.46G      3.857      3.144      2.142         12        640: 70% ━━━━━━━━──── 81/115 7.5it/s 12.1s<4.5s[32m [repeated 10x across cluster][0m
[36m(ClientAppActor pid=402455)[0m 
[K        2/3      1.44G      4.458      3.391      2.217         30        640: 9% ━─────────── 17/181 5.3it/s 3.2s<31.2s
[36m(ClientAppActor pid=402493)[0m 
[K        2/3      1.47G      4.106      3.106      2.134         55        640: 98% ━━━━━━━━━━━╸ 104/106 5.0it/s 16.7s<0.4s
[36m(ClientAppActor pid=402455)[0m 
[K        2/3      1.44G       4.44      3.375      2.203         48        640: 10% ━─────────── 18/181 6.0it/s 3.3s<27.1s
[36m(ClientAppActor pid=402493)[0m 
[K        2/3      1.47G      4.092      3.101      2.134          6        640: 100% ━━━━━━━━━━━━ 106/106 6.3it/s 16.8s
[K        2/3      1.47G      4.092      3.101      2.134          6        640: 100% ━━━━━━━━━━━━ 106/106 6.3it/s 16.8s
[36m(ClientAppActor pid=402455)[0m 
[K        2/3      1.44G      4.406      3.359      2.227         15        640: 10% ━─────────── 19/181 6.6it/s 3.5s<24.6s
[36m(ClientAppActor pid=402459)[0m 
[K        2/3      1.54G      3.617      2.662      2.246         94        640: 41% ━━━━╸─────── 49/120 7.3it/s 8.1s<9.7s[32m [repeated 4x across cluster][0m
[36m(ClientAppActor pid=402493)[0m 
[K                 Class     Images  Instances      Box(P          R      mAP50  mAP50-95): 11% ━─────────── 1/9 1.3it/s 0.2s<6.1s
[36m(ClientAppActor pid=402455)[0m 
[K        2/3      1.44G      4.469      3.435      2.218         37        640: 11% ━─────────── 20/181 7.1it/s 3.6s<22.8s
[36m(ClientAppActor pid=402455)[0m 
[K        2/3      1.44G      4.463      3.421      2.205         23        640: 12% ━─────────── 21/181 7.4it/s 3.7s<21.7s
[36m(ClientAppActor pid=402493)[0m 
[K                 Class     Images  Instances      Box(P          R      mAP50  mAP50-95): 22% ━━╸───────── 2/9 2.2it/s 0.5s<3.2s
[36m(ClientAppActor pid=402464)[0m 
[K        2/3      1.46G       3.86      3.138      2.151         29        640: 75% ━━━━━━━━╸─── 86/115 7.2it/s 12.9s<4.0s[32m [repeated 10x across cluster][0m
[36m(ClientAppActor pid=402455)[0m 
[K        2/3      1.44G      4.461      3.401      2.189         46        640: 12% ━─────────── 22/181 7.5it/s 3.8s<21.1s
[36m(ClientAppActor pid=402455)[0m 
[K        2/3      1.44G      4.412      3.366      2.182         43        640: 13% ━╸────────── 23/181 7.7it/s 4.0s<20.5s
[36m(ClientAppActor pid=402455)[0m 
[K        2/3      1.44G      4.405      3.346      2.176         44        640: 13% ━╸────────── 24/181 7.8it/s 4.1s<20.1s
[36m(ClientAppActor pid=402493)[0m 
[K                 Class     Images  Instances      Box(P          R      mAP50  mAP50-95): 33% ━━━━──────── 3/9 2.7it/s 0.7s<2.2s
[36m(ClientAppActor pid=402459)[0m 
[K        2/3      1.54G      3.599      2.644      2.234         86        640: 46% ━━━━━─────── 55/120 8.1it/s 8.9s<8.0s[32m [repeated 4x across cluster][0m
[36m(ClientAppActor pid=402455)[0m 
[K        2/3      1.44G       4.37      3.322      2.167         20        640: 14% ━╸────────── 25/181 8.0it/s 4.2s<19.6s
[36m(ClientAppActor pid=402493)[0m 
[K                 Class     Images  Instances      Box(P          R      mAP50  mAP50-95): 44% ━━━━━─────── 4/9 3.1it/s 1.0s<1.6s
[36m(ClientAppActor pid=402464)[0m 
[K        2/3      1.46G      3.861      3.114      2.152         26        640: 79% ━━━━━━━━━─── 91/115 7.3it/s 13.5s<3.3s[32m [repeated 10x across cluster][0m
[36m(ClientAppActor pid=402455)[0m 
[K        2/3      1.44G      4.345       3.29      2.168         49        640: 14% ━╸────────── 26/181 8.2it/s 4.3s<19.0s
[36m(ClientAppActor pid=402455)[0m 
[K        2/3      1.44G      4.314      3.272      2.181         70        640: 15% ━╸────────── 27/181 8.0it/s 4.5s<19.2s
[36m(ClientAppActor pid=402455)[0m 
[K        2/3      1.44G      4.311      3.262       2.18         45        640: 15% ━╸────────── 28/181 8.0it/s 4.6s<19.0s
[36m(ClientAppActor pid=402493)[0m 
[K                 Class     Images  Instances      Box(P          R      mAP50  mAP50-95): 56% ━━━━━━╸───── 5/9 3.4it/s 1.2s<1.2s
[36m(ClientAppActor pid=402455)[0m 
[K        2/3      1.44G      4.287      3.256       2.17         49        640: 16% ━╸────────── 29/181 8.4it/s 4.7s<18.2s
[36m(ClientAppActor pid=402465)[0m 
[K        2/3      1.45G      3.921      2.959      2.178         46        640: 99% ━━━━━━━━━━━╸ 118/119 8.6it/s 18.1s<0.1s
[K        2/3      1.45G      3.921      2.959      2.178         46        640: 100% ━━━━━━━━━━━━ 119/119 6.6it/s 18.1s
[K        2/3      1.45G      3.921      2.959      2.178         46        640: 100% ━━━━━━━━━━━━ 119/119 6.6it/s 18.1s
[36m(ClientAppActor pid=402459)[0m 
[K        2/3      1.54G      3.601      2.654      2.235         82        640: 49% ━━━━━╸────── 59/120 8.0it/s 9.4s<7.6s[32m [repeated 3x across cluster][0m
[36m(ClientAppActor pid=402455)[0m 
[K        2/3      1.44G      4.266      3.249      2.176         58        640: 17% ━╸────────── 30/181 8.3it/s 4.8s<18.2s
[36m(ClientAppActor pid=402493)[0m 
[K                 Class     Images  Instances      Box(P          R      mAP50  mAP50-95): 67% ━━━━━━━━──── 6/9 3.7it/s 1.4s<0.8s
[36m(ClientAppActor pid=402455)[0m 
[K        2/3      1.44G      4.268      3.228      2.173         67        640: 18% ━━────────── 32/181 8.8it/s 5.0s<16.9s
[36m(ClientAppActor pid=402493)[0m 
[K                 Class     Images  Instances      Box(P          R      mAP50  mAP50-95): 78% ━━━━━━━━━─── 7/9 4.0it/s 1.6s<0.5s
[36m(ClientAppActor pid=402455)[0m 
[K        2/3      1.44G       4.29      3.246      2.177         34        640: 18% ━━────────── 33/181 9.1it/s 5.1s<16.3s
[36m(ClientAppActor pid=402465)[0m 
[K                 Class     Images  Instances      Box(P          R      mAP50  mAP50-95): 18% ━━────────── 2/11 2.6it/s 0.4s<3.4s
[36m(ClientAppActor pid=402455)[0m 
[K        2/3      1.44G      4.276       3.24      2.173         48        640: 19% ━━────────── 34/181 9.2it/s 5.2s<15.9s
[36m(ClientAppActor pid=402493)[0m 
[K                 Class     Images  Instances      Box(P          R      mAP50  mAP50-95): 89% ━━━━━━━━━━╸─ 8/9 4.4it/s 1.8s<0.2s
[36m(ClientAppActor pid=402459)[0m 
[K        2/3      1.54G      3.617       2.66      2.223         53        640: 54% ━━━━━━────── 65/120 7.4it/s 10.2s<7.4s[32m [repeated 5x across cluster][0m
[36m(ClientAppActor pid=402455)[0m 
[K        2/3      1.44G      4.274      3.231      2.187         80        640: 19% ━━────────── 35/181 9.4it/s 5.3s<15.6s
[36m(ClientAppActor pid=402465)[0m 
[K                 Class     Images  Instances      Box(P          R      mAP50  mAP50-95): 27% ━━━───────── 3/11 3.6it/s 0.6s<2.2s
[36m(ClientAppActor pid=402493)[0m 
[K                 Class     Images  Instances      Box(P          R      mAP50  mAP50-95): 100% ━━━━━━━━━━━━ 9/9 4.6it/s 2.0s
[K                 Class     Images  Instances      Box(P          R      mAP50  mAP50-95): 100% ━━━━━━━━━━━━ 9/9 4.6it/s 2.0s
[36m(ClientAppActor pid=402493)[0m                    all         69        401      0.675      0.506      0.567      0.293
[36m(ClientAppActor pid=402493)[0m 
[36m(ClientAppActor pid=402493)[0m       Epoch    GPU_mem   box_loss   cls_loss   dfl_loss  Instances       Size
[36m(ClientAppActor pid=402455)[0m 
[K        2/3      1.44G      4.259      3.219      2.193         47        640: 20% ━━────────── 36/181 9.1it/s 5.4s<15.9s
[36m(ClientAppActor pid=402464)[0m 
[K        2/3      1.46G      3.867      3.103      2.154         40        640: 87% ━━━━━━━━━━── 100/115 7.1it/s 15.5s<2.1s[32m [repeated 10x across cluster][0m
[36m(ClientAppActor pid=402493)[0m 
[K        3/3      1.47G      3.582      2.446      1.911         63        640: 1% ──────────── 1/106 1.4it/s 0.2s<1:13
[36m(ClientAppActor pid=402459)[0m 
[K        2/3      1.59G      3.618      2.648      2.211         69        640: 80% ━━━━━━━━━╸── 96/120 9.2it/s 14.9s<2.6s[32m [repeated 10x across cluster][0m
[36m(ClientAppActor pid=402455)[0m 
[K        2/3      1.44G      4.271      3.232      2.193         35        640: 20% ━━────────── 37/181 8.8it/s 5.6s<16.4s
[36m(ClientAppActor pid=402493)[0m 
[K        3/3      1.47G       3.78      3.104      2.077         18        640: 2% ──────────── 2/106 3.8it/s 0.3s<27.3s
[36m(ClientAppActor pid=402455)[0m 
[K        2/3      1.44G      4.279      3.252      2.193         19        640: 21% ━━╸───────── 38/181 9.0it/s 5.7s<15.8s
[36m(ClientAppActor pid=402464)[0m 
[K                 Class     Images  Instances      Box(P          R      mAP50  mAP50-95): 30% ━━━╸──────── 3/10 3.6it/s 0.5s<2.0s
[36m(ClientAppActor pid=402493)[0m 
[K        3/3      1.47G      3.878      3.161      2.075         18        640: 3% ──────────── 3/106 5.5it/s 0.4s<18.6s
[36m(ClientAppActor pid=402455)[0m 
[K        2/3      1.44G      4.259      3.244      2.191         21        640: 22% ━━╸───────── 39/181 9.1it/s 5.8s<15.6s
[36m(ClientAppActor pid=402455)[0m 
[K        2/3      1.44G      4.253      3.239        2.2         34        640: 22% ━━╸───────── 40/181 9.1it/s 5.9s<15.4s
[36m(ClientAppActor pid=402464)[0m 
[K                 Class     Images  Instances      Box(P          R      mAP50  mAP50-95): 40% ━━━━╸─────── 4/10 4.0it/s 0.7s<1.5s
[36m(ClientAppActor pid=402459)[0m 
[K        2/3      1.54G      3.624      2.652      2.218         85        640: 57% ━━━━━━╸───── 69/120 7.1it/s 10.8s<7.2s[32m [repeated 4x across cluster][0m
[36m(ClientAppActor pid=402464)[0m 
[K        2/3      1.46G       3.88      3.102      2.157         52        640: 91% ━━━━━━━━━━╸─ 105/115 7.6it/s 16.2s<1.3s[32m [repeated 10x across cluster][0m
[36m(ClientAppActor pid=402455)[0m 
[K        2/3      1.44G      4.244       3.23      2.197         39        640: 23% ━━╸───────── 41/181 9.1it/s 6.0s<15.3s
[36m(ClientAppActor pid=402465)[0m 
[K                 Class     Images  Instances      Box(P          R      mAP50  mAP50-95): 64% ━━━━━━━╸──── 7/11 4.9it/s 1.3s<0.8s
[36m(ClientAppActor pid=402455)[0m 
[K        2/3      1.44G      4.242      3.231      2.197         35        640: 23% ━━╸───────── 42/181 9.1it/s 6.1s<15.3s
[36m(ClientAppActor pid=402464)[0m 
[K                 Class     Images  Instances      Box(P          R      mAP50  mAP50-95): 50% ━━━━━━────── 5/10 4.4it/s 0.9s<1.1s
[36m(ClientAppActor pid=402455)[0m 
[K        2/3      1.44G      4.223      3.229        2.2         25        640: 24% ━━╸───────── 43/181 9.2it/s 6.2s<15.1s
[36m(ClientAppActor pid=402465)[0m 
[K                 Class     Images  Instances      Box(P          R      mAP50  mAP50-95): 73% ━━━━━━━━╸─── 8/11 5.1it/s 1.5s<0.6s
[36m(ClientAppActor pid=402455)[0m 
[K        2/3      1.44G      4.234      3.246      2.201         46        640: 24% ━━╸───────── 44/181 9.0it/s 6.3s<15.2s
[36m(ClientAppActor pid=402493)[0m 
[K        3/3      1.47G       4.01      3.318      2.141         19        640: 8% ╸─────────── 8/106 8.3it/s 0.9s<11.8s[32m [repeated 3x across cluster][0m
[36m(ClientAppActor pid=402465)[0m 
[K                 Class     Images  Instances      Box(P          R      mAP50  mAP50-95): 82% ━━━━━━━━━╸── 9/11 5.2it/s 1.7s<0.4s
[36m(ClientAppActor pid=402464)[0m 
[K                 Class     Images  Instances      Box(P          R      mAP50  mAP50-95): 60% ━━━━━━━───── 6/10 4.5it/s 1.1s<0.9s
[36m(ClientAppActor pid=402459)[0m 
[K        2/3      1.54G      3.618      2.656      2.212         95        640: 62% ━━━━━━━───── 75/120 4.1it/s 12.3s<10.9s[32m [repeated 6x across cluster][0m
[36m(ClientAppActor pid=402455)[0m 
[K        2/3      1.44G      4.228       3.25      2.202         26        640: 25% ━━╸───────── 45/181 9.2it/s 6.4s<14.8s
[36m(ClientAppActor pid=402455)[0m 
[K        2/3      1.44G      4.216      3.239      2.201         35        640: 26% ━━━───────── 47/181 9.4it/s 6.6s<14.2s
[36m(ClientAppActor pid=402464)[0m 
[K        2/3      1.46G      3.902      3.113      2.158         18        640: 96% ━━━━━━━━━━━─ 110/115 8.7it/s 16.7s<0.6s[32m [repeated 10x across cluster][0m
[36m(ClientAppActor pid=402455)[0m 
[K        2/3      1.44G      4.223      3.232      2.199         73        640: 27% ━━━───────── 48/181 9.5it/s 6.7s<13.9s
[36m(ClientAppActor pid=402465)[0m 
[36m(ClientAppActor pid=402455)[0m 
[K        2/3      1.44G       4.24      3.246      2.201         32        640: 27% ━━━───────── 49/181 9.4it/s 6.8s<14.1s
[36m(ClientAppActor pid=402455)[0m 
[K        2/3      1.44G      4.228      3.239      2.199         32        640: 28% ━━━───────── 50/181 9.2it/s 7.0s<14.2s
[36m(ClientAppActor pid=402459)[0m 
[K        2/3      1.54G      3.617      2.651      2.209         97        640: 66% ━━━━━━━╸──── 79/120 6.8it/s 12.9s<6.0s[32m [repeated 4x across cluster][0m
[36m(ClientAppActor pid=402464)[0m 
[36m(ClientAppActor pid=402455)[0m 
[K        2/3      1.44G      4.213      3.226      2.198         44        640: 28% ━━━───────── 51/181 7.2it/s 7.4s<18.0s
[36m(ClientAppActor pid=402455)[0m 
[K        2/3      1.44G      4.229       3.23      2.203         46        640: 29% ━━━───────── 52/181 5.9it/s 7.7s<22.0s
[K        2/3      1.44G      4.229       3.23      2.203         46        640: 29% ━━━╸──────── 53/181 6.3it/s 7.9s<20.5s
[36m(ClientAppActor pid=402464)[0m 
[K        2/3      1.46G      3.904      3.113      2.165         35        640: 98% ━━━━━━━━━━━╸ 113/115 9.2it/s 17.1s<0.2s[32m [repeated 6x across cluster][0m
[36m(ClientAppActor pid=402459)[0m 
[K        2/3      1.59G       3.61      2.634      2.208         56        640: 92% ━━━━━━━━━━━─ 110/120 5.6it/s 17.0s<1.8s
[K        2/3      1.59G       3.61      2.634      2.208         56        640: 92% ━━━━━━━━━━━─ 111/120 5.6it/s 17.2s<1.6s
[36m(ClientAppActor pid=402493)[0m 
[K        3/3      1.47G      4.092      3.213      2.121         53        640: 12% ━─────────── 13/106 9.3it/s 1.5s<10.0s[32m [repeated 4x across cluster][0m
[36m(ClientAppActor pid=402455)[0m 
[K        2/3      1.44G       4.22      3.225      2.201         45        640: 29% ━━━╸──────── 53/181 4.4it/s 8.1s<29.2s
[36m(ClientAppActor pid=402459)[0m 
[K        2/3      1.59G       3.63       2.66      2.208         60        640: 71% ━━━━━━━━──── 85/120 8.1it/s 13.6s<4.3s[32m [repeated 6x across cluster][0m
[36m(ClientAppActor pid=402455)[0m 
[K        2/3      1.44G      4.211      3.216      2.196         22        640: 30% ━━━╸──────── 54/181 5.2it/s 8.3s<24.3s
[36m(ClientAppActor pid=402464)[0m 
[K        2/3      1.46G        3.9      3.121      2.158          1        640: 100% ━━━━━━━━━━━━ 115/115 6.7it/s 17.1s
[K        2/3      1.46G        3.9      3.121      2.158          1        640: 100% ━━━━━━━━━━━━ 115/115 6.7it/s 17.1s
[36m(ClientAppActor pid=402455)[0m 
[K        2/3      1.44G      4.205      3.227      2.192         18        640: 30% ━━━╸──────── 55/181 5.8it/s 8.4s<21.6s
[36m(ClientAppActor pid=402464)[0m 
[K                 Class     Images  Instances      Box(P          R      mAP50  mAP50-95): 10% ━─────────── 1/10 1.7it/s 0.2s<5.3s[32m [repeated 2x across cluster][0m
[36m(ClientAppActor pid=402455)[0m 
[K        2/3      1.44G       4.21      3.231      2.194         46        640: 31% ━━━╸──────── 56/181 6.2it/s 8.5s<20.2s
[36m(ClientAppActor pid=402455)[0m 
[K        2/3      1.44G      4.221      3.233      2.195         36        640: 31% ━━━╸──────── 57/181 6.5it/s 8.7s<19.0s
[36m(ClientAppActor pid=402455)[0m 
[K        2/3      1.44G      4.221      3.233      2.189         36        640: 32% ━━━╸──────── 58/181 6.8it/s 8.8s<18.2s
[36m(ClientAppActor pid=402459)[0m 
[K        2/3      1.59G      3.619      2.649      2.212        108        640: 74% ━━━━━━━━╸─── 89/120 8.1it/s 14.1s<3.8s[32m [repeated 4x across cluster][0m
[36m(ClientAppActor pid=402493)[0m 
[K        3/3      1.47G      4.034      3.138      2.132         47        640: 16% ━╸────────── 17/106 6.0it/s 2.4s<14.8s[32m [repeated 4x across cluster][0m
[36m(ClientAppActor pid=402455)[0m 
[K        2/3      1.44G      4.219      3.228      2.188         51        640: 33% ━━━╸──────── 59/181 6.7it/s 9.0s<18.2s
[36m(ClientAppActor pid=402465)[0m 
[K                 Class     Images  Instances      Box(P          R      mAP50  mAP50-95): 36% ━━━━──────── 4/11 4.2it/s 0.7s<1.7s
[36m(ClientAppActor pid=402455)[0m 
[K        2/3      1.44G      4.211      3.219      2.187         29        640: 33% ━━━╸──────── 60/181 6.9it/s 9.1s<17.5s
[36m(ClientAppActor pid=402459)[0m 
[K        2/3      1.59G      3.623      2.643      2.209         18        640: 100% ━━━━━━━━━━━━ 120/120 6.5it/s 18.5s
[K        2/3      1.59G      3.623      2.643      2.209         18        640: 100% ━━━━━━━━━━━━ 120/120 6.5it/s 18.5s
[36m(ClientAppActor pid=402455)[0m 
[K        2/3      1.44G      4.218      3.224      2.185         45        640: 34% ━━━━──────── 61/181 7.0it/s 9.2s<17.0s
[36m(ClientAppActor pid=402465)[0m 
[K                 Class     Images  Instances      Box(P          R      mAP50  mAP50-95): 45% ━━━━━─────── 5/11 4.4it/s 0.9s<1.4s
[36m(ClientAppActor pid=402459)[0m 
[K                 Class     Images  Instances      Box(P          R      mAP50  mAP50-95): 7% ╸─────────── 1/15 1.3it/s 0.2s<10.5s
[36m(ClientAppActor pid=402459)[0m 
[K        2/3      1.59G      3.618       2.65      2.212         89        640: 79% ━━━━━━━━━─── 95/120 9.1it/s 14.8s<2.7s[32m [repeated 6x across cluster][0m
[36m(ClientAppActor pid=402455)[0m 
[K        2/3      1.44G      4.235      3.225      2.187         43        640: 34% ━━━━──────── 62/181 7.5it/s 9.4s<15.8s
[36m(ClientAppActor pid=402455)[0m 
[K        2/3      1.44G      4.237      3.218      2.183         50        640: 35% ━━━━──────── 63/181 7.8it/s 9.5s<15.0s
[36m(ClientAppActor pid=402455)[0m 
[K        2/3      1.44G      4.233      3.212      2.189         32        640: 35% ━━━━──────── 64/181 7.9it/s 9.6s<14.8s
[36m(ClientAppActor pid=402465)[0m 
[K                 Class     Images  Instances      Box(P          R      mAP50  mAP50-95): 55% ━━━━━━╸───── 6/11 4.6it/s 1.1s<1.1s
[36m(ClientAppActor pid=402459)[0m 
[K                 Class     Images  Instances      Box(P          R      mAP50  mAP50-95): 13% ━╸────────── 2/15 2.2it/s 0.5s<6.0s
[36m(ClientAppActor pid=402455)[0m 
[K        2/3      1.44G      4.226      3.205      2.187         45        640: 36% ━━━━──────── 65/181 8.1it/s 9.7s<14.3s
[36m(ClientAppActor pid=402455)[0m 
[K        2/3      1.44G      4.222      3.203      2.186         33        640: 36% ━━━━──────── 66/181 8.3it/s 9.8s<13.8s
[36m(ClientAppActor pid=402464)[0m 
[K                 Class     Images  Instances      Box(P          R      mAP50  mAP50-95): 70% ━━━━━━━━──── 7/10 4.8it/s 1.3s<0.6s
[36m(ClientAppActor pid=402455)[0m 
[K        2/3      1.44G      4.217      3.194      2.185         51        640: 37% ━━━━──────── 67/181 8.1it/s 10.0s<14.1s
[36m(ClientAppActor pid=402493)[0m 
[K        3/3      1.47G      4.015      3.079       2.11         39        640: 21% ━━────────── 22/106 6.5it/s 3.3s<12.9s[32m [repeated 5x across cluster][0m
[36m(ClientAppActor pid=402459)[0m 
[K                 Class     Images  Instances      Box(P          R      mAP50  mAP50-95): 20% ━━────────── 3/15 2.9it/s 0.7s<4.1s[32m [repeated 2x across cluster][0m
[36m(ClientAppActor pid=402455)[0m 
[K        2/3      1.44G       4.21      3.192      2.193         39        640: 38% ━━━━╸─────── 68/181 8.0it/s 10.1s<14.1s
[36m(ClientAppActor pid=402455)[0m 
[K        2/3      1.44G      4.214      3.204      2.204         43        640: 38% ━━━━╸─────── 69/181 7.8it/s 10.2s<14.3s
[36m(ClientAppActor pid=402464)[0m 
[K                 Class     Images  Instances      Box(P          R      mAP50  mAP50-95): 90% ━━━━━━━━━━╸─ 9/10 4.9it/s 1.7s<0.2s[32m [repeated 2x across cluster][0m
[36m(ClientAppActor pid=402459)[0m 
[K                 Class     Images  Instances      Box(P          R      mAP50  mAP50-95): 33% ━━━━──────── 5/15 3.7it/s 1.1s<2.7s
[36m(ClientAppActor pid=402459)[0m 
[K                 Class     Images  Instances      Box(P          R      mAP50  mAP50-95): 27% ━━━───────── 4/15 3.4it/s 0.9s<3.3s
[36m(ClientAppActor pid=402464)[0m 
[K                 Class     Images  Instances      Box(P          R      mAP50  mAP50-95): 100% ━━━━━━━━━━━━ 10/10 5.3it/s 1.9s
[K                 Class     Images  Instances      Box(P          R      mAP50  mAP50-95): 100% ━━━━━━━━━━━━ 10/10 5.2it/s 1.9s[32m [repeated 2x across cluster][0m
[36m(ClientAppActor pid=402464)[0m                    all         80        576      0.699      0.528      0.594      0.305[32m [repeated 2x across cluster][0m
[36m(ClientAppActor pid=402464)[0m       Epoch    GPU_mem   box_loss   cls_loss   dfl_loss  Instances       Size[32m [repeated 2x across cluster][0m
[36m(ClientAppActor pid=402455)[0m 
[K        2/3      1.44G      4.217      3.201        2.2         57        640: 39% ━━━━╸─────── 70/181 7.9it/s 10.3s<14.0s
[36m(ClientAppActor pid=402455)[0m 
[K        2/3      1.44G      4.224        3.2        2.2         41        640: 39% ━━━━╸─────── 71/181 8.0it/s 10.5s<13.7s
[36m(ClientAppActor pid=402459)[0m 
[K        2/3      1.59G      3.617      2.644      2.211        117        640: 88% ━━━━━━━━━━── 105/120 8.6it/s 15.9s<1.8s[32m [repeated 6x across cluster][0m
[36m(ClientAppActor pid=402464)[0m 
[K        3/3      1.46G      3.816      2.973      2.196         23        640: 3% ──────────── 4/115 5.1it/s 1.3s<21.9s[32m [repeated 10x across cluster][0m
[36m(ClientAppActor pid=402455)[0m 
[K        2/3      1.44G      4.233      3.213      2.203         35        640: 40% ━━━━╸─────── 72/181 8.2it/s 10.6s<13.3s
[36m(ClientAppActor pid=402459)[0m 
[K        2/3      1.59G      3.613       2.64      2.211         80        640: 82% ━━━━━━━━━╸── 99/120 9.1it/s 15.2s<2.3s[32m [repeated 3x across cluster][0m
[36m(ClientAppActor pid=402459)[0m 
[K                 Class     Images  Instances      Box(P          R      mAP50  mAP50-95): 47% ━━━━━╸────── 7/15 4.1it/s 1.6s<2.0s
[36m(ClientAppActor pid=402493)[0m 
[K        3/3      1.47G      4.007      3.067      2.103         33        640: 25% ━━╸───────── 26/106 6.7it/s 3.9s<11.9s[32m [repeated 4x across cluster][0m
[36m(ClientAppActor pid=402455)[0m 
[K        2/3      1.44G      4.226       3.21      2.201         34        640: 40% ━━━━╸─────── 73/181 8.1it/s 10.7s<13.3s
[36m(ClientAppActor pid=402455)[0m 
[K        2/3      1.44G      4.228      3.211      2.203         16        640: 41% ━━━━╸─────── 74/181 8.3it/s 10.8s<12.9s
[36m(ClientAppActor pid=402455)[0m 
[K        2/3      1.44G      4.224      3.213      2.206         19        640: 41% ━━━━╸─────── 75/181 8.0it/s 11.0s<13.2s
[36m(ClientAppActor pid=402459)[0m 
[K                 Class     Images  Instances      Box(P          R      mAP50  mAP50-95): 40% ━━━━╸─────── 6/15 4.0it/s 1.4s<2.3s
[36m(ClientAppActor pid=402459)[0m 
[K        2/3      1.59G      3.614      2.637      2.209         68        640: 91% ━━━━━━━━━━╸─ 109/120 7.0it/s 16.6s<1.6s[32m [repeated 4x across cluster][0m
[36m(ClientAppActor pid=402455)[0m 
[K        2/3      1.44G      4.234      3.223      2.204         26        640: 42% ━━━━━─────── 76/181 8.2it/s 11.1s<12.8s
[36m(ClientAppActor pid=402455)[0m 
[K        2/3      1.44G      4.223      3.212      2.204         48        640: 43% ━━━━━─────── 77/181 8.3it/s 11.2s<12.5s
[36m(ClientAppActor pid=402459)[0m 
[K                 Class     Images  Instances      Box(P          R      mAP50  mAP50-95): 53% ━━━━━━────── 8/15 4.1it/s 1.8s<1.7s
[36m(ClientAppActor pid=402455)[0m 
[K        2/3      1.44G      4.215      3.206      2.202         50        640: 43% ━━━━━─────── 78/181 8.4it/s 11.3s<12.3s
[36m(ClientAppActor pid=402464)[0m 
[K        3/3      1.46G      3.768      2.991      2.189         29        640: 8% ╸─────────── 9/115 7.0it/s 1.9s<15.2s[32m [repeated 10x across cluster][0m
[36m(ClientAppActor pid=402464)[0m 
[K                 Class     Images  Instances      Box(P          R      mAP50  mAP50-95): 80% ━━━━━━━━━╸── 8/10 5.2it/s 1.5s<0.4s
[36m(ClientAppActor pid=402459)[0m 
[K                 Class     Images  Instances      Box(P          R      mAP50  mAP50-95): 60% ━━━━━━━───── 9/15 4.2it/s 2.0s<1.4s
[36m(ClientAppActor pid=402459)[0m 
[K                 Class     Images  Instances      Box(P          R      mAP50  mAP50-95): 67% ━━━━━━━━──── 10/15 4.2it/s 2.3s<1.2s
[36m(ClientAppActor pid=402455)[0m 
[K        2/3      1.44G      4.221      3.207      2.202         59        640: 44% ━━━━━─────── 79/181 8.5it/s 11.4s<12.1s
[36m(ClientAppActor pid=402455)[0m 
[K        2/3      1.44G       4.23      3.215      2.206         26        640: 44% ━━━━━─────── 80/181 8.6it/s 11.5s<11.8s
[36m(ClientAppActor pid=402459)[0m 
[K                 Class     Images  Instances      Box(P          R      mAP50  mAP50-95): 73% ━━━━━━━━╸─── 11/15 4.3it/s 2.5s<0.9s
[36m(ClientAppActor pid=402465)[0m 
[K        3/3      1.45G      3.655      2.643      2.082         51        640: 26% ━━━───────── 31/119 7.8it/s 4.8s<11.2s[32m [repeated 6x across cluster][0m
[36m(ClientAppActor pid=402459)[0m 
[K        2/3      1.59G      3.617      2.643      2.209         20        640: 96% ━━━━━━━━━━━─ 115/120 6.4it/s 18.0s<0.8s[32m [repeated 5x across cluster][0m
[36m(ClientAppActor pid=402455)[0m 
[K        2/3      1.44G       4.24       3.24      2.208         22        640: 46% ━━━━━╸────── 83/181 8.1it/s 11.9s<12.1s
[36m(ClientAppActor pid=402459)[0m 
[K                 Class     Images  Instances      Box(P          R      mAP50  mAP50-95): 80% ━━━━━━━━━╸── 12/15 4.2it/s 2.7s<0.7s
[36m(ClientAppActor pid=402455)[0m 
[K        2/3      1.44G      4.239      3.235      2.204         41        640: 46% ━━━━━╸────── 84/181 8.3it/s 12.0s<11.7s
[36m(ClientAppActor pid=402459)[0m 
[K                 Class     Images  Instances      Box(P          R      mAP50  mAP50-95): 87% ━━━━━━━━━━── 13/15 4.2it/s 3.0s<0.5s
[36m(ClientAppActor pid=402459)[0m 
[K                 Class     Images  Instances      Box(P          R      mAP50  mAP50-95): 93% ━━━━━━━━━━━─ 14/15 4.3it/s 3.2s<0.2s
[36m(ClientAppActor pid=402459)[0m 
[36m(ClientAppActor pid=402459)[0m 
[K        2/3      1.59G      3.624      2.644      2.208        110        640: 98% ━━━━━━━━━━━╸ 118/120 6.8it/s 18.4s<0.3s[32m [repeated 3x across cluster][0m
[36m(ClientAppActor pid=402464)[0m 
[K        3/3      1.46G      3.781      2.971      2.172         24        640: 12% ━─────────── 14/115 7.9it/s 2.5s<12.7s[32m [repeated 10x across cluster][0m
[36m(ClientAppActor pid=402464)[0m 
[K        3/3      1.46G       3.92      3.105       2.15         28        640: 30% ━━━╸──────── 35/115 4.7it/s 5.9s<17.2s[32m [repeated 10x across cluster][0m
[36m(ClientAppActor pid=402493)[0m 
[K        3/3      1.47G      3.977      3.008      2.096         15        640: 50% ━━━━━━────── 53/106 5.6it/s 8.0s<9.5s
[36m(ClientAppActor pid=402493)[0m 
[K        3/3      1.47G      3.981          3      2.094         44        640: 51% ━━━━━━────── 54/106 6.2it/s 8.1s<8.4s
[36m(ClientAppActor pid=402493)[0m 
[K        3/3      1.47G      3.975      3.004       2.09         15        640: 52% ━━━━━━────── 55/106 6.5it/s 8.2s<7.8s
[36m(ClientAppActor pid=402493)[0m 
[K        3/3      1.47G      3.962      3.004       2.09         20        640: 53% ━━━━━━────── 56/106 6.7it/s 8.4s<7.4s
[36m(ClientAppActor pid=402493)[0m 
[K        3/3      1.47G      3.966      3.001       2.09         22        640: 55% ━━━━━━╸───── 58/106 6.9it/s 8.6s<7.0s
[36m(ClientAppActor pid=402464)[0m 
[K        3/3      1.46G      3.758      2.947      2.138         29        640: 17% ━╸────────── 19/115 8.0it/s 3.2s<12.0s[32m [repeated 10x across cluster][0m
[36m(ClientAppActor pid=402493)[0m 
[K        3/3      1.47G      3.971          3       2.09         13        640: 56% ━━━━━━╸───── 59/106 7.2it/s 8.8s<6.6s
[36m(ClientAppActor pid=402493)[0m 
[K        3/3      1.47G      3.973      3.006      2.095         14        640: 57% ━━━━━━╸───── 60/106 7.2it/s 8.9s<6.3s
[36m(ClientAppActor pid=402464)[0m 
[K        3/3      1.46G       3.91      3.078      2.153         25        640: 37% ━━━━──────── 43/115 7.2it/s 7.0s<10.0s[32m [repeated 14x across cluster][0m
[36m(ClientAppActor pid=402493)[0m 
[K        3/3      1.47G      3.979      3.006      2.093         32        640: 58% ━━━━━━╸───── 61/106 7.0it/s 9.1s<6.5s
[36m(ClientAppActor pid=402493)[0m 
[K        3/3      1.47G      3.978      3.002       2.09         41        640: 58% ━━━━━━━───── 62/106 7.3it/s 9.2s<6.1s
[36m(ClientAppActor pid=402493)[0m 
[K        3/3      1.47G      3.966      2.989      2.088         43        640: 59% ━━━━━━━───── 63/106 7.3it/s 9.3s<5.9s
[36m(ClientAppActor pid=402493)[0m 
[K        3/3      1.47G      3.959      2.983      2.086         26        640: 60% ━━━━━━━───── 64/106 7.4it/s 9.5s<5.7s
[36m(ClientAppActor pid=402493)[0m 
[K        3/3      1.47G      3.963      2.982      2.084         59        640: 61% ━━━━━━━───── 65/106 7.2it/s 9.6s<5.7s
[36m(ClientAppActor pid=402493)[0m 
[K        3/3      1.47G      3.964      2.986      2.086         19        640: 62% ━━━━━━━───── 66/106 7.3it/s 9.7s<5.5s
[36m(ClientAppActor pid=402464)[0m 
[K        3/3      1.46G      3.767      2.935      2.121         10        640: 20% ━━────────── 23/115 8.1it/s 3.7s<11.4s[32m [repeated 9x across cluster][0m
[36m(ClientAppActor pid=402464)[0m 
[K        3/3      1.46G      3.886      3.091      2.159         36        640: 41% ━━━━╸─────── 47/115 7.2it/s 7.5s<9.4s[32m [repeated 14x across cluster][0m
[36m(ClientAppActor pid=402493)[0m 
[K        3/3      1.47G       3.97      2.988      2.086         41        640: 63% ━━━━━━━╸──── 67/106 7.3it/s 9.9s<5.4s
[36m(ClientAppActor pid=402493)[0m 
[K        3/3      1.47G      3.975      2.985      2.086         42        640: 64% ━━━━━━━╸──── 68/106 7.2it/s 10.0s<5.2s
[36m(ClientAppActor pid=402459)[0m 
[K                 Class     Images  Instances      Box(P          R      mAP50  mAP50-95): 100% ━━━━━━━━━━━━ 15/15 4.4it/s 3.4s
[K                 Class     Images  Instances      Box(P          R      mAP50  mAP50-95): 100% ━━━━━━━━━━━━ 15/15 4.4it/s 3.4s
[36m(ClientAppActor pid=402459)[0m                    all        115       1013      0.627      0.462      0.505      0.246
[36m(ClientAppActor pid=402459)[0m       Epoch    GPU_mem   box_loss   cls_loss   dfl_loss  Instances       Size
[36m(ClientAppActor pid=402493)[0m 
[K        3/3      1.47G      3.961      2.976      2.084         25        640: 65% ━━━━━━━╸──── 69/106 7.2it/s 10.2s<5.2s
[36m(ClientAppActor pid=402459)[0m 
[K        3/3      1.59G      3.726      2.626      2.146         66        640: 4% ──────────── 5/120 6.1it/s 1.0s<19.0s[32m [repeated 6x across cluster][0m
[36m(ClientAppActor pid=402493)[0m 
[K        3/3      1.47G      3.967       2.98      2.083         20        640: 66% ━━━━━━━╸──── 70/106 7.2it/s 10.3s<5.0s
[36m(ClientAppActor pid=402493)[0m 
[K        3/3      1.47G      3.967       2.98      2.083         47        640: 67% ━━━━━━━━──── 71/106 7.2it/s 10.4s<4.8s
[36m(ClientAppActor pid=402464)[0m 
[K        3/3      1.46G      3.875       3.14      2.164         23        640: 24% ━━╸───────── 28/115 7.7it/s 4.3s<11.3s[32m [repeated 10x across cluster][0m
[36m(ClientAppActor pid=402493)[0m 
[K        3/3      1.47G      3.974      2.983      2.081         37        640: 68% ━━━━━━━━──── 72/106 7.3it/s 10.6s<4.7s
[36m(ClientAppActor pid=402493)[0m 
[K        3/3      1.47G       3.98      2.982      2.077         56        640: 69% ━━━━━━━━──── 73/106 7.2it/s 10.7s<4.6s
[36m(ClientAppActor pid=402464)[0m 
[K        3/3      1.46G      3.864      3.071      2.147         28        640: 45% ━━━━━─────── 52/115 7.2it/s 8.2s<8.7s[32m [repeated 16x across cluster][0m
[36m(ClientAppActor pid=402493)[0m 
[K        3/3      1.47G      3.977      2.991       2.08         13        640: 70% ━━━━━━━━──── 74/106 7.2it/s 10.9s<4.4s
[36m(ClientAppActor pid=402493)[0m 
[K        3/3      1.47G      3.982      2.995      2.081         53        640: 71% ━━━━━━━━──── 75/106 7.2it/s 11.0s<4.3s
[36m(ClientAppActor pid=402459)[0m 
[K        3/3      1.59G      3.653      2.602      2.156        112        640: 8% ╸─────────── 9/120 6.8it/s 1.6s<16.3s[32m [repeated 4x across cluster][0m
[36m(ClientAppActor pid=402493)[0m 
[K        3/3      1.47G      3.978      2.986      2.081         27        640: 72% ━━━━━━━━╸─── 76/106 6.9it/s 11.2s<4.3s
[36m(ClientAppActor pid=402493)[0m 
[K        3/3      1.47G      3.977      2.988       2.08         15        640: 73% ━━━━━━━━╸─── 77/106 7.8it/s 11.3s<3.7s
[36m(ClientAppActor pid=402493)[0m 
[K        3/3      1.47G      3.963      2.984      2.078         23        640: 74% ━━━━━━━━╸─── 78/106 7.6it/s 11.4s<3.7s
[36m(ClientAppActor pid=402464)[0m 
[K        3/3      1.46G      3.943      3.108      2.142         31        640: 29% ━━━───────── 33/115 6.8it/s 5.1s<12.0s[32m [repeated 8x across cluster][0m
[36m(ClientAppActor pid=402493)[0m 
[K        3/3      1.47G      3.962      2.984      2.077         31        640: 75% ━━━━━━━━╸─── 79/106 7.5it/s 11.5s<3.6s
[36m(ClientAppActor pid=402464)[0m 
[K        3/3      1.46G      3.902      3.086      2.147         49        640: 50% ━━━━━╸────── 57/115 7.3it/s 8.9s<7.9s[32m [repeated 20x across cluster][0m
[36m(ClientAppActor pid=402493)[0m 
[K        3/3      1.47G      3.957      2.988       2.08         14        640: 75% ━━━━━━━━━─── 80/106 7.5it/s 11.7s<3.5s
[36m(ClientAppActor pid=402493)[0m 
[K        3/3      1.47G      3.955      2.988      2.081         51        640: 76% ━━━━━━━━━─── 81/106 7.4it/s 11.8s<3.4s
[36m(ClientAppActor pid=402493)[0m 
[K        3/3      1.47G      3.945      2.979      2.078         18        640: 77% ━━━━━━━━━─── 82/106 6.0it/s 12.2s<4.0s
[36m(ClientAppActor pid=402493)[0m 
[K        3/3      1.47G       3.95       2.99      2.082         24        640: 78% ━━━━━━━━━─── 83/106 4.9it/s 12.6s<4.7s
[36m(ClientAppActor pid=402493)[0m 
[K        3/3      1.47G      3.944      2.988      2.079         36        640: 79% ━━━━━━━━━╸── 84/106 4.5it/s 12.9s<4.9s
[36m(ClientAppActor pid=402459)[0m 
[K        3/3      1.59G      3.674      2.611      2.182         89        640: 12% ━─────────── 15/120 7.3it/s 2.4s<14.4s[32m [repeated 6x across cluster][0m
[36m(ClientAppActor pid=402464)[0m 
[K        3/3      1.46G      3.905      3.069      2.154         30        640: 33% ━━━╸──────── 38/115 6.2it/s 6.3s<12.3s[32m [repeated 5x across cluster][0m
[36m(ClientAppActor pid=402464)[0m 
[K        3/3      1.46G      3.913      3.094      2.151         61        640: 54% ━━━━━━────── 62/115 7.5it/s 9.6s<7.0s[32m [repeated 19x across cluster][0m
[36m(ClientAppActor pid=402493)[0m 
[K        3/3      1.47G      3.953      2.986      2.078         14        640: 80% ━━━━━━━━━╸── 85/106 5.2it/s 13.0s<4.1s
[36m(ClientAppActor pid=402493)[0m 
[K        3/3      1.47G      3.951       2.99      2.077         15        640: 81% ━━━━━━━━━╸── 86/106 5.6it/s 13.2s<3.6s
[36m(ClientAppActor pid=402493)[0m 
[K        3/3      1.47G      3.952      2.989      2.075         49        640: 82% ━━━━━━━━━╸── 87/106 5.8it/s 13.3s<3.3s
[36m(ClientAppActor pid=402493)[0m 
[K        3/3      1.47G      3.967      2.996      2.083         18        640: 83% ━━━━━━━━━╸── 88/106 6.0it/s 13.5s<3.0s
[36m(ClientAppActor pid=402493)[0m 
[K        3/3      1.47G      3.972      3.001      2.083         76        640: 84% ━━━━━━━━━━── 89/106 6.3it/s 13.6s<2.7s
[36m(ClientAppActor pid=402464)[0m 
[K        3/3      1.46G      3.916      3.083      2.143          8        640: 58% ━━━━━━╸───── 67/115 5.3it/s 11.0s<9.0s[32m [repeated 17x across cluster][0m
[36m(ClientAppActor pid=402459)[0m 
[K        3/3      1.59G      3.618      2.585        2.2        100        640: 16% ━╸────────── 19/120 7.2it/s 3.0s<14.1s[32m [repeated 4x across cluster][0m
[36m(ClientAppActor pid=402493)[0m 
[K        3/3      1.47G      3.969      3.004      2.081         14        640: 85% ━━━━━━━━━━── 90/106 6.7it/s 13.8s<2.4s
[36m(ClientAppActor pid=402493)[0m 
[K        3/3      1.47G      3.962      3.001       2.08         26        640: 86% ━━━━━━━━━━── 91/106 6.6it/s 13.9s<2.3s
[36m(ClientAppActor pid=402493)[0m 
[K        3/3      1.47G      3.952      2.995      2.079         17        640: 87% ━━━━━━━━━━── 92/106 6.9it/s 14.1s<2.0s
[36m(ClientAppActor pid=402459)[0m 
[K        3/3      1.59G      3.561       2.62      2.203        116        640: 33% ━━━━──────── 40/120 6.7it/s 6.7s<11.9s
[36m(ClientAppActor pid=402459)[0m 
[K        3/3      1.59G       3.55      2.625      2.206         37        640: 34% ━━━━──────── 41/120 6.7it/s 6.8s<11.7s
[36m(ClientAppActor pid=402465)[0m 
[K        3/3      1.45G      3.752      2.743      2.087         41        640: 62% ━━━━━━━───── 74/119 7.0it/s 12.1s<6.4s[32m [repeated 17x across cluster][0m
[36m(ClientAppActor pid=402493)[0m 
[K        3/3      1.47G      3.952      2.992      2.077         23        640: 88% ━━━━━━━━━━╸─ 93/106 7.2it/s 14.2s<1.8s
[36m(ClientAppActor pid=402493)[0m 
[K        3/3      1.47G      3.947      2.985      2.074         30        640: 89% ━━━━━━━━━━╸─ 94/106 7.8it/s 14.3s<1.5s
[36m(ClientAppActor pid=402459)[0m 
[K        3/3      1.59G      3.545      2.626      2.208         64        640: 35% ━━━━──────── 42/120 6.5it/s 7.0s<12.0s
[36m(ClientAppActor pid=402493)[0m 
[K        3/3      1.47G      3.945      2.981      2.072         46        640: 90% ━━━━━━━━━━╸─ 95/106 7.5it/s 14.4s<1.5s
[36m(ClientAppActor pid=402459)[0m 
[K        3/3      1.59G      3.538      2.622      2.206         72        640: 36% ━━━━──────── 43/120 6.6it/s 7.1s<11.6s
[36m(ClientAppActor pid=402493)[0m 
[K        3/3      1.47G       3.94      2.977      2.075         19        640: 91% ━━━━━━━━━━╸─ 96/106 7.4it/s 14.6s<1.3s
[36m(ClientAppActor pid=402459)[0m 
[K        3/3      1.59G      3.539      2.617      2.201        100        640: 37% ━━━━──────── 44/120 6.8it/s 7.3s<11.2s
[36m(ClientAppActor pid=402493)[0m 
[K        3/3      1.47G      3.949      2.981      2.074         50        640: 92% ━━━━━━━━━━╸─ 97/106 7.3it/s 14.7s<1.2s
[36m(ClientAppActor pid=402459)[0m 
[K        3/3      1.59G      3.533      2.609      2.197         56        640: 38% ━━━━──────── 45/120 6.9it/s 7.4s<10.8s
[36m(ClientAppActor pid=402493)[0m 
[K        3/3      1.47G      3.943      2.975      2.075         37        640: 92% ━━━━━━━━━━━─ 98/106 7.3it/s 14.9s<1.1s
[36m(ClientAppActor pid=402459)[0m 
[K        3/3      1.59G      3.593      2.562      2.186         85        640: 21% ━━────────── 25/120 6.9it/s 3.8s<13.7s[32m [repeated 6x across cluster][0m
[36m(ClientAppActor pid=402465)[0m 
[K        3/3      1.45G      3.747      2.745      2.089         18        640: 66% ━━━━━━━╸──── 79/119 7.2it/s 12.8s<5.5s[32m [repeated 17x across cluster][0m
[36m(ClientAppActor pid=402493)[0m 
[K        3/3      1.47G      3.953      2.981      2.075         27        640: 93% ━━━━━━━━━━━─ 99/106 7.4it/s 15.0s<0.9s
[36m(ClientAppActor pid=402459)[0m 
[K        3/3      1.59G      3.552      2.631      2.201         53        640: 38% ━━━━╸─────── 46/120 6.9it/s 7.5s<10.7s
[36m(ClientAppActor pid=402459)[0m 
[K        3/3      1.59G      3.554      2.629      2.206         92        640: 39% ━━━━╸─────── 47/120 7.1it/s 7.7s<10.2s
[36m(ClientAppActor pid=402493)[0m 
[K        3/3      1.47G      3.948      2.981      2.073         31        640: 94% ━━━━━━━━━━━─ 100/106 7.4it/s 15.1s<0.8s
[36m(ClientAppActor pid=402459)[0m 
[K        3/3      1.59G      3.542      2.618      2.203         59        640: 40% ━━━━╸─────── 48/120 7.3it/s 7.8s<9.9s
[36m(ClientAppActor pid=402493)[0m 
[K        3/3      1.47G      3.949       2.98      2.071         43        640: 95% ━━━━━━━━━━━─ 101/106 7.3it/s 15.3s<0.7s
[36m(ClientAppActor pid=402459)[0m 
[K        3/3      1.59G       3.54      2.616      2.206         84        640: 41% ━━━━╸─────── 49/120 7.2it/s 7.9s<9.9s
[36m(ClientAppActor pid=402493)[0m 
[K        3/3      1.47G      3.938       2.98      2.072         15        640: 96% ━━━━━━━━━━━╸ 102/106 7.4it/s 15.4s<0.5s
[36m(ClientAppActor pid=402465)[0m 
[K        3/3      1.45G      3.747       2.74      2.083         80        640: 71% ━━━━━━━━──── 84/119 7.6it/s 13.5s<4.6s[32m [repeated 18x across cluster][0m
[36m(ClientAppActor pid=402459)[0m 
[K        3/3      1.59G      3.571      2.621      2.204         48        640: 24% ━━╸───────── 29/120 5.7it/s 4.6s<16.1s[32m [repeated 4x across cluster][0m
[36m(ClientAppActor pid=402493)[0m 
[K        3/3      1.47G      3.942      2.981      2.071         66        640: 97% ━━━━━━━━━━━╸ 103/106 7.3it/s 15.5s<0.4s
[36m(ClientAppActor pid=402493)[0m 
[K        3/3      1.47G      3.945      2.977      2.068         55        640: 98% ━━━━━━━━━━━╸ 104/106 7.1it/s 15.7s<0.3s
[36m(ClientAppActor pid=402493)[0m 
[K        3/3      1.47G      3.944      2.969      2.065         15        640: 100% ━━━━━━━━━━━━ 106/106 6.7it/s 15.8s
[K        3/3      1.47G      3.944      2.969      2.065         15        640: 100% ━━━━━━━━━━━━ 106/106 6.7it/s 15.8s
[36m(ClientAppActor pid=402459)[0m 
[K        3/3      1.59G      3.548      2.624      2.207         54        640: 43% ━━━━━─────── 52/120 7.4it/s 8.3s<9.2s[32m [repeated 3x across cluster][0m
[36m(ClientAppActor pid=402493)[0m 
[K                 Class     Images  Instances      Box(P          R      mAP50  mAP50-95): 11% ━─────────── 1/9 1.3it/s 0.2s<6.3s
[36m(ClientAppActor pid=402465)[0m 
[K        3/3      1.45G      3.746       2.73      2.085         38        640: 75% ━━━━━━━━╸─── 89/119 7.2it/s 14.2s<4.2s[32m [repeated 17x across cluster][0m
[36m(ClientAppActor pid=402493)[0m 
[K                 Class     Images  Instances      Box(P          R      mAP50  mAP50-95): 22% ━━╸───────── 2/9 2.2it/s 0.5s<3.2s
[36m(ClientAppActor pid=402459)[0m 
[K        3/3      1.59G      3.572      2.626      2.208        112        640: 29% ━━━───────── 35/120 6.7it/s 5.9s<12.8s[32m [repeated 6x across cluster][0m
[36m(ClientAppActor pid=402493)[0m 
[K                 Class     Images  Instances      Box(P          R      mAP50  mAP50-95): 33% ━━━━──────── 3/9 2.8it/s 0.7s<2.1s
[36m(ClientAppActor pid=402459)[0m 
[K        3/3      1.59G      3.529      2.627      2.208         91        640: 49% ━━━━━╸────── 59/120 7.9it/s 9.2s<7.7s[32m [repeated 4x across cluster][0m
[36m(ClientAppActor pid=402465)[0m 
[K        3/3      1.45G      3.745       2.74      2.088         53        640: 79% ━━━━━━━━━─── 94/119 7.9it/s 14.8s<3.2s[32m [repeated 18x across cluster][0m
[36m(ClientAppActor pid=402493)[0m 
[K                 Class     Images  Instances      Box(P          R      mAP50  mAP50-95): 44% ━━━━━─────── 4/9 3.2it/s 0.9s<1.6s
[36m(ClientAppActor pid=402493)[0m 
[K                 Class     Images  Instances      Box(P          R      mAP50  mAP50-95): 56% ━━━━━━╸───── 5/9 3.8it/s 1.1s<1.1s
[36m(ClientAppActor pid=402493)[0m 
[K                 Class     Images  Instances      Box(P          R      mAP50  mAP50-95): 67% ━━━━━━━━──── 6/9 4.0it/s 1.4s<0.7s
[36m(ClientAppActor pid=402493)[0m 
[K                 Class     Images  Instances      Box(P          R      mAP50  mAP50-95): 78% ━━━━━━━━━─── 7/9 4.3it/s 1.6s<0.5s
[36m(ClientAppActor pid=402493)[0m 
[K                 Class     Images  Instances      Box(P          R      mAP50  mAP50-95): 89% ━━━━━━━━━━╸─ 8/9 4.4it/s 1.8s<0.2s
[36m(ClientAppActor pid=402493)[0m 
[K                 Class     Images  Instances      Box(P          R      mAP50  mAP50-95): 100% ━━━━━━━━━━━━ 9/9 4.3it/s 2.1s
[K                 Class     Images  Instances      Box(P          R      mAP50  mAP50-95): 100% ━━━━━━━━━━━━ 9/9 4.3it/s 2.1s
[36m(ClientAppActor pid=402493)[0m                    all         69        401      0.682      0.599      0.654      0.373
[36m(ClientAppActor pid=402455)[0m 
[K        2/3      1.44G      4.144      3.186      2.186         31        640: 83% ━━━━━━━━━╸── 150/181 5.7it/s 23.2s<5.4s[32m [repeated 15x across cluster][0m
[36m(ClientAppActor pid=402459)[0m 
[K        3/3      1.59G      3.561      2.628      2.205         35        640: 32% ━━━╸──────── 39/120 6.8it/s 6.5s<12.0s[32m [repeated 4x across cluster][0m
[36m(ClientAppActor pid=402459)[0m 
[K        3/3      1.59G      3.533      2.623      2.201         75        640: 53% ━━━━━━────── 64/120 5.8it/s 10.6s<9.6s[32m [repeated 5x across cluster][0m
[36m(ClientAppActor pid=402493)[0m 
[36m(ClientAppActor pid=402493)[0m 3 epochs completed in 0.018 hours.
[36m(ClientAppActor pid=402493)[0m Optimizer stripped from /tmp/fl_yolo_runs_402493/train/weights/last.pt, 16.5MB
[36m(ClientAppActor pid=402493)[0m Optimizer stripped from /tmp/fl_yolo_runs_402493/train/weights/best.pt, 16.5MB
[36m(ClientAppActor pid=402493)[0m 
[36m(ClientAppActor pid=402493)[0m Validating /tmp/fl_yolo_runs_402493/train/weights/best.pt...
[36m(ClientAppActor pid=402493)[0m Ultralytics 8.3.234 Python-3.10.19 torch-2.6.0+cu124 CUDA:0 (NVIDIA RTX 5000 Ada Generation, 32220MiB)
[36m(ClientAppActor pid=402493)[0m YOLOv10s summary (fused): 106 layers, 7,218,387 parameters, 0 gradients, 21.4 GFLOPs
[36m(ClientAppActor pid=402455)[0m 
[K        2/3      1.44G      4.155      3.193      2.182         47        640: 86% ━━━━━━━━━━── 155/181 8.0it/s 23.8s<3.2s[32m [repeated 15x across cluster][0m
[36m(ClientAppActor pid=402459)[0m 
[K        3/3      1.59G      3.532      2.625      2.207         93        640: 57% ━━━━━━╸───── 69/120 8.5it/s 11.1s<6.0s[32m [repeated 3x across cluster][0m
[36m(ClientAppActor pid=402493)[0m 
[K                 Class     Images  Instances      Box(P          R      mAP50  mAP50-95): 22% ━━╸───────── 2/9 3.7it/s 0.2s<1.9s
[36m(ClientAppActor pid=402493)[0m 
[K                 Class     Images  Instances      Box(P          R      mAP50  mAP50-95): 33% ━━━━──────── 3/9 5.0it/s 0.3s<1.2s
[36m(ClientAppActor pid=402493)[0m 
[K                 Class     Images  Instances      Box(P          R      mAP50  mAP50-95): 44% ━━━━━─────── 4/9 6.1it/s 0.4s<0.8s
[36m(ClientAppActor pid=402459)[0m 
[K        3/3      1.59G      3.542       2.61      2.205         88        640: 62% ━━━━━━━───── 75/120 7.7it/s 11.9s<5.9s[32m [repeated 6x across cluster][0m
[36m(ClientAppActor pid=402455)[0m 
[K        2/3      1.44G      4.147      3.181      2.179         97        640: 88% ━━━━━━━━━━╸─ 160/181 8.1it/s 24.4s<2.6s[32m [repeated 12x across cluster][0m
[36m(ClientAppActor pid=402493)[0m 
[K                 Class     Images  Instances      Box(P          R      mAP50  mAP50-95): 56% ━━━━━━╸───── 5/9 7.1it/s 0.5s<0.6s
[36m(ClientAppActor pid=402493)[0m 
[K                 Class     Images  Instances      Box(P          R      mAP50  mAP50-95): 67% ━━━━━━━━──── 6/9 7.8it/s 0.6s<0.4s
[36m(ClientAppActor pid=402493)[0m 
[K                 Class     Images  Instances      Box(P          R      mAP50  mAP50-95): 89% ━━━━━━━━━━╸─ 8/9 9.0it/s 0.8s<0.1s
[36m(ClientAppActor pid=402493)[0m 
[K                 Class     Images  Instances      Box(P          R      mAP50  mAP50-95): 100% ━━━━━━━━━━━━ 9/9 10.4it/s 0.9s
[K                 Class     Images  Instances      Box(P          R      mAP50  mAP50-95): 100% ━━━━━━━━━━━━ 9/9 10.4it/s 0.9s
[36m(ClientAppActor pid=402493)[0m                    all         69        401      0.682      0.599      0.654      0.373
[36m(ClientAppActor pid=402493)[0m Speed: 0.4ms preprocess, 1.6ms inference, 0.0ms loss, 1.7ms postprocess per image
[36m(ClientAppActor pid=402465)[0m 
[K        3/3      1.45G       3.73      2.737      2.088         14        640: 99% ━━━━━━━━━━━╸ 118/119 9.2it/s 18.3s<0.1s
[K        3/3      1.45G       3.73      2.737      2.088         14        640: 100% ━━━━━━━━━━━━ 119/119 6.5it/s 18.3s
[K        3/3      1.45G       3.73      2.737      2.088         14        640: 100% ━━━━━━━━━━━━ 119/119 6.5it/s 18.3s
[36m(ClientAppActor pid=402493)[0m [Client 4] Training complete:
[36m(ClientAppActor pid=402493)[0m   mAP50: 0.6535, mAP50-95: 0.3730
[36m(ClientAppActor pid=402493)[0m   Precision: 0.6824, Recall: 0.5985
[36m(ClientAppActor pid=402493)[0m   BN Stats: μ=0.3782, σ=0.2020
[36m(ClientAppActor pid=402455)[0m 
[K        2/3      1.44G      4.142      3.174      2.181         57        640: 92% ━━━━━━━━━━━─ 166/181 8.5it/s 25.1s<1.8s[32m [repeated 11x across cluster][0m
[36m(ClientAppActor pid=402459)[0m 
[K        3/3      1.59G       3.54        2.6      2.198        121        640: 66% ━━━━━━━╸──── 79/120 8.4it/s 12.3s<4.9s[32m [repeated 4x across cluster][0m
[36m(ClientAppActor pid=402465)[0m 
[K                 Class     Images  Instances      Box(P          R      mAP50  mAP50-95): 18% ━━────────── 2/11 4.1it/s 0.3s<2.2s
[36m(ClientAppActor pid=402465)[0m 
[K                 Class     Images  Instances      Box(P          R      mAP50  mAP50-95): 27% ━━━───────── 3/11 5.1it/s 0.4s<1.6s
[36m(ClientAppActor pid=402464)[0m 
[K                 Class     Images  Instances      Box(P          R      mAP50  mAP50-95): 30% ━━━╸──────── 3/10 5.0it/s 0.4s<1.4s
[36m(ClientAppActor pid=402464)[0m 
[K                 Class     Images  Instances      Box(P          R      mAP50  mAP50-95): 40% ━━━━╸─────── 4/10 5.9it/s 0.5s<1.0s
[36m(ClientAppActor pid=402464)[0m 
[K        3/3      1.46G      3.922      3.034      2.133         36        640: 98% ━━━━━━━━━━━╸ 113/115 7.9it/s 17.7s<0.3s[32m [repeated 5x across cluster][0m
[36m(ClientAppActor pid=402464)[0m 
[K                 Class     Images  Instances      Box(P          R      mAP50  mAP50-95): 50% ━━━━━━────── 5/10 6.4it/s 0.7s<0.8s
[36m(ClientAppActor pid=402464)[0m 
[K                 Class     Images  Instances      Box(P          R      mAP50  mAP50-95): 60% ━━━━━━━───── 6/10 7.0it/s 0.8s<0.6s
[36m(ClientAppActor pid=402459)[0m 
[K        3/3      1.59G      3.533      2.589      2.194         43        640: 71% ━━━━━━━━──── 85/120 10.2it/s 12.9s<3.4s[32m [repeated 3x across cluster][0m
[36m(ClientAppActor pid=402465)[0m 
[K                 Class     Images  Instances      Box(P          R      mAP50  mAP50-95): 64% ━━━━━━━╸──── 7/11 7.2it/s 0.9s<0.6s
[36m(ClientAppActor pid=402465)[0m 
[K                 Class     Images  Instances      Box(P          R      mAP50  mAP50-95): 73% ━━━━━━━━╸─── 8/11 7.5it/s 1.0s<0.4s
[36m(ClientAppActor pid=402464)[0m 
[K                 Class     Images  Instances      Box(P          R      mAP50  mAP50-95): 80% ━━━━━━━━━╸── 8/10 7.5it/s 1.0s<0.3s
[36m(ClientAppActor pid=402459)[0m 
[K        3/3      1.59G      3.547      2.631      2.206         61        640: 46% ━━━━━─────── 55/120 7.9it/s 8.7s<8.2s[32m [repeated 3x across cluster][0m
[36m(ClientAppActor pid=402464)[0m 
[K                 Class     Images  Instances      Box(P          R      mAP50  mAP50-95): 10% ━─────────── 1/10 2.1it/s 0.1s<4.3s[32m [repeated 2x across cluster][0m
[36m(ClientAppActor pid=402459)[0m 
[K        3/3      1.59G      3.525      2.583      2.191         81        640: 73% ━━━━━━━━╸─── 88/120 10.4it/s 13.2s<3.1s[32m [repeated 2x across cluster][0m
[36m(ClientAppActor pid=402464)[0m 
[36m(ClientAppActor pid=402455)[0m 
[K                 Class     Images  Instances      Box(P          R      mAP50  mAP50-95): 24% ━━╸───────── 4/17 8.7it/s 0.3s<1.5s
[36m(ClientAppActor pid=402465)[0m 
[36m(ClientAppActor pid=402464)[0m 
[36m(ClientAppActor pid=402455)[0m 
[K                 Class     Images  Instances      Box(P          R      mAP50  mAP50-95): 35% ━━━━──────── 6/17 11.7it/s 0.4s<0.9s[32m [repeated 2x across cluster][0m
[36m(ClientAppActor pid=402455)[0m 
[K                 Class     Images  Instances      Box(P          R      mAP50  mAP50-95): 47% ━━━━━╸────── 8/17 13.6it/s 0.5s<0.7s
[36m(ClientAppActor pid=402465)[0m 
[36m(ClientAppActor pid=402459)[0m 
[K        3/3      1.59G      3.524      2.566      2.183        120        640: 78% ━━━━━━━━━─── 94/120 11.1it/s 13.7s<2.3s[32m [repeated 3x across cluster][0m
[36m(ClientAppActor pid=402465)[0m 
[K                 Class     Images  Instances      Box(P          R      mAP50  mAP50-95): 45% ━━━━━─────── 5/11 6.6it/s 0.6s<0.9s
[36m(ClientAppActor pid=402464)[0m 
[K                 Class     Images  Instances      Box(P          R      mAP50  mAP50-95): 30% ━━━╸──────── 3/10 4.8it/s 0.2s<1.5s
[36m(ClientAppActor pid=402465)[0m 
[K                 Class     Images  Instances      Box(P          R      mAP50  mAP50-95): 55% ━━━━━━╸───── 6/11 6.9it/s 0.8s<0.7s
[36m(ClientAppActor pid=402464)[0m 
[K                 Class     Images  Instances      Box(P          R      mAP50  mAP50-95): 50% ━━━━━━────── 5/10 6.5it/s 0.4s<0.8s
[36m(ClientAppActor pid=402455)[0m 
[K                 Class     Images  Instances      Box(P          R      mAP50  mAP50-95): 71% ━━━━━━━━──── 12/17 13.0it/s 0.8s<0.4s[32m [repeated 2x across cluster][0m
[36m(ClientAppActor pid=402455)[0m 
[K                 Class     Images  Instances      Box(P          R      mAP50  mAP50-95): 76% ━━━━━━━━━─── 13/17 10.6it/s 1.0s<0.4s
[36m(ClientAppActor pid=402464)[0m 
[K                 Class     Images  Instances      Box(P          R      mAP50  mAP50-95): 90% ━━━━━━━━━━╸─ 9/10 8.0it/s 0.8s<0.1s[32m [repeated 4x across cluster][0m
[36m(ClientAppActor pid=402465)[0m 
[K                 Class     Images  Instances      Box(P          R      mAP50  mAP50-95): 27% ━━━───────── 3/11 4.2it/s 0.5s<1.9s
[36m(ClientAppActor pid=402455)[0m 
[K                 Class     Images  Instances      Box(P          R      mAP50  mAP50-95): 94% ━━━━━━━━━━━─ 16/17 6.6it/s 1.7s<0.2s
[36m(ClientAppActor pid=402455)[0m 
[36m(ClientAppActor pid=402455)[0m       Epoch    GPU_mem   box_loss   cls_loss   dfl_loss  Instances       Size
[36m(ClientAppActor pid=402464)[0m 
[K                 Class     Images  Instances      Box(P          R      mAP50  mAP50-95): 100% ━━━━━━━━━━━━ 10/10 9.4it/s 1.1s
[K                 Class     Images  Instances      Box(P          R      mAP50  mAP50-95): 100% ━━━━━━━━━━━━ 10/10 9.4it/s 1.1s[32m [repeated 4x across cluster][0m
[36m(ClientAppActor pid=402464)[0m                    all         80        576      0.747      0.537       0.65      0.342[32m [repeated 4x across cluster][0m
[36m(ClientAppActor pid=402459)[0m 
[K        3/3      1.59G      3.524      2.569      2.185        103        640: 82% ━━━━━━━━━╸── 98/120 14.4it/s 13.9s<1.5s[32m [repeated 2x across cluster][0m
[36m(ClientAppActor pid=402455)[0m 
[K        3/3      1.44G      4.965      3.212      2.279         60        640: 0% ──────────── 0/181  0.2s
[36m(ClientAppActor pid=402459)[0m 
[K        3/3      1.59G      3.533      2.623      2.204         67        640: 54% ━━━━━━────── 65/120 7.0it/s 10.7s<7.9s
[36m(ClientAppActor pid=402464)[0m   mAP50: 0.6499, mAP50-95: 0.3423
[36m(ClientAppActor pid=402455)[0m 
[K        3/3      1.44G      4.414      2.901      2.221         46        640: 1% ──────────── 2/181 4.2it/s 0.4s<42.4s
[36m(ClientAppActor pid=402465)[0m 3 epochs completed in 0.020 hours.[32m [repeated 2x across cluster][0m
[36m(ClientAppActor pid=402465)[0m Optimizer stripped from /tmp/fl_yolo_runs_402465/train/weights/best.pt, 16.5MB[32m [repeated 4x across cluster][0m
[36m(ClientAppActor pid=402465)[0m   mAP50: 0.4988, mAP50-95: 0.2651
[36m(ClientAppActor pid=402465)[0m [Client 0] Applying SignFlippingAttack attack...
[36m(ClientAppActor pid=402465)[0m [Client 0] Attack applied
[36m(ClientAppActor pid=402465)[0m Validating /tmp/fl_yolo_runs_402465/train/weights/best.pt...[32m [repeated 2x across cluster][0m
[36m(ClientAppActor pid=402465)[0m Ultralytics 8.3.234 Python-3.10.19 torch-2.6.0+cu124 CUDA:0 (NVIDIA RTX 5000 Ada Generation, 32220MiB)[32m [repeated 2x across cluster][0m
[36m(ClientAppActor pid=402455)[0m 
[K        3/3      1.44G      4.283      2.729      2.139         60        640: 2% ──────────── 4/181 7.4it/s 0.5s<23.8s
[36m(ClientAppActor pid=402455)[0m 
[K        3/3      1.44G      4.088      2.712       2.13         71        640: 3% ──────────── 6/181 10.5it/s 0.6s<16.7s
[36m(ClientAppActor pid=402465)[0m YOLOv10s summary (fused): 106 layers, 7,218,387 parameters, 0 gradients, 21.4 GFLOPs[32m [repeated 2x across cluster][0m
[36m(ClientAppActor pid=402455)[0m 
[K        3/3      1.44G      4.116      2.694      2.135         55        640: 4% ╸─────────── 8/181 12.4it/s 0.7s<14.0s
[36m(ClientAppActor pid=402455)[0m 
[K        3/3      1.44G       4.09      2.793      2.132         41        640: 6% ╸─────────── 10/181 14.2it/s 0.8s<12.1s
[36m(ClientAppActor pid=402459)[0m 
[K                 Class     Images  Instances      Box(P          R      mAP50  mAP50-95): 13% ━╸────────── 2/15 5.5it/s 0.1s<2.4s
[36m(ClientAppActor pid=402459)[0m 
[K        3/3      1.59G      3.519      2.571      2.185         88        640: 87% ━━━━━━━━━━── 104/120 15.5it/s 14.3s<1.0s[32m [repeated 6x across cluster][0m
[36m(ClientAppActor pid=402455)[0m 
[K        3/3      1.44G       4.15      2.884      2.129         92        640: 7% ╸─────────── 12/181 15.2it/s 0.9s<11.1s
[36m(ClientAppActor pid=402455)[0m 
[K        3/3      1.44G      4.102      2.866      2.113         44        640: 8% ╸─────────── 14/181 16.5it/s 1.0s<10.1s
[36m(ClientAppActor pid=402455)[0m 
[K        3/3      1.44G      4.106      2.833      2.115         39        640: 9% ━─────────── 16/181 16.7it/s 1.2s<9.9s
[36m(ClientAppActor pid=402455)[0m 
[K        3/3      1.44G      4.059      2.842      2.093         50        640: 10% ━─────────── 18/181 17.4it/s 1.3s<9.3s
[36m(ClientAppActor pid=402455)[0m 
[K        3/3      1.44G       4.02      2.863      2.107         66        640: 11% ━─────────── 20/181 17.7it/s 1.4s<9.1s
[36m(ClientAppActor pid=402459)[0m 
[K        3/3      1.59G       3.52      2.566      2.186         69        640: 91% ━━━━━━━━━━╸─ 109/120 8.1it/s 15.5s<1.4s[32m [repeated 9x across cluster][0m
[36m(ClientAppActor pid=402455)[0m 
[K        3/3      1.44G      4.078       2.91      2.088         48        640: 12% ━─────────── 22/181 18.0it/s 1.5s<8.9s
[36m(ClientAppActor pid=402455)[0m 
[K        3/3      1.44G      4.049      2.909      2.093         37        640: 13% ━╸────────── 24/181 17.6it/s 1.6s<8.9s
[36m(ClientAppActor pid=402455)[0m 
[K        3/3      1.44G      4.057      2.922      2.096         48        640: 15% ━╸────────── 27/181 18.7it/s 1.7s<8.2s
[36m(ClientAppActor pid=402459)[0m 
[36m(ClientAppActor pid=402455)[0m 
[K        3/3      1.44G      4.105      2.936      2.099         59        640: 17% ━╸────────── 30/181 20.6it/s 1.9s<7.3s
[36m(ClientAppActor pid=402465)[0m Speed: 0.1ms preprocess, 3.7ms inference, 0.0ms loss, 0.5ms postprocess per image[32m [repeated 2x across cluster][0m
[36m(ClientAppActor pid=402455)[0m 
[K        3/3      1.44G      4.103       2.94      2.109         49        640: 18% ━━────────── 33/181 22.4it/s 2.0s<6.6s
[36m(ClientAppActor pid=402459)[0m 
[36m(ClientAppActor pid=402459)[0m 
[K        3/3      1.59G      3.514      2.567      2.188          3        640: 99% ━━━━━━━━━━━╸ 119/120 14.4it/s 16.2s<0.1s
[K        3/3      1.59G      3.514      2.567      2.188          3        640: 100% ━━━━━━━━━━━━ 120/120 7.4it/s 16.2s
[K        3/3      1.59G      3.514      2.567      2.188          3        640: 100% ━━━━━━━━━━━━ 120/120 7.4it/s 16.2s[32m [repeated 3x across cluster][0m
[36m(ClientAppActor pid=402465)[0m [Client 0] Training complete:[32m [repeated 2x across cluster][0m
[36m(ClientAppActor pid=402465)[0m   Precision: 0.5620, Recall: 0.4416[32m [repeated 2x across cluster][0m
[36m(ClientAppActor pid=402465)[0m   BN Stats: μ=0.3782, σ=0.2020[32m [repeated 2x across cluster][0m
[36m(ClientAppActor pid=402459)[0m 
[K        3/3      1.59G      3.517      2.562      2.186         98        640: 96% ━━━━━━━━━━━─ 115/120 12.0it/s 16.0s<0.4s[32m [repeated 6x across cluster][0m
[36m(ClientAppActor pid=402455)[0m 
[K        3/3      1.44G        4.1      2.923       2.12         40        640: 20% ━━────────── 36/181 22.8it/s 2.1s<6.4s
[36m(ClientAppActor pid=402465)[0m 
[K                 Class     Images  Instances      Box(P          R      mAP50  mAP50-95): 18% ━━────────── 2/11 3.7it/s 0.3s<2.4s[32m [repeated 2x across cluster][0m
[36m(ClientAppActor pid=402455)[0m 
[K        3/3      1.44G      4.102      2.936      2.131         48        640: 21% ━━╸───────── 38/181 21.7it/s 2.2s<6.6s
[36m(ClientAppActor pid=402455)[0m 
[K        3/3      1.44G      4.143      2.979      2.138         29        640: 22% ━━╸───────── 40/181 20.5it/s 2.3s<6.9s
[36m(ClientAppActor pid=402459)[0m 
[K                 Class     Images  Instances      Box(P          R      mAP50  mAP50-95): 87% ━━━━━━━━━━── 13/15 26.3it/s 0.3s<0.1s
[36m(ClientAppActor pid=402459)[0m 
[K                 Class     Images  Instances      Box(P          R      mAP50  mAP50-95): 27% ━━━───────── 4/15 11.0it/s 0.1s<1.0s[32m [repeated 2x across cluster][0m
[36m(ClientAppActor pid=402455)[0m 
[K        3/3      1.44G      4.158      2.994      2.139         75        640: 23% ━━╸───────── 42/181 19.4it/s 2.4s<7.2s
[36m(ClientAppActor pid=402459)[0m 
[K                 Class     Images  Instances      Box(P          R      mAP50  mAP50-95): 40% ━━━━╸─────── 6/15 12.4it/s 0.3s<0.7s
[36m(ClientAppActor pid=402455)[0m 
[K        3/3      1.44G      4.146      2.987      2.142         79        640: 24% ━━╸───────── 44/181 19.3it/s 2.5s<7.1s
[36m(ClientAppActor pid=402459)[0m   mAP50: 0.5423, mAP50-95: 0.2693
[36m(ClientAppActor pid=402459)[0m 
[K        3/3      1.59G      3.513      2.559      2.186         66        640: 98% ━━━━━━━━━━━╸ 117/120 13.5it/s 16.1s<0.2s[32m [repeated 4x across cluster][0m
[36m(ClientAppActor pid=402459)[0m 
[K                 Class     Images  Instances      Box(P          R      mAP50  mAP50-95): 53% ━━━━━━────── 8/15 14.2it/s 0.4s<0.5s
[36m(ClientAppActor pid=402455)[0m 
[K        3/3      1.44G      4.142      2.971      2.151         64        640: 26% ━━━───────── 47/181 19.2it/s 2.7s<7.0s
[36m(ClientAppActor pid=402459)[0m 
[K                 Class     Images  Instances      Box(P          R      mAP50  mAP50-95): 60% ━━━━━━━───── 9/15 20.5it/s 0.2s<0.3s[32m [repeated 3x across cluster][0m
[36m(ClientAppActor pid=402455)[0m 
[K        3/3      1.44G      4.154      2.989      2.156         35        640: 28% ━━━───────── 50/181 20.1it/s 2.8s<6.5s
[36m(ClientAppActor pid=402455)[0m 
[K        3/3      1.44G      4.153      2.997      2.147         40        640: 29% ━━━╸──────── 53/181 20.9it/s 3.0s<6.1s
[36m(ClientAppActor pid=402455)[0m 
[K        3/3      1.44G       4.15      3.001      2.148         44        640: 31% ━━━╸──────── 56/181 21.4it/s 3.1s<5.9s
[36m(ClientAppActor pid=402459)[0m 
[K                 Class     Images  Instances      Box(P          R      mAP50  mAP50-95): 80% ━━━━━━━━━╸── 12/15 16.3it/s 0.6s<0.2s[32m [repeated 5x across cluster][0m
[36m(ClientAppActor pid=402455)[0m 
[K        3/3      1.44G       4.13      2.972      2.148         50        640: 33% ━━━╸──────── 59/181 21.7it/s 3.2s<5.6s
[36m(ClientAppActor pid=402465)[0m 
[K                 Class     Images  Instances      Box(P          R      mAP50  mAP50-95): 9% ━─────────── 1/11 2.1it/s 0.1s<4.7s[32m [repeated 2x across cluster][0m
[36m(ClientAppActor pid=402455)[0m 
[K        3/3      1.44G      4.124      2.967      2.146         25        640: 34% ━━━━──────── 61/181 21.0it/s 3.3s<5.7s
[36m(ClientAppActor pid=402455)[0m 
[K        3/3      1.44G      4.135      2.991      2.148         38        640: 35% ━━━━──────── 64/181 21.4it/s 3.5s<5.5s
[36m(ClientAppActor pid=402455)[0m 
[K        3/3      1.44G      4.117      2.971      2.154         34        640: 37% ━━━━──────── 67/181 21.7it/s 3.6s<5.3s
[36m(ClientAppActor pid=402455)[0m 
[K        3/3      1.44G      4.114      2.966      2.148         63        640: 39% ━━━━╸─────── 70/181 21.9it/s 3.7s<5.1s
[36m(ClientAppActor pid=402465)[0m 
[K                 Class     Images  Instances      Box(P          R      mAP50  mAP50-95): 36% ━━━━──────── 4/11 5.1it/s 0.6s<1.4s
[36m(ClientAppActor pid=402455)[0m 
[K        3/3      1.44G      4.099      2.964      2.154         51        640: 40% ━━━━╸─────── 73/181 21.4it/s 3.9s<5.1s
[36m(ClientAppActor pid=402455)[0m 
[K        3/3      1.44G      4.092      2.957      2.149         60        640: 42% ━━━━━─────── 76/181 21.7it/s 4.0s<4.8s
[36m(ClientAppActor pid=402455)[0m 
[K        3/3      1.44G      4.103      2.952       2.15         68        640: 44% ━━━━━─────── 79/181 21.9it/s 4.2s<4.7s
[36m(ClientAppActor pid=402455)[0m 
[K        3/3      1.44G      4.105      2.954      2.154         25        640: 45% ━━━━━─────── 82/181 22.1it/s 4.3s<4.5s
[36m(ClientAppActor pid=402455)[0m 
[K        3/3      1.44G      4.089      2.941      2.157         37        640: 47% ━━━━━╸────── 85/181 22.2it/s 4.4s<4.3s
[36m(ClientAppActor pid=402459)[0m 
[K                 Class     Images  Instances      Box(P          R      mAP50  mAP50-95): 67% ━━━━━━━━──── 10/15 15.5it/s 0.5s<0.3s[32m [repeated 2x across cluster][0m
[36m(ClientAppActor pid=402455)[0m 
[K        3/3      1.44G      4.088       2.94      2.159         34        640: 48% ━━━━━╸────── 87/181 21.3it/s 4.5s<4.4s
[36m(ClientAppActor pid=402455)[0m 
[K        3/3      1.44G      4.087      2.941      2.157         86        640: 50% ━━━━━╸────── 90/181 21.6it/s 4.7s<4.2s
[36m(ClientAppActor pid=402455)[0m 
[K        3/3      1.44G      4.059      2.929      2.156         27        640: 51% ━━━━━━────── 93/181 21.9it/s 4.8s<4.0s
[36m(ClientAppActor pid=402455)[0m 
[K        3/3      1.44G      4.058       2.93      2.159         21        640: 53% ━━━━━━────── 96/181 21.9it/s 4.9s<3.9s
[36m(ClientAppActor pid=402455)[0m 
[K        3/3      1.44G      4.052      2.921      2.161         47        640: 55% ━━━━━━╸───── 99/181 22.0it/s 5.1s<3.7s
[36m(ClientAppActor pid=402459)[0m 
[K                 Class     Images  Instances      Box(P          R      mAP50  mAP50-95): 100% ━━━━━━━━━━━━ 15/15 40.3it/s 0.4s
[K                 Class     Images  Instances      Box(P          R      mAP50  mAP50-95): 100% ━━━━━━━━━━━━ 15/15 40.3it/s 0.4s[32m [repeated 3x across cluster][0m
[36m(ClientAppActor pid=402459)[0m                    all        115       1013      0.618      0.507      0.542      0.269[32m [repeated 3x across cluster][0m
[36m(ClientAppActor pid=402455)[0m 
[K        3/3      1.44G      4.048      2.916       2.16         63        640: 56% ━━━━━━╸───── 101/181 21.1it/s 5.2s<3.8s
[36m(ClientAppActor pid=402455)[0m 
[K        3/3      1.44G      4.037      2.903      2.158         58        640: 57% ━━━━━━╸───── 104/181 21.6it/s 5.3s<3.6s
[36m(ClientAppActor pid=402455)[0m 
[K        3/3      1.44G      4.029      2.895      2.155         41        640: 59% ━━━━━━━───── 107/181 21.8it/s 5.4s<3.4s
[36m(ClientAppActor pid=402459)[0m 3 epochs completed in 0.020 hours.
[36m(ClientAppActor pid=402459)[0m Optimizer stripped from /tmp/fl_yolo_runs_402459/train/weights/best.pt, 16.5MB[32m [repeated 2x across cluster][0m
[36m(ClientAppActor pid=402455)[0m 
[K        3/3      1.44G      4.026      2.899      2.155         67        640: 61% ━━━━━━━───── 110/181 22.0it/s 5.6s<3.2s
[36m(ClientAppActor pid=402459)[0m Validating /tmp/fl_yolo_runs_402459/train/weights/best.pt...
[36m(ClientAppActor pid=402459)[0m Ultralytics 8.3.234 Python-3.10.19 torch-2.6.0+cu124 CUDA:0 (NVIDIA RTX 5000 Ada Generation, 32220MiB)
[36m(ClientAppActor pid=402455)[0m 
[K        3/3      1.44G      4.027      2.914      2.155         16        640: 62% ━━━━━━━───── 113/181 22.2it/s 5.7s<3.1s
[36m(ClientAppActor pid=402455)[0m 
[K        3/3      1.44G      4.035      2.917      2.154         76        640: 64% ━━━━━━━╸──── 115/181 21.3it/s 5.8s<3.1s
[36m(ClientAppActor pid=402459)[0m YOLOv10s summary (fused): 106 layers, 7,218,387 parameters, 0 gradients, 21.4 GFLOPs
[36m(ClientAppActor pid=402455)[0m 
[K        3/3      1.44G      4.035      2.911      2.156         69        640: 65% ━━━━━━━╸──── 118/181 21.7it/s 5.9s<2.9s
[36m(ClientAppActor pid=402455)[0m 
[K        3/3      1.44G      4.029        2.9      2.154         51        640: 67% ━━━━━━━━──── 121/181 22.0it/s 6.1s<2.7s
[36m(ClientAppActor pid=402455)[0m 
[K        3/3      1.44G      4.026      2.895      2.157         61        640: 69% ━━━━━━━━──── 124/181 22.1it/s 6.2s<2.6s
[36m(ClientAppActor pid=402455)[0m 
[K        3/3      1.44G      4.023      2.894      2.155         33        640: 70% ━━━━━━━━──── 127/181 22.3it/s 6.3s<2.4s
[36m(ClientAppActor pid=402455)[0m 
[K        3/3      1.44G      4.027      2.888      2.153         60        640: 71% ━━━━━━━━╸─── 129/181 21.2it/s 6.4s<2.5s
*** SIGTERM received at time=1778045244 on cpu 17 ***
PC: @     0x78c1b7e98d71  (unknown)  (unknown)
    @     0x78c1b7e45330  (unknown)  (unknown)
    @     0x78c1b7ea4fb8         96  (unknown)
    @           0x4d6779  (unknown)  PyThread_acquire_lock_timed
[2026-05-06 15:27:24,507 E 402193 402193] logging.cc:474: *** SIGTERM received at time=1778045244 on cpu 17 ***
[2026-05-06 15:27:24,507 E 402193 402193] logging.cc:474: PC: @     0x78c1b7e98d71  (unknown)  (unknown)
[2026-05-06 15:27:24,507 E 402193 402193] logging.cc:474:     @     0x78c1b7e45330  (unknown)  (unknown)
[2026-05-06 15:27:24,508 E 402193 402193] logging.cc:474:     @     0x78c1b7ea4fb8         96  (unknown)
[2026-05-06 15:27:24,508 E 402193 402193] logging.cc:474:     @           0x4d6779  (unknown)  PyThread_acquire_lock_timed
